time,open,high,low,close,volume
2015-01-02,0.81412,0.8145,0.8077,0.80878,51157
2015-01-05,0.80696,0.81064,0.80343,0.8081,86755
2015-01-06,0.80809,0.81567,0.80801,0.80805,89274
2015-01-07,0.80804,0.80888,0.80321,0.80755,85039
2015-01-08,0.80761,0.81301,0.80696,0.81214,76154
2015-01-09,0.81215,0.82073,0.81049,0.81987,84855
2015-01-12,0.82091,0.82541,0.81303,0.81553,81056
2015-01-13,0.81554,0.81962,0.81268,0.81618,88348
2015-01-14,0.8162,0.81879,0.80675,0.81484,99041
2015-01-15,0.81488,0.82939,0.8132,0.82135,111834
2015-01-16,0.82137,0.82551,0.81673,0.82207,93575
2015-01-19,0.82185,0.82419,0.8195,0.82076,49362
2015-01-20,0.82082,0.82173,0.81589,0.81687,37410
2015-01-21,0.81695,0.8233,0.80772,0.80826,46134
2015-01-22,0.80814,0.81347,0.7995,0.80242,49194
2015-01-23,0.80241,0.80505,0.788,0.79086,52506
2015-01-26,0.78813,0.79327,0.78573,0.79225,40569
2015-01-27,0.79227,0.7974,0.79046,0.79349,52234
2015-01-28,0.79354,0.80244,0.78832,0.78861,65909
2015-01-29,0.7884,0.79057,0.77192,0.77582,46312
2015-01-30,0.77571,0.77965,0.77299,0.77573,44946
2015-02-02,0.77545,0.78292,0.7749,0.78012,68349
2015-02-03,0.78008,0.78497,0.76255,0.77905,92545
2015-02-04,0.77898,0.78464,0.77426,0.775,72899
2015-02-05,0.77496,0.78237,0.77333,0.7796,68853
2015-02-06,0.77962,0.78751,0.77776,0.77904,63943
2015-02-09,0.77607,0.78343,0.77476,0.77992,48880
2015-02-10,0.77969,0.78411,0.77471,0.77684,66752
2015-02-11,0.77682,0.77936,0.76931,0.77165,62916
2015-02-12,0.77158,0.77781,0.76437,0.77328,73086
2015-02-13,0.77327,0.77919,0.77239,0.77596,55227
2015-02-16,0.7774,0.7794,0.77506,0.77699,60755
2015-02-17,0.77705,0.78282,0.77415,0.78165,68156
2015-02-18,0.78156,0.7833,0.77733,0.78093,63732
2015-02-19,0.78091,0.78425,0.7757,0.77906,63496
2015-02-20,0.77898,0.78484,0.7788,0.78401,63048
2015-02-23,0.78455,0.78483,0.77805,0.78013,58793
2015-02-24,0.78007,0.78367,0.77393,0.78302,62819
2015-02-25,0.78292,0.7901,0.78231,0.78859,63157
2015-02-26,0.78846,0.79126,0.77853,0.77988,65575
2015-02-27,0.77987,0.78343,0.77775,0.78065,62143
2015-03-02,0.78024,0.78071,0.77558,0.77649,54496
2015-03-03,0.77649,0.78441,0.77507,0.78155,62217
2015-03-04,0.78161,0.78599,0.77949,0.7816,60878
2015-03-05,0.7816,0.78403,0.77541,0.77813,63104
2015-03-06,0.77808,0.78452,0.7706,0.77155,59072
2015-03-09,0.77102,0.77395,0.76837,0.77043,54284
2015-03-10,0.77034,0.77066,0.76046,0.76231,73903
2015-03-11,0.76231,0.76444,0.75601,0.75891,64289
2015-03-12,0.75901,0.77306,0.75731,0.77007,66704
2015-03-13,0.77016,0.77098,0.7609,0.76331,67123
2015-03-16,0.76264,0.76791,0.76128,0.76418,59731
2015-03-17,0.76405,0.76647,0.76053,0.76214,66358
2015-03-18,0.7621,0.78462,0.75906,0.77408,67676
2015-03-19,0.77421,0.78081,0.76109,0.76472,84434
2015-03-20,0.76485,0.78017,0.76435,0.77687,64736
2015-03-23,0.77975,0.78983,0.77642,0.78753,65874
2015-03-24,0.78754,0.79377,0.78344,0.78734,82429
2015-03-25,0.78733,0.79037,0.78287,0.78461,67756
2015-03-26,0.78464,0.78837,0.78006,0.78266,74150
2015-03-27,0.78266,0.78342,0.77444,0.77463,63997
2015-03-30,0.77326,0.77466,0.76328,0.76515,63774
2015-03-31,0.76515,0.76634,0.759,0.76047,70455
2015-04-01,0.76017,0.76627,0.7582,0.75978,54785
2015-04-02,0.75979,0.76098,0.75323,0.75902,52992
2015-04-03,0.75894,0.76927,0.75702,0.76343,34857
2015-04-06,0.76353,0.76666,0.75787,0.75894,30687
2015-04-07,0.75888,0.77104,0.75764,0.76316,59562
2015-04-08,0.76316,0.77273,0.76303,0.7683,61984
2015-04-09,0.76819,0.77381,0.76593,0.76908,57010
2015-04-10,0.76905,0.77208,0.76374,0.76789,56287
2015-04-13,0.76789,0.76789,0.75525,0.75888,58969
2015-04-14,0.75883,0.76482,0.75548,0.76236,62666
2015-04-15,0.7624,0.77,0.75711,0.76809,63892
2015-04-16,0.76809,0.78215,0.76726,0.77989,85876
2015-04-17,0.77989,0.78419,0.77587,0.77849,77178
2015-04-20,0.77849,0.78257,0.77063,0.77239,64890
2015-04-21,0.77239,0.77532,0.76825,0.77105,84078
2015-04-22,0.77105,0.78065,0.77054,0.77519,99958
2015-04-23,0.77519,0.77901,0.77105,0.77776,107084
2015-04-24,0.77776,0.78401,0.77638,0.78193,97590
2015-04-27,0.78195,0.78719,0.77909,0.78537,91872
2015-04-28,0.78522,0.8027,0.78328,0.80222,103995
2015-04-29,0.80206,0.80753,0.79761,0.80132,120132
2015-04-30,0.80039,0.80215,0.78625,0.79035,140343
2015-05-01,0.79035,0.79179,0.78029,0.78435,100806
2015-05-04,0.78299,0.78509,0.78018,0.78386,55361
2015-05-05,0.78342,0.79552,0.77978,0.79441,22504
2015-05-06,0.79391,0.80299,0.79185,0.79656,31733
2015-05-07,0.79649,0.80039,0.78893,0.79052,16399
2015-05-08,0.79049,0.79675,0.78627,0.79323,21282
2015-05-11,0.79177,0.79324,0.78753,0.78886,51104
2015-05-12,0.78886,0.79992,0.78855,0.79747,82200
2015-05-13,0.79745,0.81236,0.79502,0.81113,79677
2015-05-14,0.81098,0.81626,0.80627,0.80779,95554
2015-05-15,0.80774,0.80882,0.79954,0.80364,73532
2015-05-18,0.80366,0.80513,0.79759,0.7988,39441
2015-05-19,0.79889,0.80095,0.79054,0.79125,95995
2015-05-20,0.79123,0.79338,0.786,0.78731,108442
2015-05-21,0.78728,0.79122,0.78647,0.78923,98063
2015-05-22,0.78924,0.79305,0.78093,0.78293,93702
2015-05-25,0.78233,0.78386,0.78025,0.78224,70223
2015-05-26,0.7822,0.78388,0.77263,0.77335,101302
2015-05-27,0.77346,0.77677,0.76902,0.7727,94322
2015-05-28,0.77295,0.77601,0.76168,0.7647,112774
2015-05-29,0.76464,0.76732,0.76285,0.76417,93815
2015-06-01,0.76354,0.76674,0.75971,0.76038,97044
2015-06-02,0.76041,0.77895,0.76022,0.77708,170959
2015-06-03,0.77707,0.78178,0.77511,0.77851,102840
2015-06-04,0.77849,0.77865,0.76641,0.76866,47851
2015-06-05,0.76837,0.77257,0.75988,0.76144,140443
2015-06-08,0.76243,0.7712,0.76024,0.77013,118030
2015-06-09,0.76998,0.77213,0.76461,0.76888,138059
2015-06-10,0.76891,0.77846,0.76351,0.77573,156009
2015-06-11,0.7756,0.77922,0.76923,0.77534,129341
2015-06-12,0.77536,0.7758,0.76744,0.77319,119999
2015-06-15,0.77373,0.7776,0.77034,0.77635,75044
2015-06-16,0.77642,0.77795,0.77217,0.775,94695
2015-06-17,0.77507,0.77693,0.76445,0.77476,115865
2015-06-18,0.77453,0.78477,0.77097,0.77974,126620
2015-06-19,0.7796,0.78127,0.7736,0.77702,102052
2015-06-22,0.7765,0.77959,0.77205,0.7727,93153
2015-06-23,0.77267,0.77481,0.76785,0.77346,105502
2015-06-24,0.77348,0.77702,0.76825,0.77015,106611
2015-06-25,0.77007,0.77516,0.76957,0.77358,92176
2015-06-26,0.77364,0.77392,0.76297,0.76535,93972
2015-06-29,0.76204,0.77114,0.75857,0.76775,125687
2015-06-30,0.76771,0.77236,0.76586,0.77056,124492
2015-07-01,0.77042,0.77377,0.7638,0.76432,102366
2015-07-02,0.76423,0.76566,0.75889,0.76307,116822
2015-07-03,0.76308,0.76482,0.75091,0.75203,100882
2015-07-06,0.74756,0.75321,0.7461,0.7497,116177
2015-07-07,0.74968,0.75003,0.7397,0.745,136958
2015-07-08,0.74501,0.74585,0.73713,0.74276,124174
2015-07-09,0.74275,0.74907,0.73912,0.74446,117285
2015-07-10,0.74447,0.74957,0.74085,0.74375,107037
2015-07-13,0.74092,0.74677,0.73822,0.74051,119736
2015-07-14,0.74045,0.7478,0.73867,0.74491,114474
2015-07-15,0.7449,0.74877,0.73528,0.73768,132138
2015-07-16,0.73766,0.74361,0.73488,0.7402,119475
2015-07-17,0.74017,0.74178,0.73667,0.73779,108166
2015-07-20,0.73764,0.73967,0.73268,0.73681,119621
2015-07-21,0.7368,0.7449,0.73403,0.74171,166275
2015-07-22,0.74173,0.74383,0.73603,0.73732,234383
2015-07-23,0.73733,0.74169,0.73515,0.73554,167845
2015-07-24,0.73526,0.73616,0.72594,0.72837,121840
2015-07-27,0.72695,0.73243,0.72651,0.72674,122470
2015-07-28,0.72676,0.73438,0.72567,0.73345,133758
2015-07-29,0.73353,0.73505,0.7282,0.72942,138090
2015-07-30,0.72904,0.73222,0.72547,0.72915,129851
2015-07-31,0.72886,0.73662,0.72342,0.72978,147690
2015-08-03,0.73157,0.73157,0.72596,0.72843,135994
2015-08-04,0.72829,0.74281,0.72628,0.73749,163305
2015-08-05,0.73775,0.73947,0.73337,0.73537,144336
2015-08-06,0.73536,0.73925,0.73145,0.73447,140716
2015-08-07,0.73415,0.74192,0.73334,0.74179,121991
2015-08-10,0.74112,0.74219,0.7353,0.74096,74175
2015-08-11,0.7409,0.7439,0.72828,0.72998,116043
2015-08-12,0.72992,0.7387,0.72143,0.73666,121040
2015-08-13,0.7374,0.74087,0.73226,0.73537,95902
2015-08-14,0.73574,0.73972,0.73535,0.73726,95304
2015-08-17,0.73721,0.73887,0.73434,0.73674,108572
2015-08-18,0.73676,0.73856,0.73195,0.7337,129511
2015-08-19,0.7338,0.7375,0.73117,0.73368,154139
2015-08-20,0.73444,0.73725,0.72844,0.73338,142348
2015-08-21,0.73331,0.73598,0.72862,0.73102,154225
2015-08-24,0.72983,0.73111,0.70404,0.71441,176972
2015-08-25,0.71511,0.72494,0.71198,0.71198,151845
2015-08-26,0.7124,0.71561,0.70694,0.7118,163518
2015-08-27,0.71103,0.71807,0.70984,0.71617,144984
2015-08-28,0.71614,0.72055,0.71203,0.71694,135477
2015-08-31,0.71504,0.71623,0.70819,0.71114,109541
2015-09-01,0.71082,0.71531,0.70139,0.70174,146167
2015-09-02,0.70133,0.70486,0.69818,0.70375,141960
2015-09-03,0.70364,0.70624,0.69918,0.70153,125321
2015-09-04,0.70131,0.70209,0.69075,0.69079,121480
2015-09-07,0.69216,0.69496,0.69113,0.69201,116099
2015-09-08,0.69191,0.70392,0.69191,0.70149,105393
2015-09-09,0.70117,0.70697,0.70049,0.70155,108302
2015-09-10,0.69995,0.70992,0.69454,0.70693,145064
2015-09-11,0.7061,0.70918,0.7035,0.70903,95186
2015-09-14,0.70797,0.71512,0.70628,0.71349,87495
2015-09-15,0.71346,0.71654,0.7085,0.71401,92420
2015-09-16,0.714,0.71995,0.71226,0.7195,91654
2015-09-17,0.71944,0.72752,0.71375,0.71721,109914
2015-09-18,0.7166,0.72796,0.71607,0.71876,109727
2015-09-21,0.71829,0.71967,0.71212,0.71292,89769
2015-09-22,0.71279,0.71585,0.70563,0.70877,85765
2015-09-23,0.70881,0.7089,0.69887,0.70019,94279
2015-09-24,0.69994,0.70421,0.69381,0.7022,112950
2015-09-25,0.70219,0.70419,0.69749,0.7025,95888
2015-09-28,0.70257,0.70358,0.69787,0.69886,83644
2015-09-29,0.69885,0.70234,0.69362,0.69833,103213
2015-09-30,0.69834,0.70379,0.69803,0.70156,100585
2015-10-01,0.70128,0.70844,0.69977,0.70295,104619
2015-10-02,0.70268,0.70672,0.7002,0.70505,96212
2015-10-05,0.70544,0.71106,0.70419,0.70805,102897
2015-10-06,0.7081,0.71748,0.7067,0.7163,106938
2015-10-07,0.71644,0.72342,0.71494,0.72077,107281
2015-10-08,0.72047,0.7271,0.71647,0.72577,101504
2015-10-09,0.72583,0.73436,0.72471,0.73323,106566
2015-10-12,0.73154,0.73817,0.73048,0.736,89829
2015-10-13,0.73596,0.73636,0.72422,0.72423,103631
2015-10-14,0.72424,0.73169,0.71981,0.72995,111161
2015-10-15,0.72986,0.73632,0.72653,0.73285,117541
2015-10-16,0.7327,0.73371,0.72491,0.72704,101582
2015-10-19,0.72554,0.73069,0.72386,0.7248,85092
2015-10-20,0.72453,0.72977,0.72417,0.72595,80995
2015-10-21,0.7259,0.72755,0.72022,0.72062,87278
2015-10-22,0.72053,0.72391,0.71822,0.7208,97787
2015-10-23,0.72051,0.72961,0.71974,0.72157,102942
2015-10-26,0.7209,0.72691,0.72074,0.72432,93707
2015-10-27,0.72424,0.72581,0.71787,0.72,91590
2015-10-28,0.72002,0.72062,0.70802,0.71012,109970
2015-10-29,0.71012,0.71188,0.70672,0.70795,95432
2015-10-30,0.70796,0.71481,0.70775,0.71331,99371
2015-11-02,0.71146,0.71531,0.71146,0.71448,90053
2015-11-03,0.71449,0.72189,0.71082,0.71837,107407
2015-11-04,0.71844,0.72237,0.71355,0.7147,107169
2015-11-05,0.71456,0.71691,0.71252,0.71414,109883
2015-11-06,0.71404,0.71693,0.70224,0.70408,115786
2015-11-09,0.70251,0.70696,0.70251,0.70466,111318
2015-11-10,0.70424,0.70638,0.70156,0.70311,116945
2015-11-11,0.70282,0.70778,0.70241,0.70607,105104
2015-11-12,0.70584,0.71538,0.70562,0.71248,132658
2015-11-13,0.71245,0.71586,0.71058,0.71263,105129
2015-11-16,0.71185,0.71321,0.708,0.70953,101254
2015-11-17,0.70947,0.71396,0.70721,0.71113,114154
2015-11-18,0.71066,0.71173,0.70684,0.71109,105295
2015-11-19,0.71065,0.72142,0.71016,0.71938,123668
2015-11-20,0.7192,0.72499,0.71832,0.72364,114690
2015-11-23,0.72287,0.72325,0.71588,0.7191,123341
2015-11-24,0.71894,0.72577,0.71846,0.72538,124291
2015-11-25,0.72557,0.72825,0.72268,0.72514,123491
2015-11-26,0.72498,0.72621,0.721,0.72249,113307
2015-11-27,0.7224,0.72393,0.71847,0.71898,98190
2015-11-30,0.71913,0.72496,0.717,0.72256,102700
2015-12-01,0.72255,0.73356,0.72216,0.7323,128804
2015-12-02,0.732,0.73429,0.72926,0.73089,126273
2015-12-03,0.73075,0.73625,0.72837,0.73399,144709
2015-12-04,0.73421,0.73849,0.72791,0.73363,132604
2015-12-07,0.73384,0.73421,0.72562,0.72671,112044
2015-12-08,0.7265,0.727,0.71862,0.72156,118229
2015-12-09,0.72114,0.72448,0.71717,0.72296,123141
2015-12-10,0.72276,0.7334,0.72212,0.72803,116430
2015-12-11,0.72801,0.72814,0.71836,0.71836,95633
2015-12-14,0.72009,0.72694,0.71593,0.7241,98703
2015-12-15,0.72432,0.72828,0.71601,0.71904,99529
2015-12-16,0.71913,0.72797,0.71762,0.72312,117600
2015-12-17,0.72292,0.72488,0.70966,0.71273,106302
2015-12-18,0.71248,0.71999,0.71115,0.71679,96955
2015-12-21,0.7169,0.71951,0.71548,0.71892,73578
2015-12-22,0.71863,0.72487,0.71812,0.7234,82710
2015-12-23,0.72333,0.72473,0.72086,0.72354,79034
2015-12-24,0.72292,0.72801,0.72262,0.72671,46255
2015-12-28,0.72741,0.7282,0.72471,0.7248,48631
2015-12-29,0.72463,0.73026,0.72447,0.72941,60657
2015-12-30,0.72939,0.73031,0.72709,0.72847,74625
2015-12-31,0.72832,0.73273,0.72662,0.72896,55664
2016-01-04,0.72816,0.73006,0.71555,0.71901,103450
2016-01-05,0.71905,0.72141,0.71319,0.716,108868
2016-01-06,0.71585,0.71712,0.70481,0.70705,125704
2016-01-07,0.70696,0.70857,0.69802,0.70096,129170
2016-01-08,0.7009,0.70761,0.69502,0.69502,132561
2016-01-11,0.69691,0.70354,0.69267,0.69928,120220
2016-01-12,0.69928,0.70206,0.69396,0.6984,128057
2016-01-13,0.69812,0.70483,0.69492,0.69542,121843
2016-01-14,0.69544,0.69964,0.69095,0.69839,140337
2016-01-15,0.6978,0.70018,0.68266,0.68583,129835
2016-01-18,0.68361,0.69275,0.68315,0.68634,123352
2016-01-19,0.6863,0.69568,0.6838,0.6905,141213
2016-01-20,0.69054,0.69238,0.68277,0.69061,158250
2016-01-21,0.69066,0.7017,0.68751,0.69969,159704
2016-01-22,0.69964,0.70455,0.69858,0.7002,132239
2016-01-25,0.70014,0.70311,0.69487,0.69535,130722
2016-01-26,0.69528,0.70208,0.69183,0.70029,133127
2016-01-27,0.70031,0.70811,0.69918,0.70249,175781
2016-01-28,0.70243,0.71282,0.70076,0.70819,154583
2016-01-29,0.70819,0.71407,0.70582,0.70825,162456
2016-02-01,0.70796,0.71208,0.7042,0.71122,134904
2016-02-02,0.71103,0.71288,0.70341,0.70366,130995
2016-02-03,0.70369,0.71886,0.70023,0.71666,147666
2016-02-04,0.71636,0.72423,0.7153,0.71988,134806
2016-02-05,0.71988,0.72195,0.70633,0.70634,114095
2016-02-08,0.70672,0.71281,0.70501,0.70847,126090
2016-02-09,0.70851,0.70955,0.69731,0.707,131900
2016-02-10,0.70697,0.71248,0.70372,0.70936,141871
2016-02-11,0.70935,0.71529,0.69834,0.71073,156197
2016-02-12,0.71076,0.71277,0.70633,0.70976,118134
2016-02-15,0.71004,0.71711,0.70994,0.71342,104532
2016-02-16,0.71346,0.71813,0.70811,0.71093,110096
2016-02-17,0.71081,0.71865,0.70839,0.71837,114732
2016-02-18,0.71807,0.71837,0.71326,0.7156,111865
2016-02-19,0.71559,0.71614,0.70687,0.71473,98650
2016-02-22,0.71556,0.72466,0.71357,0.72268,104276
2016-02-23,0.72258,0.72587,0.72,0.72016,116653
2016-02-24,0.72006,0.7213,0.71455,0.71941,122035
2016-02-25,0.71939,0.72429,0.71561,0.72348,124031
2016-02-26,0.72319,0.72563,0.71177,0.7122,120183
2016-02-29,0.71211,0.71675,0.71084,0.71388,125994
2016-03-01,0.71385,0.71916,0.71088,0.71725,126174
2016-03-02,0.71718,0.73005,0.71643,0.72954,148863
2016-03-03,0.72924,0.73734,0.7281,0.73506,142943
2016-03-04,0.73497,0.74426,0.73395,0.7436,138611
2016-03-07,0.74021,0.74841,0.73921,0.74662,118405
2016-03-08,0.74661,0.74719,0.74097,0.74373,116429
2016-03-09,0.74337,0.75275,0.74118,0.74841,129000
2016-03-10,0.74837,0.75115,0.74265,0.74532,148834
2016-03-11,0.74532,0.7583,0.74461,0.75596,121275
2016-03-14,0.75478,0.75931,0.74916,0.75072,115495
2016-03-15,0.75072,0.75273,0.74449,0.74593,121935
2016-03-16,0.74599,0.75779,0.74143,0.75619,123184
2016-03-17,0.75619,0.76565,0.75331,0.76364,145536
2016-03-18,0.76378,0.76797,0.75946,0.75977,90665
2016-03-21,0.75944,0.76261,0.75681,0.75803,116470
2016-03-22,0.75803,0.76424,0.75507,0.76146,118413
2016-03-23,0.76147,0.76483,0.75191,0.75347,104345
2016-03-24,0.75342,0.75367,0.74768,0.75253,94901
2016-03-25,0.75247,0.75348,0.74976,0.75045,45602
2016-03-28,0.75094,0.75575,0.74928,0.75437,68583
2016-03-29,0.75413,0.76448,0.75097,0.76255,124815
2016-03-30,0.76244,0.77084,0.76147,0.76697,149039
2016-03-31,0.76687,0.77224,0.76338,0.76568,129104
2016-04-01,0.76555,0.77003,0.75987,0.76759,119434
2016-04-04,0.76695,0.76778,0.75981,0.7602,112448
2016-04-05,0.7602,0.76302,0.75096,0.75415,134427
2016-04-06,0.75409,0.7619,0.75323,0.75968,117945
2016-04-07,0.75956,0.7637,0.74914,0.75029,132998
2016-04-08,0.75021,0.7579,0.74999,0.75398,117319
2016-04-11,0.754,0.76296,0.75277,0.75946,121922
2016-04-12,0.75924,0.76892,0.75831,0.76808,134910
2016-04-13,0.76802,0.77155,0.76337,0.76504,121087
2016-04-14,0.76506,0.77366,0.76187,0.76926,117316
2016-04-15,0.76922,0.77341,0.76803,0.77204,110154
2016-04-18,0.76477,0.77571,0.76309,0.77471,128630
2016-04-19,0.77471,0.78257,0.77456,0.78114,111189
2016-04-20,0.78119,0.78287,0.77665,0.77919,121078
2016-04-21,0.77898,0.78342,0.77324,0.77377,120727
2016-04-22,0.77345,0.77739,0.76934,0.77073,116424
2016-04-25,0.7692,0.77285,0.76907,0.7713,88391
2016-04-26,0.77127,0.77648,0.76963,0.77469,98724
2016-04-27,0.77455,0.77649,0.7548,0.75859,119913
2016-04-28,0.7608,0.76572,0.75692,0.76227,123701
2016-04-29,0.76227,0.7668,0.7587,0.76055,107757
2016-05-02,0.75946,0.7671,0.75902,0.76652,100002
2016-05-03,0.76627,0.77194,0.7483,0.74833,139336
2016-05-04,0.74813,0.75171,0.74465,0.74528,133183
2016-05-05,0.74528,0.75134,0.74515,0.74641,110474
2016-05-06,0.74626,0.74778,0.73371,0.73638,117282
2016-05-09,0.7353,0.73848,0.73071,0.73147,99733
2016-05-10,0.73137,0.73736,0.72996,0.73621,102099
2016-05-11,0.73605,0.74016,0.73355,0.73733,103633
2016-05-12,0.73739,0.73794,0.73096,0.73231,106346
2016-05-13,0.73212,0.73233,0.72535,0.72697,104877
2016-05-16,0.72466,0.73084,0.72466,0.72885,91408
2016-05-17,0.72863,0.73659,0.72818,0.73234,106158
2016-05-18,0.73215,0.73309,0.72212,0.72282,115327
2016-05-19,0.72267,0.72417,0.71761,0.7227,107006
2016-05-20,0.72258,0.72491,0.72113,0.72208,83170
2016-05-23,0.72181,0.72595,0.71945,0.72219,86581
2016-05-24,0.72214,0.72277,0.71447,0.71823,92256
2016-05-25,0.71787,0.72186,0.71585,0.71976,92716
2016-05-26,0.71966,0.72433,0.71614,0.72247,94168
2016-05-27,0.72237,0.72345,0.71718,0.71835,85080
2016-05-30,0.71761,0.71869,0.71483,0.71814,71647
2016-05-31,0.71797,0.72666,0.71789,0.72315,106578
2016-06-01,0.72289,0.72987,0.72269,0.72566,118130
2016-06-02,0.72549,0.72688,0.72012,0.72284,105880
2016-06-03,0.72277,0.73679,0.72177,0.73651,114325
2016-06-06,0.73665,0.73797,0.73148,0.73648,103867
2016-06-07,0.736,0.74632,0.73591,0.7458,98916
2016-06-08,0.7452,0.74814,0.74299,0.74713,106827
2016-06-09,0.74784,0.75039,0.74199,0.74287,118300
2016-06-10,0.74262,0.74372,0.73687,0.73744,115603
2016-06-13,0.73745,0.741,0.73589,0.73848,108858
2016-06-14,0.73848,0.74041,0.73302,0.73564,117940
2016-06-15,0.73551,0.74455,0.73334,0.74049,120083
2016-06-16,0.74046,0.74401,0.72849,0.7361,138088
2016-06-17,0.73603,0.74103,0.73589,0.73721,113759
2016-06-20,0.73881,0.74807,0.73881,0.74521,98029
2016-06-21,0.74516,0.75121,0.74491,0.74492,97261
2016-06-22,0.74461,0.7526,0.74408,0.74983,93687
2016-06-23,0.74901,0.76141,0.74897,0.76107,113862
2016-06-24,0.76098,0.76438,0.7304,0.74647,180285
2016-06-27,0.74183,0.74509,0.73242,0.73262,157553
2016-06-28,0.73261,0.74146,0.73259,0.73861,127794
2016-06-29,0.73811,0.74559,0.73804,0.74488,120357
2016-06-30,0.74469,0.74721,0.73708,0.74506,141538
2016-07-01,0.7447,0.75026,0.74366,0.74969,105239
2016-07-04,0.74441,0.75441,0.74433,0.75384,86477
2016-07-05,0.75332,0.75439,0.74532,0.74617,116750
2016-07-06,0.74573,0.75285,0.74075,0.75186,140334
2016-07-07,0.75166,0.75382,0.74664,0.74762,133799
2016-07-08,0.74768,0.7573,0.74698,0.75599,114192
2016-07-11,0.75617,0.75751,0.75213,0.75309,92226
2016-07-12,0.75297,0.76576,0.75297,0.76219,125059
2016-07-13,0.76179,0.76378,0.75774,0.76066,126965
2016-07-14,0.76051,0.76526,0.75909,0.76302,131115
2016-07-15,0.76288,0.76758,0.75582,0.7563,122636
2016-07-18,0.75882,0.76061,0.75747,0.75905,103602
2016-07-19,0.75888,0.75903,0.74757,0.75031,118733
2016-07-20,0.75017,0.75167,0.74617,0.74744,96839
2016-07-21,0.74692,0.75136,0.74527,0.7493,127260
2016-07-22,0.74926,0.75075,0.74422,0.74623,101793
2016-07-25,0.74591,0.74919,0.74512,0.74692,96808
2016-07-26,0.74676,0.75396,0.74623,0.75017,100520
2016-07-27,0.75001,0.75651,0.74202,0.74905,124077
2016-07-28,0.74874,0.75488,0.74861,0.75032,102738
2016-07-29,0.74973,0.761,0.74927,0.75981,119187
2016-08-01,0.75905,0.76151,0.75283,0.75344,91278
2016-08-02,0.7534,0.76373,0.74853,0.76064,115535
2016-08-03,0.76054,0.76137,0.75678,0.75858,100780
2016-08-04,0.75865,0.76401,0.75834,0.76256,102766
2016-08-05,0.76218,0.76637,0.75971,0.76157,95438
2016-08-08,0.76126,0.76718,0.75969,0.76499,85397
2016-08-09,0.76481,0.76864,0.76215,0.76716,87721
2016-08-10,0.76665,0.77553,0.76612,0.76987,105997
2016-08-11,0.7696,0.77519,0.7691,0.76977,98655
2016-08-12,0.76977,0.77243,0.76457,0.76484,100906
2016-08-15,0.76537,0.7691,0.76359,0.76716,80031
2016-08-16,0.76718,0.77488,0.76534,0.76931,117654
2016-08-17,0.76921,0.77076,0.76086,0.76531,116404
2016-08-18,0.76528,0.77227,0.76488,0.76852,118377
2016-08-19,0.76839,0.76903,0.75987,0.76256,108203
2016-08-22,0.75993,0.76395,0.75833,0.76248,99079
2016-08-23,0.76092,0.76545,0.76092,0.76138,102981
2016-08-24,0.76125,0.76333,0.75879,0.76121,110201
2016-08-25,0.76117,0.76386,0.76015,0.76153,87806
2016-08-26,0.76146,0.76916,0.75506,0.75538,124107
2016-08-29,0.75571,0.7581,0.75245,0.75684,101482
2016-08-30,0.75652,0.75795,0.74999,0.7508,99854
2016-08-31,0.75068,0.75327,0.74896,0.75169,103760
2016-09-01,0.75129,0.75584,0.75039,0.75501,111530
2016-09-02,0.75458,0.76153,0.75356,0.75518,115958
2016-09-05,0.75684,0.76059,0.75624,0.75801,88941
2016-09-06,0.7577,0.76874,0.7577,0.76862,109175
2016-09-07,0.76872,0.76971,0.76508,0.76705,109247
2016-09-08,0.76668,0.77316,0.76359,0.76408,119677
2016-09-09,0.76407,0.76564,0.75358,0.75358,119065
2016-09-12,0.75362,0.75663,0.74936,0.75655,126454
2016-09-13,0.75631,0.75676,0.74416,0.74609,143051
2016-09-14,0.74626,0.74953,0.74504,0.74683,126204
2016-09-15,0.74662,0.75222,0.74456,0.75142,145995
2016-09-16,0.75145,0.75262,0.74746,0.74904,123345
2016-09-19,0.74804,0.75725,0.7475,0.75328,93551
2016-09-20,0.75309,0.75645,0.75181,0.75545,104616
2016-09-21,0.75542,0.76298,0.75339,0.7622,138365
2016-09-22,0.76235,0.76743,0.76061,0.76407,117817
2016-09-23,0.76418,0.76528,0.76021,0.76021,106911
2016-09-26,0.76119,0.76489,0.76024,0.76345,96964
2016-09-27,0.76319,0.76951,0.76109,0.76647,118669
2016-09-28,0.7665,0.76928,0.76443,0.7691,120158
2016-09-29,0.76921,0.77096,0.76229,0.76341,146517
2016-09-30,0.76335,0.7671,0.75893,0.76558,125624
2016-10-03,0.76528,0.76809,0.76399,0.76709,92843
2016-10-04,0.76708,0.76903,0.76076,0.76187,130668
2016-10-05,0.76177,0.76443,0.75922,0.762,115874
2016-10-06,0.76197,0.76221,0.75617,0.75841,112309
2016-10-07,0.7583,0.76237,0.75527,0.75839,160777
2016-10-10,0.76007,0.76281,0.75797,0.76058,99592
2016-10-11,0.76048,0.7609,0.7533,0.75379,127547
2016-10-12,0.75335,0.7592,0.75324,0.75605,125441
2016-10-13,0.75587,0.75811,0.75058,0.75674,117260
2016-10-14,0.75665,0.76471,0.75558,0.76112,129239
2016-10-17,0.76152,0.76281,0.75808,0.76277,105026
2016-10-18,0.76249,0.76891,0.76241,0.76648,106547
2016-10-19,0.76634,0.77286,0.76587,0.77228,102684
2016-10-20,0.77194,0.7734,0.76209,0.76244,111812
2016-10-21,0.76233,0.76506,0.75869,0.76053,96395
2016-10-24,0.76063,0.76403,0.75908,0.76085,85455
2016-10-25,0.7609,0.76544,0.75887,0.7646,113363
2016-10-26,0.76433,0.77086,0.7625,0.76489,107461
2016-10-27,0.76473,0.76519,0.75812,0.7587,118682
2016-10-28,0.75863,0.76074,0.75573,0.75884,134254
2016-10-31,0.75967,0.76185,0.75826,0.76063,105991
2016-11-01,0.76061,0.76885,0.75976,0.76551,123598
2016-11-02,0.76548,0.76778,0.76122,0.7657,131562
2016-11-03,0.7657,0.76874,0.76365,0.76805,132712
2016-11-04,0.76805,0.76967,0.76516,0.76707,135485
2016-11-07,0.76732,0.77289,0.76564,0.77263,118886
2016-11-08,0.77247,0.77777,0.76886,0.77612,129159
2016-11-09,0.77575,0.77712,0.75787,0.76343,260972
2016-11-10,0.76303,0.77416,0.75675,0.76111,183717
2016-11-11,0.76112,0.76292,0.75247,0.75309,200743
2016-11-14,0.75425,0.75651,0.75233,0.75513,181179
2016-11-15,0.75518,0.75807,0.75111,0.75571,174239
2016-11-16,0.75557,0.75708,0.74598,0.74779,166453
2016-11-17,0.74761,0.7501,0.73962,0.74034,167679
2016-11-18,0.7401,0.74175,0.73166,0.73166,183974
2016-11-21,0.7329,0.73814,0.73105,0.73665,167657
2016-11-22,0.73628,0.7413,0.7361,0.74008,156551
2016-11-23,0.74007,0.74447,0.73722,0.73814,152928
2016-11-24,0.73811,0.74179,0.73639,0.74061,128887
2016-11-25,0.74038,0.74677,0.73999,0.74243,148614
2016-11-28,0.74414,0.74932,0.74325,0.74816,137384
2016-11-29,0.74779,0.74969,0.74319,0.74828,140911
2016-11-30,0.74811,0.74969,0.73735,0.73827,166735
2016-12-01,0.73825,0.7421,0.73695,0.74131,131423
2016-12-02,0.74134,0.74685,0.74004,0.74489,117041
2016-12-05,0.74484,0.74974,0.74115,0.74706,135483
2016-12-06,0.74699,0.74827,0.74308,0.746,98273
2016-12-07,0.74555,0.74828,0.74159,0.74816,89330
2016-12-08,0.74773,0.75074,0.74281,0.74617,122195
2016-12-09,0.74597,0.74954,0.74278,0.74278,100380
2016-12-12,0.74352,0.75036,0.74303,0.74948,103504
2016-12-13,0.74948,0.75229,0.74753,0.74984,110547
2016-12-14,0.74966,0.75243,0.73938,0.74043,125497
2016-12-15,0.7401,0.74303,0.7337,0.73575,164783
2016-12-16,0.73568,0.73688,0.72657,0.72839,126415
2016-12-19,0.72807,0.73124,0.72418,0.72436,110324
2016-12-20,0.72433,0.72619,0.72225,0.72583,94524
2016-12-21,0.72576,0.72792,0.72342,0.72357,85951
2016-12-22,0.72325,0.72575,0.71968,0.72153,96776
2016-12-23,0.72152,0.72269,0.71558,0.71558,72630
2016-12-26,0.71908,0.72252,0.70326,0.71881,7729
2016-12-27,0.71798,0.71965,0.7172,0.71856,63568
2016-12-28,0.71788,0.72193,0.71631,0.71756,79579
2016-12-29,0.71713,0.72231,0.71619,0.72182,101098
2016-12-30,0.7212,0.72464,0.718,0.718,114180
2017-01-02,0.72064,0.72175,0.71639,0.71738,40354
2017-01-03,0.71736,0.72407,0.71736,0.72164,117788
2017-01-04,0.72137,0.7286,0.72133,0.72811,136493
2017-01-05,0.72788,0.73564,0.72722,0.73338,169699
2017-01-06,0.73329,0.73545,0.7288,0.72956,142881
2017-01-09,0.72906,0.73733,0.7287,0.7353,116959
2017-01-10,0.73518,0.73842,0.73306,0.73662,132362
2017-01-11,0.73643,0.74712,0.73517,0.74407,172508
2017-01-12,0.74377,0.7518,0.74294,0.74811,154644
2017-01-13,0.74797,0.7508,0.74484,0.74808,135197
2017-01-16,0.74816,0.75049,0.74577,0.74745,103662
2017-01-17,0.74741,0.7568,0.74643,0.75642,164000
2017-01-18,0.75624,0.7566,0.75022,0.75038,128515
2017-01-19,0.75062,0.75738,0.74928,0.75598,160771
2017-01-20,0.75583,0.75881,0.75171,0.75359,162071
2017-01-23,0.75528,0.75888,0.75497,0.75822,140610
2017-01-24,0.75823,0.76087,0.75529,0.7581,121143
2017-01-25,0.75756,0.75978,0.75146,0.75696,139285
2017-01-26,0.75703,0.75844,0.75212,0.75339,134541
2017-01-27,0.75328,0.75725,0.75109,0.75443,128788
2017-01-30,0.75548,0.75664,0.75275,0.75523,114611
2017-01-31,0.75504,0.76051,0.75416,0.75824,130504
2017-02-01,0.75855,0.75963,0.75506,0.75821,123040
2017-02-02,0.75856,0.76956,0.75768,0.76563,121547
2017-02-03,0.76563,0.7695,0.76186,0.76619,118758
2017-02-06,0.76434,0.76826,0.7629,0.76575,108212
2017-02-07,0.76561,0.76805,0.76051,0.76265,115181
2017-02-08,0.76252,0.76653,0.76109,0.76431,115955
2017-02-09,0.76433,0.76636,0.761,0.76235,106397
2017-02-10,0.76226,0.76883,0.76172,0.76659,103251
2017-02-13,0.76766,0.76796,0.76303,0.76396,95976
2017-02-14,0.76379,0.76959,0.76175,0.76613,114061
2017-02-15,0.76602,0.7719,0.76365,0.7709,106688
2017-02-16,0.77089,0.77316,0.76841,0.76925,117079
2017-02-17,0.76924,0.77124,0.76452,0.76452,99464
2017-02-20,0.76717,0.76898,0.76588,0.76864,74970
2017-02-21,0.76856,0.76902,0.76491,0.76735,88026
2017-02-22,0.76717,0.77144,0.76663,0.77017,95367
2017-02-23,0.76994,0.77404,0.76646,0.77143,99329
2017-02-24,0.77125,0.772,0.76634,0.76634,84544
2017-02-27,0.7678,0.77074,0.76622,0.76717,88759
2017-02-28,0.76702,0.76944,0.76458,0.76559,92194
2017-03-01,0.76545,0.76994,0.7636,0.76753,120442
2017-03-02,0.76755,0.76816,0.75571,0.75709,96075
2017-03-03,0.757,0.75978,0.75424,0.75769,104467
2017-03-06,0.75836,0.76091,0.75697,0.75785,86991
2017-03-07,0.75769,0.76323,0.75725,0.75867,93127
2017-03-08,0.75866,0.76084,0.7525,0.75257,104591
2017-03-09,0.75255,0.75336,0.74906,0.7505,107766
2017-03-10,0.75046,0.75565,0.74977,0.75404,109109
2017-03-13,0.75455,0.75919,0.75334,0.75702,93949
2017-03-14,0.75702,0.75792,0.75398,0.75592,90059
2017-03-15,0.75592,0.77187,0.75547,0.77052,111147
2017-03-16,0.77052,0.77173,0.76633,0.76805,115913
2017-03-17,0.76802,0.77174,0.76628,0.77036,84304
2017-03-20,0.76991,0.77476,0.76966,0.77287,83892
2017-03-21,0.77287,0.77491,0.76822,0.76848,100329
2017-03-22,0.76849,0.76888,0.76388,0.76742,106224
2017-03-23,0.7674,0.76764,0.76219,0.76257,104117
2017-03-24,0.76255,0.764,0.76035,0.76215,93688
2017-03-27,0.7631,0.76477,0.76077,0.76163,87345
2017-03-28,0.76137,0.76541,0.75869,0.76336,84564
2017-03-29,0.76311,0.76747,0.76287,0.76685,87459
2017-03-30,0.76669,0.76791,0.76388,0.76389,89335
2017-03-31,0.76392,0.76624,0.76218,0.76265,93620
2017-04-03,0.76234,0.76397,0.75908,0.76033,77386
2017-04-04,0.76017,0.76146,0.75447,0.75638,85392
2017-04-05,0.75637,0.7587,0.75574,0.75683,84782
2017-04-06,0.75683,0.75763,0.75319,0.75435,85768
2017-04-07,0.75435,0.75455,0.74808,0.74808,104237
2017-04-10,0.74932,0.75087,0.74761,0.75013,97877
2017-04-11,0.75002,0.75149,0.74741,0.74983,111939
2017-04-12,0.74977,0.75282,0.7473,0.75219,125950
2017-04-13,0.75219,0.75955,0.75185,0.75689,114610
2017-04-14,0.75666,0.75823,0.75567,0.75787,47545
2017-04-17,0.75777,0.76105,0.75703,0.75891,62948
2017-04-18,0.75895,0.75961,0.75339,0.75597,114654
2017-04-19,0.75597,0.75628,0.74885,0.74955,85197
2017-04-20,0.74961,0.75466,0.74922,0.75256,79657
2017-04-21,0.75256,0.75459,0.75151,0.75441,75460
2017-04-24,0.75717,0.75844,0.75387,0.75646,91660
2017-04-25,0.75663,0.75718,0.75203,0.75341,81802
2017-04-26,0.75339,0.75552,0.74546,0.74725,98855
2017-04-27,0.74721,0.7492,0.74396,0.74659,85901
2017-04-28,0.74638,0.74905,0.74475,0.74864,78823
2017-05-01,0.74682,0.75402,0.7468,0.75252,49535
2017-05-02,0.7525,0.7556,0.75104,0.75358,66323
2017-05-03,0.75358,0.75459,0.74195,0.74217,85585
2017-05-04,0.74214,0.74302,0.73828,0.7409,93686
2017-05-05,0.74064,0.74264,0.73675,0.74169,93385
2017-05-08,0.74126,0.74246,0.73778,0.73857,85203
2017-05-09,0.73858,0.73982,0.73289,0.73434,101885
2017-05-10,0.73436,0.73945,0.73387,0.7364,178233
2017-05-11,0.73636,0.7383,0.73329,0.73789,208607
2017-05-12,0.73777,0.74208,0.73673,0.73861,190997
2017-05-15,0.73918,0.74458,0.73843,0.74139,170788
2017-05-16,0.7412,0.7438,0.7395,0.74268,196274
2017-05-17,0.7426,0.74435,0.73887,0.74316,234841
2017-05-18,0.74297,0.74668,0.74082,0.74188,297504
2017-05-19,0.74172,0.74699,0.74064,0.74564,195802
2017-05-22,0.74514,0.74886,0.74342,0.7475,155632
2017-05-23,0.74746,0.75172,0.74662,0.74765,195152
2017-05-24,0.7475,0.75076,0.74424,0.75039,204407
2017-05-25,0.75012,0.75159,0.74507,0.74536,199807
2017-05-26,0.74532,0.74613,0.7422,0.74451,207057
2017-05-29,0.743,0.74502,0.7427,0.74385,110534
2017-05-30,0.74375,0.74691,0.74161,0.74646,175342
2017-05-31,0.74649,0.74757,0.74247,0.74302,199711
2017-06-01,0.74298,0.74546,0.73728,0.73752,202373
2017-06-02,0.73724,0.74466,0.73711,0.74419,184029
2017-06-05,0.74244,0.74985,0.74222,0.74861,154830
2017-06-06,0.74851,0.75221,0.74571,0.75062,199664
2017-06-07,0.75057,0.75666,0.74999,0.75503,195331
2017-06-08,0.7547,0.75545,0.75245,0.75454,183703
2017-06-09,0.75467,0.75467,0.75194,0.75299,193480
2017-06-12,0.75287,0.7547,0.75217,0.75416,136843
2017-06-13,0.75401,0.75649,0.75242,0.75371,154662
2017-06-14,0.7537,0.76355,0.75325,0.75894,245367
2017-06-15,0.75864,0.76316,0.75684,0.75787,232326
2017-06-16,0.75767,0.76298,0.75757,0.76174,196526
2017-06-19,0.7615,0.76292,0.7585,0.75973,182481
2017-06-20,0.75951,0.76237,0.75705,0.75799,182905
2017-06-21,0.75789,0.75857,0.7543,0.75521,187225
2017-06-22,0.75478,0.75744,0.75353,0.75405,187324
2017-06-23,0.75402,0.75828,0.75375,0.75691,151224
2017-06-26,0.75615,0.75992,0.75596,0.75853,160757
2017-06-27,0.75851,0.76243,0.75771,0.7583,197329
2017-06-28,0.75817,0.76447,0.75772,0.76384,240948
2017-06-29,0.76374,0.76863,0.7635,0.76824,215787
2017-06-30,0.76823,0.77122,0.76652,0.76869,234681
2017-07-03,0.76809,0.76953,0.76445,0.76608,186839
2017-07-04,0.76582,0.76833,0.75912,0.76052,188462
2017-07-05,0.7597,0.7632,0.75713,0.76038,174657
2017-07-06,0.76017,0.76147,0.75772,0.75847,176228
2017-07-07,0.75837,0.76235,0.75722,0.7604,180234
2017-07-10,0.75979,0.76148,0.75866,0.76063,126470
2017-07-11,0.7604,0.76426,0.76004,0.76375,173316
2017-07-12,0.76356,0.76852,0.76331,0.76778,204998
2017-07-13,0.76758,0.77399,0.76746,0.77287,193581
2017-07-14,0.77287,0.78341,0.77262,0.78253,199828
2017-07-17,0.78265,0.78386,0.77922,0.7798,222887
2017-07-18,0.77969,0.79428,0.77863,0.79166,304563
2017-07-19,0.79144,0.79591,0.79091,0.79532,218883
2017-07-20,0.79497,0.79884,0.78974,0.7957,278156
2017-07-21,0.79582,0.79594,0.78749,0.79127,234333
2017-07-24,0.7902,0.79676,0.7902,0.79236,184930
2017-07-25,0.79235,0.79703,0.79026,0.79366,194693
2017-07-26,0.79356,0.80138,0.7878,0.8005,294479
2017-07-27,0.80043,0.80656,0.79564,0.7967,293211
2017-07-28,0.7964,0.80074,0.79369,0.7986,274800
2017-07-31,0.79805,0.8004,0.79561,0.80027,224976
2017-08-01,0.80013,0.8043,0.79608,0.79688,250705
2017-08-02,0.79673,0.79929,0.79416,0.79665,226439
2017-08-03,0.7962,0.79691,0.79141,0.79473,242413
2017-08-04,0.79471,0.79796,0.78913,0.79291,228834
2017-08-07,0.79193,0.79487,0.78991,0.79141,146055
2017-08-08,0.79112,0.79428,0.78869,0.79124,166524
2017-08-09,0.79116,0.79154,0.78552,0.78878,196587
2017-08-10,0.78868,0.79107,0.78666,0.78752,172333
2017-08-11,0.78744,0.79094,0.7839,0.78935,182967
2017-08-14,0.78923,0.79191,0.78446,0.7851,136682
2017-08-15,0.78509,0.78767,0.78077,0.78195,165298
2017-08-16,0.78196,0.79341,0.78165,0.79255,200703
2017-08-17,0.79247,0.79629,0.78804,0.78841,225126
2017-08-18,0.78843,0.79444,0.78695,0.79281,222073
2017-08-21,0.79251,0.79505,0.79108,0.79399,135113
2017-08-22,0.79383,0.79508,0.78977,0.79101,141627
2017-08-23,0.79109,0.79177,0.78821,0.79028,177204
2017-08-24,0.79025,0.7916,0.78665,0.79009,202282
2017-08-25,0.78971,0.79541,0.78853,0.79319,227603
2017-08-28,0.79215,0.79729,0.79184,0.79634,162513
2017-08-29,0.79624,0.79829,0.79054,0.79522,288503
2017-08-30,0.79455,0.79957,0.789,0.79008,243859
2017-08-31,0.78991,0.79502,0.78713,0.79455,272937
2017-09-01,0.79458,0.79946,0.79216,0.79671,260027
2017-09-04,0.79478,0.79726,0.79415,0.79446,174059
2017-09-05,0.79406,0.80284,0.79405,0.79962,265817
2017-09-06,0.79956,0.80211,0.79634,0.79996,255786
2017-09-07,0.79976,0.80488,0.79744,0.80462,258229
2017-09-08,0.80463,0.8125,0.80427,0.80528,296491
2017-09-11,0.80549,0.80584,0.80186,0.80296,219917
2017-09-12,0.80268,0.80492,0.79985,0.802,242048
2017-09-13,0.80141,0.80441,0.79704,0.79858,230071
2017-09-14,0.79849,0.80165,0.79556,0.80058,270929
2017-09-15,0.80022,0.80351,0.79867,0.80007,249099
2017-09-18,0.79975,0.8035,0.79399,0.79603,201616
2017-09-19,0.79569,0.80199,0.79569,0.80083,237488
2017-09-20,0.80076,0.81029,0.79858,0.80312,281303
2017-09-21,0.80307,0.80364,0.79169,0.7934,264619
2017-09-22,0.79266,0.79863,0.79081,0.79615,222023
2017-09-25,0.79515,0.79738,0.79262,0.79365,219386
2017-09-26,0.79347,0.79487,0.78592,0.78879,250884
2017-09-27,0.78838,0.78886,0.78362,0.78481,271374
2017-09-28,0.78477,0.78601,0.77995,0.78577,261713
2017-09-29,0.78538,0.78569,0.78166,0.78346,207841
2017-10-02,0.78338,0.78476,0.77952,0.78261,211260
2017-10-03,0.78247,0.78385,0.77854,0.78352,226914
2017-10-04,0.78346,0.7875,0.78299,0.78619,217465
2017-10-05,0.78615,0.78652,0.77864,0.77942,201081
2017-10-06,0.77946,0.77983,0.7733,0.77742,249077
2017-10-09,0.77699,0.77824,0.77475,0.77536,132163
2017-10-10,0.77533,0.77969,0.77489,0.77769,195622
2017-10-11,0.77773,0.78092,0.77708,0.77874,199321
2017-10-12,0.77876,0.78358,0.77834,0.78204,212975
2017-10-13,0.7818,0.78975,0.78173,0.7888,219372
2017-10-16,0.78827,0.78898,0.7843,0.78512,190510
2017-10-17,0.78501,0.78609,0.78182,0.78452,208174
2017-10-18,0.78441,0.7858,0.7819,0.78463,187460
2017-10-19,0.78462,0.78839,0.78409,0.78794,242610
2017-10-20,0.78772,0.78819,0.78083,0.78137,227971
2017-10-23,0.78194,0.78347,0.77961,0.78054,174395
2017-10-24,0.78057,0.78246,0.77703,0.7776,224208
2017-10-25,0.77758,0.77839,0.76902,0.7703,265351
2017-10-26,0.77026,0.77199,0.76555,0.76627,247658
2017-10-27,0.76565,0.76786,0.76248,0.76758,253321
2017-10-30,0.76753,0.76912,0.76556,0.76876,156794
2017-10-31,0.76875,0.76988,0.76397,0.76557,188924
2017-11-01,0.76557,0.76957,0.76483,0.76754,232204
2017-11-02,0.76748,0.77298,0.76727,0.77132,242594
2017-11-03,0.77127,0.77162,0.76391,0.76504,195443
2017-11-06,0.76495,0.76922,0.76383,0.76914,164640
2017-11-07,0.76909,0.77006,0.76273,0.76442,178895
2017-11-08,0.76423,0.76849,0.7636,0.76773,164145
2017-11-09,0.76745,0.7694,0.76496,0.76795,190382
2017-11-10,0.76769,0.7695,0.7654,0.7658,181914
2017-11-13,0.76519,0.76657,0.76167,0.76235,141760
2017-11-14,0.76226,0.76498,0.7609,0.76326,177783
2017-11-15,0.76281,0.76325,0.75733,0.75884,219603
2017-11-16,0.75879,0.76097,0.75681,0.75876,169632
2017-11-17,0.75874,0.7608,0.7536,0.75645,178001
2017-11-20,0.75635,0.75736,0.75439,0.75498,73410
2017-11-21,0.75494,0.75902,0.75321,0.75777,82391
2017-11-22,0.75767,0.76235,0.75553,0.76201,86530
2017-11-23,0.76168,0.76385,0.76038,0.76241,65767
2017-11-24,0.76252,0.7632,0.76067,0.76104,76553
2017-11-27,0.76152,0.76447,0.7593,0.7602,80099
2017-11-28,0.76021,0.762,0.7588,0.75954,88403
2017-11-29,0.75937,0.76077,0.75519,0.75711,96843
2017-11-30,0.75644,0.75945,0.75565,0.75651,102937
2017-12-01,0.75642,0.76392,0.75514,0.76108,141212
2017-12-04,0.75901,0.76139,0.75793,0.75984,86004
2017-12-05,0.75966,0.76537,0.75954,0.76073,88059
2017-12-06,0.76072,0.76331,0.75585,0.75636,80545
2017-12-07,0.75616,0.75695,0.75052,0.75127,75713
2017-12-08,0.75093,0.75336,0.75013,0.75091,73848
2017-12-11,0.75035,0.75454,0.75035,0.75262,63387
2017-12-12,0.75256,0.75801,0.75193,0.7558,65147
2017-12-13,0.75555,0.76396,0.75524,0.76374,91135
2017-12-14,0.76365,0.76797,0.76271,0.76639,99887
2017-12-15,0.76647,0.76946,0.76378,0.76405,80979
2017-12-18,0.76434,0.76777,0.76408,0.7666,72878
2017-12-19,0.76591,0.76839,0.7646,0.76619,71746
2017-12-20,0.76617,0.76797,0.76512,0.76658,71335
2017-12-21,0.76654,0.77073,0.76535,0.77017,65532
2017-12-22,0.77002,0.77207,0.76996,0.77152,62640
2017-12-26,0.77047,0.77299,0.77047,0.77285,27678
2017-12-27,0.77274,0.77792,0.77236,0.77701,58249
2017-12-28,0.77671,0.78095,0.77644,0.77976,54916
2017-12-29,0.77918,0.78249,0.77882,0.78037,60162
2018-01-02,0.77987,0.78448,0.77938,0.78289,76823
2018-01-03,0.78261,0.78448,0.78053,0.78344,75223
2018-01-04,0.78347,0.78664,0.78144,0.7864,78346
2018-01-05,0.78615,0.78747,0.7835,0.78624,79238
2018-01-08,0.78546,0.78726,0.7827,0.78405,55560
2018-01-09,0.78406,0.78646,0.78074,0.78237,76923
2018-01-10,0.78238,0.78673,0.78082,0.78416,111100
2018-01-11,0.78416,0.78945,0.78368,0.78916,104368
2018-01-12,0.78911,0.79246,0.7848,0.79149,114808
2018-01-15,0.79011,0.79786,0.7901,0.79642,96543
2018-01-16,0.79634,0.79749,0.79369,0.79612,96311
2018-01-17,0.79566,0.80227,0.79402,0.79702,136309
2018-01-18,0.79685,0.80071,0.79416,0.79985,119855
2018-01-19,0.7999,0.80386,0.79825,0.79826,112665
2018-01-22,0.79981,0.80271,0.79788,0.80173,78689
2018-01-23,0.80153,0.80297,0.79564,0.79999,104816
2018-01-24,0.79973,0.80829,0.79934,0.80654,126712
2018-01-25,0.80614,0.81188,0.80114,0.80248,196238
2018-01-26,0.80197,0.81358,0.80049,0.81069,165830
2018-01-29,0.80996,0.81181,0.80741,0.80954,131246
2018-01-30,0.80921,0.81135,0.80424,0.8085,130232
2018-01-31,0.80831,0.8117,0.8035,0.80567,168418
2018-02-01,0.80555,0.80673,0.79875,0.80387,145182
2018-02-02,0.80384,0.8044,0.79179,0.79206,171469
2018-02-05,0.79113,0.79538,0.7875,0.78771,177829
2018-02-06,0.78753,0.79101,0.78353,0.79061,239636
2018-02-07,0.79061,0.79089,0.78168,0.78215,141132
2018-02-08,0.78225,0.78434,0.77758,0.77812,193669
2018-02-09,0.77804,0.78305,0.7759,0.78084,184071
2018-02-12,0.78143,0.78637,0.78022,0.7862,114625
2018-02-13,0.78591,0.78767,0.78278,0.78589,109683
2018-02-14,0.78587,0.79343,0.77731,0.79251,173912
2018-02-15,0.79245,0.79664,0.78921,0.79454,156061
2018-02-16,0.79452,0.79885,0.78925,0.79129,140466
2018-02-19,0.79055,0.79352,0.78981,0.79121,91277
2018-02-20,0.79115,0.79337,0.78739,0.78841,140700
2018-02-21,0.78827,0.79016,0.78029,0.78032,155311
2018-02-22,0.78029,0.78598,0.77904,0.78454,124004
2018-02-23,0.78458,0.78475,0.78042,0.7839,106962
2018-02-26,0.78353,0.78934,0.78258,0.78536,103207
2018-02-27,0.78524,0.78685,0.77834,0.77894,141624
2018-02-28,0.77884,0.78191,0.77603,0.77615,124216
2018-03-01,0.77608,0.77697,0.77123,0.77562,180824
2018-03-02,0.77537,0.77736,0.77375,0.77637,151306
2018-03-05,0.7758,0.77701,0.77257,0.77657,116955
2018-03-06,0.77639,0.78422,0.77565,0.78282,135566
2018-03-07,0.78282,0.783,0.77716,0.78247,143666
2018-03-08,0.78226,0.78386,0.77727,0.77859,128303
2018-03-09,0.77862,0.78538,0.77763,0.78456,115938
2018-03-12,0.78439,0.78797,0.78439,0.78724,80710
2018-03-13,0.78723,0.78977,0.78458,0.78599,121922
2018-03-14,0.7859,0.79164,0.78512,0.78769,117670
2018-03-15,0.78762,0.78853,0.77944,0.77977,105090
2018-03-16,0.77978,0.78042,0.77099,0.77106,98458
2018-03-19,0.7718,0.77259,0.76867,0.7718,113567
2018-03-20,0.77171,0.77211,0.76785,0.76825,106221
2018-03-21,0.76831,0.77799,0.76723,0.7765,142154
2018-03-22,0.77647,0.77844,0.7687,0.76922,151749
2018-03-23,0.76918,0.7744,0.76871,0.76969,158799
2018-03-26,0.77041,0.77505,0.7695,0.77486,109416
2018-03-27,0.77474,0.77576,0.7675,0.76777,118708
2018-03-28,0.76776,0.77024,0.76534,0.76633,146585
2018-03-29,0.76591,0.76895,0.76428,0.76784,106092
2018-03-30,0.7676,0.77065,0.76719,0.76802,146963
2018-04-02,0.76861,0.7695,0.76496,0.76611,69466
2018-04-03,0.76602,0.77069,0.76519,0.76844,101541
2018-04-04,0.76829,0.77213,0.76628,0.7716,118008
2018-04-05,0.77139,0.77263,0.7674,0.76852,94980
2018-04-06,0.76811,0.76995,0.76576,0.76747,121038
2018-04-09,0.76787,0.77111,0.76522,0.77008,91736
2018-04-10,0.76948,0.7768,0.76936,0.7762,105758
2018-04-11,0.77593,0.77728,0.77396,0.77561,92983
2018-04-12,0.77499,0.77715,0.77381,0.77551,89276
2018-04-13,0.77515,0.78098,0.77508,0.77609,80399
2018-04-16,0.77673,0.77834,0.77522,0.7781,66407
2018-04-17,0.77782,0.77914,0.77602,0.77687,72594
2018-04-18,0.77626,0.77977,0.77443,0.77831,78298
2018-04-19,0.77824,0.78129,0.7719,0.77287,101247
2018-04-20,0.77278,0.77317,0.76553,0.76687,95767
2018-04-23,0.7667,0.76827,0.75995,0.76042,86282
2018-04-24,0.76041,0.76208,0.75767,0.76031,114627
2018-04-25,0.76024,0.76061,0.7552,0.75643,103445
2018-04-26,0.75638,0.75889,0.7547,0.75522,125806
2018-04-27,0.75528,0.75839,0.7532,0.75813,101720
2018-04-30,0.75762,0.75822,0.75253,0.75296,93046
2018-05-01,0.75284,0.75464,0.74725,0.74883,100927
2018-05-02,0.74883,0.75372,0.74755,0.74923,145661
2018-05-03,0.74914,0.75429,0.74854,0.75319,142148
2018-05-04,0.75301,0.75606,0.74921,0.75385,112728
2018-05-07,0.7541,0.7543,0.74931,0.75165,88873
2018-05-08,0.75111,0.7528,0.74338,0.74521,134218
2018-05-09,0.7451,0.74726,0.74124,0.74592,118623
2018-05-10,0.74535,0.75397,0.74494,0.75337,151031
2018-05-11,0.75293,0.75669,0.75225,0.75417,117415
2018-05-14,0.75403,0.7565,0.75248,0.75252,91764
2018-05-15,0.75231,0.75376,0.74478,0.74721,131450
2018-05-16,0.74681,0.7523,0.74471,0.75151,130297
2018-05-17,0.75148,0.75476,0.74978,0.75097,121681
2018-05-18,0.75083,0.75281,0.74884,0.75126,97142
2018-05-21,0.752,0.75864,0.75029,0.75823,90334
2018-05-22,0.75787,0.76054,0.75661,0.75773,99970
2018-05-23,0.75737,0.75827,0.75225,0.75588,143009
2018-05-24,0.7557,0.75827,0.75421,0.75769,132180
2018-05-25,0.75732,0.75901,0.75427,0.75462,112600
2018-05-28,0.75595,0.7581,0.75394,0.75444,91240
2018-05-29,0.75434,0.75527,0.7498,0.75056,124479
2018-05-30,0.75042,0.75839,0.74761,0.75776,123333
2018-05-31,0.75714,0.75931,0.75527,0.75677,124581
2018-06-01,0.75668,0.75732,0.75138,0.75674,106544
2018-06-04,0.7559,0.76663,0.7559,0.76475,99936
2018-06-05,0.76422,0.7656,0.75947,0.7616,114447
2018-06-06,0.76157,0.76767,0.76123,0.76669,100644
2018-06-07,0.76671,0.76729,0.76123,0.7623,102500
2018-06-08,0.7621,0.76272,0.75607,0.75976,99346
2018-06-11,0.75885,0.76217,0.75884,0.76101,66896
2018-06-12,0.76064,0.76237,0.75658,0.75739,113718
2018-06-13,0.75681,0.76091,0.75293,0.75773,124333
2018-06-14,0.75762,0.75826,0.7475,0.74751,142910
2018-06-15,0.74752,0.74805,0.74394,0.74423,124122
2018-06-18,0.7441,0.74543,0.74136,0.74231,85185
2018-06-19,0.74215,0.7427,0.73473,0.73814,157407
2018-06-20,0.73761,0.74088,0.73668,0.73674,135431
2018-06-21,0.73677,0.73939,0.73456,0.73763,177671
2018-06-22,0.73722,0.74439,0.73722,0.74399,145159
2018-06-25,0.7437,0.74426,0.73963,0.74133,134177
2018-06-26,0.74134,0.74231,0.738,0.73913,144459
2018-06-27,0.73903,0.74072,0.73232,0.73404,170468
2018-06-28,0.73381,0.73621,0.73299,0.73539,154009
2018-06-29,0.73496,0.74095,0.73357,0.74069,166714
2018-07-02,0.7411,0.7411,0.73104,0.73395,93319
2018-07-03,0.73364,0.74042,0.73144,0.73851,105957
2018-07-04,0.73852,0.74245,0.73744,0.73815,87032
2018-07-05,0.738,0.74082,0.73614,0.73868,102654
2018-07-06,0.73856,0.7444,0.7376,0.74274,99287
2018-07-09,0.74306,0.74838,0.7428,0.7465,76620
2018-07-10,0.74649,0.74839,0.74303,0.74593,84538
2018-07-11,0.74564,0.74564,0.73637,0.73663,126626
2018-07-12,0.7365,0.74197,0.73602,0.74072,88749
2018-07-13,0.74063,0.74234,0.73682,0.74224,86633
2018-07-16,0.74185,0.74423,0.7409,0.74204,81090
2018-07-17,0.74164,0.74381,0.73757,0.73875,99205
2018-07-18,0.73855,0.74076,0.73431,0.73974,85097
2018-07-19,0.73972,0.74414,0.73225,0.73565,133550
2018-07-20,0.73526,0.74312,0.73178,0.74174,148207
2018-07-23,0.74149,0.74376,0.73716,0.73804,91217
2018-07-24,0.73781,0.74341,0.73595,0.74166,95838
2018-07-25,0.7416,0.74645,0.7392,0.74551,114644
2018-07-26,0.74532,0.74631,0.7372,0.73768,101739
2018-07-27,0.73756,0.74147,0.73699,0.74019,84578
2018-07-30,0.73995,0.74133,0.73857,0.74072,60809
2018-07-31,0.74021,0.74409,0.74021,0.74271,93846
2018-08-01,0.7418,0.74291,0.73899,0.74041,93968
2018-08-02,0.74029,0.74114,0.73551,0.7362,81269
2018-08-03,0.7357,0.74115,0.73483,0.7397,99612
2018-08-06,0.7397,0.74055,0.73742,0.73873,61176
2018-08-07,0.7386,0.74397,0.73808,0.7419,72448
2018-08-08,0.74184,0.74394,0.73832,0.74326,66781
2018-08-09,0.74262,0.74533,0.73731,0.73731,83747
2018-08-10,0.73712,0.73799,0.72804,0.72946,157229
2018-08-13,0.72721,0.72999,0.72566,0.72721,137488
2018-08-14,0.72678,0.72834,0.72241,0.72386,116447
2018-08-15,0.72388,0.72476,0.72025,0.7239,132405
2018-08-16,0.72382,0.72868,0.72139,0.72606,136032
2018-08-17,0.72581,0.73196,0.72527,0.73159,112301
2018-08-20,0.7315,0.73437,0.72957,0.73387,87466
2018-08-21,0.73375,0.73817,0.73331,0.73654,106016
2018-08-22,0.73649,0.73707,0.73339,0.73517,103686
2018-08-23,0.73479,0.73554,0.72405,0.72477,100235
2018-08-24,0.72416,0.73445,0.72378,0.73248,109748
2018-08-27,0.73243,0.73565,0.73075,0.73462,56476
2018-08-28,0.73482,0.73625,0.73213,0.73377,61742
2018-08-29,0.73344,0.7349,0.72749,0.73094,78026
2018-08-30,0.7309,0.73147,0.72494,0.72626,67494
2018-08-31,0.72599,0.72677,0.71759,0.71932,80316
2018-09-03,0.719,0.72236,0.71658,0.72131,46781
2018-09-04,0.72123,0.72357,0.71575,0.7175,65817
2018-09-05,0.71728,0.72179,0.71442,0.71931,72842
2018-09-06,0.71908,0.7211,0.71661,0.71971,72826
2018-09-07,0.71955,0.72015,0.70986,0.71034,80526
2018-09-10,0.7102,0.71318,0.70988,0.71129,51736
2018-09-11,0.7113,0.71288,0.7085,0.71206,60495
2018-09-12,0.71188,0.71825,0.70935,0.71713,65193
2018-09-13,0.71673,0.72293,0.71644,0.71909,63430
2018-09-14,0.71876,0.72161,0.71506,0.71536,48605
2018-09-17,0.7153,0.71963,0.71418,0.71778,39846
2018-09-18,0.71744,0.72236,0.71442,0.72187,72426
2018-09-19,0.72186,0.72751,0.72099,0.72651,58957
2018-09-20,0.72595,0.72929,0.72538,0.72915,51182
2018-09-21,0.72908,0.7304,0.72628,0.72885,51491
2018-09-24,0.726,0.72815,0.72508,0.72511,45997
2018-09-25,0.72519,0.7263,0.72361,0.72497,48064
2018-09-26,0.72498,0.73151,0.72407,0.72571,59955
2018-09-27,0.72569,0.72685,0.72053,0.7206,56988
2018-09-28,0.72064,0.72414,0.72021,0.72173,48172
2018-10-01,0.7225,0.7232,0.72069,0.72238,47661
2018-10-02,0.72199,0.7238,0.71624,0.71877,59358
2018-10-03,0.71848,0.71968,0.7102,0.71022,62121
2018-10-04,0.71007,0.71118,0.70656,0.7078,63474
2018-10-05,0.70738,0.7087,0.70425,0.70502,67718
2018-10-08,0.7054,0.70815,0.70412,0.70777,52663
2018-10-09,0.7078,0.7106,0.70541,0.71025,60931
2018-10-10,0.71023,0.71305,0.70431,0.70496,66375
2018-10-11,0.70508,0.71294,0.70456,0.71234,116455
2018-10-12,0.71233,0.71397,0.71019,0.71163,79592
2018-10-15,0.711,0.71489,0.70989,0.71309,71146
2018-10-16,0.71292,0.71513,0.71119,0.71411,63704
2018-10-17,0.71408,0.71596,0.71064,0.7108,67135
2018-10-18,0.71086,0.7151,0.70973,0.70986,78294
2018-10-19,0.70985,0.71503,0.70889,0.71195,81091
2018-10-22,0.7114,0.71253,0.70762,0.70821,64356
2018-10-23,0.70801,0.70909,0.70554,0.70853,76142
2018-10-24,0.70851,0.71063,0.70599,0.70614,80363
2018-10-25,0.70588,0.70995,0.70561,0.70787,85226
2018-10-26,0.70793,0.71044,0.70209,0.70894,106741
2018-10-29,0.70953,0.71089,0.70507,0.70563,84249
2018-10-30,0.70522,0.71222,0.70514,0.71056,80947
2018-10-31,0.71038,0.71068,0.70678,0.70721,74152
2018-11-01,0.70725,0.72124,0.70713,0.72061,80516
2018-11-02,0.72047,0.72585,0.71825,0.71983,99378
2018-11-05,0.71916,0.72178,0.71823,0.72103,64920
2018-11-06,0.72092,0.72463,0.72051,0.72444,67324
2018-11-07,0.72447,0.72999,0.72129,0.72749,94845
2018-11-08,0.72745,0.73026,0.72471,0.72573,83448
2018-11-09,0.72543,0.72708,0.72191,0.72258,85185
2018-11-12,0.72188,0.72376,0.71728,0.71733,73365
2018-11-13,0.71713,0.72242,0.71642,0.72188,89157
2018-11-14,0.72172,0.72536,0.7188,0.72326,101098
2018-11-15,0.72254,0.72983,0.72254,0.72764,102488
2018-11-16,0.72752,0.73378,0.72502,0.73319,81440
2018-11-19,0.73078,0.73257,0.72772,0.72934,61915
2018-11-20,0.72927,0.73005,0.72118,0.72153,84112
2018-11-21,0.72126,0.72772,0.72022,0.72639,76551
2018-11-22,0.72612,0.7268,0.72341,0.72517,46439
2018-11-23,0.72533,0.7256,0.72187,0.72286,53012
2018-11-26,0.72268,0.72762,0.72126,0.72174,57419
2018-11-27,0.72196,0.72692,0.71991,0.72256,71429
2018-11-28,0.72228,0.73279,0.72212,0.73057,72356
2018-11-29,0.73038,0.73444,0.72951,0.73188,76059
2018-11-30,0.73188,0.73261,0.72844,0.7313,65335
2018-12-03,0.73775,0.73936,0.73464,0.7358,67695
2018-12-04,0.73573,0.73934,0.73261,0.73389,82870
2018-12-05,0.73361,0.73558,0.72599,0.72699,57926
2018-12-06,0.72643,0.72731,0.71915,0.72339,102639
2018-12-07,0.72346,0.72417,0.71982,0.71993,86062
2018-12-10,0.71848,0.72267,0.71779,0.71889,259465
2018-12-11,0.71887,0.7225,0.71818,0.72021,219729
2018-12-12,0.72029,0.72379,0.7195,0.72198,229473
2018-12-13,0.72158,0.72467,0.72123,0.72252,197395
2018-12-14,0.72268,0.72284,0.71511,0.71729,198654
2018-12-17,0.71713,0.71872,0.71684,0.71765,211501
2018-12-18,0.718,0.72035,0.71652,0.71838,233347
2018-12-19,0.71773,0.72007,0.70872,0.71081,265727
2018-12-20,0.71069,0.71488,0.70859,0.71105,297729
2018-12-21,0.71063,0.71232,0.70343,0.70355,246996
2018-12-24,0.70389,0.7069,0.70339,0.705,176427
2018-12-26,0.7029,0.70717,0.7029,0.70674,145026
2018-12-27,0.7062,0.70777,0.70166,0.70289,299799
2018-12-28,0.70273,0.70691,0.70224,0.70379,227923
2018-12-31,0.70412,0.70712,0.70328,0.70423,168120
2019-01-02,0.70512,0.70522,0.69815,0.69849,269736
2019-01-03,0.69838,0.70194,0.67307,0.70051,323362
2019-01-04,0.70048,0.71246,0.69934,0.71181,279995
2019-01-07,0.71145,0.71497,0.7109,0.71482,228650
2019-01-08,0.71475,0.71494,0.71165,0.71398,234559
2019-01-09,0.71396,0.7194,0.71339,0.71705,207507
2019-01-10,0.71691,0.71976,0.7146,0.71854,71849
2019-01-11,0.71847,0.72351,0.71819,0.72139,72479
2019-01-14,0.72108,0.7218,0.71756,0.71965,57753
2019-01-15,0.71962,0.72257,0.71798,0.72027,67035
2019-01-16,0.72008,0.72122,0.71618,0.71679,53199
2019-01-17,0.71661,0.72214,0.71468,0.71924,78624
2019-01-18,0.71913,0.72147,0.71621,0.71658,53475
2019-01-21,0.71649,0.71819,0.714,0.7158,57364
2019-01-22,0.71573,0.71603,0.71159,0.7121,49272
2019-01-23,0.71209,0.71443,0.71177,0.71407,50172
2019-01-24,0.71395,0.71667,0.70808,0.70919,66006
2019-01-25,0.70932,0.71852,0.7076,0.71799,64813
2019-01-28,0.71758,0.72039,0.71606,0.71644,48050
2019-01-29,0.71657,0.71762,0.71379,0.71556,57837
2019-01-30,0.71544,0.72729,0.71486,0.72477,78101
2019-01-31,0.72458,0.72952,0.72417,0.72748,71611
2019-02-01,0.72702,0.72842,0.72366,0.72477,65520
2019-02-04,0.72458,0.72541,0.72114,0.72256,49759
2019-02-05,0.72258,0.72645,0.71936,0.7235,55765
2019-02-06,0.72345,0.72455,0.71034,0.71073,69681
2019-02-07,0.71035,0.71175,0.70893,0.71034,58629
2019-02-08,0.71006,0.71033,0.70605,0.70895,58003
2019-02-11,0.70863,0.7108,0.7057,0.70616,52154
2019-02-12,0.70616,0.71026,0.7054,0.70954,56533
2019-02-13,0.70949,0.7136,0.70862,0.70881,59358
2019-02-14,0.70872,0.71316,0.70715,0.71048,72164
2019-02-15,0.71065,0.71485,0.70794,0.71396,57968
2019-02-18,0.71328,0.71606,0.71245,0.71296,47846
2019-02-19,0.71294,0.71738,0.71035,0.71642,60923
2019-02-20,0.71634,0.7183,0.71413,0.71633,72718
2019-02-21,0.71628,0.72068,0.707,0.70894,91630
2019-02-22,0.70881,0.71504,0.70826,0.71284,76695
2019-02-25,0.71348,0.71843,0.71302,0.71674,65346
2019-02-26,0.71657,0.71946,0.7142,0.7188,60234
2019-02-27,0.71813,0.71988,0.71274,0.71404,65500
2019-02-28,0.71378,0.71663,0.709,0.70931,68445
2019-03-01,0.70941,0.71217,0.70694,0.7079,54060
2019-03-04,0.71078,0.71078,0.70753,0.70914,50179
2019-03-05,0.70913,0.70967,0.70588,0.70843,46936
2019-03-06,0.70834,0.7092,0.70213,0.70319,48657
2019-03-07,0.70319,0.70515,0.70051,0.70155,44274
2019-03-08,0.70148,0.70523,0.70031,0.70452,49385
2019-03-11,0.70298,0.70765,0.70265,0.70693,38556
2019-03-12,0.70686,0.70919,0.7057,0.70809,45423
2019-03-13,0.70805,0.70979,0.7049,0.70946,42605
2019-03-14,0.70937,0.70977,0.70411,0.70641,46292
2019-03-15,0.70635,0.70973,0.70614,0.70853,39208
2019-03-18,0.70862,0.71197,0.70782,0.71036,36001
2019-03-19,0.71034,0.71109,0.7085,0.70887,42345
2019-03-20,0.70872,0.71497,0.70567,0.71171,50197
2019-03-21,0.71153,0.71682,0.70898,0.7112,61969
2019-03-22,0.7114,0.71183,0.70757,0.70806,62676
2019-03-25,0.70768,0.71167,0.70654,0.7112,49693
2019-03-26,0.71118,0.71477,0.71069,0.71339,48398
2019-03-27,0.71339,0.71419,0.70685,0.70838,54513
2019-03-28,0.70831,0.7106,0.7064,0.70746,52276
2019-03-29,0.70718,0.71047,0.70688,0.70967,48238
2019-04-01,0.71172,0.71319,0.71038,0.71136,44881
2019-04-02,0.71111,0.7129,0.70526,0.70712,46467
2019-04-03,0.70705,0.713,0.70544,0.71122,44378
2019-04-04,0.71122,0.71272,0.70977,0.71131,39292
2019-04-05,0.71119,0.71317,0.70923,0.7107,37680
2019-04-08,0.71013,0.71308,0.70875,0.71258,34380
2019-04-09,0.71252,0.71522,0.71191,0.7126,37434
2019-04-10,0.71211,0.71749,0.71093,0.71711,46672
2019-04-11,0.7168,0.71708,0.71166,0.71225,39691
2019-04-12,0.71227,0.71924,0.7116,0.71729,44830
2019-04-15,0.71752,0.71822,0.71638,0.71722,38628
2019-04-16,0.7172,0.71791,0.71397,0.71746,42919
2019-04-17,0.71732,0.72059,0.71525,0.71784,43381
2019-04-18,0.71782,0.71989,0.71366,0.7148,41677
2019-04-19,0.71505,0.71593,0.71424,0.71488,13606
2019-04-22,0.71484,0.7152,0.71284,0.7135,21184
2019-04-23,0.71328,0.71395,0.70811,0.71017,34961
2019-04-24,0.71011,0.71019,0.70044,0.70131,47961
2019-04-25,0.7013,0.70228,0.69881,0.70159,39629
2019-04-26,0.70132,0.70613,0.70066,0.70384,42930
2019-04-29,0.70346,0.70608,0.70339,0.70561,25898
2019-04-30,0.70548,0.70691,0.7031,0.70505,39590
2019-05-01,0.7045,0.70612,0.70072,0.70146,35134
2019-05-02,0.70118,0.70294,0.6995,0.69993,38279
2019-05-03,0.69998,0.70247,0.69848,0.7023,37596
2019-05-06,0.69683,0.70028,0.69588,0.69937,47407
2019-05-07,0.69897,0.70482,0.69777,0.70102,50649
2019-05-08,0.70103,0.70269,0.6986,0.69888,55123
2019-05-09,0.69863,0.6998,0.69648,0.6987,56107
2019-05-10,0.69872,0.70186,0.69783,0.70009,69541
2019-05-13,0.69908,0.70011,0.69408,0.69439,51480
2019-05-14,0.69434,0.69596,0.6935,0.69438,41681
2019-05-15,0.6942,0.69471,0.69149,0.6929,45109
2019-05-16,0.69288,0.69329,0.68865,0.68909,40515
2019-05-17,0.6889,0.68972,0.68647,0.68675,42970
2019-05-20,0.69099,0.69342,0.68901,0.6908,37010
2019-05-21,0.69052,0.69291,0.68664,0.68839,45652
2019-05-22,0.68818,0.68967,0.68714,0.68803,36397
2019-05-23,0.68811,0.69004,0.68648,0.68991,45221
2019-05-24,0.68982,0.69347,0.68812,0.69276,38845
2019-05-27,0.69278,0.69386,0.69133,0.69164,26754
2019-05-28,0.69162,0.69357,0.69147,0.69228,40592
2019-05-29,0.69244,0.69315,0.69042,0.69165,44536
2019-05-30,0.69163,0.69368,0.68988,0.69114,37693
2019-05-31,0.69117,0.69442,0.6901,0.69349,58094
2019-06-03,0.69278,0.69825,0.69271,0.69765,56379
2019-06-04,0.69758,0.70041,0.69565,0.69909,58245
2019-06-05,0.69906,0.70075,0.69625,0.69679,59368
2019-06-06,0.69688,0.69945,0.69625,0.69768,66758
2019-06-07,0.69751,0.70221,0.69641,0.69998,63852
2019-06-10,0.7005,0.70063,0.69572,0.69596,52164
2019-06-11,0.69569,0.69666,0.6947,0.69606,54462
2019-06-12,0.69611,0.69635,0.69253,0.6928,58517
2019-06-13,0.69282,0.6938,0.69015,0.69158,54945
2019-06-14,0.69145,0.69183,0.68613,0.6871,48376
2019-06-17,0.68722,0.68845,0.68487,0.68525,35974
2019-06-18,0.68526,0.6882,0.68319,0.68762,50533
2019-06-19,0.68766,0.69093,0.68551,0.68834,52387
2019-06-20,0.68781,0.69358,0.68778,0.69229,64454
2019-06-21,0.69214,0.69378,0.69033,0.69255,58208
2019-06-24,0.69301,0.69686,0.69289,0.69632,50219
2019-06-25,0.69603,0.69782,0.69417,0.69606,72288
2019-06-26,0.69602,0.69947,0.69526,0.6985,59502
2019-06-27,0.69842,0.7009,0.69832,0.70084,45450
2019-06-28,0.70081,0.70231,0.69983,0.70231,44515
2019-07-01,0.70313,0.70343,0.69561,0.69642,45173
2019-07-02,0.69634,0.70004,0.6958,0.69938,41115
2019-07-03,0.69938,0.70392,0.69854,0.70301,36953
2019-07-04,0.70291,0.70479,0.70156,0.70229,22101
2019-07-05,0.70214,0.70288,0.69574,0.69788,37585
2019-07-08,0.6973,0.69943,0.6967,0.69737,27326
2019-07-09,0.69718,0.69751,0.69205,0.69289,31967
2019-07-10,0.69261,0.69691,0.69105,0.69598,42861
2019-07-11,0.69563,0.6988,0.6952,0.69752,41374
2019-07-12,0.69742,0.70248,0.69709,0.70215,38355
2019-07-15,0.7013,0.70399,0.70121,0.7039,28719
2019-07-16,0.70391,0.70445,0.70104,0.70111,37451
2019-07-17,0.70113,0.70249,0.69963,0.70099,34679
2019-07-18,0.70094,0.70766,0.70056,0.70754,46253
2019-07-19,0.70751,0.7082,0.70376,0.70443,46987
2019-07-22,0.70387,0.70573,0.70311,0.70353,31010
2019-07-23,0.7035,0.70357,0.69962,0.70049,33013
2019-07-24,0.70049,0.70079,0.69726,0.69782,33008
2019-07-25,0.69766,0.69841,0.69425,0.69527,44777
2019-07-26,0.6951,0.69553,0.69027,0.69102,32451
2019-07-29,0.69054,0.69165,0.68947,0.69012,23392
2019-07-30,0.69011,0.69084,0.68686,0.68727,30906
2019-07-31,0.68715,0.68992,0.6832,0.68465,52319
2019-08-01,0.68432,0.68679,0.67952,0.68021,59337
2019-08-02,0.67969,0.68189,0.67631,0.67976,61779
2019-08-05,0.67916,0.68041,0.6748,0.67566,56983
2019-08-06,0.67542,0.68008,0.675,0.67584,57690
2019-08-07,0.676,0.67827,0.6677,0.67595,67715
2019-08-08,0.67541,0.68221,0.67462,0.68011,48779
2019-08-09,0.67993,0.68182,0.67777,0.67841,46357
2019-08-12,0.67799,0.67958,0.67451,0.67491,45312
2019-08-13,0.67477,0.68183,0.67454,0.67961,76289
2019-08-14,0.67969,0.68088,0.67356,0.67474,84886
2019-08-15,0.67469,0.67905,0.67461,0.67767,87441
2019-08-16,0.67755,0.67953,0.67707,0.67763,68819
2019-08-19,0.67755,0.67889,0.67619,0.67639,45981
2019-08-20,0.67641,0.67951,0.67546,0.67771,46408
2019-08-21,0.67773,0.67991,0.6773,0.67809,42265
2019-08-22,0.67805,0.67874,0.6751,0.67556,50495
2019-08-23,0.67565,0.67777,0.67359,0.67494,72564
2019-08-26,0.67358,0.67881,0.66894,0.67755,100083
2019-08-27,0.67748,0.678,0.67466,0.67517,56149
2019-08-28,0.6751,0.67623,0.67326,0.67326,53534
2019-08-29,0.67326,0.67532,0.6717,0.67281,58590
2019-08-30,0.67258,0.67402,0.6706,0.67366,53320
2019-09-02,0.6724,0.67348,0.671,0.67148,36949
2019-09-03,0.67141,0.67637,0.66876,0.6762,51845
2019-09-04,0.67572,0.68007,0.67544,0.67971,46962
2019-09-05,0.67961,0.68297,0.67933,0.68147,56096
2019-09-06,0.68138,0.68615,0.68068,0.68486,44799
2019-09-09,0.68387,0.68758,0.68374,0.68631,33633
2019-09-10,0.68618,0.68701,0.68488,0.68609,37251
2019-09-11,0.68605,0.68848,0.68487,0.68635,33361
2019-09-12,0.68621,0.68947,0.68602,0.68658,47613
2019-09-13,0.68662,0.68905,0.68589,0.68775,35571
2019-09-16,0.68612,0.68838,0.68539,0.68654,37736
2019-09-17,0.6864,0.68698,0.68305,0.68653,46193
2019-09-18,0.6865,0.6869,0.68123,0.68293,41051
2019-09-19,0.68276,0.68311,0.67802,0.67927,37445
2019-09-20,0.67916,0.68087,0.67602,0.67641,37881
2019-09-23,0.67678,0.67815,0.6764,0.67722,34063
2019-09-24,0.67733,0.68061,0.67652,0.68003,36884
2019-09-25,0.68012,0.68039,0.67389,0.67498,44622
2019-09-26,0.67503,0.67808,0.67461,0.67478,46186
2019-09-27,0.67479,0.67794,0.67435,0.67643,41829
2019-09-30,0.676,0.67704,0.67412,0.67499,39488
2019-10-01,0.67494,0.6776,0.66718,0.67035,48209
2019-10-02,0.67042,0.67186,0.66707,0.67075,45991
2019-10-03,0.67061,0.67531,0.67024,0.67413,53034
2019-10-04,0.67412,0.67739,0.67388,0.67657,49586
2019-10-07,0.6755,0.67653,0.67297,0.67324,39452
2019-10-08,0.67324,0.67572,0.67233,0.67278,43065
2019-10-09,0.67282,0.67499,0.67226,0.67231,38043
2019-10-10,0.67234,0.67744,0.67102,0.67612,58611
2019-10-11,0.676,0.68104,0.67532,0.67944,53269
2019-10-14,0.67869,0.68015,0.67511,0.67765,43124
2019-10-15,0.67747,0.67886,0.67426,0.67557,48910
2019-10-16,0.67528,0.67657,0.67236,0.67586,45814
2019-10-17,0.67577,0.68332,0.67512,0.68248,47529
2019-10-18,0.68236,0.68568,0.68212,0.68558,35782
2019-10-21,0.68444,0.68803,0.68398,0.68676,37364
2019-10-22,0.68674,0.68829,0.68504,0.68568,39317
2019-10-23,0.68547,0.68624,0.6834,0.68541,37194
2019-10-24,0.68527,0.68576,0.68109,0.68171,40605
2019-10-25,0.6819,0.68363,0.68093,0.6821,30431
2019-10-28,0.68173,0.68454,0.68108,0.6838,32112
2019-10-29,0.68377,0.68718,0.68355,0.68644,39277
2019-10-30,0.6864,0.69018,0.68487,0.69016,54568
2019-10-31,0.69031,0.69296,0.68834,0.68941,55594
2019-11-01,0.68934,0.69212,0.68841,0.69132,46250
2019-11-04,0.69098,0.6925,0.68771,0.68847,37057
2019-11-05,0.68827,0.69281,0.68765,0.68932,58550
2019-11-06,0.68934,0.69074,0.6869,0.68842,43670
2019-11-07,0.68835,0.69133,0.68617,0.68979,54733
2019-11-08,0.68969,0.69065,0.68477,0.68586,43340
2019-11-11,0.68536,0.68654,0.68469,0.68504,29124
2019-11-12,0.68498,0.68573,0.68315,0.68412,42682
2019-11-13,0.68406,0.68572,0.68212,0.68377,42398
2019-11-14,0.68377,0.68412,0.67696,0.67857,43103
2019-11-15,0.67855,0.68219,0.67806,0.68218,32308
2019-11-18,0.68104,0.68224,0.67989,0.68087,33095
2019-11-19,0.68089,0.68348,0.6785,0.6828,35722
2019-11-20,0.68268,0.68311,0.67901,0.6802,37999
2019-11-21,0.68028,0.68141,0.67833,0.67874,44710
2019-11-22,0.6785,0.68033,0.67805,0.67851,36392
2019-11-25,0.67899,0.67993,0.67681,0.67771,30863
2019-11-26,0.67791,0.67953,0.67683,0.67866,38500
2019-11-27,0.6788,0.67912,0.6772,0.67749,31924
2019-11-28,0.67756,0.67778,0.67592,0.67686,23617
2019-11-29,0.67676,0.67795,0.67543,0.6761,25107
2019-12-02,0.67671,0.68259,0.67616,0.68188,31452
2019-12-03,0.68179,0.68621,0.68151,0.68487,36881
2019-12-04,0.68467,0.68551,0.68131,0.68486,38342
2019-12-05,0.68457,0.68548,0.68209,0.68326,29507
2019-12-06,0.68319,0.68573,0.68236,0.68413,32509
2019-12-09,0.68305,0.68385,0.68203,0.68223,23917
2019-12-10,0.68229,0.68374,0.68002,0.68105,30571
2019-12-11,0.68084,0.68894,0.68045,0.68775,37816
2019-12-12,0.68752,0.69132,0.68675,0.69094,44986
2019-12-13,0.69082,0.69384,0.68638,0.68759,62348
2019-12-16,0.68818,0.68979,0.68684,0.68851,32141
2019-12-17,0.68841,0.68848,0.68384,0.68516,36799
2019-12-18,0.68511,0.68644,0.68388,0.68545,29903
2019-12-19,0.68529,0.68883,0.68485,0.68853,33345
2019-12-20,0.68852,0.69067,0.68829,0.69002,27798
2019-12-23,0.68906,0.69287,0.68902,0.69226,30646
2019-12-24,0.69215,0.69303,0.69125,0.69235,29502
2019-12-26,0.6915,0.69498,0.69141,0.69464,9219
2019-12-27,0.69445,0.69871,0.6941,0.6983,36906
2019-12-30,0.69755,0.70044,0.69752,0.69939,42622
2019-12-31,0.69936,0.7032,0.69931,0.70161,34366
2020-01-02,0.70137,0.70198,0.69786,0.69895,38097
2020-01-03,0.6992,0.6992,0.69303,0.69462,45957
2020-01-06,0.69402,0.69577,0.69254,0.694,40506
2020-01-07,0.69391,0.69421,0.68591,0.68685,45721
2020-01-08,0.68688,0.68855,0.68491,0.6866,66219
2020-01-09,0.68648,0.68806,0.68503,0.68583,35306
2020-01-10,0.68582,0.69111,0.68508,0.68992,39879
2020-01-13,0.68963,0.69199,0.6893,0.69032,33957
2020-01-14,0.69036,0.69098,0.68852,0.69041,39384
2020-01-15,0.69009,0.69167,0.68772,0.69064,37927
2020-01-16,0.69003,0.69338,0.68879,0.68965,37177
2020-01-17,0.68979,0.6911,0.68707,0.6873,33917
2020-01-20,0.68718,0.68885,0.68552,0.68721,24211
2020-01-21,0.68718,0.68805,0.68426,0.68448,37951
2020-01-22,0.68443,0.68563,0.6827,0.68436,36981
2020-01-23,0.68442,0.68788,0.68293,0.68486,43933
2020-01-24,0.68466,0.68573,0.68176,0.68272,36312
2020-01-27,0.68113,0.68182,0.67521,0.67603,48642
2020-01-28,0.67606,0.67651,0.67371,0.67629,38899
2020-01-29,0.67619,0.67774,0.67353,0.67532,36627
2020-01-30,0.67536,0.67551,0.67001,0.67206,45398
2020-01-31,0.6721,0.67298,0.66829,0.66856,44621
2020-02-03,0.66815,0.67071,0.66815,0.66927,42872
2020-02-04,0.66911,0.67418,0.66788,0.67375,41125
2020-02-05,0.67382,0.67743,0.67237,0.67469,41439
2020-02-06,0.67462,0.67651,0.67271,0.67316,32575
2020-02-07,0.6729,0.67366,0.66622,0.66762,36315
2020-02-10,0.66647,0.67074,0.66632,0.66867,39189
2020-02-11,0.66862,0.67366,0.66808,0.67131,32523
2020-02-12,0.67142,0.675,0.67115,0.67371,34630
2020-02-13,0.67369,0.67451,0.67069,0.67189,37463
2020-02-14,0.67188,0.67315,0.67093,0.67135,25758
2020-02-17,0.67186,0.67333,0.67117,0.67133,18015
2020-02-18,0.67132,0.67153,0.66735,0.66886,28301
2020-02-19,0.66828,0.67077,0.66653,0.6678,25493
2020-02-20,0.6676,0.66943,0.66102,0.66125,42911
2020-02-21,0.66151,0.66388,0.65859,0.66266,38268
2020-02-24,0.65814,0.66198,0.65814,0.66049,49279
2020-02-25,0.66035,0.66225,0.65864,0.6601,50654
2020-02-26,0.66029,0.6607,0.65425,0.65427,55303
2020-02-27,0.65439,0.6592,0.65426,0.65684,65311
2020-02-28,0.65667,0.65852,0.64339,0.65077,107233
2020-03-02,0.64653,0.65681,0.64623,0.65394,85659
2020-03-03,0.65353,0.66455,0.65097,0.65833,81994
2020-03-04,0.65828,0.66277,0.65771,0.66262,52184
2020-03-05,0.66262,0.66367,0.65839,0.6609,42137
2020-03-06,0.6613,0.66574,0.65851,0.66421,59374
2020-03-09,0.66045,0.6685,0.63026,0.65864,108122
2020-03-10,0.6583,0.66126,0.64624,0.65137,91061
2020-03-11,0.65042,0.65394,0.64751,0.64832,82097
2020-03-12,0.64829,0.64921,0.62123,0.62315,127715
2020-03-13,0.62348,0.63255,0.61232,0.61788,108954
2020-03-16,0.61393,0.63032,0.60789,0.61186,120012
2020-03-17,0.61135,0.61487,0.59589,0.59961,103043
2020-03-18,0.59983,0.60281,0.57017,0.57714,120281
2020-03-19,0.57683,0.59643,0.55083,0.57423,159376
2020-03-20,0.57416,0.59855,0.56636,0.58001,139813
2020-03-23,0.5802,0.58456,0.56993,0.5824,176956
2020-03-24,0.58357,0.59752,0.58127,0.59574,124773
2020-03-25,0.59553,0.60735,0.59303,0.59588,115882
2020-03-26,0.59588,0.60874,0.58701,0.60594,120172
2020-03-27,0.60626,0.62002,0.60226,0.61663,124887
2020-03-30,0.61548,0.61842,0.61116,0.61694,127431
2020-03-31,0.61627,0.62141,0.6072,0.61368,144925
2020-04-01,0.61333,0.61841,0.60388,0.60736,102066
2020-04-02,0.60734,0.61194,0.60067,0.60586,101147
2020-04-03,0.60566,0.60754,0.598,0.59909,86161
2020-04-06,0.60106,0.61063,0.59911,0.60874,83907
2020-04-07,0.60867,0.62084,0.60754,0.61697,90753
2020-04-08,0.61666,0.62448,0.61156,0.62288,88666
2020-04-09,0.62287,0.63631,0.61952,0.63385,79543
2020-04-10,0.63367,0.63677,0.63126,0.63455,19706
2020-04-13,0.6344,0.64091,0.63257,0.63822,47394
2020-04-14,0.63807,0.64446,0.63738,0.64418,63342
2020-04-15,0.64418,0.64435,0.62841,0.63179,69397
2020-04-16,0.6316,0.63335,0.6264,0.63241,86939
2020-04-17,0.63259,0.6385,0.63146,0.63606,81722
2020-04-20,0.6362,0.63974,0.63328,0.63355,63458
2020-04-21,0.6336,0.63467,0.62533,0.62819,77523
2020-04-22,0.62798,0.63523,0.62756,0.63212,57123
2020-04-23,0.63215,0.64059,0.62827,0.63694,64457
2020-04-24,0.63696,0.6398,0.63371,0.63951,48846
2020-04-27,0.63765,0.64717,0.63765,0.64633,43008
2020-04-28,0.64639,0.65138,0.64342,0.64913,51558
2020-04-29,0.64893,0.65579,0.64856,0.6557,48392
2020-04-30,0.65562,0.65698,0.64902,0.65121,64512
2020-05-01,0.65101,0.65111,0.64101,0.64194,44849
2020-05-04,0.64113,0.64348,0.63728,0.64258,55559
2020-05-05,0.64227,0.64761,0.64168,0.64336,56567
2020-05-06,0.64296,0.64529,0.63936,0.64042,48187
2020-05-07,0.63987,0.65062,0.63785,0.64958,52549
2020-05-08,0.6495,0.6548,0.6492,0.65304,41525
2020-05-11,0.65308,0.65612,0.64566,0.64882,49039
2020-05-12,0.64888,0.65361,0.64321,0.64715,56106
2020-05-13,0.64703,0.65241,0.64383,0.64565,73651
2020-05-14,0.64536,0.64683,0.64035,0.64613,65333
2020-05-15,0.64608,0.64736,0.64021,0.64149,52353
2020-05-18,0.6419,0.65273,0.64102,0.65236,46994
2020-05-19,0.65236,0.65849,0.65099,0.65366,54985
2020-05-20,0.6536,0.66163,0.65254,0.65991,47294
2020-05-21,0.65963,0.65985,0.65489,0.65651,55618
2020-05-22,0.65634,0.65724,0.65059,0.65348,47334
2020-05-25,0.65298,0.65502,0.65198,0.65451,33175
2020-05-26,0.65435,0.66751,0.65368,0.66559,51359
2020-05-27,0.66514,0.668,0.65673,0.66235,68440
2020-05-28,0.6621,0.66674,0.65882,0.66365,70413
2020-05-29,0.66356,0.66833,0.66094,0.66664,75743
2020-06-01,0.66574,0.68032,0.66479,0.67976,67698
2020-06-02,0.67974,0.68986,0.67749,0.6897,67886
2020-06-03,0.6896,0.69832,0.68566,0.69227,82162
2020-06-04,0.69198,0.69876,0.68822,0.69428,80047
2020-06-05,0.69423,0.7013,0.69307,0.69674,77128
2020-06-08,0.69628,0.70295,0.69617,0.70199,55037
2020-06-09,0.70204,0.70426,0.68983,0.69601,69539
2020-06-10,0.69602,0.70641,0.69326,0.69982,80133
2020-06-11,0.69974,0.7004,0.68394,0.68544,128102
2020-06-12,0.68543,0.69117,0.67996,0.68675,139479
2020-06-15,0.68393,0.6925,0.67765,0.69191,137108
2020-06-16,0.69189,0.69766,0.68337,0.68888,123149
2020-06-17,0.68878,0.69226,0.68523,0.68832,100388
2020-06-18,0.68764,0.69024,0.68359,0.68522,96648
2020-06-19,0.68516,0.69115,0.68294,0.68344,89286
2020-06-22,0.68106,0.69225,0.68099,0.69091,76733
2020-06-23,0.69076,0.69747,0.68579,0.69297,85697
2020-06-24,0.69296,0.69619,0.68627,0.68685,85987
2020-06-25,0.68682,0.68927,0.68473,0.6887,85944
2020-06-26,0.68866,0.68954,0.68406,0.68629,73999
2020-06-29,0.68572,0.68908,0.68417,0.68664,70442
2020-06-30,0.6862,0.69122,0.68328,0.69027,68132
2020-07-01,0.69026,0.69435,0.68772,0.69146,67081
2020-07-02,0.69148,0.69522,0.69016,0.69262,67868
2020-07-03,0.69222,0.69477,0.69138,0.69359,46737
2020-07-06,0.69296,0.69876,0.69286,0.69736,52017
2020-07-07,0.69684,0.69977,0.69221,0.6946,68281
2020-07-08,0.69462,0.69863,0.69273,0.69806,63688
2020-07-09,0.69808,0.70011,0.695,0.69631,73160
2020-07-10,0.69638,0.69693,0.69237,0.69485,62652
2020-07-13,0.6952,0.6993,0.69389,0.69394,58702
2020-07-14,0.69397,0.69776,0.69212,0.69767,80621
2020-07-15,0.69749,0.70377,0.69692,0.70072,66202
2020-07-16,0.70006,0.70126,0.69631,0.69721,68615
2020-07-17,0.69693,0.7005,0.6966,0.69934,46023
2020-07-20,0.69834,0.70175,0.69728,0.70174,54177
2020-07-21,0.70164,0.7147,0.70107,0.71291,75799
2020-07-22,0.71275,0.71829,0.71118,0.71406,92608
2020-07-23,0.71394,0.7162,0.70906,0.70987,95860
2020-07-24,0.70978,0.71253,0.70637,0.71055,89011
2020-07-27,0.70851,0.71499,0.70812,0.71497,78603
2020-07-28,0.7149,0.7177,0.71128,0.71591,84009
2020-07-29,0.7154,0.7197,0.7149,0.7187,75780
2020-07-30,0.71822,0.71976,0.71207,0.71953,81767
2020-07-31,0.71944,0.72272,0.71334,0.71422,96037
2020-08-03,0.71291,0.71498,0.70764,0.71233,72799
2020-08-04,0.71234,0.71672,0.7106,0.7161,76481
2020-08-05,0.716,0.72412,0.71411,0.71912,71919
2020-08-06,0.71914,0.72395,0.71743,0.72353,86248
2020-08-07,0.72351,0.72432,0.71446,0.71591,83728
2020-08-10,0.71598,0.71842,0.71402,0.71487,56408
2020-08-11,0.71489,0.71897,0.7135,0.71433,78653
2020-08-12,0.7143,0.71758,0.71092,0.71619,82104
2020-08-13,0.71623,0.71879,0.71358,0.7147,66605
2020-08-14,0.7148,0.71752,0.7132,0.71709,54662
2020-08-17,0.71658,0.72274,0.71628,0.72152,48281
2020-08-18,0.72138,0.72647,0.72089,0.72428,61439
2020-08-19,0.72425,0.72756,0.71793,0.7181,71704
2020-08-20,0.71804,0.72025,0.71358,0.71922,72831
2020-08-21,0.71922,0.72159,0.71395,0.71596,70711
2020-08-24,0.7166,0.7204,0.7147,0.71612,56652
2020-08-25,0.71628,0.71978,0.71504,0.71939,58107
2020-08-26,0.71944,0.72397,0.71874,0.72341,54020
2020-08-27,0.72329,0.72905,0.72168,0.72591,90961
2020-08-28,0.72586,0.73667,0.7254,0.73665,82228
2020-08-31,0.73622,0.74033,0.73401,0.73756,67634
2020-09-01,0.73757,0.74136,0.73595,0.73724,90988
2020-09-02,0.73718,0.73816,0.73013,0.73372,75813
2020-09-03,0.73381,0.73394,0.72652,0.72734,93066
2020-09-04,0.7273,0.72987,0.72221,0.72827,98788
2020-09-07,0.7283,0.72981,0.72702,0.72757,53380
2020-09-08,0.72751,0.73091,0.72107,0.72135,90203
2020-09-09,0.72134,0.72878,0.71922,0.7283,76169
2020-09-10,0.72828,0.73246,0.72477,0.72578,84925
2020-09-11,0.72579,0.73061,0.72516,0.72827,63803
2020-09-14,0.72838,0.73036,0.72644,0.72889,49241
2020-09-15,0.72881,0.73426,0.72669,0.73018,58588
2020-09-16,0.73015,0.73452,0.72784,0.73054,78264
2020-09-17,0.73053,0.73153,0.72542,0.73116,92430
2020-09-18,0.73119,0.73341,0.72827,0.72915,70151
2020-09-21,0.72871,0.73241,0.71991,0.72237,79338
2020-09-22,0.72233,0.72353,0.71544,0.71696,82075
2020-09-23,0.71686,0.71773,0.70685,0.70723,88454
2020-09-24,0.70713,0.7081,0.70161,0.70452,91345
2020-09-25,0.70428,0.70868,0.70058,0.70245,75475
2020-09-28,0.70285,0.70744,0.70248,0.70724,65546
2020-09-29,0.70704,0.71381,0.7069,0.71327,67520
2020-09-30,0.7128,0.71753,0.71002,0.71649,78187
2020-10-01,0.71602,0.72091,0.71541,0.71823,92597
2020-10-02,0.71828,0.71881,0.71309,0.71631,106026
2020-10-05,0.7166,0.71932,0.71556,0.71812,59335
2020-10-06,0.71778,0.72086,0.71001,0.71006,80076
2020-10-07,0.71012,0.71517,0.70966,0.71401,67866
2020-10-08,0.71348,0.71701,0.71231,0.71675,61415
2020-10-09,0.71643,0.72424,0.71607,0.72397,59361
2020-10-12,0.72194,0.72348,0.72033,0.72089,53409
2020-10-13,0.72078,0.72105,0.71502,0.71605,73874
2020-10-14,0.71595,0.71908,0.71523,0.71625,64827
2020-10-15,0.71616,0.71685,0.70561,0.70936,81376
2020-10-16,0.70908,0.7098,0.70706,0.70779,60295
2020-10-19,0.7076,0.71147,0.70584,0.70687,58928
2020-10-20,0.7062,0.70725,0.70208,0.70479,58371
2020-10-21,0.70475,0.7137,0.70435,0.71177,72115
2020-10-22,0.71165,0.71252,0.7085,0.71171,62746
2020-10-23,0.71172,0.71581,0.71011,0.71365,52171
2020-10-26,0.713,0.71465,0.71029,0.71233,63228
2020-10-27,0.7123,0.7147,0.7112,0.71289,51272
2020-10-28,0.71285,0.71572,0.70381,0.70439,75626
2020-10-29,0.70433,0.7076,0.70025,0.70274,78771
2020-10-30,0.70279,0.70722,0.70114,0.70269,78765
2020-11-02,0.70213,0.70578,0.69912,0.70573,72192
2020-11-03,0.70548,0.71747,0.70279,0.71644,60735
2020-11-04,0.71622,0.72218,0.70483,0.71773,158901
2020-11-05,0.7173,0.72893,0.71449,0.72833,103785
2020-11-06,0.7282,0.72875,0.72389,0.72609,94130
2020-11-09,0.72729,0.73399,0.72667,0.72796,118354
2020-11-10,0.72804,0.72944,0.72527,0.72864,102934
2020-11-11,0.72844,0.73182,0.72601,0.72797,68536
2020-11-12,0.728,0.7294,0.72235,0.72332,64825
2020-11-13,0.72303,0.72733,0.72215,0.72689,49687
2020-11-16,0.72656,0.73266,0.72635,0.73211,59561
2020-11-17,0.732,0.73397,0.7289,0.73002,54146
2020-11-18,0.72983,0.73308,0.72718,0.73072,62766
2020-11-19,0.73039,0.73056,0.72546,0.72843,63548
2020-11-20,0.7283,0.7324,0.72662,0.73046,61357
2020-11-23,0.73,0.73375,0.72654,0.72865,54455
2020-11-24,0.72862,0.73676,0.7283,0.73608,59431
2020-11-25,0.73604,0.73735,0.73251,0.73661,59578
2020-11-26,0.73569,0.73745,0.73536,0.73594,32045
2020-11-27,0.73557,0.7399,0.73523,0.73773,44150
2020-11-30,0.7383,0.74074,0.73392,0.73441,62147
2020-12-01,0.73427,0.73735,0.73397,0.73724,57649
2020-12-02,0.73723,0.74198,0.73514,0.74159,59717
2020-12-03,0.74164,0.74496,0.7398,0.74417,53160
2020-12-04,0.74359,0.74438,0.74101,0.74261,64152
2020-12-07,0.74299,0.74536,0.73725,0.74191,58563
2020-12-08,0.74194,0.74352,0.73993,0.74087,56648
2020-12-09,0.7409,0.7485,0.74046,0.74425,58443
2020-12-10,0.74435,0.754,0.74249,0.75351,70046
2020-12-11,0.7534,0.75718,0.75202,0.75321,58898
2020-12-14,0.75487,0.75781,0.75244,0.75327,55605
2020-12-15,0.75327,0.75716,0.75073,0.75573,53432
2020-12-16,0.75576,0.75787,0.75389,0.7577,57993
2020-12-17,0.75763,0.76397,0.75671,0.76264,50618
2020-12-18,0.76218,0.76277,0.75828,0.7622,54785
2020-12-21,0.75848,0.76065,0.74622,0.75865,101115
2020-12-22,0.75809,0.7591,0.7517,0.75224,72617
2020-12-23,0.75222,0.75916,0.75167,0.75778,67968
2020-12-24,0.75727,0.76067,0.75657,0.75937,43500
2020-12-28,0.75998,0.76225,0.75571,0.75813,50146
2020-12-29,0.75792,0.76248,0.75748,0.76071,48384
2020-12-30,0.76073,0.76863,0.76007,0.76858,49912
2020-12-31,0.76853,0.77423,0.76766,0.76996,47935
2021-01-04,0.76998,0.77406,0.76425,0.76665,87906
2021-01-05,0.76631,0.77776,0.76607,0.77607,90952
2021-01-06,0.77589,0.78202,0.77331,0.78062,127224
2021-01-07,0.78005,0.78173,0.77256,0.77663,91190
2021-01-08,0.77671,0.77988,0.77284,0.77647,115152
2021-01-11,0.77512,0.77598,0.76662,0.76954,98024
2021-01-12,0.76962,0.77774,0.76869,0.77739,86256
2021-01-13,0.77719,0.77814,0.77217,0.77335,78382
2021-01-14,0.77331,0.78054,0.77285,0.77788,76662
2021-01-15,0.7778,0.77887,0.76816,0.77025,82541
2021-01-18,0.77068,0.77106,0.76589,0.76788,66733
2021-01-19,0.76786,0.77252,0.76712,0.76968,70130
2021-01-20,0.76948,0.77608,0.76908,0.77463,71745
2021-01-21,0.77456,0.77822,0.77386,0.77648,71458
2021-01-22,0.7762,0.77697,0.7702,0.77143,72774
2021-01-25,0.77143,0.77473,0.76828,0.77129,85930
2021-01-26,0.77132,0.77543,0.7669,0.77476,66947
2021-01-27,0.7738,0.77637,0.76436,0.76632,109825
2021-01-28,0.7661,0.76978,0.7592,0.76769,117932
2021-01-29,0.76784,0.77039,0.76314,0.76424,128217
2021-02-01,0.76189,0.76626,0.76058,0.76205,104719
2021-02-02,0.76195,0.76618,0.75638,0.76082,84019
2021-02-03,0.76066,0.76265,0.76016,0.76205,71325
2021-02-04,0.76179,0.76477,0.75882,0.75999,67096
2021-02-05,0.75995,0.76787,0.75829,0.76775,63978
2021-02-08,0.76651,0.77149,0.76512,0.77042,51945
2021-02-09,0.76968,0.77404,0.76958,0.7738,56108
2021-02-10,0.77385,0.7756,0.77173,0.77217,68265
2021-02-11,0.77217,0.77716,0.77128,0.77534,54718
2021-02-12,0.77506,0.77646,0.77181,0.77602,46159
2021-02-15,0.77647,0.77887,0.77581,0.77793,33123
2021-02-16,0.77789,0.78053,0.77446,0.77525,64065
2021-02-17,0.7756,0.77719,0.77243,0.77506,77826
2021-02-18,0.775,0.77896,0.77311,0.77695,80779
2021-02-19,0.77671,0.78772,0.77575,0.78678,83083
2021-02-22,0.78698,0.79293,0.78553,0.79162,85258
2021-02-23,0.79145,0.79346,0.78803,0.79117,91724
2021-02-24,0.7911,0.79731,0.78952,0.79672,104088
2021-02-25,0.79672,0.80072,0.78586,0.78724,131028
2021-02-26,0.78716,0.78834,0.76922,0.77066,148756
2021-03-01,0.77098,0.77868,0.77073,0.77728,99315
2021-03-02,0.77715,0.78375,0.77358,0.78194,109790
2021-03-03,0.78184,0.78381,0.77705,0.77741,102179
2021-03-04,0.77745,0.7815,0.77087,0.77207,138711
2021-03-05,0.7722,0.77289,0.76218,0.76798,134129
2021-03-08,0.76888,0.77225,0.76361,0.76481,124584
2021-03-09,0.76478,0.77259,0.76214,0.77213,99470
2021-03-10,0.77086,0.77456,0.76686,0.77356,96175
2021-03-11,0.77343,0.77937,0.77232,0.77889,82314
2021-03-12,0.77878,0.78007,0.77242,0.7757,89883
2021-03-15,0.775,0.77755,0.77058,0.77553,81790
2021-03-16,0.77547,0.77574,0.77107,0.77447,71464
2021-03-17,0.77456,0.78104,0.76992,0.77944,83458
2021-03-18,0.77957,0.78491,0.77492,0.77617,109769
2021-03-19,0.77586,0.77723,0.77175,0.77425,94445
2021-03-22,0.77053,0.77565,0.77017,0.77456,70320
2021-03-23,0.77454,0.77474,0.76172,0.76257,82988
2021-03-24,0.7624,0.76342,0.75793,0.75806,79609
2021-03-25,0.75793,0.76141,0.75631,0.75787,86776
2021-03-26,0.75792,0.7643,0.75754,0.76429,66190
2021-03-29,0.76318,0.76557,0.7615,0.76314,72234
2021-03-30,0.76308,0.76641,0.75849,0.75959,72096
2021-03-31,0.75962,0.76365,0.75858,0.75952,65989
2021-04-01,0.75957,0.76198,0.75317,0.76172,72792
2021-04-02,0.76165,0.76374,0.75919,0.76042,19317
2021-04-05,0.76022,0.76604,0.75984,0.76527,45313
2021-04-06,0.76466,0.76683,0.76058,0.76644,62184
2021-04-07,0.76588,0.76771,0.76006,0.76117,70952
2021-04-08,0.76117,0.76603,0.76027,0.76533,59459
2021-04-09,0.76505,0.7661,0.75881,0.76185,63716
2021-04-12,0.76172,0.76356,0.75947,0.76238,57440
2021-04-13,0.76228,0.76484,0.75849,0.76438,68188
2021-04-14,0.76355,0.77379,0.76337,0.77229,65805
2021-04-15,0.7724,0.7761,0.77055,0.77489,68327
2021-04-16,0.7752,0.77591,0.7724,0.77356,56922
2021-04-19,0.77267,0.77846,0.7706,0.77577,54264
2021-04-20,0.7757,0.78158,0.77091,0.77245,51625
2021-04-21,0.77241,0.77623,0.76995,0.77523,46958
2021-04-22,0.77491,0.77646,0.76905,0.7707,54419
2021-04-23,0.77032,0.77603,0.76933,0.7749,45113
2021-04-26,0.77393,0.78151,0.77387,0.77988,45275
2021-04-27,0.77932,0.78037,0.77615,0.77669,42550
2021-04-28,0.77617,0.78011,0.77252,0.77936,49987
2021-04-29,0.77872,0.78179,0.77504,0.77653,50488
2021-04-30,0.77647,0.77841,0.76961,0.77115,50312
2021-05-03,0.77198,0.77666,0.77061,0.77621,39577
2021-05-04,0.77564,0.77636,0.7675,0.77095,53115
2021-05-05,0.77003,0.77548,0.76997,0.77473,43184
2021-05-06,0.77448,0.77878,0.77011,0.77853,51252
2021-05-07,0.77765,0.78623,0.77609,0.78441,49371
2021-05-10,0.78572,0.78908,0.78271,0.78273,47669
2021-05-11,0.78288,0.78566,0.78202,0.78406,58975
2021-05-12,0.78411,0.78438,0.77193,0.77246,64545
2021-05-13,0.7721,0.77461,0.76882,0.77272,65574
2021-05-14,0.77267,0.77873,0.77139,0.77817,50453
2021-05-17,0.77683,0.77835,0.77306,0.77677,51033
2021-05-18,0.77629,0.78135,0.7755,0.7789,46658
2021-05-19,0.77886,0.77974,0.7711,0.77259,71277
2021-05-20,0.77252,0.77814,0.77165,0.77746,51136
2021-05-21,0.7771,0.77826,0.77189,0.77307,49205
2021-05-24,0.77281,0.77577,0.77061,0.77527,38028
2021-05-25,0.77518,0.77763,0.7733,0.77537,47434
2021-05-26,0.77462,0.7796,0.77311,0.77413,46001
2021-05-27,0.77393,0.77576,0.77232,0.77444,47014
2021-05-28,0.77413,0.77473,0.76775,0.7709,44985
2021-05-31,0.77064,0.77413,0.77006,0.7731,26618
2021-06-01,0.77292,0.77693,0.77276,0.77509,42712
2021-06-02,0.77502,0.77731,0.77155,0.7751,37481
2021-06-03,0.7751,0.77537,0.76453,0.76604,41471
2021-06-04,0.76474,0.77453,0.76474,0.77414,41125
2021-06-07,0.77316,0.77657,0.77268,0.7756,31657
2021-06-08,0.77549,0.77635,0.77318,0.77374,33228
2021-06-09,0.77388,0.77622,0.77243,0.77317,29837
2021-06-10,0.77305,0.77636,0.77172,0.77526,44187
2021-06-11,0.77515,0.77757,0.76883,0.77027,36407
2021-06-14,0.77049,0.7726,0.76938,0.77118,32301
2021-06-15,0.77114,0.77167,0.76743,0.76865,37038
2021-06-16,0.76866,0.77157,0.76067,0.7609,50755
2021-06-17,0.76058,0.76458,0.75398,0.7551,65242
2021-06-18,0.75476,0.75612,0.74789,0.7479,68177
2021-06-21,0.74807,0.75462,0.74778,0.75402,61060
2021-06-22,0.75293,0.75643,0.74939,0.75511,48971
2021-06-23,0.75512,0.7599,0.75379,0.75762,51732
2021-06-24,0.75747,0.75917,0.75655,0.75824,47507
2021-06-25,0.75807,0.76167,0.75792,0.75878,47187
2021-06-28,0.7574,0.76017,0.75548,0.75663,46557
2021-06-29,0.75652,0.75708,0.75076,0.75106,45210
2021-06-30,0.75086,0.75272,0.74921,0.74997,46272
2021-07-01,0.74986,0.75079,0.74604,0.74707,44703
2021-07-02,0.747,0.75331,0.74446,0.7525,45017
2021-07-05,0.75228,0.75373,0.75089,0.75269,31707
2021-07-06,0.75267,0.75989,0.74807,0.74935,53812
2021-07-07,0.74923,0.75339,0.74627,0.7482,49756
2021-07-08,0.74827,0.74887,0.74165,0.74317,68862
2021-07-09,0.74237,0.7494,0.74096,0.74882,48938
2021-07-12,0.7478,0.7496,0.74484,0.74806,43093
2021-07-13,0.74697,0.75029,0.74264,0.74442,47006
2021-07-14,0.7444,0.7486,0.74312,0.74819,53138
2021-07-15,0.74753,0.74874,0.74106,0.74229,51222
2021-07-16,0.74174,0.74429,0.73922,0.73971,46403
2021-07-19,0.7399,0.74021,0.73217,0.73443,67052
2021-07-20,0.73406,0.73571,0.72997,0.73276,58158
2021-07-21,0.73292,0.73627,0.72894,0.73572,45732
2021-07-22,0.73554,0.73974,0.73422,0.73794,46608
2021-07-23,0.73747,0.73983,0.73571,0.73623,40422
2021-07-26,0.73628,0.73907,0.73308,0.73807,51244
2021-07-27,0.73783,0.73887,0.73371,0.73587,54293
2021-07-28,0.7358,0.73816,0.73171,0.73737,57487
2021-07-29,0.73753,0.74136,0.73595,0.73956,44028
2021-07-30,0.73905,0.74047,0.73311,0.73436,54421
2021-08-02,0.73336,0.73822,0.73292,0.73639,42080
2021-08-03,0.73568,0.74083,0.73568,0.73941,46538
2021-08-04,0.73951,0.74267,0.73702,0.73788,37512
2021-08-05,0.73773,0.74159,0.73739,0.74035,34516
2021-08-06,0.73992,0.74065,0.73466,0.73538,35493
2021-08-09,0.7351,0.73638,0.73281,0.7329,36555
2021-08-10,0.73289,0.7356,0.73159,0.73482,31122
2021-08-11,0.73452,0.73893,0.73232,0.73721,33891
2021-08-12,0.737,0.73766,0.73318,0.73368,27523
2021-08-13,0.73297,0.73813,0.73297,0.737,26196
2021-08-16,0.73616,0.7373,0.73193,0.7336,31090
2021-08-17,0.7331,0.73412,0.72427,0.72549,43288
2021-08-18,0.72496,0.72698,0.72287,0.72357,42560
2021-08-19,0.7229,0.72428,0.71423,0.71474,56906
2021-08-20,0.71448,0.71566,0.71062,0.71377,44214
2021-08-23,0.71214,0.72177,0.71176,0.72125,38072
2021-08-24,0.72037,0.72706,0.72006,0.72582,36803
2021-08-25,0.72561,0.72803,0.72372,0.72748,36911
2021-08-26,0.72764,0.72796,0.72342,0.72381,42333
2021-08-27,0.72347,0.73167,0.7222,0.73105,43099
2021-08-30,0.73035,0.73184,0.72846,0.72962,30917
2021-08-31,0.72938,0.73414,0.72883,0.73143,44510
2021-09-01,0.73108,0.73839,0.7308,0.73668,39760
2021-09-02,0.73634,0.74096,0.73559,0.74018,36627
2021-09-03,0.73984,0.74778,0.73953,0.74486,44432
2021-09-06,0.74514,0.74556,0.74265,0.74393,34278
2021-09-07,0.74356,0.74683,0.73747,0.73884,44227
2021-09-08,0.738,0.7404,0.73451,0.73661,48036
2021-09-09,0.73618,0.73944,0.7347,0.73683,49863
2021-09-10,0.73654,0.74097,0.73487,0.73524,40283
2021-09-13,0.73525,0.73757,0.73364,0.73712,44107
2021-09-14,0.73657,0.73733,0.73133,0.73201,51208
2021-09-15,0.73184,0.7339,0.73013,0.73335,43574
2021-09-16,0.73288,0.7347,0.72741,0.72928,44038
2021-09-17,0.72897,0.73217,0.72623,0.72649,43021
2021-09-20,0.72627,0.72684,0.72201,0.72517,57598
2021-09-21,0.72513,0.7283,0.72217,0.72329,54477
2021-09-22,0.72308,0.72964,0.72214,0.724,57203
2021-09-23,0.72395,0.73155,0.72229,0.72949,47977
2021-09-24,0.7291,0.73166,0.7236,0.72539,44190
2021-09-27,0.72494,0.72938,0.7248,0.72869,47562
2021-09-28,0.72833,0.7311,0.72256,0.72399,68028
2021-09-29,0.72343,0.72642,0.71704,0.71749,58707
2021-09-30,0.71741,0.72575,0.71701,0.72271,67206
2021-10-01,0.72195,0.72765,0.71921,0.72612,68242
2021-10-04,0.72581,0.73041,0.72513,0.72882,63017
2021-10-05,0.72833,0.7301,0.7249,0.72897,48693
2021-10-06,0.72843,0.72932,0.72261,0.72711,67824
2021-10-07,0.72698,0.73244,0.7268,0.73115,51868
2021-10-08,0.7308,0.7338,0.72883,0.73098,60251
2021-10-11,0.73054,0.7373,0.72921,0.73471,51918
2021-10-12,0.73484,0.73846,0.73322,0.73509,57453
2021-10-13,0.73463,0.7382,0.73236,0.738,56024
2021-10-14,0.7376,0.74268,0.73722,0.7417,43014
2021-10-15,0.74149,0.74399,0.74034,0.74182,42302
2021-10-18,0.74144,0.74375,0.73786,0.7412,45709
2021-10-19,0.7411,0.74856,0.74078,0.7472,47817
2021-10-20,0.74697,0.75228,0.74652,0.75144,43542
2021-10-21,0.75143,0.75464,0.74585,0.74667,51641
2021-10-22,0.74663,0.75122,0.74539,0.74665,57112
2021-10-25,0.74646,0.75052,0.74615,0.74918,46465
2021-10-26,0.74873,0.75255,0.74844,0.75002,43866
2021-10-27,0.74983,0.75361,0.74873,0.75181,53969
2021-10-28,0.75133,0.75557,0.74798,0.75439,57955
2021-10-29,0.75418,0.75554,0.75003,0.75227,58516
2021-11-01,0.7508,0.75362,0.74861,0.75221,46159
2021-11-02,0.7517,0.75316,0.74204,0.74298,45176
2021-11-03,0.74285,0.74585,0.74123,0.74476,52436
2021-11-04,0.74469,0.74706,0.7383,0.73996,47400
2021-11-05,0.73973,0.74122,0.73598,0.74011,51247
2021-11-08,0.73911,0.74312,0.73843,0.74237,36815
2021-11-09,0.74216,0.74317,0.73609,0.73789,49579
2021-11-10,0.73773,0.73935,0.73241,0.73257,59740
2021-11-11,0.73263,0.73412,0.72873,0.72907,43249
2021-11-12,0.72893,0.73352,0.72766,0.73309,37476
2021-11-15,0.73221,0.73707,0.73221,0.7343,39000
2021-11-16,0.73439,0.7368,0.72923,0.7302,44270
2021-11-17,0.73025,0.73052,0.72588,0.72648,43264
2021-11-18,0.72643,0.72931,0.72498,0.72762,41012
2021-11-19,0.72738,0.72914,0.72269,0.72345,54839
2021-11-22,0.72347,0.72735,0.7221,0.72243,47608
2021-11-23,0.72243,0.72364,0.72069,0.72264,54507
2021-11-24,0.72259,0.72276,0.7184,0.71951,50113
2021-11-25,0.71946,0.72093,0.718,0.71881,31064
2021-11-26,0.71877,0.719,0.71125,0.71204,71225
2021-11-29,0.71361,0.71596,0.71137,0.71429,53413
2021-11-30,0.71424,0.71705,0.70632,0.71285,82223
2021-12-01,0.71254,0.71731,0.70947,0.7105,69990
2021-12-02,0.71046,0.71197,0.70855,0.70933,47830
2021-12-03,0.70939,0.70956,0.6993,0.69967,70210
2021-12-06,0.69975,0.70546,0.69974,0.70519,47775
2021-12-07,0.70498,0.71228,0.70396,0.71195,42345
2021-12-08,0.71191,0.71838,0.71152,0.71715,51780
2021-12-09,0.71683,0.71868,0.71356,0.71467,44152
2021-12-10,0.7146,0.71824,0.71321,0.71717,40029
2021-12-13,0.71593,0.71763,0.71106,0.71341,34827
2021-12-14,0.71286,0.71355,0.70901,0.71048,39084
2021-12-15,0.71019,0.71776,0.7092,0.71735,50081
2021-12-16,0.7165,0.72237,0.71456,0.71842,56426
2021-12-17,0.71834,0.71839,0.71225,0.71255,50130
2021-12-20,0.71278,0.71308,0.70823,0.71098,51556
2021-12-21,0.71088,0.71561,0.70987,0.71539,35701
2021-12-22,0.71541,0.72203,0.71207,0.7213,34196
2021-12-23,0.72118,0.72516,0.7196,0.72428,29621
2021-12-24,0.72427,0.72442,0.72177,0.72199,22732
2021-12-27,0.72265,0.72448,0.72056,0.72398,26762
2021-12-28,0.72391,0.72636,0.72188,0.72273,27959
2021-12-29,0.72273,0.72725,0.72129,0.72483,28251
2021-12-30,0.72478,0.72758,0.7242,0.72501,27081
2021-12-31,0.72483,0.72776,0.72435,0.7275,26998
2022-01-03,0.72718,0.7277,0.71842,0.71908,31904
2022-01-04,0.7183,0.72489,0.7183,0.72396,33364
2022-01-05,0.72338,0.72724,0.72156,0.72216,39568
2022-01-06,0.72205,0.72227,0.71458,0.71627,48112
2022-01-07,0.71604,0.71877,0.71298,0.7181,37709
2022-01-10,0.71708,0.72025,0.7149,0.71745,42277
2022-01-11,0.71699,0.72134,0.71549,0.72097,47534
2022-01-12,0.72097,0.72927,0.72004,0.72838,41663
2022-01-13,0.72844,0.73142,0.72736,0.72805,43458
2022-01-14,0.72798,0.72937,0.71984,0.72168,49678
2022-01-17,0.72119,0.72294,0.71958,0.72108,32784
2022-01-18,0.72084,0.7228,0.717,0.71847,56165
2022-01-19,0.71838,0.72381,0.71772,0.7211,50772
2022-01-20,0.72096,0.72767,0.72073,0.7227,52411
2022-01-21,0.72259,0.72287,0.71716,0.71728,67308
2022-01-24,0.71706,0.71876,0.70907,0.71441,76149
2022-01-25,0.71355,0.71765,0.71214,0.71516,70826
2022-01-26,0.71489,0.71812,0.70956,0.71163,69914
2022-01-27,0.71128,0.71214,0.70239,0.70345,79361
2022-01-28,0.70244,0.7046,0.69674,0.69925,75293
2022-01-31,0.69899,0.70768,0.69868,0.70682,54806
2022-02-01,0.70663,0.71305,0.70334,0.71284,54039
2022-02-02,0.71282,0.71589,0.71182,0.71359,47031
2022-02-03,0.71357,0.71683,0.71097,0.71387,62324
2022-02-04,0.71361,0.71516,0.70518,0.70735,60450
2022-02-07,0.7076,0.71304,0.70652,0.71259,50488
2022-02-08,0.7125,0.71469,0.71067,0.71463,42873
2022-02-09,0.7144,0.71946,0.71417,0.71797,36777
2022-02-10,0.71787,0.72488,0.71472,0.71678,63142
2022-02-11,0.71617,0.71852,0.71088,0.71274,76455
2022-02-14,0.71281,0.71504,0.70862,0.71275,74416
2022-02-15,0.71256,0.71566,0.71018,0.71512,51859
2022-02-16,0.71493,0.72051,0.71435,0.71942,52927
2022-02-17,0.71917,0.72175,0.71496,0.71874,67659
2022-02-18,0.71831,0.72278,0.7165,0.7174,59870
2022-02-21,0.71686,0.72227,0.71673,0.7189,49396
2022-02-22,0.71852,0.72335,0.71719,0.72188,73419
2022-02-23,0.7217,0.72839,0.7217,0.72326,57771
2022-02-24,0.72312,0.72341,0.70948,0.71624,121170
2022-02-25,0.71631,0.72378,0.7141,0.7227,83346
2022-02-28,0.71589,0.72656,0.71587,0.72631,87725
2022-03-01,0.72602,0.72898,0.72385,0.72539,73916
2022-03-02,0.72494,0.73066,0.72435,0.72967,75785
2022-03-03,0.72952,0.73477,0.72762,0.73277,65031
2022-03-04,0.73287,0.73807,0.73006,0.73747,75801
2022-03-07,0.73714,0.74413,0.73116,0.73151,96994
2022-03-08,0.7316,0.73481,0.72454,0.72697,92707
2022-03-09,0.72637,0.73373,0.72628,0.73225,63379
2022-03-10,0.73168,0.73677,0.72876,0.73577,62960
2022-03-11,0.73585,0.73672,0.72822,0.72909,60351
2022-03-14,0.72861,0.72987,0.71863,0.71864,56651
2022-03-15,0.71868,0.72274,0.71652,0.71954,58100
2022-03-16,0.71958,0.7297,0.71806,0.72916,63991
2022-03-17,0.72893,0.73932,0.72824,0.7375,58403
2022-03-18,0.73748,0.74178,0.73607,0.74135,47654
2022-03-21,0.74076,0.74248,0.73738,0.73999,50969
2022-03-22,0.73956,0.74714,0.73756,0.7469,46058
2022-03-23,0.74647,0.75072,0.74502,0.74994,47130
2022-03-24,0.74973,0.75278,0.74664,0.75126,51972
2022-03-25,0.75107,0.75369,0.74949,0.75129,51931
2022-03-28,0.75019,0.754,0.74666,0.74913,59590
2022-03-29,0.74888,0.75189,0.7456,0.75074,61321
2022-03-30,0.75078,0.75367,0.7501,0.75099,53097
2022-03-31,0.75077,0.75257,0.74705,0.74836,56676
2022-04-01,0.74811,0.75246,0.74725,0.74979,51098
2022-04-04,0.74874,0.75564,0.74829,0.75435,42302
2022-04-05,0.75408,0.7661,0.75359,0.75774,49805
2022-04-06,0.75767,0.75932,0.74863,0.75099,56287
2022-04-07,0.75037,0.7519,0.74668,0.74789,51000
2022-04-08,0.74783,0.74927,0.74263,0.746,45781
2022-04-11,0.74546,0.74657,0.74142,0.7419,46173
2022-04-12,0.74127,0.74935,0.73996,0.74535,54073
2022-04-13,0.74536,0.74748,0.73917,0.74537,54780
2022-04-14,0.74425,0.74685,0.73974,0.74169,49723
2022-04-15,0.74174,0.74175,0.73892,0.73892,15288
2022-04-18,0.73892,0.74038,0.73427,0.735,34044
2022-04-19,0.73437,0.74,0.73418,0.73762,46993
2022-04-20,0.73668,0.74576,0.73666,0.74509,58322
2022-04-21,0.74446,0.74581,0.73649,0.73705,50639
2022-04-22,0.7375,0.73756,0.72347,0.72435,58284
2022-04-25,0.72476,0.72496,0.7135,0.71804,77881
2022-04-26,0.71765,0.72288,0.71189,0.71234,66739
2022-04-27,0.71225,0.71907,0.71013,0.71262,81251
2022-04-28,0.71207,0.71621,0.70549,0.70979,75349
2022-04-29,0.70926,0.71799,0.70593,0.706,67483
2022-05-02,0.7069,0.70821,0.70301,0.70516,68773
2022-05-03,0.70452,0.71475,0.70446,0.70946,69452
2022-05-04,0.70962,0.72655,0.70887,0.72562,70266
2022-05-05,0.72574,0.72662,0.70773,0.71127,94128
2022-05-06,0.71114,0.71353,0.70588,0.7073,107776
2022-05-09,0.70649,0.70705,0.6945,0.69483,96527
2022-05-10,0.69525,0.69864,0.69109,0.69393,113942
2022-05-11,0.69364,0.70536,0.69277,0.69359,100289
2022-05-12,0.69368,0.69532,0.68288,0.68542,114746
2022-05-13,0.68557,0.69409,0.68532,0.69383,70260
2022-05-16,0.69276,0.69825,0.68724,0.69696,77561
2022-05-17,0.69702,0.70407,0.6967,0.70302,74513
2022-05-18,0.70254,0.70465,0.69496,0.69527,78513
2022-05-19,0.6955,0.70727,0.69512,0.70472,110134
2022-05-20,0.7051,0.70736,0.70022,0.70413,84298
2022-05-23,0.70485,0.7127,0.7034,0.71073,74547
2022-05-24,0.71063,0.7113,0.7057,0.71063,81062
2022-05-25,0.71038,0.71191,0.70356,0.70874,83294
2022-05-26,0.7084,0.71097,0.70571,0.70981,68189
2022-05-27,0.70961,0.71668,0.70895,0.71594,63661
2022-05-30,0.71574,0.71998,0.71512,0.71968,49463
2022-05-31,0.71954,0.72037,0.71497,0.71771,81061
2022-06-01,0.7173,0.72305,0.71556,0.71745,77965
2022-06-02,0.71761,0.72696,0.71407,0.72648,67769
2022-06-03,0.72645,0.7283,0.72019,0.72073,68926
2022-06-06,0.7213,0.72316,0.71869,0.71933,64161
2022-06-07,0.71915,0.72468,0.71571,0.72308,79377
2022-06-08,0.72305,0.72351,0.71757,0.71901,76465
2022-06-09,0.71888,0.71975,0.70935,0.70966,85546
2022-06-10,0.70958,0.71381,0.70375,0.70427,91930
2022-06-13,0.70377,0.7048,0.69116,0.69262,106074
2022-06-14,0.69217,0.69704,0.68508,0.68726,110135
2022-06-15,0.68704,0.70245,0.68641,0.70033,114639
2022-06-16,0.70024,0.70691,0.69436,0.70461,122262
2022-06-17,0.70422,0.70514,0.68976,0.69346,115619
2022-06-20,0.6918,0.69959,0.69156,0.69537,74923
2022-06-21,0.69506,0.69938,0.69347,0.69722,83230
2022-06-22,0.69704,0.69722,0.68814,0.6926,94865
2022-06-23,0.69248,0.69279,0.68691,0.68939,101684
2022-06-24,0.68932,0.69577,0.68878,0.69391,83754
2022-06-27,0.6945,0.69589,0.69072,0.69243,86847
2022-06-28,0.69288,0.69645,0.69042,0.69055,87808
2022-06-29,0.69072,0.692,0.68618,0.68791,95407
2022-06-30,0.68774,0.69192,0.68537,0.69044,98555
2022-07-01,0.69016,0.69036,0.67638,0.68178,102088
2022-07-04,0.68112,0.68887,0.67937,0.68652,64623
2022-07-05,0.68649,0.6895,0.67618,0.67969,105087
2022-07-06,0.68022,0.6826,0.6762,0.67782,115513
2022-07-07,0.67738,0.68486,0.67643,0.68396,89130
2022-07-08,0.6836,0.68744,0.67919,0.68525,95678
2022-07-11,0.68448,0.68546,0.67146,0.67356,93128
2022-07-12,0.6734,0.6779,0.67109,0.67574,95645
2022-07-13,0.67424,0.68036,0.67256,0.67571,112460
2022-07-14,0.67623,0.67883,0.66815,0.67476,120708
2022-07-15,0.67476,0.68062,0.67193,0.6793,96621
2022-07-18,0.67807,0.68544,0.67801,0.68127,80922
2022-07-19,0.68071,0.69125,0.68025,0.68985,72970
2022-07-20,0.68955,0.69304,0.68731,0.68878,71437
2022-07-21,0.68832,0.69363,0.6859,0.69355,80115
2022-07-22,0.69267,0.69774,0.68934,0.69235,77337
2022-07-25,0.69199,0.69654,0.6879,0.6956,68716
2022-07-26,0.69535,0.69832,0.69218,0.69374,58917
2022-07-27,0.6938,0.70124,0.69122,0.69938,62436
2022-07-28,0.6991,0.70138,0.69549,0.69893,69116
2022-07-29,0.69827,0.70318,0.69108,0.69915,66960
2022-08-01,0.69727,0.7047,0.69683,0.70254,59383
2022-08-02,0.70185,0.70322,0.69126,0.69183,76381
2022-08-03,0.69194,0.69556,0.68862,0.69495,67073
2022-08-04,0.6948,0.69898,0.69352,0.69682,60845
2022-08-05,0.69682,0.69749,0.68698,0.69119,61142
2022-08-08,0.69038,0.70092,0.6898,0.69841,47838
2022-08-09,0.6979,0.69945,0.6953,0.69624,46074
2022-08-10,0.69546,0.7109,0.69467,0.70815,58485
2022-08-11,0.70769,0.71368,0.7063,0.71067,62864
2022-08-12,0.71034,0.71282,0.70847,0.71224,53481
2022-08-15,0.71115,0.71251,0.70112,0.70223,52424
2022-08-16,0.70224,0.70401,0.69911,0.70232,54246
2022-08-17,0.70167,0.70265,0.69109,0.6937,77454
2022-08-18,0.69286,0.697,0.68991,0.69153,77630
2022-08-19,0.69122,0.69196,0.68592,0.68753,71146
2022-08-22,0.68715,0.6929,0.68623,0.68767,71773
2022-08-23,0.68755,0.69636,0.68561,0.69289,84003
2022-08-24,0.6928,0.69312,0.68792,0.69089,71670
2022-08-25,0.68991,0.69913,0.68973,0.6981,72668
2022-08-26,0.69806,0.70089,0.68884,0.68927,81391
2022-08-29,0.68805,0.69259,0.6841,0.69013,78175
2022-08-30,0.68988,0.6956,0.68457,0.68532,86641
2022-08-31,0.68492,0.69039,0.68352,0.68429,84666
2022-09-01,0.6839,0.68459,0.67712,0.67892,86538
2022-09-02,0.67839,0.68551,0.67761,0.68098,82450
2022-09-05,0.67778,0.68038,0.67729,0.67948,61004
2022-09-06,0.67912,0.68325,0.67278,0.67359,93411
2022-09-07,0.67348,0.67696,0.6699,0.6768,86398
2022-09-08,0.67685,0.67738,0.67131,0.6751,96429
2022-09-09,0.67505,0.68773,0.67441,0.68447,79126
2022-09-12,0.68271,0.68996,0.68242,0.68887,71366
2022-09-13,0.68822,0.69162,0.67267,0.67309,78575
2022-09-14,0.67248,0.67603,0.6705,0.67469,89066
2022-09-15,0.67486,0.67702,0.66961,0.67002,75847
2022-09-16,0.66973,0.67241,0.667,0.67193,82241
2022-09-19,0.67119,0.67339,0.66724,0.67264,58707
2022-09-20,0.67258,0.67474,0.66764,0.66891,67672
2022-09-21,0.66831,0.67054,0.66215,0.66322,81920
2022-09-22,0.66303,0.6671,0.6574,0.66434,96334
2022-09-23,0.66427,0.66558,0.65113,0.65308,89060
2022-09-26,0.65154,0.65378,0.64379,0.64545,117834
2022-09-27,0.64513,0.6513,0.64141,0.64347,98772
2022-09-28,0.64341,0.6531,0.63631,0.65237,119421
2022-09-29,0.65218,0.65246,0.6436,0.64993,108963
2022-09-30,0.64987,0.6524,0.63912,0.64008,106619
2022-10-03,0.64004,0.65221,0.63983,0.65153,88787
2022-10-04,0.65142,0.65474,0.64506,0.6503,91181
2022-10-05,0.64921,0.65262,0.64166,0.64907,85831
2022-10-06,0.64819,0.65409,0.63895,0.64082,97760
2022-10-07,0.63995,0.64323,0.63543,0.63677,82914
2022-10-10,0.63622,0.63801,0.62746,0.62978,82742
2022-10-11,0.62979,0.6346,0.62473,0.62721,101444
2022-10-12,0.62669,0.62988,0.62357,0.62763,99845
2022-10-13,0.62767,0.63166,0.61701,0.62981,98153
2022-10-14,0.62986,0.6347,0.61942,0.6201,104462
2022-10-17,0.62054,0.63122,0.62019,0.62927,86676
2022-10-18,0.62891,0.63399,0.62655,0.6309,95246
2022-10-19,0.63046,0.63254,0.62512,0.62695,88730
2022-10-20,0.62703,0.63562,0.62286,0.62826,94732
2022-10-21,0.62799,0.6393,0.62103,0.63821,111628
2022-10-24,0.63923,0.64114,0.62727,0.63126,118941
2022-10-25,0.63108,0.64122,0.62979,0.63938,84498
2022-10-26,0.63755,0.65111,0.63646,0.64969,91849
2022-10-27,0.64958,0.65219,0.64258,0.64524,93987
2022-10-28,0.64515,0.64797,0.63891,0.64119,85388
2022-10-31,0.63983,0.64279,0.63681,0.63978,75566
2022-11-01,0.63982,0.64639,0.63771,0.63925,90833
2022-11-02,0.63944,0.64926,0.63474,0.63496,92672
2022-11-03,0.63487,0.63721,0.62723,0.62868,92630
2022-11-04,0.62838,0.64829,0.62826,0.64657,105900
2022-11-07,0.64161,0.64906,0.64066,0.6481,95885
2022-11-08,0.64757,0.65514,0.64444,0.65063,86613
2022-11-09,0.6504,0.65222,0.64146,0.64311,105388
2022-11-10,0.64301,0.66316,0.63865,0.66186,106575
2022-11-11,0.66183,0.6717,0.65782,0.67065,108461
2022-11-14,0.66954,0.6724,0.66639,0.67002,100977
2022-11-15,0.66979,0.67976,0.66856,0.67567,117525
2022-11-16,0.67524,0.67928,0.67198,0.67408,106862
2022-11-17,0.67363,0.67514,0.66344,0.66905,96414
2022-11-18,0.66798,0.67306,0.66613,0.66714,83070
2022-11-21,0.66588,0.66835,0.65847,0.66055,82783
2022-11-22,0.66024,0.66516,0.65997,0.66477,72529
2022-11-23,0.66472,0.67386,0.66342,0.67324,78848
2022-11-24,0.67295,0.67782,0.67259,0.67644,58251
2022-11-25,0.67629,0.67808,0.67208,0.67508,67613
2022-11-28,0.67175,0.6728,0.66422,0.66522,83659
2022-11-29,0.66486,0.6749,0.66405,0.6688,91095
2022-11-30,0.66859,0.68012,0.66703,0.67878,95885
2022-12-01,0.67864,0.68454,0.67799,0.68115,104227
2022-12-02,0.6811,0.68365,0.67424,0.6794,92878
2022-12-05,0.6781,0.6851,0.66872,0.66981,86235
2022-12-06,0.66958,0.67444,0.6681,0.66884,87684
2022-12-07,0.66838,0.67422,0.66688,0.67244,92130
2022-12-08,0.67225,0.67808,0.66983,0.67695,79153
2022-12-09,0.67682,0.68136,0.67433,0.67961,77804
2022-12-12,0.67852,0.67979,0.6729,0.67472,70083
2022-12-13,0.67381,0.68934,0.67351,0.68553,95357
2022-12-14,0.68451,0.68819,0.68101,0.68639,92520
2022-12-15,0.68622,0.68699,0.66768,0.67007,90356
2022-12-16,0.66992,0.67361,0.66754,0.66873,82176
2022-12-19,0.67006,0.67326,0.66828,0.67001,70712
2022-12-20,0.66999,0.67437,0.66292,0.66803,100699
2022-12-21,0.6666,0.67281,0.66566,0.6707,81385
2022-12-22,0.67033,0.67674,0.66502,0.66716,74547
2022-12-23,0.66642,0.67249,0.6652,0.67135,71506
2022-12-27,0.67226,0.6776,0.67204,0.67344,64188
2022-12-28,0.6729,0.68012,0.67194,0.67397,66430
2022-12-29,0.67359,0.67876,0.67108,0.6777,58747
2022-12-30,0.67749,0.68213,0.67544,0.68186,69375
2023-01-02,0.67929,0.68242,0.67929,0.67977,14478
2023-01-03,0.6797,0.68347,0.66881,0.6727,88465
2023-01-04,0.67217,0.68866,0.6717,0.6838,93553
2023-01-05,0.68204,0.68452,0.67352,0.67521,87318
2023-01-06,0.675,0.6887,0.67222,0.68751,91114
2023-01-09,0.68751,0.69499,0.68737,0.69126,85725
2023-01-10,0.69098,0.6928,0.68598,0.68927,86210
2023-01-11,0.68789,0.69257,0.6873,0.6906,71144
2023-01-12,0.68953,0.69848,0.68726,0.6967,93258
2023-01-13,0.6966,0.69942,0.69154,0.69757,83101
2023-01-16,0.69693,0.70194,0.69409,0.69537,62607
2023-01-17,0.6953,0.69974,0.693,0.69863,81101
2023-01-18,0.69851,0.70636,0.69358,0.69407,96391
2023-01-19,0.69433,0.6948,0.68719,0.69099,81851
2023-01-20,0.69102,0.69738,0.69065,0.69675,70852
2023-01-23,0.69602,0.70398,0.69592,0.70284,73229
2023-01-24,0.70277,0.70578,0.69976,0.70453,65118
2023-01-25,0.70455,0.71226,0.70323,0.71038,74354
2023-01-26,0.71037,0.71424,0.70793,0.71148,72056
2023-01-27,0.71034,0.71296,0.70822,0.71098,62771
2023-01-30,0.70949,0.71204,0.70512,0.70602,71351
2023-01-31,0.70526,0.7065,0.69838,0.70539,72563
2023-02-01,0.70546,0.7145,0.70366,0.71359,76035
2023-02-02,0.7133,0.71579,0.70689,0.7077,86090
2023-02-03,0.70758,0.70803,0.69192,0.69222,81839
2023-02-06,0.68928,0.69487,0.68558,0.68833,68263
2023-02-07,0.68796,0.69886,0.68796,0.69589,80034
2023-02-08,0.69594,0.69962,0.69192,0.69238,64713
2023-02-09,0.69209,0.70113,0.69208,0.69361,62954
2023-02-10,0.69361,0.69603,0.6909,0.69182,72491
2023-02-13,0.69138,0.69736,0.68904,0.69652,57926
2023-02-14,0.69649,0.703,0.69214,0.69863,83007
2023-02-15,0.69829,0.6989,0.68648,0.69032,69714
2023-02-16,0.6901,0.69359,0.68402,0.68794,75590
2023-02-17,0.68786,0.68844,0.68117,0.68781,66551
2023-02-20,0.6865,0.69207,0.68627,0.691,48900
2023-02-21,0.69043,0.69198,0.68478,0.68552,74659
2023-02-22,0.68525,0.68649,0.67948,0.68054,75734
2023-02-23,0.68021,0.68418,0.67816,0.68066,69093
2023-02-24,0.68082,0.6824,0.67186,0.67255,75885
2023-02-27,0.67299,0.67448,0.66982,0.67389,63323
2023-02-28,0.67349,0.67577,0.67038,0.67286,64134
2023-03-01,0.67269,0.67837,0.6695,0.67591,76165
2023-03-02,0.67591,0.6766,0.67066,0.67299,74787
2023-03-03,0.67264,0.67748,0.67242,0.67666,66203
2023-03-06,0.6745,0.67696,0.67163,0.67306,60549
2023-03-07,0.67298,0.6748,0.65804,0.65833,73602
2023-03-08,0.65827,0.66289,0.65679,0.65893,62124
2023-03-09,0.65868,0.66363,0.65762,0.65897,57532
2023-03-10,0.65899,0.66402,0.65642,0.65819,95323
2023-03-13,0.6612,0.67168,0.65965,0.66666,127581
2023-03-14,0.66659,0.6696,0.66318,0.66823,96679
2023-03-15,0.66711,0.67114,0.65899,0.66189,102414
2023-03-16,0.66169,0.66677,0.66077,0.66561,96951
2023-03-17,0.66543,0.67248,0.66406,0.66999,72588
2023-03-20,0.67089,0.67301,0.66658,0.67178,78826
2023-03-21,0.67172,0.67264,0.66497,0.66703,56552
2023-03-22,0.66678,0.6759,0.66612,0.66829,60968
2023-03-23,0.66811,0.67554,0.66698,0.66856,67122
2023-03-24,0.66833,0.66943,0.66252,0.66428,63663
2023-03-27,0.66509,0.66658,0.66339,0.66501,53160
2023-03-28,0.6648,0.67103,0.66429,0.67085,46825
2023-03-29,0.67089,0.67132,0.66614,0.66837,48906
2023-03-30,0.66831,0.67184,0.66614,0.67119,47613
2023-03-31,0.6712,0.67379,0.66704,0.66851,47603
2023-04-03,0.6683,0.679,0.6651,0.67857,59839
2023-04-04,0.67772,0.67933,0.67207,0.67512,55359
2023-04-05,0.67493,0.67798,0.66769,0.67209,53524
2023-04-06,0.67193,0.67255,0.66532,0.66715,42349
2023-04-07,0.66705,0.66912,0.6641,0.66637,24834
2023-04-10,0.66499,0.66802,0.66194,0.66416,40621
2023-04-11,0.66363,0.66797,0.66307,0.66534,44500
2023-04-12,0.6648,0.67232,0.66479,0.66933,50055
2023-04-13,0.66922,0.67968,0.66854,0.67833,49321
2023-04-14,0.67742,0.68055,0.66951,0.67099,49799
2023-04-17,0.67019,0.67193,0.66811,0.67015,43860
2023-04-18,0.66988,0.67475,0.66911,0.67279,42865
2023-04-19,0.67243,0.67415,0.66901,0.67143,43270
2023-04-20,0.67124,0.67715,0.6697,0.67421,45135
2023-04-21,0.67398,0.67456,0.66778,0.66928,41122
2023-04-24,0.66939,0.66977,0.66655,0.66966,51146
2023-04-25,0.66919,0.67055,0.66144,0.66259,39917
2023-04-26,0.66256,0.66393,0.65916,0.66028,52298
2023-04-27,0.65966,0.66354,0.65954,0.663,50235
2023-04-28,0.66287,0.66424,0.65734,0.66145,54343
2023-05-01,0.66093,0.66683,0.66057,0.66304,42154
2023-05-02,0.66284,0.67172,0.66205,0.66628,53762
2023-05-03,0.66613,0.67033,0.66493,0.66733,52577
2023-05-04,0.667,0.67064,0.66404,0.66933,63388
2023-05-05,0.66926,0.6757,0.66901,0.67523,45757
2023-05-08,0.67416,0.68034,0.67392,0.6781,38260
2023-05-09,0.67777,0.67868,0.67466,0.67622,39467
2023-05-10,0.67585,0.68181,0.67442,0.67792,46102
2023-05-11,0.67727,0.67962,0.6689,0.67021,51647
2023-05-12,0.67014,0.67063,0.66362,0.66407,40960
2023-05-15,0.66446,0.67088,0.66416,0.67001,38486
2023-05-16,0.66992,0.67097,0.66514,0.66553,42222
2023-05-17,0.66535,0.66732,0.66291,0.66591,41192
2023-05-18,0.6658,0.66678,0.6605,0.66215,44818
2023-05-19,0.6619,0.66752,0.66133,0.66499,51493
2023-05-22,0.66411,0.66677,0.66275,0.66516,44346
2023-05-23,0.66493,0.66619,0.66073,0.66094,45424
2023-05-24,0.66075,0.66153,0.65297,0.65438,53261
2023-05-25,0.65414,0.65468,0.64985,0.65045,50796
2023-05-26,0.65046,0.65444,0.64905,0.65169,47440
2023-05-29,0.65226,0.65542,0.65145,0.65394,28383
2023-05-30,0.65368,0.65594,0.6503,0.65174,49122
2023-05-31,0.65101,0.6539,0.64583,0.65038,52077
2023-06-01,0.64928,0.65814,0.64845,0.6573,48263
2023-06-02,0.65616,0.66387,0.65616,0.6606,46722
2023-06-05,0.65962,0.66377,0.65794,0.6617,40822
2023-06-06,0.66171,0.66854,0.66097,0.66719,45461
2023-06-07,0.66702,0.67173,0.66417,0.66525,44853
2023-06-08,0.66514,0.67181,0.66509,0.67154,41829
2023-06-09,0.67137,0.67509,0.66927,0.67426,38642
2023-06-12,0.67308,0.67735,0.67279,0.67504,34151
2023-06-13,0.6747,0.6807,0.67383,0.67661,49266
2023-06-14,0.67664,0.68358,0.67557,0.67949,46896
2023-06-15,0.67956,0.68928,0.67655,0.68828,48316
2023-06-16,0.68825,0.68998,0.68551,0.68732,47751
2023-06-19,0.68769,0.68827,0.6834,0.685,35969
2023-06-20,0.68434,0.68551,0.67531,0.67878,53545
2023-06-21,0.67774,0.68046,0.67409,0.67962,55029
2023-06-22,0.67965,0.68061,0.67447,0.67564,53284
2023-06-23,0.67552,0.67677,0.66628,0.66767,55863
2023-06-26,0.66779,0.66939,0.66676,0.6675,47703
2023-06-27,0.66737,0.6721,0.66699,0.66865,54159
2023-06-28,0.6685,0.66893,0.6597,0.66003,53953
2023-06-29,0.65994,0.66406,0.65944,0.66167,51455
2023-06-30,0.66129,0.66716,0.66034,0.66594,52182
2023-07-03,0.66586,0.66916,0.66371,0.66726,43163
2023-07-04,0.66666,0.67056,0.66415,0.6692,33789
2023-07-05,0.6684,0.66986,0.66531,0.66545,43539
2023-07-06,0.66519,0.66878,0.65992,0.66258,56671
2023-07-07,0.66153,0.67007,0.66153,0.66919,55060
2023-07-10,0.66837,0.6696,0.66237,0.6675,49088
2023-07-11,0.66714,0.66951,0.66509,0.66853,51676
2023-07-12,0.66839,0.67962,0.66783,0.67882,62246
2023-07-13,0.67801,0.68948,0.67795,0.68886,56325
2023-07-14,0.68859,0.68949,0.68304,0.68381,55153
2023-07-17,0.68429,0.68429,0.67876,0.6816,45998
2023-07-18,0.68147,0.68373,0.67891,0.68117,59371
2023-07-19,0.68072,0.68203,0.67502,0.67708,60169
2023-07-20,0.67724,0.68468,0.67648,0.67792,60369
2023-07-21,0.67787,0.67877,0.67226,0.67311,51750
2023-07-24,0.67298,0.67561,0.6715,0.674,53466
2023-07-25,0.67384,0.67947,0.67254,0.67916,53778
2023-07-26,0.67915,0.67933,0.67297,0.67577,63542
2023-07-27,0.67537,0.68211,0.66981,0.67083,67330
2023-07-28,0.67081,0.67134,0.66226,0.66464,68324
2023-07-31,0.66465,0.67395,0.6643,0.67172,53520
2023-08-01,0.67137,0.67236,0.66022,0.66136,51642
2023-08-02,0.66137,0.663,0.65268,0.6538,57271
2023-08-03,0.65329,0.65686,0.65142,0.65509,62247
2023-08-04,0.65505,0.66095,0.65391,0.65676,61117
2023-08-07,0.65693,0.6593,0.65552,0.65743,47349
2023-08-08,0.65654,0.65761,0.64965,0.65444,54477
2023-08-09,0.65432,0.65712,0.652,0.65279,53302
2023-08-10,0.65277,0.66166,0.65144,0.65151,59987
2023-08-11,0.65153,0.65336,0.64859,0.64944,54239
2023-08-14,0.64929,0.6503,0.6454,0.64875,55509
2023-08-15,0.64832,0.65215,0.64514,0.64551,64523
2023-08-16,0.64529,0.64806,0.64157,0.64239,61917
2023-08-17,0.64229,0.64505,0.63646,0.64034,63618
2023-08-18,0.6403,0.6429,0.63791,0.64028,57917
2023-08-21,0.64058,0.64215,0.63871,0.64137,55004
2023-08-22,0.64131,0.64578,0.64035,0.64225,53966
2023-08-23,0.64227,0.64816,0.6411,0.64807,51677
2023-08-24,0.64779,0.64882,0.64126,0.64168,53002
2023-08-25,0.64147,0.64413,0.63801,0.64034,55134
2023-08-28,0.64049,0.64398,0.64017,0.64294,43045
2023-08-29,0.64289,0.64868,0.64013,0.64799,52587
2023-08-30,0.64784,0.65222,0.64491,0.6475,52420
2023-08-31,0.64747,0.65079,0.6461,0.64847,52015
2023-09-01,0.64799,0.65219,0.64382,0.64483,53655
2023-09-04,0.64394,0.64806,0.64379,0.64607,30573
2023-09-05,0.64607,0.64647,0.63576,0.63781,54021
2023-09-06,0.63765,0.64047,0.63572,0.63821,51535
2023-09-07,0.63758,0.63951,0.63621,0.63756,47591
2023-09-08,0.63737,0.64146,0.6367,0.63781,44836
2023-09-11,0.63854,0.64494,0.63701,0.64303,49637
2023-09-12,0.64246,0.64398,0.64084,0.64262,43871
2023-09-13,0.64244,0.64341,0.63799,0.64209,51831
2023-09-14,0.64165,0.64596,0.64135,0.64405,54277
2023-09-15,0.64401,0.64736,0.64229,0.6431,48383
2023-09-18,0.64341,0.6449,0.64167,0.64368,41917
2023-09-19,0.64337,0.64737,0.64269,0.64536,39445
2023-09-20,0.64529,0.65113,0.64397,0.64476,50710
2023-09-21,0.64468,0.64525,0.63852,0.64154,52592
2023-09-22,0.64137,0.6465,0.64038,0.64411,48442
2023-09-25,0.64372,0.64467,0.64042,0.6423,41664
2023-09-26,0.64203,0.64306,0.63875,0.63968,53329
2023-09-27,0.63948,0.6409,0.63313,0.63527,49438
2023-09-28,0.63526,0.64323,0.63448,0.64275,58601
2023-09-29,0.64239,0.6501,0.64063,0.64352,54484
2023-10-02,0.64219,0.64452,0.63622,0.63633,52219
2023-10-03,0.63621,0.6367,0.62856,0.63015,62274
2023-10-04,0.62992,0.63425,0.62864,0.63245,65846
2023-10-05,0.63217,0.63778,0.63165,0.63706,56297
2023-10-06,0.6368,0.64003,0.63126,0.63847,61700
2023-10-09,0.63551,0.64149,0.63426,0.64112,51068
2023-10-10,0.64105,0.6433,0.63902,0.64317,58451
2023-10-11,0.64284,0.64451,0.6388,0.64138,58008
2023-10-12,0.64126,0.64308,0.63072,0.63142,63154
2023-10-13,0.6314,0.63346,0.62864,0.62962,62482
2023-10-16,0.63009,0.6345,0.6297,0.63423,54074
2023-10-17,0.63412,0.63798,0.63293,0.63654,62338
2023-10-18,0.63634,0.63933,0.63281,0.63361,64595
2023-10-19,0.6336,0.63567,0.62957,0.63282,76110
2023-10-20,0.63266,0.6329,0.62971,0.6314,61606
2023-10-23,0.63131,0.63488,0.62888,0.63347,55397
2023-10-24,0.63362,0.63791,0.63289,0.63554,59841
2023-10-25,0.63547,0.63998,0.63053,0.63084,60969
2023-10-26,0.63076,0.63307,0.62703,0.63217,69693
2023-10-27,0.63214,0.6368,0.63183,0.63336,62106
2023-10-30,0.63321,0.6384,0.633,0.63746,54449
2023-10-31,0.6371,0.63754,0.63146,0.63366,59301
2023-11-01,0.63341,0.63996,0.63183,0.63931,65439
2023-11-02,0.63933,0.6456,0.63859,0.64336,57129
2023-11-03,0.64313,0.65185,0.64198,0.65131,58225
2023-11-06,0.65056,0.65231,0.64852,0.64888,50074
2023-11-07,0.64873,0.65012,0.6404,0.64363,53716
2023-11-08,0.6426,0.64496,0.63973,0.64025,52770
2023-11-09,0.64021,0.64283,0.63634,0.63669,59342
2023-11-10,0.63653,0.6369,0.63388,0.63602,49939
2023-11-13,0.63504,0.63914,0.63493,0.63764,42360
2023-11-14,0.63722,0.65124,0.63604,0.65075,52391
2023-11-15,0.64826,0.65417,0.64826,0.65092,59219
2023-11-16,0.65061,0.6517,0.64608,0.64713,58638
2023-11-17,0.64646,0.65161,0.64524,0.65142,55673
2023-11-20,0.65001,0.65651,0.65001,0.65567,57246
2023-11-21,0.65548,0.65897,0.65444,0.65559,60755
2023-11-22,0.65556,0.65698,0.65214,0.65427,59654
2023-11-23,0.65387,0.65748,0.6531,0.65575,36204
2023-11-24,0.65544,0.65911,0.65487,0.65801,39996
2023-11-27,0.65751,0.66141,0.65669,0.66066,51614
2023-11-28,0.66056,0.66657,0.65964,0.66488,59192
2023-11-29,0.66465,0.66766,0.66057,0.66174,65214
2023-11-30,0.66159,0.66504,0.65709,0.6605,68614
2023-12-01,0.66054,0.66757,0.65994,0.6675,64909
2023-12-04,0.66638,0.66907,0.66049,0.66199,69230
2023-12-05,0.66194,0.66218,0.65442,0.65524,69890
2023-12-06,0.65508,0.65974,0.654,0.65485,57408
2023-12-07,0.65485,0.66202,0.65256,0.66017,65640
2023-12-08,0.65988,0.66198,0.6558,0.65758,70987
2023-12-11,0.65685,0.65832,0.655,0.65676,53385
2023-12-12,0.6567,0.66123,0.65398,0.65599,51692
2023-12-13,0.6555,0.66733,0.65373,0.66612,58360
2023-12-14,0.66566,0.67286,0.66527,0.66982,79280
2023-12-15,0.66972,0.67285,0.6663,0.67018,66911
2023-12-18,0.66954,0.67354,0.66905,0.67069,52049
2023-12-19,0.6706,0.67748,0.67008,0.67626,54711
2023-12-20,0.67624,0.67792,0.67241,0.67302,56390
2023-12-21,0.67301,0.68038,0.67149,0.68023,61568
2023-12-22,0.68017,0.68251,0.67733,0.67972,57542
2023-12-26,0.68011,0.6827,0.67885,0.68238,28383
2023-12-27,0.68203,0.68517,0.68166,0.68467,38522
2023-12-28,0.68446,0.6871,0.68242,0.68291,45957
2023-12-29,0.68278,0.68464,0.67812,0.68044,46337
2024-01-02,0.68055,0.68392,0.67572,0.6761,66453
2024-01-03,0.67609,0.67707,0.67021,0.67309,79452
2024-01-04,0.67239,0.676,0.66966,0.67067,72228
2024-01-05,0.67067,0.67481,0.66404,0.6714,83006
2024-01-08,0.67151,0.67348,0.66776,0.67195,65207
2024-01-09,0.67106,0.67346,0.66772,0.66869,64090
2024-01-10,0.66808,0.6713,0.66782,0.66996,58155
2024-01-11,0.66891,0.67258,0.66472,0.66876,73461
2024-01-12,0.66778,0.6729,0.66704,0.66858,68409
2024-01-15,0.66705,0.67044,0.66502,0.66595,43205
2024-01-16,0.66473,0.66604,0.65761,0.65837,80536
2024-01-17,0.65804,0.65947,0.6525,0.65515,74531
2024-01-18,0.65488,0.65748,0.65232,0.65728,71732
2024-01-19,0.65582,0.66018,0.65518,0.6597,62410
2024-01-22,0.6586,0.66138,0.65664,0.65699,61374
2024-01-23,0.65681,0.66125,0.65517,0.65795,62587
2024-01-24,0.65755,0.66211,0.6566,0.65769,69533
2024-01-25,0.65699,0.66099,0.65662,0.65847,71082
2024-01-26,0.65771,0.66097,0.65762,0.658,58915
2024-01-29,0.65716,0.66158,0.65693,0.66102,56011
2024-01-30,0.66047,0.66245,0.65751,0.66024,63501
2024-01-31,0.65989,0.66226,0.65515,0.65668,85136
2024-02-01,0.65614,0.65791,0.65083,0.6572,80151
2024-02-02,0.65666,0.66103,0.65024,0.6513,71191
2024-02-05,0.65105,0.65201,0.64687,0.64827,65643
2024-02-06,0.64777,0.65251,0.64777,0.6523,67309
2024-02-07,0.65218,0.65403,0.65157,0.65204,59314
2024-02-08,0.65127,0.65321,0.64805,0.64918,54281
2024-02-09,0.6487,0.65342,0.6487,0.65244,51284
2024-02-12,0.65137,0.65431,0.65038,0.65303,39126
2024-02-13,0.65165,0.65359,0.64428,0.64535,53967
2024-02-14,0.64471,0.64956,0.64464,0.64914,52322
2024-02-15,0.64818,0.65295,0.64778,0.65249,53882
2024-02-16,0.65197,0.65448,0.64965,0.65326,53302
2024-02-19,0.65246,0.6552,0.6519,0.65402,36068
2024-02-20,0.65356,0.65792,0.65214,0.65488,56161
2024-02-21,0.65457,0.65733,0.65332,0.65519,60947
2024-02-22,0.65465,0.65951,0.65404,0.65566,60722
2024-02-23,0.6547,0.65805,0.6547,0.65636,52881
2024-02-26,0.65635,0.6567,0.6531,0.65398,46340
2024-02-27,0.65355,0.6558,0.65251,0.6544,48959
2024-02-28,0.65325,0.65496,0.64888,0.64955,53003
2024-02-29,0.64876,0.65312,0.64871,0.64971,60618
2024-03-01,0.6489,0.6534,0.6489,0.65259,54790
2024-03-04,0.65221,0.65354,0.65076,0.6509,46574
2024-03-05,0.65041,0.6521,0.64774,0.65041,49555
2024-03-06,0.64943,0.65815,0.64928,0.65644,60807
2024-03-07,0.65602,0.66247,0.65602,0.66202,60336
2024-03-08,0.66125,0.66677,0.66125,0.66264,67224
2024-03-11,0.66188,0.66269,0.65968,0.66134,65389
2024-03-12,0.66006,0.66389,0.65845,0.66058,71026
2024-03-13,0.65954,0.66352,0.65909,0.66215,60542
2024-03-14,0.66152,0.6632,0.65695,0.65814,68114
2024-03-15,0.6571,0.65827,0.65521,0.65598,63991
2024-03-18,0.65578,0.6574,0.6551,0.65595,43389
2024-03-19,0.65487,0.65641,0.65041,0.65318,60262
2024-03-20,0.65293,0.6587,0.65117,0.65863,60287
2024-03-21,0.65832,0.66346,0.65611,0.65699,70363
2024-03-22,0.65676,0.6577,0.65103,0.65149,58792
2024-03-25,0.65118,0.6547,0.65094,0.65401,55951
2024-03-26,0.65372,0.65591,0.6528,0.65332,51396
2024-03-27,0.6531,0.65388,0.65114,0.65343,58698
2024-03-28,0.65312,0.65409,0.64854,0.65158,58744
2024-03-29,0.65139,0.65325,0.64981,0.65085,12726
2024-04-01,0.6514,0.65389,0.64808,0.64901,42075
2024-04-02,0.64786,0.65239,0.64753,0.65177,51447
2024-04-03,0.65082,0.657,0.64996,0.65652,55345
2024-04-04,0.65586,0.66191,0.65544,0.65871,49613
2024-04-05,0.65832,0.65925,0.65494,0.65781,65411
2024-04-08,0.65603,0.66101,0.65594,0.66044,59000
2024-04-09,0.6597,0.66445,0.6597,0.66282,54455
2024-04-10,0.6624,0.66314,0.64987,0.6512,76638
2024-04-11,0.65028,0.65531,0.64954,0.65373,79867
2024-04-12,0.65298,0.65435,0.6456,0.64624,74866
2024-04-15,0.64677,0.64932,0.64377,0.64422,91628
2024-04-16,0.64319,0.64447,0.63894,0.64014,94908
2024-04-17,0.63957,0.64462,0.6391,0.64348,79034
2024-04-18,0.64251,0.64566,0.64164,0.64209,78479
2024-04-19,0.64159,0.64329,0.63622,0.64168,108234
2024-04-22,0.64066,0.64553,0.64066,0.64489,59229
2024-04-23,0.64435,0.64902,0.64412,0.64871,61254
2024-04-24,0.64739,0.65297,0.64718,0.64976,56407
2024-04-25,0.64914,0.65387,0.64854,0.65185,62703
2024-04-26,0.65135,0.65542,0.65135,0.65327,62433
2024-04-29,0.65224,0.65867,0.6513,0.65659,74574
2024-04-30,0.65552,0.65677,0.64717,0.64723,71530
2024-05-01,0.6469,0.654,0.64653,0.65232,72488
2024-05-02,0.65187,0.65732,0.65137,0.65651,83525
2024-05-03,0.65606,0.66497,0.65594,0.66095,80361
2024-05-06,0.66144,0.66384,0.66011,0.66256,47523
2024-05-07,0.66186,0.6644,0.65867,0.6598,57247
2024-05-08,0.65959,0.6599,0.6558,0.65793,44477
2024-05-09,0.65771,0.66213,0.65653,0.66197,50174
2024-05-10,0.66155,0.6623,0.65961,0.66033,48706
2024-05-13,0.6599,0.66288,0.65857,0.66081,47476
2024-05-14,0.66074,0.66279,0.65794,0.6627,52066
2024-05-15,0.66226,0.6695,0.66197,0.66933,59213
2024-05-16,0.66879,0.67142,0.66541,0.66787,57673
2024-05-17,0.66781,0.67011,0.66488,0.66938,47896
2024-05-20,0.66909,0.67094,0.6662,0.66673,53234
2024-05-21,0.66647,0.66792,0.66466,0.66652,53374
2024-05-22,0.66613,0.66854,0.6608,0.66191,59562
2024-05-23,0.66195,0.66532,0.65977,0.66066,69912
2024-05-24,0.66057,0.66366,0.65923,0.6628,54802
2024-05-27,0.66226,0.666,0.66223,0.66538,38201
2024-05-28,0.6648,0.66799,0.66427,0.66492,59480
2024-05-29,0.66485,0.66659,0.66095,0.66101,69780
2024-05-30,0.66057,0.66477,0.65908,0.6633,71662
2024-05-31,0.66258,0.66729,0.66258,0.66535,78464
2024-06-03,0.66439,0.66951,0.66326,0.66891,77466
2024-06-04,0.66893,0.66987,0.6631,0.66498,81847
2024-06-05,0.66408,0.66646,0.66261,0.66478,66606
2024-06-06,0.66472,0.66836,0.66335,0.66668,62227
2024-06-07,0.6659,0.66812,0.65788,0.65798,73759
2024-06-10,0.6579,0.6611,0.65749,0.66107,52215
2024-06-11,0.66068,0.66136,0.65886,0.66058,56481
2024-06-12,0.66037,0.67045,0.65972,0.6663,75146
2024-06-13,0.66628,0.66754,0.66261,0.66364,63793
2024-06-14,0.66344,0.66416,0.65915,0.66153,76528
2024-06-17,0.65981,0.66181,0.65852,0.66125,57504
2024-06-18,0.66098,0.66577,0.66002,0.66562,69997
2024-06-19,0.6649,0.66775,0.66483,0.6672,31546
2024-06-20,0.66664,0.66793,0.66476,0.66561,63812
2024-06-21,0.66505,0.66697,0.66317,0.66414,59782
2024-06-24,0.66349,0.66678,0.66262,0.66561,55450
2024-06-25,0.66551,0.66728,0.66351,0.66472,51598
2024-06-26,0.66383,0.66888,0.66361,0.66479,61560
2024-06-27,0.66392,0.66726,0.66392,0.66474,60259
2024-06-28,0.66469,0.66846,0.66199,0.66696,68928
2024-07-01,0.66806,0.66888,0.66439,0.66592,63193
2024-07-02,0.665,0.66707,0.66341,0.66667,67108
2024-07-03,0.66662,0.67337,0.66641,0.67054,57981
2024-07-04,0.6697,0.67318,0.6697,0.67258,35310
2024-07-05,0.67249,0.67529,0.67105,0.67484,64452
2024-07-08,0.67354,0.67611,0.67307,0.67375,55850
2024-07-09,0.67319,0.67477,0.6724,0.6741,56503
2024-07-10,0.67367,0.67522,0.67322,0.67471,49638
2024-07-11,0.67425,0.67986,0.67423,0.67593,69827
2024-07-12,0.67586,0.67938,0.67515,0.67841,68617
2024-07-15,0.67685,0.67888,0.67525,0.67596,69423
2024-07-16,0.67573,0.67642,0.67146,0.67336,65467
2024-07-17,0.67322,0.67548,0.6721,0.6729,74234
2024-07-18,0.67227,0.67436,0.66977,0.6706,81798
2024-07-19,0.67028,0.67087,0.66803,0.6684,71035
2024-07-22,0.66994,0.67024,0.66314,0.66424,66371
2024-07-23,0.6641,0.6646,0.66114,0.66157,55369
2024-07-24,0.66077,0.66168,0.65776,0.65808,70304
2024-07-25,0.65747,0.65827,0.65143,0.6538,90160
2024-07-26,0.65365,0.65685,0.65336,0.65464,61042
2024-07-29,0.65474,0.65683,0.6524,0.65491,63856
2024-07-30,0.65415,0.65624,0.65291,0.65374,68790
2024-07-31,0.65301,0.65559,0.64796,0.65415,94829
2024-08-01,0.65388,0.656,0.64888,0.65018,90244
2024-08-02,0.64996,0.65474,0.64868,0.65102,107610
2024-08-05,0.65055,0.65177,0.63487,0.64961,163640
2024-08-06,0.64947,0.65417,0.64725,0.65178,138525
2024-08-07,0.65168,0.65747,0.65095,0.65194,114724
2024-08-08,0.65151,0.65938,0.65074,0.65923,105601
2024-08-09,0.65817,0.66053,0.65667,0.65722,82788
2024-08-12,0.65668,0.66051,0.65651,0.65859,66477
2024-08-13,0.65817,0.6638,0.65792,0.66337,69027
2024-08-14,0.66229,0.66429,0.65956,0.65965,78307
2024-08-15,0.65932,0.66347,0.65642,0.66104,68222
2024-08-16,0.66117,0.66714,0.66078,0.66701,56966
2024-08-19,0.6664,0.67337,0.66508,0.6732,67493
2024-08-20,0.67196,0.67493,0.67131,0.67467,65816
2024-08-21,0.67391,0.67611,0.67308,0.67441,66925
2024-08-22,0.67398,0.67528,0.66971,0.67052,63715
2024-08-23,0.66956,0.67986,0.66956,0.67966,74430
2024-08-26,0.6787,0.67974,0.67666,0.67713,59659
2024-08-27,0.6766,0.67957,0.67618,0.67927,58326
2024-08-28,0.67892,0.6813,0.67644,0.6785,69731
2024-08-29,0.67789,0.6824,0.67789,0.67986,75873
2024-08-30,0.67973,0.68165,0.67516,0.6765,64893
2024-09-02,0.67627,0.67949,0.6757,0.67905,41633
2024-09-03,0.6786,0.67924,0.6708,0.67116,72917
2024-09-04,0.67063,0.67495,0.66857,0.67251,71363
2024-09-05,0.67245,0.67417,0.67115,0.67408,65557
2024-09-06,0.67373,0.67673,0.66599,0.66703,79870
2024-09-09,0.66638,0.66891,0.66479,0.66608,62113
2024-09-10,0.66597,0.66765,0.66411,0.66523,58503
2024-09-11,0.66471,0.6676,0.66221,0.6674,79287
2024-09-12,0.66662,0.67253,0.66567,0.6723,70178
2024-09-13,0.67223,0.67327,0.66923,0.67039,66062
2024-09-16,0.66898,0.67537,0.66898,0.6752,49863
2024-09-17,0.67489,0.67688,0.67416,0.6756,58933
2024-09-18,0.67514,0.68203,0.67424,0.67638,75729
2024-09-19,0.67505,0.68391,0.67377,0.68141,89430
2024-09-20,0.68036,0.68289,0.6783,0.68073,70905
2024-09-23,0.67961,0.68537,0.67947,0.68376,63545
2024-09-24,0.6835,0.68932,0.68143,0.6892,73547
2024-09-25,0.68906,0.69082,0.68181,0.68231,72103
2024-09-26,0.68145,0.69048,0.68144,0.68954,76773
2024-09-27,0.68921,0.69373,0.68682,0.69006,80289
2024-09-30,0.69024,0.69422,0.68834,0.69137,77327
2024-10-01,0.69113,0.69347,0.68565,0.68832,86235
2024-10-02,0.6876,0.69157,0.68754,0.68852,76354
2024-10-03,0.68785,0.68886,0.68302,0.68407,79393
2024-10-04,0.68332,0.68522,0.67856,0.67942,72506
2024-10-07,0.67869,0.68103,0.67434,0.67569,67856
2024-10-08,0.67489,0.67695,0.67151,0.67474,76187
2024-10-09,0.67371,0.67618,0.6708,0.6718,69491
2024-10-10,0.67154,0.67424,0.67018,0.67403,70498
2024-10-11,0.67283,0.67592,0.67249,0.67512,47112
2024-10-14,0.67356,0.6745,0.67023,0.67263,53331
2024-10-15,0.67224,0.67328,0.66982,0.67038,57227
2024-10-16,0.66947,0.67052,0.66584,0.66663,53799
2024-10-17,0.6653,0.67104,0.66517,0.66961,59576
2024-10-18,0.66828,0.67195,0.66826,0.67065,48670
2024-10-21,0.67031,0.67234,0.66532,0.66586,49244
2024-10-22,0.66468,0.66951,0.66468,0.66824,53487
2024-10-23,0.66722,0.66916,0.66141,0.66338,51915
2024-10-24,0.66339,0.66615,0.6621,0.664,50632
2024-10-25,0.66387,0.66468,0.66012,0.66041,46227
2024-10-28,0.66028,0.66146,0.65796,0.65829,42736
2024-10-29,0.6571,0.65849,0.65451,0.65606,49524
2024-10-30,0.65566,0.65964,0.6537,0.65721,53860
2024-10-31,0.6564,0.65844,0.65397,0.65811,56071
2024-11-01,0.6577,0.65914,0.6554,0.65594,54511
2024-11-04,0.66078,0.66191,0.65796,0.65848,57524
2024-11-05,0.65831,0.66416,0.65775,0.66385,43279
2024-11-06,0.66361,0.6645,0.65125,0.65718,120429
2024-11-07,0.6555,0.66879,0.6555,0.66802,76024
2024-11-08,0.66729,0.66803,0.65583,0.65823,68811
2024-11-11,0.65774,0.65984,0.65626,0.65744,51331
2024-11-12,0.65718,0.65819,0.65141,0.65334,64183
2024-11-13,0.65322,0.65458,0.64802,0.64859,83933
2024-11-14,0.64786,0.64972,0.64407,0.64544,99570
2024-11-15,0.64408,0.64816,0.64408,0.64612,89373
2024-11-18,0.64577,0.65114,0.6448,0.65077,71012
2024-11-19,0.65075,0.6534,0.64824,0.65318,88420
2024-11-20,0.65267,0.65446,0.64845,0.65057,64648
2024-11-21,0.65012,0.65326,0.64971,0.65109,80232
2024-11-22,0.65112,0.65216,0.64712,0.65012,93938
2024-11-25,0.65379,0.65499,0.64874,0.65044,80938
2024-11-26,0.65038,0.65076,0.6434,0.64743,103012
2024-11-27,0.64571,0.65008,0.64571,0.64971,90179
2024-11-28,0.64913,0.65095,0.64773,0.64983,50120
2024-11-29,0.64986,0.6528,0.6479,0.65099,77422
2024-12-02,0.65099,0.65134,0.6443,0.64757,90272
2024-12-03,0.64689,0.65046,0.64554,0.64863,75256
2024-12-04,0.64828,0.64884,0.63992,0.64298,87713
2024-12-05,0.64248,0.6455,0.64199,0.64529,60369
2024-12-06,0.64492,0.64559,0.63728,0.63883,77613
2024-12-09,0.63871,0.64716,0.63798,0.64402,64298
2024-12-10,0.6428,0.64417,0.63654,0.63776,72943
2024-12-11,0.63737,0.63892,0.63366,0.63696,81441
2024-12-12,0.63683,0.64294,0.63583,0.6368,87980
2024-12-13,0.63662,0.63838,0.63519,0.63593,65729
2024-12-16,0.63504,0.63828,0.63448,0.63706,56919
2024-12-17,0.6371,0.6378,0.63316,0.63359,57479
2024-12-18,0.63334,0.63392,0.62139,0.62171,81592
2024-12-19,0.62087,0.62654,0.61989,0.62385,92572
2024-12-20,0.62304,0.62746,0.6215,0.62504,83912
2024-12-23,0.62506,0.6265,0.62188,0.62484,59711
2024-12-24,0.62352,0.62488,0.62232,0.62328,45877
2024-12-26,0.62303,0.62542,0.62157,0.62207,47805
2024-12-27,0.62063,0.62261,0.62005,0.62148,57586
2024-12-30,0.62134,0.62468,0.62019,0.62214,55508
2024-12-31,0.62101,0.62316,0.61792,0.61877,57042
2025-01-02,0.61842,0.62228,0.61621,0.62034,73723
2025-01-03,0.61926,0.62254,0.61921,0.62168,56786
2025-01-06,0.6208,0.63024,0.62048,0.62453,86469
2025-01-07,0.62456,0.62882,0.6228,0.62311,73556
2025-01-08,0.6228,0.62422,0.61875,0.62162,79630
2025-01-09,0.62126,0.62159,0.61721,0.61952,48955
2025-01-10,0.61951,0.62061,0.61393,0.61441,77905
2025-01-13,0.61431,0.61783,0.61311,0.61777,69291
2025-01-14,0.61772,0.62073,0.6166,0.61941,76262
2025-01-15,0.61942,0.62466,0.61812,0.6227,65550
2025-01-16,0.62163,0.62466,0.61918,0.62124,73269
2025-01-17,0.62056,0.62273,0.61645,0.61901,63770
2025-01-20,0.61969,0.62868,0.61898,0.62733,73305
2025-01-21,0.62658,0.6289,0.62083,0.62729,92208
2025-01-22,0.62709,0.62957,0.6253,0.62736,65454
2025-01-23,0.62691,0.62998,0.6255,0.62846,57666
2025-01-24,0.62844,0.63307,0.62786,0.63139,64569
2025-01-27,0.62931,0.63079,0.62748,0.62921,66075
2025-01-28,0.62857,0.62934,0.6237,0.62521,58012
2025-01-29,0.62516,0.62557,0.62102,0.62317,61612
2025-01-30,0.62231,0.62434,0.6199,0.62086,47616
2025-01-31,0.61993,0.62627,0.61988,0.62084,58590
2025-02-03,0.61264,0.62377,0.60876,0.62253,90987
2025-02-04,0.62246,0.6262,0.61706,0.62555,47540
2025-02-05,0.62486,0.6297,0.62402,0.62847,41892
2025-02-06,0.62844,0.62881,0.62552,0.62836,34324
2025-02-07,0.62815,0.63014,0.6253,0.62667,48800
2025-02-10,0.62317,0.62876,0.62295,0.62778,30337
2025-02-11,0.62765,0.6302,0.62606,0.62948,33266
2025-02-12,0.62935,0.63094,0.62352,0.62787,45173
2025-02-13,0.62784,0.6323,0.62548,0.63177,47077
2025-02-14,0.63157,0.63677,0.63104,0.6353,37577
2025-02-17,0.63231,0.63738,0.63231,0.63569,26327
2025-02-18,0.63554,0.63678,0.63343,0.63516,34603
2025-02-19,0.63525,0.637,0.63367,0.63446,34366
2025-02-20,0.63422,0.64042,0.63275,0.6401,40538
2025-02-21,0.63987,0.64085,0.63518,0.63566,40122
2025-02-24,0.63552,0.63924,0.63442,0.63488,46862
2025-02-25,0.63488,0.63566,0.63222,0.63438,45997
2025-02-26,0.63403,0.63538,0.62959,0.63044,46481
2025-02-27,0.63024,0.63146,0.62322,0.62356,53527
2025-02-28,0.62348,0.62383,0.61928,0.62039,53060
2025-03-03,0.62138,0.62547,0.61895,0.62247,53739
2025-03-04,0.62239,0.62718,0.61871,0.62707,75718
2025-03-05,0.62714,0.63424,0.62339,0.6335,76158
2025-03-06,0.63343,0.6364,0.63226,0.63325,70470
2025-03-07,0.63317,0.63378,0.62758,0.6304,67924
2025-03-10,0.63065,0.6331,0.62646,0.62789,54219
2025-03-11,0.62758,0.6312,0.62589,0.6298,64994
2025-03-12,0.62968,0.63229,0.62767,0.63198,52297
2025-03-13,0.63183,0.63337,0.62694,0.62823,44799
2025-03-14,0.62806,0.63314,0.6278,0.63267,42556
2025-03-17,0.63194,0.6391,0.63127,0.63844,35016
2025-03-18,0.63824,0.63909,0.6344,0.63609,31958
2025-03-19,0.63588,0.63666,0.63202,0.63569,40211
2025-03-20,0.63568,0.6364,0.62712,0.63027,41369
2025-03-21,0.6298,0.63062,0.6258,0.62713,34302
2025-03-24,0.62666,0.63055,0.62604,0.6286,35492
2025-03-25,0.62808,0.63256,0.62769,0.63025,32681
2025-03-26,0.62976,0.63306,0.62784,0.62973,43406
2025-03-27,0.62981,0.63184,0.62792,0.63046,49351
2025-03-28,0.63023,0.63122,0.62808,0.6286,42775
2025-03-31,0.62874,0.63004,0.62188,0.62468,50533
2025-04-01,0.62467,0.62832,0.6232,0.62777,54769
2025-04-02,0.62787,0.6341,0.62578,0.62979,52384
2025-04-03,0.6295,0.6389,0.6226,0.63283,109765
2025-04-04,0.63285,0.63318,0.59865,0.60369,144686
2025-04-07,0.59858,0.6127,0.59323,0.59845,188959
2025-04-08,0.59801,0.60853,0.59466,0.59562,141859
2025-04-09,0.59504,0.61758,0.59141,0.61527,163094
2025-04-10,0.61446,0.62494,0.61156,0.62239,151673
2025-04-11,0.62231,0.63002,0.61812,0.62845,152275
2025-04-14,0.62943,0.63427,0.62751,0.63267,93934
2025-04-15,0.63183,0.63831,0.63161,0.6345,73966
2025-04-16,0.63443,0.63915,0.63222,0.63706,77829
2025-04-17,0.63693,0.63942,0.63334,0.6391,65381
2025-04-18,0.638,0.63941,0.63671,0.63755,160661
2025-04-21,0.63627,0.64376,0.63627,0.64162,60917
2025-04-22,0.64153,0.64391,0.63612,0.63645,68594
2025-04-23,0.63629,0.64348,0.63492,0.6359,85682
2025-04-24,0.63541,0.64134,0.6344,0.64094,59388
2025-04-25,0.64032,0.64207,0.63746,0.63966,54754
2025-04-28,0.63911,0.6435,0.63679,0.64321,53100
2025-04-29,0.64317,0.64497,0.63761,0.63834,50646
2025-04-30,0.63835,0.64178,0.6356,0.64021,57855
2025-05-01,0.64015,0.64273,0.63657,0.63831,52972
2025-05-02,0.6383,0.64699,0.63699,0.64472,62195
2025-05-05,0.64491,0.64939,0.64343,0.64686,50332
2025-05-06,0.64686,0.65014,0.64379,0.64944,51304
2025-05-07,0.64942,0.65146,0.64214,0.64247,65525
2025-05-08,0.64237,0.64646,0.63952,0.63993,58414
2025-05-09,0.63997,0.64325,0.63711,0.6408,44457
2025-05-12,0.64145,0.64609,0.63566,0.63721,68139
2025-05-13,0.63708,0.64788,0.63612,0.64704,54931
2025-05-14,0.64707,0.6501,0.64225,0.64281,60037
2025-05-15,0.64243,0.64579,0.63906,0.64063,51469
2025-05-16,0.64062,0.64362,0.63878,0.64043,42444
2025-05-19,0.6394,0.64649,0.63925,0.64575,46514
2025-05-20,0.64572,0.64588,0.63918,0.64239,45009
2025-05-21,0.64236,0.64694,0.64135,0.64372,54108
2025-05-22,0.64359,0.64589,0.64074,0.641,50490
2025-05-23,0.64101,0.64993,0.64062,0.64951,50132
2025-05-26,0.64812,0.65373,0.64812,0.64874,31957
2025-05-27,0.64859,0.64955,0.64349,0.64416,43780
2025-05-28,0.64396,0.64539,0.64098,0.64262,45356
2025-05-29,0.64253,0.64602,0.64072,0.64415,58505
2025-05-30,0.64373,0.64524,0.64076,0.64338,54071
2025-06-02,0.64321,0.65004,0.64291,0.64964,48446
2025-06-03,0.64951,0.65,0.6447,0.6462,46519
2025-06-04,0.64455,0.65046,0.64455,0.64917,44708
2025-06-05,0.64882,0.6538,0.64787,0.65053,49525
2025-06-06,0.65048,0.65172,0.64794,0.64927,49836
2025-06-09,0.64913,0.65341,0.64913,0.65161,34762
2025-06-10,0.65129,0.65331,0.64899,0.65216,47850
2025-06-11,0.65206,0.65459,0.6496,0.65004,47982
2025-06-12,0.64957,0.65337,0.64773,0.65318,51560
2025-06-13,0.65282,0.65334,0.64563,0.64884,69523
2025-06-16,0.64711,0.65519,0.64665,0.65232,54614
2025-06-17,0.65225,0.65438,0.64661,0.64756,62460
2025-06-18,0.64737,0.65373,0.64629,0.65083,63397
2025-06-19,0.6508,0.65111,0.64457,0.64798,47548
2025-06-20,0.64785,0.64956,0.64467,0.64467,49540
2025-06-23,0.64215,0.64633,0.63726,0.64591,72796
2025-06-24,0.64564,0.65194,0.64282,0.6489,62615
2025-06-25,0.64905,0.65151,0.64807,0.65131,48284
2025-06-26,0.65085,0.6564,0.65021,0.6546,59375
2025-06-27,0.65382,0.65611,0.65083,0.65289,55163
2025-06-30,0.65334,0.6583,0.65228,0.65808,50171
2025-07-01,0.65769,0.65905,0.65539,0.6582,50542
2025-07-02,0.65815,0.65887,0.65434,0.65835,47832
2025-07-03,0.65793,0.65879,0.6537,0.65709,47451
2025-07-04,0.65668,0.65792,0.65408,0.65456,53659
2025-07-07,0.65524,0.65559,0.64855,0.649,50925
2025-07-08,0.64904,0.6558,0.64863,0.65291,57721
2025-07-09,0.65281,0.65481,0.65095,0.65344,51307
2025-07-10,0.65329,0.65913,0.65252,0.65888,40739
2025-07-11,0.65618,0.65951,0.65562,0.65713,56878
2025-07-14,0.65599,0.65877,0.65426,0.6545,41792
2025-07-15,0.6544,0.65756,0.65079,0.65133,49872
2025-07-16,0.65103,0.65543,0.64954,0.6528,59165
2025-07-17,0.6527,0.65293,0.64545,0.64873,49249
2025-07-18,0.64854,0.65407,0.64787,0.65046,38241
2025-07-21,0.65053,0.65375,0.6498,0.6524,38675
2025-07-22,0.65239,0.65581,0.65043,0.65551,45381
2025-07-23,0.65527,0.66029,0.65429,0.66025,52909
2025-07-24,0.66014,0.66249,0.6586,0.65895,49993
2025-07-25,0.65864,0.65985,0.65509,0.65642,47698
2025-07-28,0.65714,0.65858,0.65129,0.65204,54081
2025-07-29,0.65174,0.65302,0.6496,0.65096,49051
2025-07-30,0.6505,0.65289,0.6426,0.6433,57106
2025-07-31,0.64309,0.64764,0.64237,0.64246,59012
2025-08-01,0.64249,0.64934,0.64167,0.64688,86996
2025-08-04,0.64586,0.64898,0.64535,0.64666,69134
2025-08-05,0.64657,0.64795,0.64496,0.64723,65664
2025-08-06,0.64715,0.6509,0.64623,0.65029,54961
2025-08-07,0.6488,0.65413,0.6488,0.65225,66356
2025-08-08,0.65225,0.6535,0.65084,0.65204,51345
2025-08-11,0.65145,0.65286,0.6501,0.65128,49994
2025-08-12,0.65123,0.65405,0.64819,0.65289,70094
2025-08-13,0.65179,0.65628,0.65157,0.65454,50331
2025-08-14,0.65449,0.65687,0.64826,0.64954,60515
2025-08-15,0.64893,0.65228,0.64853,0.65064,52058
2025-08-18,0.65045,0.65243,0.64815,0.64909,45356
2025-08-19,0.64902,0.64977,0.64497,0.64536,48555
2025-08-20,0.64526,0.64568,0.64237,0.64333,56499
2025-08-21,0.64188,0.64368,0.64146,0.64203,54411
2025-08-22,0.64099,0.65011,0.64099,0.649,60259
2025-08-25,0.64785,0.65049,0.64714,0.64827,48063
2025-08-26,0.64709,0.65009,0.64699,0.64942,57145
2025-08-27,0.64912,0.6513,0.64625,0.65053,49301
2025-08-28,0.65004,0.65378,0.64998,0.65322,48148
2025-08-29,0.65307,0.65487,0.65229,0.65363,48352
2025-09-01,0.65422,0.656,0.65338,0.65533,40913
2025-09-02,0.65506,0.65586,0.64832,0.65204,65343
2025-09-03,0.65194,0.65544,0.64995,0.65432,57104
2025-09-04,0.65296,0.65497,0.65013,0.65175,50178
2025-09-05,0.64976,0.65886,0.64976,0.65554,59343
2025-09-08,0.65495,0.65987,0.65457,0.65918,50704
2025-09-09,0.65912,0.66198,0.65718,0.65845,52497
2025-09-10,0.65756,0.66356,0.65756,0.6613,55924
2025-09-11,0.66129,0.66651,0.659,0.66603,56902
2025-09-12,0.66504,0.66689,0.66306,0.66462,50385
2025-09-15,0.6624,0.6675,0.6624,0.667,48156
2025-09-16,0.66636,0.66882,0.66429,0.66846,48503
2025-09-17,0.66846,0.67069,0.66412,0.66522,50995
2025-09-18,0.66519,0.66602,0.66069,0.6612,59825
2025-09-19,0.66014,0.66199,0.65858,0.65889,59032
2025-09-22,0.65832,0.66027,0.65748,0.65989,49441
2025-09-23,0.65873,0.66155,0.65811,0.65985,52827
2025-09-24,0.65978,0.66279,0.65747,0.65824,56148
2025-09-25,0.65741,0.66039,0.65259,0.65398,59902
2025-09-26,0.65392,0.65516,0.65205,0.65448,54966
2025-09-29,0.65444,0.65811,0.65394,0.65766,48358
2025-09-30,0.65669,0.66285,0.65669,0.66128,60971
2025-10-01,0.66125,0.66289,0.65892,0.66127,66193
2025-10-02,0.66123,0.66246,0.65768,0.65962,51572
2025-10-03,0.65904,0.66141,0.6586,0.66015,50414
2025-10-06,0.65778,0.66206,0.65746,0.66173,63257
2025-10-07,0.66025,0.66243,0.65786,0.65805,54148
2025-10-08,0.65658,0.65891,0.65565,0.65865,57596
2025-10-09,0.65857,0.66122,0.65399,0.65543,68917
2025-10-10,0.65535,0.6573,0.64699,0.64703,79382
2025-10-13,0.6506,0.65327,0.64914,0.65148,69983
2025-10-14,0.65139,0.65212,0.64403,0.64859,81700
2025-10-15,0.64776,0.65234,0.64776,0.65122,64101
2025-10-16,0.64988,0.65158,0.64711,0.64845,76470
2025-10-17,0.64754,0.65025,0.64436,0.64921,71172
2025-10-20,0.6487,0.65213,0.64846,0.65126,44205
2025-10-21,0.65086,0.65251,0.64729,0.64873,52798
2025-10-22,0.64792,0.65121,0.64785,0.64885,56678
2025-10-23,0.64774,0.6518,0.64774,0.65131,40811
2025-10-24,0.6497,0.6529,0.64929,0.65129,44804
2025-10-27,0.65399,0.65597,0.6518,0.65557,44977
2025-10-28,0.65545,0.65908,0.65445,0.65852,40776
2025-10-29,0.65819,0.66177,0.65571,0.65741,64876
2025-10-30,0.65725,0.65978,0.65326,0.65546,65551
2025-10-31,0.65548,0.65602,0.65332,0.65462,47916
2025-11-03,0.65415,0.65625,0.65176,0.65378,39767
2025-11-04,0.65227,0.654,0.6481,0.64886,55227
2025-11-05,0.64885,0.65129,0.64587,0.65065,49596
2025-11-06,0.65029,0.65187,0.64632,0.64787,53749
2025-11-07,0.64775,0.64991,0.64676,0.64954,58424
2025-11-10,0.64945,0.65402,0.64885,0.6536,42143
2025-11-11,0.6527,0.65382,0.65149,0.65266,41535
2025-11-12,0.65265,0.65503,0.65108,0.6541,44289
2025-11-13,0.65371,0.65801,0.65239,0.65294,65572
2025-11-14,0.6528,0.65515,0.65037,0.65339,69971
2025-11-17,0.65299,0.65376,0.6482,0.64927,54920
2025-11-18,0.64841,0.65185,0.64648,0.65076,68620
2025-11-19,0.65026,0.65118,0.64512,0.64786,63509
2025-11-20,0.64774,0.65026,0.64362,0.64395,75651
2025-11-21,0.64381,0.64608,0.64213,0.64535,80261
2025-11-24,0.64575,0.64684,0.64423,0.64641,48078
2025-11-25,0.64539,0.64758,0.64362,0.64689,56508
2025-11-26,0.6464,0.65212,0.64635,0.6518,60149
2025-11-27,0.65147,0.65399,0.65147,0.65339,33273
2025-11-28,0.65327,0.65593,0.65203,0.65428,117806
2025-12-01,0.6537,0.65665,0.65333,0.65432,61563
2025-12-02,0.65397,0.65708,0.65345,0.65653,47824
2025-12-03,0.65589,0.6602,0.65498,0.66012,49745
2025-12-04,0.65945,0.6624,0.65935,0.66094,53516
2025-12-05,0.66055,0.66489,0.66046,0.66375,47004
2025-12-08,0.66314,0.66491,0.66143,0.66235,54300
2025-12-09,0.66235,0.66542,0.66077,0.66424,58942
2025-12-10,0.66406,0.66859,0.66286,0.6675,66232
2025-12-11,0.66739,0.6679,0.66263,0.66638,71102
2025-12-12,0.66584,0.66771,0.66326,0.66484,65766
2025-12-15,0.66362,0.66566,0.66304,0.664,64650
2025-12-16,0.66391,0.6661,0.66181,0.66321,75155
2025-12-17,0.66287,0.66351,0.65991,0.66043,68466
2025-12-18,0.66034,0.66309,0.65925,0.6612,69620
2025-12-19,0.66104,0.66251,0.66,0.66063,54762
2025-12-22,0.66063,0.66604,0.66034,0.66574,47606
2025-12-23,0.66565,0.67023,0.66519,0.67011,62111
2025-12-24,0.66983,0.67176,0.66959,0.67025,55337
2025-12-26,0.66981,0.67247,0.66955,0.67097,56877
2025-12-29,0.66953,0.67275,0.66832,0.66932,61646
2025-12-30,0.66916,0.67178,0.6688,0.66958,47724
2025-12-31,0.66935,0.67014,0.66598,0.66729,50520
2026-01-02,0.66698,0.67071,0.66604,0.66915,58336
2026-01-05,0.66764,0.67189,0.6663,0.6714,69023
2026-01-06,0.67116,0.67419,0.67032,0.67383,57438
2026-01-07,0.67341,0.67665,0.67169,0.67203,60341
2026-01-08,0.67195,0.67255,0.66817,0.66983,55106
2026-01-09,0.66952,0.67041,0.66635,0.66846,59739
2026-01-12,0.66753,0.67224,0.66731,0.67097,57541
2026-01-13,0.67028,0.67273,0.66729,0.66803,61386
2026-01-14,0.66797,0.67024,0.66731,0.66824,63823
2026-01-15,0.66792,0.67098,0.66671,0.66983,55944
2026-01-16,0.66971,0.67095,0.66709,0.66829,47232
2026-01-19,0.6672,0.67172,0.66674,0.67133,43722
2026-01-20,0.6712,0.67472,0.67064,0.6737,72865
2026-01-21,0.67353,0.67779,0.67274,0.67618,70788
2026-01-22,0.67592,0.68445,0.67537,0.68407,57363
2026-01-23,0.68362,0.68989,0.68342,0.68968,61773
2026-01-26,0.69218,0.69407,0.6906,0.69162,72490
2026-01-27,0.69055,0.7016,0.69013,0.70114,70621
2026-01-28,0.70086,0.7043,0.69768,0.70402,96322
2026-01-29,0.70376,0.70941,0.69689,0.70495,118010
2026-01-30,0.70486,0.70554,0.69401,0.69589,136118
2026-02-02,0.69461,0.69707,0.69083,0.69473,140396
2026-02-03,0.69408,0.70504,0.69408,0.70218,114533
2026-02-04,0.70201,0.70431,0.69716,0.69977,105805
2026-02-05,0.69942,0.70073,0.69267,0.69274,125835
2026-02-06,0.69248,0.70248,0.6897,0.70166,93310
2026-02-09,0.70057,0.70987,0.69981,0.70933,74742
2026-02-10,0.7092,0.70936,0.70645,0.70741,67752
2026-02-11,0.70745,0.71431,0.70627,0.71269,90625
2026-02-12,0.71145,0.71471,0.70757,0.70904,98929
2026-02-13,0.70861,0.70974,0.70434,0.70686,103465
2026-02-16,0.70544,0.70967,0.70513,0.70717,41442
2026-02-17,0.70579,0.70901,0.70281,0.70856,94915
2026-02-18,0.70838,0.70874,0.70349,0.70423,64132
2026-02-19,0.70418,0.70802,0.7024,0.70578,76032
2026-02-20,0.70457,0.70947,0.70154,0.70835,106826
2026-02-23,0.70692,0.71121,0.70484,0.70549,86585
2026-02-24,0.70421,0.70737,0.70266,0.70575,69912
2026-02-25,0.7057,0.7126,0.70545,0.7123,63691
2026-02-26,0.71131,0.71364,0.70669,0.71056,78921
2026-02-27,0.71032,0.71321,0.70864,0.71124,86256
2026-03-02,0.70321,0.71168,0.70314,0.70935,149007
2026-03-03,0.70886,0.71228,0.69442,0.70337,184834
2026-03-04,0.70288,0.70834,0.69847,0.70759,165277
2026-03-05,0.7073,0.70893,0.69737,0.70071,169922
2026-03-06,0.70058,0.70475,0.69769,0.70258,161360
2026-03-09,0.69814,0.70786,0.69562,0.70765,199560
2026-03-10,0.70726,0.71684,0.70533,0.71181,155298
2026-03-11,0.71181,0.71874,0.71126,0.71519,131876
2026-03-12,0.7146,0.71608,0.70722,0.70755,131354
2026-03-13,0.70746,0.70923,0.69793,0.69802,136649
2026-03-16,0.69911,0.70827,0.69858,0.70712,106398
2026-03-17,0.70689,0.71183,0.70491,0.71043,98478
2026-03-18,0.71022,0.71234,0.70182,0.70227,99652
2026-03-19,0.70207,0.71089,0.69997,0.7087,159206
2026-03-20,0.70801,0.70972,0.70052,0.70198,118190
2026-03-23,0.69963,0.70624,0.69106,0.70091,191457
2026-03-24,0.70092,0.70242,0.69383,0.69967,162851
2026-03-25,0.69927,0.70039,0.69427,0.69463,115199
2026-03-26,0.69462,0.69569,0.68755,0.68866,93953
2026-03-27,0.68827,0.69121,0.68643,0.6872,88994
2026-03-30,0.68614,0.68743,0.68333,0.68523,90345
2026-03-31,0.68508,0.69038,0.68342,0.68998,112821
2026-04-01,0.6894,0.69633,0.68915,0.69285,94493
2026-04-02,0.69272,0.69407,0.68599,0.691,100794
2026-04-03,0.69077,0.6916,0.68804,0.68804,25068
2026-04-06,0.68792,0.6938,0.68762,0.6918,75400
2026-04-07,0.69087,0.69785,0.68985,0.6976,93156
2026-04-08,0.69684,0.70846,0.69644,0.70429,115739
2026-04-09,0.70413,0.70949,0.70221,0.70827,72424
2026-04-10,0.7079,0.70938,0.70536,0.7068,61808
2026-04-13,0.6985,0.71005,0.69843,0.70956,72634
2026-04-14,0.70908,0.71479,0.70771,0.71261,61720
2026-04-15,0.71225,0.71775,0.71012,0.71705,60866
2026-04-16,0.71661,0.71973,0.71522,0.71616,66641
2026-04-17,0.71603,0.72219,0.71495,0.71675,70948
2026-04-20,0.71206,0.71801,0.71134,0.71779,74719
2026-04-21,0.71653,0.71859,0.71302,0.71539,78084
2026-04-22,0.71498,0.71762,0.71448,0.71605,63928
2026-04-23,0.71595,0.71668,0.7111,0.71282,90844
2026-04-24,0.71273,0.71552,0.71146,0.71518,72771
2026-04-27,0.71274,0.72,0.71246,0.71853,56592
2026-04-28,0.71834,0.71948,0.71509,0.71816,73343
2026-04-29,0.71797,0.71897,0.71017,0.71158,83461
2026-04-30,0.71137,0.72033,0.71092,0.72013,96406
2026-05-01,0.71896,0.72278,0.71835,0.71996,66426
2026-05-04,0.72025,0.72204,0.71534,0.71666,83260
2026-05-05,0.71592,0.71978,0.71357,0.71826,58966
2026-05-06,0.71814,0.72777,0.71722,0.7237,87864
2026-05-07,0.7236,0.72642,0.72041,0.72054,77333
2026-05-08,0.72055,0.72492,0.72001,0.72456,70596
2026-05-11,0.72165,0.72596,0.72135,0.72489,58929
2026-05-12,0.72463,0.72524,0.72088,0.72399,76110
2026-05-13,0.72386,0.72717,0.72306,0.72576,60619
2026-05-14,0.72553,0.72643,0.72159,0.72197,66770
2026-05-15,0.72118,0.7223,0.71396,0.7145,91693
2026-05-18,0.71415,0.71843,0.71186,0.71683,98984
2026-05-19,0.71526,0.71767,0.70795,0.71064,88670
2026-05-20,0.71,0.7174,0.70869,0.71525,82806
2026-05-21,0.71476,0.71685,0.71,0.71491,94817
2026-05-22,0.71494,0.7153,0.71164,0.71274,70956
2026-05-25,0.71543,0.71817,0.71484,0.71749,37555
2026-05-26,0.71719,0.71763,0.71554,0.71668,54297
2026-05-27,0.71656,0.71796,0.71238,0.71413,68391
2026-05-28,0.71368,0.71697,0.70978,0.71623,74478
2026-05-29,0.71535,0.72006,0.71491,0.71844,64906
2026-06-01,0.71688,0.71903,0.71346,0.71602,63950
2026-06-02,0.71551,0.7188,0.71515,0.71793,53532
2026-06-03,0.71799,0.71818,0.71266,0.71274,61316
2026-06-04,0.71273,0.7149,0.71224,0.7133,63543
2026-06-05,0.71326,0.71437,0.70375,0.70397,83237
2026-06-08,0.70192,0.70782,0.70188,0.70448,99869
2026-06-09,0.70437,0.70706,0.70051,0.70271,102538
2026-06-10,0.70256,0.70374,0.69944,0.69965,118071
2026-06-11,0.69958,0.7055,0.69791,0.70513,108695
2026-06-12,0.70456,0.70599,0.70212,0.70414,99943
2026-06-15,0.70376,0.70884,0.70376,0.70699,61534
2026-06-16,0.70701,0.70798,0.70421,0.70667,57088
2026-06-17,0.70654,0.70755,0.69949,0.70131,68036
2026-06-18,0.70137,0.70416,0.70008,0.70135,75051
2026-06-19,0.70014,0.70243,0.69893,0.7008,63064
2026-06-22,0.70014,0.70192,0.6994,0.70003,67139
2026-06-23,0.7001,0.70036,0.69069,0.69159,75905
2026-06-24,0.69162,0.69234,0.68825,0.69001,82251
2026-06-25,0.68934,0.69273,0.68869,0.69102,72997
2026-06-26,0.69088,0.69172,0.68754,0.68909,73943
2026-06-29,0.68866,0.69043,0.68774,0.68864,53117
2026-06-30,0.68848,0.69298,0.68653,0.69196,53035
2026-07-01,0.69187,0.69202,0.68827,0.68932,53830
2026-07-02,0.68931,0.69434,0.68841,0.69219,74009
2026-07-03,0.69176,0.69496,0.69039,0.69357,48451
2026-07-06,0.69314,0.6959,0.69219,0.69562,42047
2026-07-07,0.69504,0.69602,0.69213,0.69285,52104
2026-07-08,0.69249,0.69467,0.69064,0.69302,71104
2026-07-09,0.69267,0.69471,0.69216,0.69411,48784
2026-07-10,0.69403,0.69697,0.69337,0.69524,48577
2026-07-13,0.69446,0.69496,0.69131,0.69169,66943
2026-07-14,0.6916,0.69926,0.69126,0.69741,71120
2026-07-15,0.6974,0.70211,0.69668,0.7006,57159
2026-07-16,0.69997,0.70125,0.69862,0.69974,52864
2026-07-17,0.69919,0.7001,0.69661,0.6981,60494
2026-07-20,0.69639,0.70148,0.69623,0.69985,52863
2026-07-21,0.69914,0.70268,0.699,0.69978,44491
2026-07-22,0.69987,0.70125,0.69804,0.6997,47380
2026-07-23,0.6996,0.7021,0.69623,0.69677,62081
2026-07-24,0.69664,0.7001,0.69631,0.69817,53765
2026-07-27,0.69956,0.70112,0.69854,0.69893,58961
2026-07-28,0.69882,0.69966,0.69625,0.69738,60090
2026-07-29,0.69736,0.69888,0.69223,0.69549,79469
2026-07-30,0.69538,0.70333,0.69462,0.70296,76654
2026-07-31,0.70241,0.70446,0.69914,0.70349,68744
2026-08-03,0.70446,0.70502,0.69838,0.70004,55841
2026-08-04,0.69962,0.70485,0.69962,0.70462,49045
2026-08-05,0.7046,0.70647,0.7038,0.70569,56699
2026-08-06,0.70565,0.70604,0.70226,0.7032,49347
2026-08-07,0.70321,0.70778,0.70223,0.70664,50379
2026-08-10,0.70559,0.70742,0.70532,0.70539,41926
2026-08-11,0.70495,0.70694,0.70401,0.70618,44689
2026-08-12,0.70536,0.70911,0.70536,0.70626,40845
2026-08-13,0.70606,0.70673,0.70439,0.70596,43850
2026-08-14,0.70547,0.70958,0.705,0.70835,42273
2026-08-17,0.70794,0.71294,0.70765,0.71036,42802
2026-08-18,0.71043,0.71198,0.70824,0.70854,42922
2026-08-19,0.7086,0.71289,0.70669,0.71245,66112
2026-08-20,0.71246,0.71327,0.71028,0.71131,62069
2026-08-21,0.71115,0.71801,0.71045,0.71694,52975
2026-08-24,0.71576,0.71767,0.71405,0.71499,50166
2026-08-25,0.71494,0.71684,0.71375,0.7164,44274
2026-08-26,0.71499,0.7188,0.71499,0.71734,41318
2026-08-27,0.716,0.71979,0.716,0.71948,37918
2026-08-28,0.71928,0.7208,0.71555,0.716,46346
2026-08-31,0.71526,0.71709,0.71519,0.71667,47213
2026-09-01,0.71568,0.71806,0.71389,0.71443,49828
2026-09-02,0.71438,0.71756,0.71214,0.71702,57115
2026-09-03,0.71654,0.7208,0.71574,0.72001,60581
2026-09-04,0.71996,0.72145,0.71746,0.72046,49513
2026-09-07,0.7192,0.72247,0.7192,0.72188,29655
2026-09-08,0.72178,0.72308,0.72047,0.72162,55357
2026-09-09,0.72159,0.72378,0.72099,0.72176,46902
2026-09-10,0.72168,0.7223,0.71553,0.71559,60527
2026-09-11,0.7157,0.71875,0.715,0.71701,68927
2026-09-14,0.71574,0.71669,0.71082,0.71394,55421
2026-09-15,0.7139,0.71413,0.71171,0.7131,48268
2026-09-16,0.71311,0.71398,0.70749,0.70863,53158
2026-09-17,0.70875,0.7126,0.70829,0.71096,46318
2026-09-18,0.71095,0.71362,0.70985,0.71246,48305
2026-09-21,0.71036,0.71403,0.70999,0.71191,33466
2026-09-22,0.7118,0.7126,0.70923,0.71147,57447
2026-09-23,0.71147,0.71175,0.70258,0.70391,54895
2026-09-24,0.70362,0.70452,0.70058,0.70117,62860
2026-09-25,0.70117,0.70428,0.70041,0.70247,55966
2026-09-28,0.70072,0.70393,0.70062,0.70172,56573
2026-09-29,0.70182,0.70291,0.6966,0.69861,63181
2026-09-30,0.69852,0.69948,0.69425,0.69441,63344
2026-10-01,0.69435,0.69563,0.69039,0.6931,73165
2026-10-02,0.69282,0.69756,0.6913,0.69545,65464
