time,open,high,low,close,volume
2015-01-02,145.134,145.312,144.126,144.597,74722
2015-01-05,143.967,144.152,142.297,142.731,139789
2015-01-06,142.732,142.766,140.728,140.742,147882
2015-01-07,140.741,141.659,140.559,141.173,145442
2015-01-08,141.175,141.716,140.702,141.06,129879
2015-01-09,141.063,141.356,140.18,140.274,140655
2015-01-12,140.184,140.87,139.749,140.023,126749
2015-01-13,140.028,140.498,138.312,138.803,150850
2015-01-14,138.8,138.89,136.996,138.307,159398
2015-01-15,138.309,138.782,134.993,135.09,167810
2015-01-16,135.081,136.171,134.695,135.887,163491
2015-01-19,135.691,136.814,135.129,136.402,78781
2015-01-20,136.434,137.626,136.407,137.188,71931
2015-01-21,137.19,137.276,135.797,136.927,81836
2015-01-22,136.96,137.297,134.21,134.629,85429
2015-01-23,134.622,135.043,130.916,131.924,91981
2015-01-26,131.011,133.7,130.138,133.09,77686
2015-01-27,133.097,134.206,132.488,134.128,87228
2015-01-28,134.127,134.353,132.44,132.661,102808
2015-01-29,132.653,134.056,132.381,133.849,81279
2015-01-30,133.879,134.171,132.36,132.592,78474
2015-02-02,132.269,133.593,132.269,133.342,99054
2015-02-03,133.279,135.187,132.383,134.93,109925
2015-02-04,134.937,135.352,132.545,133.023,105561
2015-02-05,133.012,135.157,132.558,134.857,116321
2015-02-06,134.854,135.183,133.918,134.742,103068
2015-02-09,134.445,134.99,133.678,134.327,95961
2015-02-10,134.33,135.285,134.039,135.177,110525
2015-02-11,135.173,136.683,135.026,136.537,100128
2015-02-12,136.534,136.672,134.799,135.811,112879
2015-02-13,135.805,136.027,135.107,135.242,94619
2015-02-16,135.047,135.551,133.991,134.506,85688
2015-02-17,134.507,136.226,133.933,136.054,108201
2015-02-18,136.055,136.097,135.074,135.372,106278
2015-02-19,135.364,135.938,134.952,135.208,96010
2015-02-20,135.203,135.894,133.557,135.396,101436
2015-02-23,135.697,135.697,134.444,134.665,80634
2015-02-24,134.663,135.581,134.517,134.897,88239
2015-02-25,134.882,135.222,134.568,135.027,86097
2015-02-26,135.005,135.366,133.544,133.701,89555
2015-02-27,133.706,134.266,133.444,133.919,93950
2015-03-02,133.854,134.588,133.669,134.331,82878
2015-03-03,134.333,134.431,133.68,133.789,87429
2015-03-04,133.811,133.847,132.403,132.563,87592
2015-03-05,132.564,133.569,132.113,132.492,92066
2015-03-06,132.499,132.555,130.885,130.991,93080
2015-03-09,130.83,131.804,130.702,131.521,88663
2015-03-10,131.52,131.87,129.203,129.397,108749
2015-03-11,129.425,129.954,127.619,128.095,106324
2015-03-12,128.11,129.018,127.66,128.856,106582
2015-03-13,128.864,129.056,126.899,127.379,107224
2015-03-16,127.285,128.79,127.145,128.25,107630
2015-03-17,128.279,129.152,128.081,128.59,104180
2015-03-18,128.592,131.629,128.26,130.179,112165
2015-03-19,130.196,130.84,128.36,128.71,125183
2015-03-20,128.716,130.694,128.704,129.856,100146
2015-03-23,130.24,131.346,129.286,130.998,97015
2015-03-24,130.996,131.505,130.347,130.726,123788
2015-03-25,130.731,131.408,130.577,131.069,79464
2015-03-26,131.071,131.097,129.481,129.637,114802
2015-03-27,129.648,130.407,129.027,129.687,105190
2015-03-30,129.687,130.181,129.299,130.063,97707
2015-03-31,130.061,130.248,128.602,128.887,110585
2015-04-01,128.886,129.446,128.393,128.884,86847
2015-04-02,128.866,130.488,128.606,130.232,76241
2015-04-03,130.245,130.96,130.006,130.31,49655
2015-04-06,130.774,131.287,130.408,130.546,55056
2015-04-07,130.54,131.035,130.007,130.043,85506
2015-04-08,130.057,130.352,129.391,129.498,94313
2015-04-09,129.483,129.759,128.237,128.515,90279
2015-04-10,128.514,128.78,127.196,127.451,88826
2015-04-13,127.451,127.823,126.502,126.917,84799
2015-04-14,126.925,127.624,126.09,127.193,97789
2015-04-15,127.178,127.481,126.276,127.353,98920
2015-04-16,127.353,128.574,126.748,127.977,122741
2015-04-17,127.977,128.72,127.763,128.536,109098
2015-04-20,128.536,128.751,127.593,127.998,89619
2015-04-21,127.998,128.769,127.452,128.416,110361
2015-04-22,128.416,128.959,128.177,128.551,113268
2015-04-23,128.551,129.673,127.874,129.438,122891
2015-04-24,129.438,130.111,128.831,129.335,124709
2015-04-27,129.16,129.978,129.006,129.596,112147
2015-04-28,129.624,130.677,129.353,130.535,134449
2015-04-29,130.468,132.891,130.257,132.444,152182
2015-04-30,132.449,134.512,131.304,134.003,198062
2015-05-01,133.954,135.284,133.899,134.497,131115
2015-05-04,134.565,134.72,133.699,133.917,82061
2015-05-05,133.826,134.488,133.111,134.067,24433
2015-05-06,134.058,135.676,134.01,135.499,48398
2015-05-07,135.532,135.999,134.191,134.878,20807
2015-05-08,134.883,135.226,134.079,134.206,26888
2015-05-11,134.057,134.222,133.48,133.921,75383
2015-05-12,133.94,135.286,133.745,134.385,134552
2015-05-13,134.386,135.497,134.199,135.269,113921
2015-05-14,135.258,136.415,135.195,135.937,143242
2015-05-15,135.928,136.811,135.69,136.655,109821
2015-05-18,136.577,136.954,135.578,135.743,103997
2015-05-19,135.726,135.819,133.932,134.551,143573
2015-05-20,134.552,134.818,133.906,134.608,152921
2015-05-21,134.565,135.335,134.21,134.468,139923
2015-05-22,134.486,135.322,133.715,133.876,135371
2015-05-25,133.701,133.822,133.239,133.421,81937
2015-05-26,133.415,134.5,133.089,133.816,140162
2015-05-27,133.84,135.002,133.767,134.801,142859
2015-05-28,134.801,135.843,134.742,135.692,157636
2015-05-29,135.696,136.419,135.42,136.402,143390
2015-06-01,136.276,136.58,135.12,136.318,159918
2015-06-02,136.315,138.85,136.095,138.386,240585
2015-06-03,138.38,140.128,138.036,140.053,135136
2015-06-04,140.052,141.05,139.556,139.734,68562
2015-06-05,139.738,140.687,139.026,139.589,234508
2015-06-08,139.411,140.74,139.035,140.53,205039
2015-06-09,140.546,141.0,139.363,140.282,226479
2015-06-10,140.24,140.666,138.428,138.895,259317
2015-06-11,138.895,139.604,138.572,138.908,209102
2015-06-12,138.907,139.313,137.979,138.92,165443
2015-06-15,138.157,139.339,138.1,139.211,136611
2015-06-16,139.23,139.991,138.248,138.73,184702
2015-06-17,138.722,139.997,138.673,139.897,208318
2015-06-18,139.911,140.663,139.488,139.675,220365
2015-06-19,139.661,140.074,138.918,139.212,177949
2015-06-22,139.832,140.627,139.26,139.891,189953
2015-06-23,139.878,140.02,138.202,138.388,198868
2015-06-24,138.392,139.158,138.243,138.738,192615
2015-06-25,138.739,138.88,137.656,138.508,177221
2015-06-26,138.49,138.669,137.793,138.347,170524
2015-06-29,135.387,138.114,134.45,137.674,236669
2015-06-30,137.664,137.735,135.874,136.504,225960
2015-07-01,136.538,137.407,136.023,136.153,201866
2015-07-02,136.119,136.905,136.034,136.368,194809
2015-07-03,136.396,136.845,135.907,136.373,148008
2015-07-06,133.95,136.049,133.858,135.49,228623
2015-07-07,135.49,135.666,133.502,134.883,229699
2015-07-08,134.884,134.951,133.298,133.689,261837
2015-07-09,133.69,135.058,133.298,133.871,230409
2015-07-10,133.876,137.277,133.793,136.925,230825
2015-07-13,135.738,137.785,135.732,135.776,214352
2015-07-14,135.775,136.364,135.273,135.806,196164
2015-07-15,135.803,136.37,135.347,135.474,197225
2015-07-16,135.473,135.87,134.74,134.971,201031
2015-07-17,134.971,135.264,134.325,134.348,168507
2015-07-20,134.373,135.042,134.339,134.481,166341
2015-07-21,134.491,135.764,134.46,135.434,228068
2015-07-22,135.429,135.622,134.842,135.452,296371
2015-07-23,135.44,136.431,135.405,136.064,232442
2015-07-24,135.98,136.281,135.526,135.909,176627
2015-07-27,135.863,137.1,135.746,136.653,198848
2015-07-28,136.635,136.975,136.367,136.638,215048
2015-07-29,136.635,136.929,135.97,136.125,219566
2015-07-30,136.084,136.485,135.534,135.699,205208
2015-07-31,135.678,137.342,135.574,136.029,226520
2015-08-03,135.959,136.44,135.586,135.819,208929
2015-08-04,135.789,136.164,135.269,135.303,235229
2015-08-05,135.318,136.196,134.991,136.113,222162
2015-08-06,136.134,136.486,135.798,136.235,200391
2015-08-07,136.211,136.716,135.551,136.173,168708
2015-08-10,136.111,137.415,136.097,137.255,124499
2015-08-11,137.274,138.367,136.782,138.055,171970
2015-08-12,138.128,138.858,138.011,138.525,184463
2015-08-13,138.549,138.852,138.074,138.697,147854
2015-08-14,138.691,138.851,137.927,138.11,146900
2015-08-17,138.132,138.395,137.58,137.583,179575
2015-08-18,137.75,137.898,137.058,137.071,191395
2015-08-19,137.148,137.839,137.059,137.506,221315
2015-08-20,137.624,138.724,137.598,138.668,218213
2015-08-21,138.659,139.01,138.162,138.914,269858
2015-08-24,138.612,138.953,135.99,137.281,347212
2015-08-25,137.535,138.61,136.48,136.859,317385
2015-08-26,136.884,137.591,135.446,135.532,308510
2015-08-27,135.65,136.408,135.256,135.99,268621
2015-08-28,136.054,136.612,135.296,136.085,243176
2015-08-31,135.886,136.353,135.673,135.867,180332
2015-09-01,135.843,136.238,134.671,135.047,256489
2015-09-02,135.039,135.794,134.722,135.083,235756
2015-09-03,135.047,135.363,133.122,133.542,214903
2015-09-04,133.519,133.664,132.225,132.692,219128
2015-09-07,132.66,133.349,132.643,133.197,180248
2015-09-08,133.177,134.403,132.967,134.179,205153
2015-09-09,134.161,135.191,134.161,135.045,231482
2015-09-10,134.982,136.192,134.747,136.022,245805
2015-09-11,135.964,136.92,135.723,136.712,198213
2015-09-14,136.552,137.045,135.49,135.998,185763
2015-09-15,135.993,136.408,134.994,135.663,192885
2015-09-16,135.682,136.631,135.15,136.083,186566
2015-09-17,136.105,137.441,136.046,137.215,201698
2015-09-18,137.199,137.298,135.242,135.54,227033
2015-09-21,135.515,136.134,134.766,134.882,186768
2015-09-22,134.884,134.964,133.313,133.636,184609
2015-09-23,133.63,134.686,133.151,134.512,196532
2015-09-24,134.492,134.866,134.002,134.818,235230
2015-09-25,134.855,135.385,134.111,135.024,235609
2015-09-28,134.794,134.97,133.935,134.794,224856
2015-09-29,134.811,134.957,134.234,134.681,236741
2015-09-30,134.664,135.113,133.571,133.966,222375
2015-10-01,133.961,134.238,133.433,134.225,221265
2015-10-02,134.2,134.878,133.936,134.394,226846
2015-10-05,134.65,135.71,134.409,134.734,239486
2015-10-06,134.732,135.599,134.4,135.491,197050
2015-10-07,135.482,135.628,134.613,134.834,214490
2015-10-08,134.839,135.588,134.724,135.217,197929
2015-10-09,135.202,136.952,135.049,136.529,205840
2015-10-12,136.493,136.932,136.23,136.314,150096
2015-10-13,136.306,136.593,136.003,136.225,170534
2015-10-14,136.222,136.612,136.144,136.325,189927
2015-10-15,136.3,136.74,134.799,135.323,200510
2015-10-16,135.427,135.983,134.952,135.549,177278
2015-10-19,135.552,135.937,135.073,135.374,181043
2015-10-20,135.287,136.221,135.261,135.925,154235
2015-10-21,135.927,136.385,135.88,135.972,165228
2015-10-22,135.956,136.064,134.049,134.063,196227
2015-10-23,134.05,134.261,133.367,133.795,209378
2015-10-26,133.697,133.898,133.141,133.736,160727
2015-10-27,133.736,133.86,132.729,132.982,165631
2015-10-28,132.968,133.549,131.967,132.332,168391
2015-10-29,132.332,133.027,131.595,132.991,169920
2015-10-30,132.992,133.385,132.197,132.722,191163
2015-11-02,132.883,133.204,132.618,132.994,156584
2015-11-03,132.987,133.116,132.543,132.692,144618
2015-11-04,132.734,132.903,131.841,132.052,176454
2015-11-05,132.065,132.722,131.858,132.487,177581
2015-11-06,132.447,132.71,131.507,132.29,158829
2015-11-09,132.275,133.189,132.172,132.414,184914
2015-11-10,132.372,132.783,131.62,132.079,183990
2015-11-11,132.018,132.405,131.651,131.974,171377
2015-11-12,131.914,132.752,131.477,132.509,212039
2015-11-13,132.503,132.614,131.556,131.983,192412
2015-11-16,131.241,132.208,130.639,131.619,181664
2015-11-17,131.624,131.796,131.196,131.355,176779
2015-11-18,131.343,131.777,131.115,131.747,163477
2015-11-19,131.729,132.269,131.427,131.85,186160
2015-11-20,131.837,131.958,130.69,130.703,165297
2015-11-23,130.685,131.041,130.349,130.627,174384
2015-11-24,130.655,130.794,130.193,130.407,184949
2015-11-25,130.433,130.761,129.772,130.334,185703
2015-11-26,130.277,130.368,129.889,130.03,135242
2015-11-27,130.119,130.247,129.665,129.96,147593
2015-11-30,130.042,130.293,129.81,130.043,156907
2015-12-01,129.994,130.806,129.752,130.617,171185
2015-12-02,130.636,130.973,130.297,130.829,170845
2015-12-03,130.837,134.496,129.84,134.109,221754
2015-12-04,134.079,134.588,133.322,133.907,220359
2015-12-07,133.904,134.117,133.294,133.673,160450
2015-12-08,133.668,134.002,133.477,133.896,178512
2015-12-09,133.857,134.215,133.52,133.874,210646
2015-12-10,133.875,134.115,132.767,133.024,183239
2015-12-11,132.962,133.779,132.625,132.926,204454
2015-12-14,133.048,133.235,132.435,133.019,219127
2015-12-15,133.019,133.525,132.699,132.953,194193
2015-12-16,132.924,133.781,132.869,133.335,204239
2015-12-17,133.341,133.379,132.589,132.659,192581
2015-12-18,132.648,133.78,131.031,131.583,214270
2015-12-21,131.549,132.342,131.492,132.243,170541
2015-12-22,132.23,132.793,132.093,132.648,170851
2015-12-23,132.558,132.624,131.5,131.901,131062
2015-12-24,131.918,132.001,131.585,131.796,80066
2015-12-28,131.6,132.46,131.589,132.043,108693
2015-12-29,132.035,132.349,131.355,131.561,149918
2015-12-30,131.559,131.918,131.445,131.739,113066
2015-12-31,131.7,131.773,130.467,130.564,90074
2016-01-04,130.657,130.76,128.674,129.37,220271
2016-01-05,129.303,129.474,127.516,127.939,198584
2016-01-06,127.893,128.182,127.017,127.706,228641
2016-01-07,127.693,128.628,126.78,128.584,266904
2016-01-08,128.494,129.085,128.073,128.073,259865
2016-01-11,127.888,128.462,127.306,127.864,256011
2016-01-12,127.868,128.006,127.452,127.733,236412
2016-01-13,127.669,128.543,127.632,127.974,231939
2016-01-14,127.972,128.751,127.738,128.232,257345
2016-01-15,128.176,128.41,127.583,127.67,261961
2016-01-18,127.459,127.943,127.346,127.821,202483
2016-01-19,127.763,128.553,127.744,128.281,252222
2016-01-20,128.243,128.365,126.624,127.322,285380
2016-01-21,127.308,128.19,126.16,127.966,296300
2016-01-22,127.971,128.428,127.415,128.231,237529
2016-01-25,128.011,128.544,127.85,128.318,223483
2016-01-26,128.32,128.716,127.816,128.696,219267
2016-01-27,128.7,129.478,128.247,129.257,250836
2016-01-28,129.235,130.216,128.94,129.964,240294
2016-01-29,129.968,132.289,129.575,131.168,289237
2016-02-01,131.396,132.021,131.221,131.709,213874
2016-02-02,131.694,131.967,130.892,130.969,223686
2016-02-03,130.955,131.001,130.049,130.859,284262
2016-02-04,130.873,131.655,130.634,130.853,301967
2016-02-05,130.856,131.015,130.156,130.316,250633
2016-02-08,130.141,130.899,128.759,129.649,259949
2016-02-09,129.654,130.26,128.267,130.017,315257
2016-02-10,129.919,130.11,127.739,127.954,333916
2016-02-11,127.952,128.096,125.771,127.277,308139
2016-02-12,127.26,127.653,126.365,127.359,301013
2016-02-15,127.371,127.957,127.244,127.791,246828
2016-02-16,127.804,128.166,126.613,127.079,253521
2016-02-17,127.113,127.391,126.626,126.923,247668
2016-02-18,126.9,127.159,125.589,125.75,250295
2016-02-19,125.754,125.951,125.014,125.254,230046
2016-02-22,125.092,125.558,124.366,124.515,220339
2016-02-23,124.465,124.613,123.062,123.509,245770
2016-02-24,123.522,123.618,122.45,123.525,264103
2016-02-25,123.526,124.637,123.269,124.484,272466
2016-02-26,124.487,125.004,124.216,124.571,239372
2016-02-29,124.352,124.462,122.45,122.515,259155
2016-03-01,122.518,124.076,122.076,123.874,238413
2016-03-02,123.886,124.357,123.086,123.328,251805
2016-03-03,123.31,124.594,123.257,124.534,240779
2016-03-04,124.52,125.587,123.93,125.214,213709
2016-03-07,125.178,125.237,124.239,124.933,209744
2016-03-08,124.884,125.004,123.844,124.005,224090
2016-03-09,124.003,124.882,123.055,124.635,205396
2016-03-10,124.627,126.767,123.647,126.563,238148
2016-03-11,126.467,127.284,126.059,126.864,209753
2016-03-14,126.937,127.15,126.073,126.32,190153
2016-03-15,126.32,126.713,125.091,125.699,208248
2016-03-16,125.687,126.52,125.545,126.316,206557
2016-03-17,126.337,126.619,125.325,126.058,240441
2016-03-18,126.058,126.193,125.262,125.709,194685
2016-03-21,125.695,126.072,125.216,125.83,167658
2016-03-22,125.85,126.269,124.669,126.025,183396
2016-03-23,126.017,126.246,125.501,125.639,194333
2016-03-24,125.641,126.178,125.383,126.11,151254
2016-03-25,126.108,126.457,125.901,126.224,98711
2016-03-28,126.297,127.053,126.253,126.995,103856
2016-03-29,126.958,127.445,126.774,127.214,185987
2016-03-30,127.265,127.821,126.777,127.486,196420
2016-03-31,127.426,128.216,126.959,128.1,189727
2016-04-01,128.079,128.162,127.091,127.106,207645
2016-04-04,127.189,127.348,126.446,126.77,180338
2016-04-05,126.724,126.835,125.243,125.58,213163
2016-04-06,125.564,125.834,124.855,125.13,201211
2016-04-07,125.13,125.301,122.548,123.076,215544
2016-04-08,123.076,124.227,122.973,123.104,182228
2016-04-11,123.267,123.724,122.831,123.162,186166
2016-04-12,123.11,123.995,123.066,123.554,192749
2016-04-13,123.57,123.86,123.008,123.249,190785
2016-04-14,123.255,123.416,122.718,123.23,174296
2016-04-15,123.182,123.562,122.588,122.671,156484
2016-04-18,122.27,123.349,121.71,123.078,167823
2016-04-19,123.054,124.434,123.044,124.017,160909
2016-04-20,124.02,124.33,123.538,124.059,167271
2016-04-21,124.018,124.961,123.358,123.531,172338
2016-04-22,123.531,125.499,123.401,125.415,173631
2016-04-25,125.463,125.528,124.798,125.278,153629
2016-04-26,125.274,125.971,124.688,125.723,151938
2016-04-27,125.762,126.317,125.441,126.201,163418
2016-04-28,126.191,126.466,122.515,122.686,206327
2016-04-29,122.688,122.947,121.664,121.751,189673
2016-05-02,121.726,122.909,121.719,122.73,166253
2016-05-03,122.73,122.758,122.118,122.525,198352
2016-05-04,122.527,123.514,122.291,122.903,201498
2016-05-05,122.916,123.124,122.091,122.313,159114
2016-05-06,122.307,122.453,121.477,122.098,177666
2016-05-09,122.006,123.703,121.995,123.276,159108
2016-05-10,123.285,124.436,123.263,124.253,168124
2016-05-11,124.243,124.383,123.595,123.866,157986
2016-05-12,123.859,124.648,123.682,124.003,177018
2016-05-13,123.953,124.122,122.719,122.721,183383
2016-05-16,122.849,123.505,122.61,123.407,148476
2016-05-17,123.41,124.169,123.235,123.453,180808
2016-05-18,123.492,123.908,122.954,123.583,203006
2016-05-19,123.573,123.774,122.925,123.167,184462
2016-05-20,123.179,124.038,123.05,123.512,148115
2016-05-23,123.36,123.639,122.382,122.542,149333
2016-05-24,122.539,122.726,122.342,122.524,162258
2016-05-25,122.514,123.111,122.451,122.917,151334
2016-05-26,122.86,123.065,122.256,122.856,159857
2016-05-27,122.851,123.078,122.213,122.497,147083
2016-05-30,122.692,123.896,122.637,123.746,114606
2016-05-31,123.753,124.185,122.968,123.239,194874
2016-06-01,123.231,123.309,121.894,122.532,204116
2016-06-02,122.53,122.607,121.054,121.396,198765
2016-06-03,121.36,121.67,120.824,121.07,218683
2016-06-06,120.974,122.328,120.82,122.103,206283
2016-06-07,122.087,122.694,121.652,121.893,184451
2016-06-08,121.884,122.015,121.327,121.896,183179
2016-06-09,121.892,122.032,120.319,121.197,194244
2016-06-10,121.2,121.2,119.903,120.279,194359
2016-06-13,120.133,120.316,118.995,119.924,229936
2016-06-14,119.919,120.113,118.51,118.86,231026
2016-06-15,118.91,119.482,118.713,119.358,216923
2016-06-16,119.345,119.434,115.495,117.001,266882
2016-06-17,117.047,118.09,116.892,117.329,218547
2016-06-20,117.362,119.134,117.344,117.564,204233
2016-06-21,117.607,118.681,117.306,117.776,193179
2016-06-22,117.77,118.603,117.422,117.899,178596
2016-06-23,117.896,120.928,117.843,120.763,173503
2016-06-24,120.633,121.965,109.426,113.397,273209
2016-06-27,111.755,113.241,111.366,112.427,266462
2016-06-28,112.372,113.851,111.917,113.677,217509
2016-06-29,113.651,114.493,112.94,114.382,204234
2016-06-30,114.368,114.794,113.334,114.581,230563
2016-07-01,114.549,114.747,113.671,114.176,186131
2016-07-04,114.167,114.507,113.955,114.349,136510
2016-07-05,114.334,114.359,112.386,112.672,182391
2016-07-06,112.672,112.673,110.817,112.423,222506
2016-07-07,112.369,112.517,111.212,111.439,185790
2016-07-08,111.433,111.856,110.862,110.913,174648
2016-07-11,111.142,113.774,111.015,113.647,164676
2016-07-12,113.639,116.42,113.278,115.758,224022
2016-07-13,115.767,116.221,114.916,115.869,220241
2016-07-14,115.814,118.028,115.363,117.122,233258
2016-07-15,117.128,118.401,115.407,115.564,211209
2016-07-18,116.414,117.687,116.31,117.559,165057
2016-07-19,117.533,117.762,116.566,116.931,177690
2016-07-20,116.858,117.922,116.528,117.708,172528
2016-07-21,117.708,118.461,116.143,116.645,213131
2016-07-22,116.652,117.27,116.214,116.366,177213
2016-07-25,116.441,116.959,116.216,116.321,151428
2016-07-26,116.298,116.41,114.45,114.935,167316
2016-07-27,114.88,117.136,114.88,116.541,187464
2016-07-28,116.531,116.839,115.814,116.574,168111
2016-07-29,116.509,116.868,113.876,114.031,217158
2016-08-01,114.208,114.73,113.9,114.302,148172
2016-08-02,114.284,114.805,113.002,113.204,164920
2016-08-03,113.138,113.635,112.657,112.859,147340
2016-08-04,112.841,113.267,112.475,112.61,145659
2016-08-05,112.614,112.973,112.307,112.873,127630
2016-08-08,112.94,113.75,112.892,113.588,114536
2016-08-09,113.561,113.619,113.028,113.199,112626
2016-08-10,113.142,113.462,112.782,113.167,132709
2016-08-11,113.159,113.69,112.699,113.518,117282
2016-08-12,113.515,114.025,112.728,113.076,126378
2016-08-15,112.929,113.29,112.673,113.227,111862
2016-08-16,113.215,113.272,112.356,113.115,159854
2016-08-17,113.072,113.928,112.822,113.156,154118
2016-08-18,113.156,113.7,112.64,113.392,160354
2016-08-19,113.392,113.874,113.224,113.472,141880
2016-08-22,113.916,113.959,113.4,113.556,148581
2016-08-23,113.546,113.722,113.218,113.319,134557
2016-08-24,113.317,113.579,112.784,113.131,132292
2016-08-25,113.13,113.575,112.928,113.415,114990
2016-08-26,113.413,114.129,113.146,113.854,154714
2016-08-29,114.14,114.686,113.929,114.027,133117
2016-08-30,113.997,114.932,113.848,114.72,137233
2016-08-31,114.677,115.429,114.594,115.378,142312
2016-09-01,115.355,115.821,115.019,115.579,150070
2016-09-02,115.576,116.361,115.488,115.711,156607
2016-09-05,116.072,116.149,115.12,115.257,115917
2016-09-06,115.21,115.673,114.699,114.827,154397
2016-09-07,114.724,114.884,113.804,114.325,152830
2016-09-08,114.314,115.441,114.13,115.421,161606
2016-09-09,115.389,115.941,115.011,115.106,163523
2016-09-12,115.194,115.471,114.242,114.404,173741
2016-09-13,114.418,115.309,113.926,115.054,166989
2016-09-14,115.025,116.078,114.909,115.227,157053
2016-09-15,115.131,115.424,114.638,114.769,162475
2016-09-16,114.733,114.831,113.949,114.062,145500
2016-09-19,113.898,114.28,113.469,113.885,122256
2016-09-20,113.881,114.018,113.411,113.418,134619
2016-09-21,113.378,114.39,112.076,112.253,204012
2016-09-22,112.236,113.49,112.078,112.904,145638
2016-09-23,112.892,113.615,112.874,113.065,152700
2016-09-26,113.338,113.509,112.809,112.914,136098
2016-09-27,112.914,113.567,112.241,112.6,179658
2016-09-28,112.614,113.098,112.454,112.928,168714
2016-09-29,112.903,114.185,112.879,113.329,187334
2016-09-30,113.322,114.117,112.592,113.892,197227
2016-10-03,113.619,114.133,113.585,113.94,136437
2016-10-04,113.923,115.373,113.764,115.303,188748
2016-10-05,115.245,116.25,115.107,115.946,165502
2016-10-06,115.946,116.277,115.713,115.909,159906
2016-10-07,115.893,115.964,115.044,115.093,207545
2016-10-10,115.379,115.73,115.066,115.412,123681
2016-10-11,115.372,115.786,114.007,114.427,182918
2016-10-12,114.382,115.163,114.033,114.66,177246
2016-10-13,114.67,115.141,114.039,114.617,157887
2016-10-14,114.62,115.044,114.207,114.22,168505
2016-10-17,114.409,114.572,114.014,114.262,152818
2016-10-18,114.233,114.679,113.989,114.037,146568
2016-10-19,114.023,114.154,113.112,113.512,141866
2016-10-20,113.489,114.512,113.363,113.6,160257
2016-10-21,113.588,113.85,112.605,112.723,152588
2016-10-24,112.97,113.581,112.83,113.363,137964
2016-10-25,113.328,113.903,113.22,113.469,162296
2016-10-26,113.457,114.195,113.261,113.948,145560
2016-10-27,113.943,114.86,113.697,114.697,169457
2016-10-28,114.715,115.321,114.581,114.808,191011
2016-10-31,114.868,115.261,114.784,114.997,155497
2016-11-01,114.998,115.673,114.791,115.08,186526
2016-11-02,115.08,115.123,114.349,114.646,207267
2016-11-03,114.652,114.764,114.005,114.339,200392
2016-11-04,114.339,114.854,114.132,114.775,193147
2016-11-07,114.959,115.884,114.784,115.329,175909
2016-11-08,115.314,116.005,115.108,115.937,179246
2016-11-09,115.894,115.976,113.71,115.262,405176
2016-11-10,115.254,116.573,114.954,116.324,300243
2016-11-11,116.333,116.483,115.299,115.485,256544
2016-11-14,115.704,116.507,115.547,116.399,251590
2016-11-15,116.401,117.212,116.077,117.061,226058
2016-11-16,117.057,117.48,116.514,116.591,216397
2016-11-17,116.591,117.218,116.248,116.962,244382
2016-11-18,116.961,117.509,116.739,117.177,258714
2016-11-21,118.437,118.437,117.292,117.739,265679
2016-11-22,117.696,118.148,117.383,118.073,250423
2016-11-23,118.064,118.986,117.707,118.696,219726
2016-11-24,118.664,119.763,118.494,119.55,204973
2016-11-25,119.49,120.161,119.298,119.727,248772
2016-11-28,119.674,119.753,118.699,118.781,244428
2016-11-29,118.786,119.969,118.547,119.681,230070
2016-11-30,119.661,121.304,119.448,121.163,257689
2016-12-01,121.149,121.794,120.838,121.594,243393
2016-12-02,121.592,121.885,120.834,120.834,218558
2016-12-05,120.217,123.189,118.687,122.545,249535
2016-12-06,122.499,122.934,121.929,122.175,170737
2016-12-07,122.138,122.587,122.017,122.299,155718
2016-12-08,122.309,123.342,120.907,121.022,207973
2016-12-09,120.956,121.761,120.944,121.505,195756
2016-12-12,121.529,122.925,121.529,122.309,219286
2016-12-13,122.294,122.792,122.068,122.367,225852
2016-12-14,122.368,123.408,122.127,123.282,239434
2016-12-15,123.225,124.091,122.56,123.039,322991
2016-12-16,123.056,123.629,122.828,123.382,269076
2016-12-19,123.041,123.221,121.675,121.782,255184
2016-12-20,121.75,122.792,121.711,122.401,244160
2016-12-21,122.388,122.871,122.064,122.53,226696
2016-12-22,122.494,123.193,122.449,122.63,211591
2016-12-23,122.594,122.762,122.372,122.408,160938
2016-12-26,122.449,122.663,120.699,122.36,41949
2016-12-27,122.333,122.995,122.324,122.78,164066
2016-12-28,122.721,123.24,121.83,122.055,192446
2016-12-29,122.113,122.373,121.591,122.253,246163
2016-12-30,122.189,123.851,122.147,122.683,276341
2017-01-02,122.769,123.504,122.458,122.831,131726
2017-01-03,122.784,123.325,122.263,122.503,252526
2017-01-04,122.481,123.126,122.377,122.941,250837
2017-01-05,122.936,123.114,122.009,122.337,325159
2017-01-06,122.272,123.443,122.115,122.997,278739
2017-01-09,122.974,123.721,122.407,122.652,233303
2017-01-10,122.642,122.936,122.102,122.171,272742
2017-01-11,122.138,122.613,121.237,122.117,300604
2017-01-12,122.091,122.22,121.188,121.722,323635
2017-01-13,121.705,122.413,121.586,121.8,252212
2017-01-16,121.153,121.664,120.755,121.005,217852
2017-01-17,121.0,121.396,120.537,120.63,290459
2017-01-18,120.617,121.987,120.568,121.844,260074
2017-01-19,121.849,122.748,121.717,122.443,292661
2017-01-20,122.443,122.942,122.272,122.434,296556
2017-01-23,122.274,122.472,121.129,121.293,286760
2017-01-24,121.26,122.214,121.19,122.112,266249
2017-01-25,122.024,122.262,121.617,121.714,264199
2017-01-26,121.671,122.661,121.661,122.326,259516
2017-01-27,122.306,123.307,122.216,123.071,236257
2017-01-30,123.006,123.128,121.435,121.645,245829
2017-01-31,121.626,122.251,121.011,121.76,280972
2017-02-01,121.744,122.513,121.585,121.928,259455
2017-02-02,121.902,122.04,121.206,121.333,266577
2017-02-03,121.32,121.759,121.077,121.205,242865
2017-02-06,121.286,121.491,119.95,120.102,232027
2017-02-07,120.069,120.22,119.533,120.047,232057
2017-02-08,119.978,120.097,119.322,119.733,226604
2017-02-09,119.756,120.784,119.518,120.651,210045
2017-02-10,120.606,121.33,120.225,120.227,220878
2017-02-13,120.646,121.169,120.384,120.528,198675
2017-02-14,120.494,120.993,120.211,120.832,213187
2017-02-15,120.775,121.276,120.702,120.999,213130
2017-02-16,120.954,121.164,120.68,120.842,214023
2017-02-17,120.841,121.093,119.481,119.558,196952
2017-02-20,119.72,120.3,119.72,119.988,151876
2017-02-21,119.988,120.311,119.556,119.759,193128
2017-02-22,119.739,119.869,118.592,119.636,217725
2017-02-23,119.592,119.724,119.037,119.144,198512
2017-02-24,119.115,119.501,118.172,118.172,203192
2017-02-27,118.445,119.46,118.246,119.285,200141
2017-02-28,119.322,119.392,118.663,119.251,213700
2017-03-01,119.251,120.218,119.207,119.939,254986
2017-03-02,119.901,120.491,119.873,120.204,211501
2017-03-03,120.198,121.175,120.011,120.88,222330
2017-03-06,120.818,121.139,120.346,120.511,190278
2017-03-07,120.503,120.716,120.385,120.418,179777
2017-03-08,120.402,121.119,120.015,120.503,203064
2017-03-09,120.503,121.875,120.272,121.559,233853
2017-03-10,121.561,122.828,121.495,122.424,230835
2017-03-13,122.637,122.884,122.135,122.353,198300
2017-03-14,122.35,122.628,121.647,121.706,195922
2017-03-15,121.706,122.055,121.196,121.817,207041
2017-03-16,121.818,122.066,121.123,122.042,239720
2017-03-17,122.042,122.249,120.814,121.009,191994
2017-03-20,120.957,121.428,120.71,120.785,162938
2017-03-21,120.783,121.832,120.616,120.793,233420
2017-03-22,120.791,120.846,119.679,120.076,245114
2017-03-23,120.074,120.309,119.319,119.659,229907
2017-03-24,119.658,120.241,119.52,119.97,214732
2017-03-27,120.126,120.315,119.541,120.221,222126
2017-03-28,120.219,120.385,119.693,120.163,197359
2017-03-29,120.14,120.441,119.011,119.517,198825
2017-03-30,119.494,119.845,119.08,119.465,202484
2017-03-31,119.466,119.817,118.341,118.417,204261
2017-04-03,118.734,119.045,118.125,118.323,181254
2017-04-04,118.306,118.364,117.425,118.169,193215
2017-04-05,118.128,118.789,118.014,118.033,198229
2017-04-06,118.021,118.421,117.357,117.927,204196
2017-04-07,117.872,118.16,117.313,117.4,232732
2017-04-10,117.56,118.06,117.452,117.541,162327
2017-04-11,117.541,117.543,116.211,116.222,183866
2017-04-12,116.221,116.542,115.927,116.24,213245
2017-04-13,116.241,116.453,115.714,115.768,205786
2017-04-14,115.793,116.012,114.921,115.695,111852
2017-04-17,115.43,116.028,114.847,115.883,144221
2017-04-18,115.881,116.488,115.739,116.318,203249
2017-04-19,116.321,116.973,116.267,116.581,185511
2017-04-20,116.581,117.815,116.523,117.147,182840
2017-04-21,117.146,117.303,116.464,116.652,170614
2017-04-24,120.497,120.535,118.916,119.265,223086
2017-04-25,119.265,121.641,119.058,121.362,187678
2017-04-26,121.33,121.975,120.911,121.087,220050
2017-04-27,121.08,121.888,120.602,120.946,200671
2017-04-28,120.963,121.996,120.686,121.404,183557
2017-05-01,121.411,122.084,121.293,121.918,136769
2017-05-02,121.863,122.598,121.802,122.463,169924
2017-05-03,122.391,122.86,122.313,122.742,163212
2017-05-04,122.729,123.641,122.579,123.524,191985
2017-05-05,123.526,124.047,122.924,123.674,179954
2017-05-08,124.452,124.459,122.98,123.716,189105
2017-05-09,123.713,124.532,123.648,123.93,180791
2017-05-10,123.932,124.321,123.488,124.181,178621
2017-05-11,124.181,124.421,123.316,123.653,169827
2017-05-12,123.653,123.95,123.304,123.79,164662
2017-05-15,123.686,124.894,123.675,124.864,160304
2017-05-16,124.871,125.812,124.586,125.35,175540
2017-05-17,125.348,125.401,123.633,123.648,233824
2017-05-18,123.655,124.109,122.553,123.764,281734
2017-05-19,123.757,124.938,123.38,124.585,210179
2017-05-22,124.266,125.293,124.115,125.071,175660
2017-05-23,125.071,125.386,124.558,124.983,195746
2017-05-24,124.981,125.403,124.902,125.075,186187
2017-05-25,125.073,125.804,125.038,125.384,157858
2017-05-26,125.384,125.419,124.164,124.328,164872
2017-05-29,124.195,124.639,124.183,124.189,103668
2017-05-30,124.185,124.392,123.152,123.966,168296
2017-05-31,123.96,124.548,123.724,124.548,182774
2017-06-01,124.545,125.087,124.464,124.848,179786
2017-06-02,124.851,125.306,124.419,124.419,175533
2017-06-05,124.426,124.707,124.19,124.325,130996
2017-06-06,124.33,124.389,122.923,123.38,192446
2017-06-07,123.38,123.73,122.627,123.61,182238
2017-06-08,123.61,124.031,123.159,123.377,186671
2017-06-09,123.283,123.857,122.808,123.413,219036
2017-06-12,123.578,123.731,122.787,123.178,162047
2017-06-13,123.122,123.745,123.013,123.378,145351
2017-06-14,123.378,123.637,122.762,122.906,202126
2017-06-15,122.916,123.712,122.396,123.647,227828
2017-06-16,123.647,124.456,123.542,124.046,189242
2017-06-19,124.25,124.497,124.052,124.322,165068
2017-06-20,124.322,124.643,123.919,124.081,191600
2017-06-21,124.066,124.455,123.654,124.38,199268
2017-06-22,124.38,124.437,123.838,124.126,185495
2017-06-23,124.112,124.702,124.016,124.448,157201
2017-06-26,124.429,125.148,124.38,125.071,158150
2017-06-27,125.047,127.477,124.737,127.388,195947
2017-06-28,127.356,127.858,126.483,127.781,222849
2017-06-29,127.762,128.825,127.712,128.317,221768
2017-06-30,128.317,128.599,127.438,128.348,213190
2017-07-03,127.989,128.946,127.989,128.915,177119
2017-07-04,128.915,128.965,128.033,128.512,189591
2017-07-05,128.423,129.081,128.149,128.522,195405
2017-07-06,128.535,129.411,127.992,129.281,196479
2017-07-07,129.253,130.121,129.169,129.753,206714
2017-07-10,129.818,130.393,129.747,129.984,179526
2017-07-11,129.945,130.762,129.937,130.626,191729
2017-07-12,130.621,130.677,129.041,129.111,221698
2017-07-13,129.087,129.654,128.49,129.11,217355
2017-07-14,129.052,129.515,128.587,129.012,206957
2017-07-17,129.006,129.465,128.735,129.263,180872
2017-07-18,129.22,129.742,129.056,129.442,219414
2017-07-19,129.442,129.533,128.574,128.828,194238
2017-07-20,128.855,130.26,128.776,130.115,250525
2017-07-21,130.098,130.501,129.496,129.588,227424
2017-07-24,129.567,129.758,128.867,129.348,194226
2017-07-25,129.348,130.582,129.249,130.374,215718
2017-07-26,130.289,130.603,129.932,130.392,217724
2017-07-27,130.392,130.582,129.543,129.955,256956
2017-07-28,129.955,130.402,129.552,130.035,247188
2017-07-31,129.935,130.573,129.544,130.54,220068
2017-08-01,130.54,130.596,129.833,130.256,233462
2017-08-02,130.171,131.398,130.138,131.33,236304
2017-08-03,131.189,131.33,130.453,130.555,214231
2017-08-04,130.594,131.111,130.092,130.262,227200
2017-08-07,130.343,130.866,130.292,130.618,202795
2017-08-08,130.606,130.821,129.599,129.658,210512
2017-08-09,129.673,129.714,128.433,129.398,229643
2017-08-10,129.398,129.55,128.224,128.599,233534
2017-08-11,128.515,129.155,128.045,129.07,234013
2017-08-14,129.002,129.647,128.915,129.234,202891
2017-08-15,129.234,130.03,129.067,129.883,244741
2017-08-16,129.874,130.392,129.513,129.665,223401
2017-08-17,129.665,129.701,128.365,128.458,254259
2017-08-18,128.458,128.785,127.555,128.407,247565
2017-08-21,128.521,128.781,127.829,128.756,194480
2017-08-22,128.722,129.178,128.324,128.861,176856
2017-08-23,128.861,129.12,128.481,128.75,194251
2017-08-24,128.75,129.358,128.536,129.298,209236
2017-08-25,129.269,130.426,129.107,130.117,221896
2017-08-28,130.384,130.969,129.978,130.864,180423
2017-08-29,130.833,131.618,129.651,131.325,244907
2017-08-30,131.325,131.701,131.088,131.091,193853
2017-08-31,131.091,131.58,130.7,130.894,221411
2017-09-01,130.926,131.34,130.656,130.79,200620
2017-09-04,130.185,130.704,130.101,130.444,162261
2017-09-05,130.444,130.635,129.378,129.612,218946
2017-09-06,129.612,130.395,129.361,130.241,208801
2017-09-07,130.241,131.092,129.907,130.491,222749
2017-09-08,130.491,130.662,129.462,129.541,237996
2017-09-11,129.996,130.903,129.981,130.856,194634
2017-09-12,130.722,131.898,130.663,131.825,196206
2017-09-13,131.825,132.011,131.25,131.305,188188
2017-09-14,131.305,131.756,131.103,131.391,204333
2017-09-15,131.375,133.092,130.609,132.405,234639
2017-09-18,132.41,133.429,132.406,133.353,192813
2017-09-19,133.319,134.173,133.232,133.834,225939
2017-09-20,133.834,134.093,133.251,133.451,210772
2017-09-21,133.422,134.378,133.402,134.273,212618
2017-09-22,134.273,134.405,133.5,133.777,196296
2017-09-25,133.522,134.237,131.917,132.357,216966
2017-09-26,132.357,132.596,131.747,132.34,218814
2017-09-27,132.34,132.745,132.088,132.505,227658
2017-09-28,132.505,132.884,132.289,132.4,203088
2017-09-29,132.4,133.113,132.298,132.832,154276
2017-10-02,132.699,133.073,132.19,132.286,153585
2017-10-03,132.286,132.885,132.186,132.515,147809
2017-10-04,132.515,132.835,132.243,132.58,145114
2017-10-05,132.58,132.773,131.841,132.098,141711
2017-10-06,132.098,132.768,131.973,132.164,167390
2017-10-09,132.035,132.495,131.863,132.301,115908
2017-10-10,132.301,132.868,132.229,132.764,165629
2017-10-11,132.765,133.494,132.454,133.375,151150
2017-10-12,133.376,133.49,132.794,132.819,149994
2017-10-13,132.818,132.936,132.141,132.18,150885
2017-10-16,132.042,132.387,131.66,132.331,127622
2017-10-17,132.327,132.371,131.843,132.008,140616
2017-10-18,132.008,133.28,131.952,133.111,146651
2017-10-19,133.111,133.624,132.474,133.355,180077
2017-10-20,133.355,133.961,133.286,133.695,165227
2017-10-23,133.975,134.124,133.1,133.27,146653
2017-10-24,133.27,134.19,133.18,133.942,153454
2017-10-25,133.942,134.499,133.754,134.352,186462
2017-10-26,134.352,134.491,132.655,132.785,191365
2017-10-27,132.785,132.95,131.751,131.938,175896
2017-10-30,131.986,132.285,131.453,131.858,146642
2017-10-31,131.845,132.566,131.509,132.334,139100
2017-11-01,132.325,132.837,132.325,132.662,156769
2017-11-02,132.664,133.148,132.562,132.974,168649
2017-11-03,132.974,132.996,132.38,132.385,130786
2017-11-06,132.369,133.117,131.993,131.997,147612
2017-11-07,131.999,132.413,131.836,132.083,158147
2017-11-08,132.083,132.168,131.396,132.02,145678
2017-11-09,132.02,132.262,131.517,132.085,183168
2017-11-10,132.085,132.551,131.952,132.402,147640
2017-11-13,132.249,132.625,131.93,132.555,134211
2017-11-14,132.555,133.859,132.481,133.845,152109
2017-11-15,133.836,133.88,132.967,133.08,190979
2017-11-16,133.077,133.453,132.755,133.058,159062
2017-11-17,133.058,133.158,132.05,132.142,177648
2017-11-20,132.12,132.466,131.167,132.139,179629
2017-11-21,132.126,132.271,131.574,131.97,132925
2017-11-22,131.973,132.099,131.431,131.486,142863
2017-11-23,131.486,131.881,131.228,131.768,119726
2017-11-24,131.768,133.235,131.702,133.037,116005
2017-11-27,132.971,133.221,132.078,132.166,153704
2017-11-28,132.166,132.57,131.72,131.952,163092
2017-11-29,131.952,132.795,131.87,132.587,164847
2017-11-30,132.587,134.144,132.52,133.951,170381
2017-12-01,133.951,134.382,132.909,133.386,204604
2017-12-04,133.721,134.051,133.266,133.362,216615
2017-12-05,133.362,133.745,133.009,133.122,176815
2017-12-06,133.122,133.211,132.261,132.437,188375
2017-12-07,132.436,133.285,132.192,133.123,169166
2017-12-08,133.114,133.61,133.047,133.592,164198
2017-12-11,133.576,133.885,133.529,133.63,153805
2017-12-12,133.63,133.759,133.005,133.313,136978
2017-12-13,133.313,133.357,132.84,133.089,167389
2017-12-14,133.089,133.755,132.236,132.353,184478
2017-12-15,132.343,132.73,132.054,132.308,170477
2017-12-18,132.381,133.008,132.107,132.58,209431
2017-12-19,132.58,133.919,132.557,133.637,198274
2017-12-20,133.637,134.775,133.591,134.609,205492
2017-12-21,134.609,134.879,134.443,134.584,195507
2017-12-22,134.584,134.596,133.901,134.4,218570
2017-12-26,134.468,134.554,134.202,134.253,156291
2017-12-27,134.259,134.97,134.162,134.708,223127
2017-12-28,134.708,134.978,134.459,134.824,169101
2017-12-29,134.824,135.515,134.541,135.189,200894
2018-01-02,135.22,135.632,134.935,135.365,183730
2018-01-03,135.371,135.505,134.803,135.151,206156
2018-01-04,135.15,136.366,135.0,136.05,215473
2018-01-05,136.054,136.635,135.98,136.025,215048
2018-01-08,136.058,136.322,135.126,135.307,176055
2018-01-09,135.315,135.473,134.05,134.428,250389
2018-01-10,134.428,134.555,133.077,133.105,295955
2018-01-11,133.105,134.35,133.045,133.816,285344
2018-01-12,133.816,135.549,133.778,135.499,300251
2018-01-15,135.437,135.986,135.016,135.522,265800
2018-01-16,135.522,136.095,134.977,135.379,278558
2018-01-17,135.379,135.984,135.154,135.58,319210
2018-01-18,135.59,136.31,135.455,135.92,284647
2018-01-19,135.92,136.048,135.183,135.421,244481
2018-01-22,135.575,136.145,135.344,135.99,207174
2018-01-23,135.99,136.215,135.2,135.637,239909
2018-01-24,135.64,135.674,134.916,135.515,312972
2018-01-25,135.511,136.293,135.038,135.583,428801
2018-01-26,135.583,136.138,134.54,134.946,371520
2018-01-29,135.028,135.342,134.325,134.882,288535
2018-01-30,134.884,135.206,134.127,134.889,274873
2018-01-31,134.886,136.05,134.802,135.519,290390
2018-02-01,135.519,136.959,135.428,136.811,276390
2018-02-02,136.811,137.5,136.665,137.219,292165
2018-02-05,137.007,137.196,134.881,134.884,344618
2018-02-06,134.899,135.793,133.973,135.573,496380
2018-02-07,135.573,135.841,133.818,134.033,318187
2018-02-08,134.05,134.796,132.935,133.173,420258
2018-02-09,133.173,134.17,131.984,133.306,471786
2018-02-12,133.295,133.644,132.898,133.517,282029
2018-02-13,133.517,133.788,132.518,133.138,263815
2018-02-14,133.138,133.384,131.603,133.181,340184
2018-02-15,133.24,133.278,132.505,132.693,324931
2018-02-16,132.694,133.101,131.809,131.895,312030
2018-02-19,131.813,132.376,131.805,132.227,257260
2018-02-20,132.231,132.509,132.115,132.395,245696
2018-02-21,132.4,133.057,132.262,132.357,325707
2018-02-22,132.359,132.381,131.287,131.597,287378
2018-02-23,131.602,131.848,130.933,131.407,220589
2018-02-26,131.667,131.747,131.077,131.655,256817
2018-02-27,131.655,132.186,131.27,131.273,268036
2018-02-28,131.273,131.517,130.04,130.053,263956
2018-03-01,130.063,130.792,129.762,130.274,335921
2018-03-02,130.274,130.439,129.56,130.243,323904
2018-03-05,130.037,131.01,129.35,130.996,284134
2018-03-06,130.997,132.015,130.598,131.613,264710
2018-03-07,131.613,131.743,130.919,131.6,293026
2018-03-08,131.604,131.981,130.515,130.725,271038
2018-03-09,130.774,131.89,130.676,131.422,274586
2018-03-12,131.436,131.692,130.964,131.278,225974
2018-03-13,131.274,132.429,131.109,131.905,248166
2018-03-14,131.905,132.279,131.019,131.481,248504
2018-03-15,131.481,131.538,130.561,130.835,263099
2018-03-16,130.84,130.887,130.074,130.274,214778
2018-03-19,130.209,131.068,129.605,130.79,265353
2018-03-20,130.79,131.717,130.339,130.424,242957
2018-03-21,130.426,131.062,130.19,130.866,261099
2018-03-22,130.867,131.017,129.494,129.595,317879
2018-03-23,129.598,129.973,128.946,129.391,342549
2018-03-26,129.273,131.376,129.259,131.152,266116
2018-03-27,131.206,131.814,130.58,130.627,326583
2018-03-28,130.627,131.712,130.573,131.468,460971
2018-03-29,131.456,131.602,130.61,130.889,288093
2018-03-30,130.912,131.083,130.616,130.925,176444
2018-04-02,130.8,131.294,129.977,130.264,236389
2018-04-03,130.256,130.92,129.983,130.805,263885
2018-04-04,130.795,131.192,130.229,131.099,172465
2018-04-05,131.085,131.497,131.051,131.434,137698
2018-04-06,131.432,131.617,131.085,131.33,183108
2018-04-09,131.302,131.993,131.106,131.513,135246
2018-04-10,131.503,132.618,131.422,132.449,148897
2018-04-11,132.449,132.607,132.026,132.066,124356
2018-04-12,132.048,132.335,131.803,132.268,135989
2018-04-13,132.248,132.898,132.17,132.365,114940
2018-04-16,132.462,132.97,132.111,132.598,100843
2018-04-17,132.584,132.768,132.105,132.362,100276
2018-04-18,132.361,132.906,132.303,132.677,99753
2018-04-19,132.666,133.089,132.35,132.534,117223
2018-04-20,132.532,132.974,132.039,132.288,112224
2018-04-23,132.202,132.785,132.106,132.703,107878
2018-04-24,132.694,133.484,132.611,133.105,112283
2018-04-25,133.099,133.336,132.913,133.072,117229
2018-04-26,133.055,133.251,132.287,132.297,117532
2018-04-27,132.267,132.393,131.884,132.272,118310
2018-04-30,132.231,132.541,131.858,132.032,94020
2018-05-01,132.037,132.133,131.572,131.776,92619
2018-05-02,131.776,132.112,131.253,131.304,130394
2018-05-03,131.303,131.67,130.266,130.907,142182
2018-05-04,130.907,130.945,129.895,130.494,111231
2018-05-07,130.418,130.59,129.95,130.059,87014
2018-05-08,130.059,130.118,129.231,129.467,116502
2018-05-09,129.467,130.485,129.353,130.048,118018
2018-05-10,130.048,130.763,129.943,130.412,147919
2018-05-11,130.404,130.684,129.996,130.616,96986
2018-05-14,130.547,131.375,130.417,130.765,80458
2018-05-15,130.765,131.136,130.439,130.614,113559
2018-05-16,130.554,130.675,129.531,130.337,122167
2018-05-17,130.333,130.847,130.228,130.616,119286
2018-05-18,130.616,131.123,130.238,130.354,106783
2018-05-21,130.496,131.004,130.372,130.931,93449
2018-05-22,130.898,131.346,130.596,130.622,110518
2018-05-23,130.611,130.663,128.231,128.733,181427
2018-05-24,128.686,128.875,127.718,128.027,167269
2018-05-25,128.026,128.524,127.15,127.424,163707
2018-05-28,128.207,128.535,126.855,127.175,141199
2018-05-29,127.132,127.278,124.618,125.485,249572
2018-05-30,125.413,127.317,124.979,127.009,208952
2018-05-31,126.985,127.719,126.324,127.208,190485
2018-06-01,127.187,128.134,127.124,127.702,169160
2018-06-04,127.543,128.686,127.543,128.445,143358
2018-06-05,128.42,128.697,127.791,128.654,130677
2018-06-06,128.627,129.826,128.56,129.715,124469
2018-06-07,129.72,130.274,129.3,129.416,137511
2018-06-08,129.401,129.728,128.108,128.893,134784
2018-06-11,128.69,130.057,128.676,129.649,110715
2018-06-12,129.623,130.275,129.499,129.629,131832
2018-06-13,129.629,130.342,129.611,130.09,120950
2018-06-14,130.07,130.353,127.897,127.932,161155
2018-06-15,127.956,128.497,127.697,128.463,138555
2018-06-18,128.267,128.495,127.81,128.49,93723
2018-06-19,128.49,128.51,126.64,127.526,171976
2018-06-20,127.522,127.935,127.085,127.686,142557
2018-06-21,127.668,128.028,126.984,127.58,173601
2018-06-22,127.556,128.597,127.474,128.205,175652
2018-06-25,128.135,128.83,127.282,128.435,148999
2018-06-26,128.434,128.463,127.796,128.13,173664
2018-06-27,128.129,128.343,127.256,127.365,189171
2018-06-28,127.36,127.92,127.139,127.812,184837
2018-06-29,127.813,129.466,127.656,129.333,207533
2018-07-02,129.202,129.497,128.415,129.066,181695
2018-07-03,129.053,129.561,128.726,128.858,180181
2018-07-04,128.866,128.962,128.497,128.742,191868
2018-07-05,128.737,129.627,128.571,129.286,194978
2018-07-06,129.289,129.966,129.166,129.716,153455
2018-07-09,129.534,130.264,129.534,130.233,133142
2018-07-10,130.211,130.738,130.094,130.345,134643
2018-07-11,130.355,130.959,129.908,130.711,201703
2018-07-12,130.692,131.475,130.661,131.342,165165
2018-07-13,131.272,131.531,130.802,131.312,139497
2018-07-16,131.164,131.695,131.056,131.483,131413
2018-07-17,131.446,131.982,131.438,131.61,157384
2018-07-18,131.597,131.772,130.876,131.347,163690
2018-07-19,131.316,131.427,130.722,130.895,220831
2018-07-20,130.897,131.207,130.543,130.638,213401
2018-07-23,130.602,130.736,129.853,130.178,126569
2018-07-24,130.178,130.371,129.732,129.919,121321
2018-07-25,129.921,130.263,129.401,130.142,130892
2018-07-26,130.146,130.257,129.435,129.504,122863
2018-07-27,129.482,129.509,129.118,129.449,99034
2018-07-30,129.295,130.064,129.245,129.949,82737
2018-07-31,129.946,131.139,129.676,130.782,125710
2018-08-01,130.763,131.096,130.02,130.257,109540
2018-08-02,130.248,130.287,129.239,129.329,106693
2018-08-03,129.329,129.525,128.627,128.696,99819
2018-08-06,128.661,128.875,128.497,128.701,68593
2018-08-07,128.699,129.223,128.584,129.171,78018
2018-08-08,129.15,129.451,128.549,128.839,88823
2018-08-09,128.855,129.002,128.029,128.035,99632
2018-08-10,128.028,128.103,126.0,126.58,170310
2018-08-13,125.592,126.771,125.136,126.293,165402
2018-08-14,126.257,126.982,125.799,126.077,126566
2018-08-15,126.058,126.362,124.893,125.623,138164
2018-08-16,125.626,126.48,125.274,126.152,149607
2018-08-17,126.145,126.599,125.57,126.395,120439
2018-08-20,126.483,126.486,126.066,126.369,100015
2018-08-21,126.362,128.047,126.253,127.59,129296
2018-08-22,127.534,128.266,127.34,128.188,118916
2018-08-23,128.177,128.758,127.909,128.415,119552
2018-08-24,128.414,129.41,128.353,129.282,122625
2018-08-27,129.298,129.827,128.785,129.705,103849
2018-08-28,129.684,130.265,129.63,130.017,114406
2018-08-29,130.019,130.842,129.573,130.73,127293
2018-08-30,130.744,130.858,129.408,129.503,128403
2018-08-31,129.444,129.839,128.549,128.926,138682
2018-09-03,128.765,129.142,128.564,129.01,102591
2018-09-04,128.987,129.19,128.31,128.968,120804
2018-09-05,128.962,129.973,128.59,129.689,132862
2018-09-06,129.699,129.831,128.487,128.707,134530
2018-09-07,128.695,129.096,128.01,128.286,136555
2018-09-10,128.22,129.062,127.854,128.791,94611
2018-09-11,128.792,129.82,128.749,129.532,93014
2018-09-12,129.515,129.801,128.927,129.336,105941
2018-09-13,129.377,130.933,129.25,130.837,107376
2018-09-14,130.83,131.105,130.17,130.223,108057
2018-09-17,130.171,131.035,130.09,130.667,85217
2018-09-18,130.662,131.491,130.29,131.057,128949
2018-09-19,131.061,131.673,130.773,131.049,104142
2018-09-20,131.04,132.512,130.904,132.474,125750
2018-09-21,132.473,133.125,132.148,132.247,108697
2018-09-24,132.034,133.062,131.896,132.511,90007
2018-09-25,132.511,133.103,132.36,132.917,100878
2018-09-26,132.914,133.109,132.222,132.342,110539
2018-09-27,132.341,132.669,131.567,131.959,127689
2018-09-28,131.975,132.298,131.173,131.889,113770
2018-10-01,132.085,132.454,131.728,131.846,93327
2018-10-02,131.862,131.989,130.704,131.222,102862
2018-10-03,131.18,131.968,130.96,131.447,124145
2018-10-04,131.421,131.568,130.736,131.147,136586
2018-10-05,131.122,131.406,130.593,130.974,137734
2018-10-08,131.084,131.242,129.502,130.103,104032
2018-10-09,130.1,130.222,129.331,129.782,158746
2018-10-10,129.775,130.494,129.288,129.315,144215
2018-10-11,129.332,130.208,129.2,130.021,232866
2018-10-12,129.907,130.491,129.349,129.685,156022
2018-10-15,129.385,129.791,129.116,129.404,148669
2018-10-16,129.404,130.29,129.398,129.911,128244
2018-10-17,129.908,130.149,129.164,129.535,141483
2018-10-18,129.533,129.723,128.312,128.474,169762
2018-10-19,128.458,129.675,128.405,129.574,158034
2018-10-22,129.629,130.193,129.194,129.324,140866
2018-10-23,129.329,129.373,128.202,128.966,175311
2018-10-24,128.965,129.21,127.759,127.862,196156
2018-10-25,127.829,128.432,127.487,127.848,184866
2018-10-26,127.837,127.878,126.624,127.551,218693
2018-10-29,127.534,128.227,127.241,127.769,182345
2018-10-30,127.768,128.432,127.725,128.276,166374
2018-10-31,128.276,128.536,127.649,127.76,141498
2018-11-01,127.76,128.757,127.608,128.438,140193
2018-11-02,128.438,129.318,128.36,128.864,156832
2018-11-05,128.815,129.317,128.591,129.106,120796
2018-11-06,129.108,129.63,128.844,129.59,113759
2018-11-07,129.59,130.139,129.382,129.661,182653
2018-11-08,129.709,130.119,129.381,129.604,136936
2018-11-09,129.61,129.629,128.731,128.862,139462
2018-11-12,128.793,129.18,127.643,127.692,162131
2018-11-13,127.687,128.746,127.489,128.47,174317
2018-11-14,128.488,129.221,128.12,128.464,188643
2018-11-15,128.499,129.044,127.759,128.699,203188
2018-11-16,128.693,128.887,128.117,128.751,160636
2018-11-19,128.69,129.057,128.456,128.89,142293
2018-11-20,128.901,129.028,128.0,128.207,152649
2018-11-21,128.207,129.069,128.112,128.714,128617
2018-11-22,128.729,129.094,128.619,128.765,110544
2018-11-23,128.799,128.912,127.811,127.941,106463
2018-11-26,128.023,128.909,127.92,128.649,135174
2018-11-27,128.648,128.838,128.346,128.429,142183
2018-11-28,128.451,129.251,128.241,129.199,131928
2018-11-29,129.205,129.289,128.666,129.273,127546
2018-11-30,129.272,129.285,128.379,128.394,119091
2018-12-03,129.043,129.142,128.534,129.02,123368
2018-12-04,129.013,129.019,127.609,127.915,166354
2018-12-05,127.907,128.484,127.782,128.404,94383
2018-12-06,128.404,128.427,127.664,128.187,207702
2018-12-07,128.186,128.664,127.918,128.413,168874
2018-12-10,128.199,128.929,128.163,128.687,190222
2018-12-11,128.662,128.976,128.168,128.293,160102
2018-12-12,128.329,128.858,128.237,128.774,166039
2018-12-13,128.765,129.246,128.697,129.063,140756
2018-12-14,129.033,129.11,127.977,128.171,132514
2018-12-17,128.099,128.584,127.855,128.023,150881
2018-12-18,128.022,128.105,127.634,127.82,150947
2018-12-19,127.863,128.369,127.534,127.947,170252
2018-12-20,127.949,128.38,127.208,127.382,229446
2018-12-21,127.384,127.676,126.366,126.382,198842
2018-12-24,126.397,126.734,125.781,125.915,204494
2018-12-26,126.029,126.439,125.792,126.41,84005
2018-12-27,126.411,127.084,125.981,126.9,320360
2018-12-28,126.909,127.007,126.116,126.195,255706
2018-12-31,126.117,126.429,125.393,125.607,150651
2019-01-02,125.265,125.565,123.513,123.531,151515
2019-01-03,123.538,123.807,118.586,122.64,254375
2019-01-04,122.638,123.848,122.573,123.644,197844
2019-01-07,123.628,124.791,123.396,124.735,138399
2019-01-08,124.743,124.852,124.113,124.394,139105
2019-01-09,124.392,125.09,124.35,124.825,171527
2019-01-10,124.828,125.064,124.356,124.691,179565
2019-01-11,124.696,124.989,124.227,124.419,146966
2019-01-14,124.311,124.422,123.76,124.029,114678
2019-01-15,124.041,124.845,123.39,124.024,160524
2019-01-16,124.038,124.407,123.516,124.274,135237
2019-01-17,124.266,124.67,123.73,124.406,139053
2019-01-18,124.403,124.964,124.22,124.736,128012
2019-01-21,124.577,124.819,124.502,124.626,91277
2019-01-22,124.627,124.702,124.036,124.238,125528
2019-01-23,124.223,124.931,124.198,124.729,135277
2019-01-24,124.733,124.891,123.78,123.936,165264
2019-01-25,123.959,125.309,123.778,124.93,159059
2019-01-28,124.882,125.029,124.591,124.918,127006
2019-01-29,124.919,125.229,124.677,125.054,140336
2019-01-30,125.022,125.458,124.876,125.159,147401
2019-01-31,125.159,125.288,124.486,124.614,149265
2019-02-01,124.598,125.727,124.355,125.391,129246
2019-02-04,125.402,125.939,125.349,125.665,116402
2019-02-05,125.671,125.865,125.272,125.403,108238
2019-02-06,125.395,125.447,124.807,124.942,107975
2019-02-07,124.943,125.061,124.34,124.51,123763
2019-02-08,124.515,124.687,124.165,124.273,100771
2019-02-11,124.225,124.87,124.225,124.449,98975
2019-02-12,124.444,125.263,124.369,125.111,113213
2019-02-13,125.135,125.531,124.987,124.988,111423
2019-02-14,124.991,125.446,124.734,124.782,133780
2019-02-15,124.788,124.857,124.223,124.68,124144
2019-02-18,124.697,125.264,124.689,125.07,98752
2019-02-19,125.071,125.532,124.761,125.441,121834
2019-02-20,125.423,125.928,125.342,125.663,123331
2019-02-21,125.663,125.862,125.316,125.474,140489
2019-02-22,125.451,125.768,125.358,125.379,113794
2019-02-25,125.402,126.295,125.348,126.123,129960
2019-02-26,126.119,126.219,125.709,125.931,120948
2019-02-27,125.927,126.34,125.529,126.184,121206
2019-02-28,126.183,126.898,125.881,126.642,131740
2019-03-01,126.643,127.491,126.594,127.172,116311
2019-03-04,127.232,127.374,126.436,126.7,122789
2019-03-05,126.709,126.928,126.353,126.511,103659
2019-03-06,126.501,126.527,126.166,126.354,91319
2019-03-07,126.365,126.421,124.662,124.88,104113
2019-03-08,124.895,125.02,124.267,124.861,114037
2019-03-11,124.87,125.197,124.474,125.097,91552
2019-03-12,125.098,125.82,125.062,125.676,104594
2019-03-13,125.676,126.087,125.447,126.072,90592
2019-03-14,126.072,126.557,125.927,126.21,107142
2019-03-15,126.211,126.564,126.113,126.205,86652
2019-03-18,126.218,126.685,126.139,126.325,76995
2019-03-19,126.324,126.608,126.085,126.45,73886
2019-03-20,126.449,126.782,126.236,126.379,100308
2019-03-21,126.377,126.596,125.677,126.064,108310
2019-03-22,126.065,126.172,123.814,124.205,131414
2019-03-25,124.246,124.811,123.87,124.407,118530
2019-03-26,124.407,125.003,124.403,124.66,105786
2019-03-27,124.659,124.73,124.042,124.264,126953
2019-03-28,124.264,124.42,123.645,124.192,119813
2019-03-29,124.196,124.631,124.136,124.275,109202
2019-04-01,124.653,124.945,124.429,124.844,97004
2019-04-02,124.848,124.885,124.469,124.716,86108
2019-04-03,124.714,125.441,124.601,125.221,84983
2019-04-04,125.227,125.385,124.96,125.279,81320
2019-04-05,125.274,125.502,125.206,125.276,77331
2019-04-08,125.222,125.61,124.977,125.528,73564
2019-04-09,125.526,125.611,125.124,125.16,81932
2019-04-10,125.182,125.444,124.771,125.137,90415
2019-04-11,125.151,125.708,124.998,125.647,81656
2019-04-12,125.647,126.759,125.606,126.532,83325
2019-04-15,126.527,126.785,126.485,126.632,65105
2019-04-16,126.636,126.675,126.191,126.331,85840
2019-04-17,126.354,126.802,126.273,126.545,80001
2019-04-18,126.586,126.597,125.644,125.72,93432
2019-04-19,125.718,125.875,125.665,125.745,57461
2019-04-22,125.748,126.061,125.727,126.003,48606
2019-04-23,126.0,126.05,125.272,125.576,72834
2019-04-24,125.576,125.597,124.797,125.115,97165
2019-04-25,125.115,125.225,124.203,124.33,99477
2019-04-26,124.339,124.709,124.083,124.4,99329
2019-04-29,124.294,125.09,124.294,124.936,55648
2019-04-30,124.922,125.084,124.466,125.007,85220
2019-05-01,125.02,125.225,124.725,124.734,78699
2019-05-02,124.74,125.116,124.546,124.582,85769
2019-05-03,124.583,124.648,124.272,124.457,92406
2019-05-06,123.562,124.289,123.353,124.041,104092
2019-05-07,124.04,124.246,123.1,123.365,109773
2019-05-08,123.378,123.51,123.101,123.208,117122
2019-05-09,123.208,123.258,122.478,123.084,125080
2019-05-10,123.053,123.608,122.987,123.528,138525
2019-05-13,123.289,123.452,122.541,122.65,123223
2019-05-14,122.688,123.393,122.57,122.792,101847
2019-05-15,122.787,123.083,122.072,122.739,108202
2019-05-16,122.75,122.957,122.532,122.735,94191
2019-05-17,122.719,122.989,122.266,122.765,121299
2019-05-20,122.867,123.184,122.528,122.887,98466
2019-05-21,122.878,123.739,122.666,123.31,98330
2019-05-22,123.31,123.501,122.974,123.035,81954
2019-05-23,123.041,123.072,122.139,122.538,119000
2019-05-24,122.548,122.817,122.409,122.45,93557
2019-05-27,122.567,122.797,122.461,122.56,59871
2019-05-28,122.561,122.695,121.994,122.048,103110
2019-05-29,122.045,122.204,121.572,121.976,112343
2019-05-30,121.974,122.251,121.894,121.992,92431
2019-05-31,121.994,122.09,120.911,120.918,139175
2019-06-03,120.908,121.643,120.776,121.465,126245
2019-06-04,121.464,121.779,121.295,121.672,126991
2019-06-05,121.679,122.257,121.483,121.694,128683
2019-06-06,121.68,122.389,121.231,122.214,111596
2019-06-07,122.203,122.708,122.091,122.607,115437
2019-06-10,122.799,122.915,122.617,122.656,89312
2019-06-11,122.653,123.17,122.615,122.903,94180
2019-06-12,122.894,122.996,122.41,122.465,100308
2019-06-13,122.458,122.554,122.128,122.207,90017
2019-06-14,122.183,122.257,121.584,121.685,93329
2019-06-17,121.587,122.118,121.558,121.757,70491
2019-06-18,121.749,121.863,121.055,121.376,114827
2019-06-19,121.382,121.647,121.162,121.355,100251
2019-06-20,121.351,121.914,121.079,121.154,136530
2019-06-21,121.14,122.117,120.942,122.032,127910
2019-06-24,121.992,122.389,121.963,122.287,88165
2019-06-25,122.289,122.458,121.644,121.801,127500
2019-06-26,121.819,122.622,121.762,122.534,107083
2019-06-27,122.52,122.887,122.394,122.545,96630
2019-06-28,122.524,122.777,122.274,122.68,90297
2019-07-01,122.663,123.35,122.348,122.368,105172
2019-07-02,122.363,122.528,121.716,121.726,89077
2019-07-03,121.732,121.821,121.306,121.59,82088
2019-07-04,121.591,121.711,121.529,121.656,41845
2019-07-05,121.655,121.924,121.266,121.756,79506
2019-07-08,121.612,121.971,121.508,121.919,31326
2019-07-09,121.919,122.13,121.847,121.999,57256
2019-07-10,121.998,122.317,121.95,122.023,86544
2019-07-11,122.021,122.143,121.622,122.098,74915
2019-07-12,122.098,122.229,121.513,121.583,65547
2019-07-15,121.541,121.851,121.417,121.478,88299
2019-07-16,121.472,121.679,121.096,121.329,83711
2019-07-17,121.328,121.483,121.154,121.156,60108
2019-07-18,121.154,121.224,120.779,120.982,84360
2019-07-19,120.968,121.28,120.808,120.869,89404
2019-07-22,120.826,121.164,120.8,120.901,75322
2019-07-23,120.897,121.088,120.492,120.669,62870
2019-07-24,120.663,120.707,120.206,120.509,57502
2019-07-25,120.496,121.373,120.049,121.081,73205
2019-07-26,121.074,121.194,120.794,120.92,55323
2019-07-29,120.822,121.304,120.733,121.233,42208
2019-07-30,121.233,121.378,120.88,121.133,76182
2019-07-31,121.122,121.188,120.349,120.458,100765
2019-08-01,120.461,120.709,118.913,118.983,122176
2019-08-02,118.983,119.119,118.261,118.374,202867
2019-08-05,118.257,118.93,117.67,118.689,197289
2019-08-06,118.684,119.87,118.367,119.208,179374
2019-08-07,119.211,119.275,118.434,119.0,183518
2019-08-08,118.994,119.163,118.489,118.598,118474
2019-08-09,118.585,118.737,118.084,118.345,103234
2019-08-12,118.152,118.398,117.515,118.069,126133
2019-08-13,118.067,119.583,117.684,119.243,155980
2019-08-14,119.244,119.278,117.782,117.955,167992
2019-08-15,117.954,118.971,117.622,117.868,191833
2019-08-16,117.82,118.163,117.574,117.954,155624
2019-08-19,117.744,118.473,117.744,118.127,104006
2019-08-20,118.115,118.265,117.577,117.905,124539
2019-08-21,117.903,118.328,117.885,118.176,99666
2019-08-22,118.162,118.3,117.729,117.92,113612
2019-08-23,117.915,118.162,117.258,117.389,154558
2019-08-26,117.064,118.196,116.56,117.804,209025
2019-08-27,117.816,117.838,117.205,117.267,145575
2019-08-28,117.259,117.675,117.102,117.549,139636
2019-08-29,117.542,117.933,117.276,117.769,125142
2019-08-30,117.752,117.817,116.624,116.776,134024
2019-09-02,116.47,116.776,116.346,116.508,94059
2019-09-03,116.522,116.555,115.863,116.232,146000
2019-09-04,116.239,117.431,116.131,117.39,103223
2019-09-05,117.392,118.61,117.276,117.995,129265
2019-09-06,118.002,118.264,117.807,117.854,110268
2019-09-09,117.742,118.508,117.736,118.469,85647
2019-09-10,118.449,118.781,118.27,118.762,78278
2019-09-11,118.76,119.169,118.296,118.692,74228
2019-09-12,118.695,119.82,117.55,119.589,115803
2019-09-13,119.596,120.007,119.535,119.669,81760
2019-09-16,119.682,119.682,118.683,118.933,91810
2019-09-17,118.907,119.771,118.871,119.716,79844
2019-09-18,119.691,119.821,119.406,119.612,77504
2019-09-19,119.6,119.666,118.951,119.255,88513
2019-09-20,119.261,119.377,118.45,118.53,82684
2019-09-23,118.646,118.788,117.752,118.213,75462
2019-09-24,118.213,118.555,117.887,117.953,89540
2019-09-25,117.963,118.195,117.789,117.915,93024
2019-09-26,117.907,118.05,117.515,117.738,78041
2019-09-27,117.749,118.471,117.444,118.089,80767
2019-09-30,118.101,118.18,117.54,117.783,71060
2019-10-01,117.783,118.169,117.674,117.759,80949
2019-10-02,117.762,118.0,117.324,117.456,84637
2019-10-03,117.45,117.649,117.07,117.205,102678
2019-10-04,117.199,117.487,117.084,117.35,83796
2019-10-07,117.112,117.902,117.083,117.656,77427
2019-10-08,117.635,117.969,117.128,117.302,96456
2019-10-09,117.298,118.092,117.205,117.912,77459
2019-10-10,117.889,118.94,117.569,118.814,113440
2019-10-11,118.815,120.005,118.716,119.659,107146
2019-10-14,119.492,119.708,119.186,119.515,78857
2019-10-15,119.515,120.223,119.104,120.085,97167
2019-10-16,120.085,120.469,119.743,120.416,101781
2019-10-17,120.416,121.354,120.332,120.846,95222
2019-10-18,120.848,121.119,120.669,121.065,72723
2019-10-21,120.952,121.471,120.781,121.092,70839
2019-10-22,121.09,121.283,120.577,120.679,63028
2019-10-23,120.679,121.051,120.383,120.974,75217
2019-10-24,120.974,121.384,120.426,120.601,76611
2019-10-25,120.601,120.8,120.352,120.4,57452
2019-10-28,120.439,120.988,120.399,120.946,52036
2019-10-29,120.948,121.061,120.573,120.993,59083
2019-10-30,120.993,121.433,120.876,121.399,75136
2019-10-31,121.399,121.468,120.285,120.463,82109
2019-11-01,120.463,120.937,120.359,120.789,59911
2019-11-04,120.776,121.105,120.772,120.806,52052
2019-11-05,120.805,121.298,120.687,120.869,76300
2019-11-06,120.868,120.908,120.47,120.578,60118
2019-11-07,120.577,121.113,120.136,120.756,84298
2019-11-08,120.746,120.874,120.214,120.366,67605
2019-11-11,120.374,120.419,120.068,120.298,46363
2019-11-12,120.295,120.635,119.943,119.991,62540
2019-11-13,119.991,120.181,119.576,119.768,63405
2019-11-14,119.768,119.809,119.247,119.487,57648
2019-11-15,119.486,120.314,119.436,120.194,46266
2019-11-18,120.182,120.684,120.091,120.318,49717
2019-11-19,120.318,120.493,119.999,120.235,48945
2019-11-20,120.234,120.404,119.848,120.241,64042
2019-11-21,120.214,120.575,119.939,120.102,74245
2019-11-22,120.1,120.483,119.66,119.701,63849
2019-11-25,119.647,120.114,119.632,119.97,49812
2019-11-26,119.956,120.25,119.913,120.14,57576
2019-11-27,120.129,120.593,120.058,120.463,48574
2019-11-28,120.458,120.584,120.322,120.515,38547
2019-11-29,120.534,120.759,120.41,120.582,52836
2019-12-02,120.442,121.014,120.434,120.719,56552
2019-12-03,120.717,120.957,120.244,120.372,65758
2019-12-04,120.37,120.811,120.1,120.585,67248
2019-12-05,120.585,120.886,120.554,120.754,54148
2019-12-06,120.752,120.784,120.001,120.066,51773
2019-12-09,120.099,120.269,119.991,120.1,38266
2019-12-10,120.094,120.685,120.078,120.589,48287
2019-12-11,120.58,120.925,120.371,120.812,52951
2019-12-12,120.807,121.726,120.753,121.643,70966
2019-12-13,121.666,122.647,121.382,121.559,110124
2019-12-16,121.641,122.228,121.607,122.073,48723
2019-12-17,122.073,122.458,121.926,122.068,52046
2019-12-18,122.068,122.157,121.729,121.745,45281
2019-12-19,121.729,122.048,121.42,121.623,55522
2019-12-20,121.611,121.691,121.19,121.212,45200
2019-12-23,121.204,121.35,121.08,121.297,46529
2019-12-24,121.28,121.372,121.059,121.194,43819
2019-12-26,121.484,121.78,121.414,121.662,20124
2019-12-27,121.66,122.498,121.578,122.39,65335
2019-12-30,122.39,122.486,121.869,121.947,68590
2019-12-31,121.947,122.093,121.725,121.913,49881
2020-01-02,121.901,122.014,120.977,121.3,51683
2020-01-03,121.275,121.375,120.166,120.591,79777
2020-01-06,120.393,121.396,120.273,121.337,71648
2020-01-07,121.306,121.444,120.781,120.951,71940
2020-01-08,120.951,121.378,120.168,121.161,128874
2020-01-09,121.159,121.689,121.097,121.633,66791
2020-01-10,121.632,121.835,121.521,121.778,52991
2020-01-13,121.514,122.489,121.514,122.403,45711
2020-01-14,122.319,122.761,122.184,122.379,66291
2020-01-15,122.383,122.717,122.194,122.525,52908
2020-01-16,122.523,122.871,122.48,122.654,49915
2020-01-17,122.652,122.838,122.121,122.163,46639
2020-01-20,122.145,122.314,122.032,122.229,28265
2020-01-21,122.231,122.368,121.711,121.749,59331
2020-01-22,121.736,122.012,121.612,121.84,49647
2020-01-23,121.84,121.875,120.63,121.02,61764
2020-01-24,121.018,121.261,120.412,120.486,53535
2020-01-27,120.125,120.397,119.902,119.986,73067
2020-01-28,119.986,120.33,119.804,120.296,55483
2020-01-29,120.255,120.416,119.886,120.018,50320
2020-01-30,120.021,120.242,119.766,120.175,76755
2020-01-31,120.178,120.401,120.021,120.207,76300
2020-02-03,120.04,120.376,119.917,120.185,73869
2020-02-04,120.17,120.98,120.061,120.949,66015
2020-02-05,120.95,121.151,120.656,120.788,72984
2020-02-06,120.785,121.019,120.565,120.786,59467
2020-02-07,120.786,120.8,120.089,120.136,72495
2020-02-10,120.054,120.336,119.675,119.776,67445
2020-02-11,119.769,120.022,119.59,119.832,59632
2020-02-12,119.824,120.301,119.608,119.706,59113
2020-02-13,119.705,119.735,118.871,119.044,78742
2020-02-14,119.038,119.227,118.861,118.894,59480
2020-02-17,119.007,119.192,118.901,119.046,43260
2020-02-18,119.045,119.064,118.462,118.56,69295
2020-02-19,118.56,120.492,118.544,120.308,75720
2020-02-20,120.308,121.394,120.091,120.887,97151
2020-02-21,120.881,121.347,120.355,121.032,90381
2020-02-24,120.457,121.065,119.898,120.157,130495
2020-02-25,120.151,120.533,119.41,119.905,150686
2020-02-26,119.904,120.583,119.751,120.141,163470
2020-02-27,120.141,121.039,119.948,120.539,182462
2020-02-28,120.539,120.656,118.372,119.185,223038
2020-03-02,118.742,120.744,118.588,120.568,140276
2020-03-03,120.566,120.946,119.525,119.627,140677
2020-03-04,119.609,120.129,119.021,119.734,110067
2020-03-05,119.733,119.997,118.988,119.31,100473
2020-03-06,119.311,119.428,118.704,118.939,145650
2020-03-09,118.475,118.679,116.115,116.985,329203
2020-03-10,116.984,119.477,116.798,118.832,377714
2020-03-11,118.819,119.217,117.4,117.546,221647
2020-03-12,117.551,118.325,116.307,117.046,233402
2020-03-13,116.935,120.317,116.866,119.893,238443
2020-03-16,119.812,119.839,117.138,118.326,265081
2020-03-17,118.293,119.679,117.293,118.415,266436
2020-03-18,118.428,118.493,116.887,117.743,245633
2020-03-19,117.744,119.318,117.397,118.186,276107
2020-03-20,118.199,119.291,117.838,118.559,292483
2020-03-23,118.458,119.931,117.718,119.254,255888
2020-03-24,119.257,120.533,118.798,119.913,222778
2020-03-25,119.92,121.141,119.515,120.843,217489
2020-03-26,120.85,121.075,119.951,120.626,209415
2020-03-27,120.63,120.814,118.797,120.295,189514
2020-03-30,119.589,119.98,118.789,119.027,146319
2020-03-31,118.958,119.699,118.191,118.622,152464
2020-04-01,118.649,118.869,116.944,117.475,124313
2020-04-02,117.475,117.712,116.347,117.061,123597
2020-04-03,117.005,117.395,116.73,117.25,103519
2020-04-06,117.099,118.303,117.066,117.845,104103
2020-04-07,117.845,119.035,117.507,118.443,102320
2020-04-08,118.443,118.69,117.913,118.122,95888
2020-04-09,118.113,118.999,118.035,118.527,90959
2020-04-10,118.447,118.728,118.36,118.486,93079
2020-04-13,118.651,118.694,117.304,117.554,71906
2020-04-14,117.554,117.938,117.303,117.729,67412
2020-04-15,117.709,117.774,116.794,117.207,71282
2020-04-16,117.154,117.501,116.551,116.97,78458
2020-04-17,116.954,117.41,116.621,116.942,80882
2020-04-20,116.677,117.287,116.677,116.887,60232
2020-04-21,116.872,117.159,116.215,117.018,77099
2020-04-22,117.02,117.217,116.442,116.612,63031
2020-04-23,116.618,116.832,115.635,115.95,78932
2020-04-24,115.95,116.363,115.542,116.346,66361
2020-04-27,116.248,116.506,116.046,116.142,61982
2020-04-28,116.113,116.266,115.603,115.621,61342
2020-04-29,115.602,116.077,115.448,115.946,59101
2020-04-30,115.943,117.775,115.544,117.319,77667
2020-05-01,117.294,117.762,117.016,117.386,61170
2020-05-04,117.258,117.275,116.263,116.385,58241
2020-05-05,116.371,116.568,115.407,115.419,62533
2020-05-06,115.427,115.599,114.427,114.509,59550
2020-05-07,114.518,115.138,114.41,115.108,67262
2020-05-08,115.095,115.742,115.032,115.613,56469
2020-05-11,115.179,116.512,115.149,116.291,62238
2020-05-12,116.283,116.856,115.957,116.176,65857
2020-05-13,116.174,116.409,115.691,115.772,68439
2020-05-14,115.764,115.924,115.323,115.854,68533
2020-05-15,115.846,116.196,115.472,115.937,62291
2020-05-18,115.875,117.237,115.636,117.122,58421
2020-05-19,117.113,118.198,117.024,117.627,63762
2020-05-20,117.618,118.202,117.517,118.038,59703
2020-05-21,118.041,118.529,117.727,117.805,59222
2020-05-22,117.765,117.975,116.994,117.314,53787
2020-05-25,117.12,117.555,117.082,117.305,38779
2020-05-26,117.279,118.334,117.273,118.047,54948
2020-05-27,118.031,118.908,117.701,118.485,80541
2020-05-28,118.479,119.391,118.448,119.205,78438
2020-05-29,119.166,119.898,118.845,119.719,87993
2020-06-01,119.739,119.972,119.421,119.787,75252
2020-06-02,119.779,121.629,119.621,121.367,85050
2020-06-03,121.363,122.623,121.265,122.315,94213
2020-06-04,122.313,123.969,121.845,123.732,96145
2020-06-05,123.708,124.43,123.49,123.696,95646
2020-06-08,123.782,124.117,122.218,122.44,73334
2020-06-09,122.438,122.603,121.327,122.175,86650
2020-06-10,122.2,122.361,121.585,121.812,92808
2020-06-11,121.658,121.901,120.649,120.726,110514
2020-06-12,120.712,121.815,120.253,120.877,110744
2020-06-15,120.396,121.632,120.332,121.518,101287
2020-06-16,121.554,122.114,120.471,120.88,99299
2020-06-17,120.861,121.23,120.148,120.299,87798
2020-06-18,120.301,120.541,119.587,119.851,85486
2020-06-19,119.852,120.211,119.37,119.441,79860
2020-06-22,119.328,120.441,119.275,120.364,66513
2020-06-23,120.365,121.098,119.904,120.447,92629
2020-06-24,120.431,120.746,120.032,120.426,79699
2020-06-25,120.426,120.621,120.09,120.24,80530
2020-06-26,120.229,120.378,119.812,120.279,63824
2020-06-29,119.965,121.358,119.965,120.925,63058
2020-06-30,120.922,121.423,120.587,121.238,70470
2020-07-01,121.238,121.48,120.253,120.907,64809
2020-07-02,120.907,121.439,120.748,120.811,66645
2020-07-03,120.811,120.962,120.611,120.853,60069
2020-07-06,120.731,121.967,120.731,121.361,57859
2020-07-07,121.274,121.716,121.169,121.201,63030
2020-07-08,121.201,121.881,121.093,121.509,62465
2020-07-09,121.5,121.963,120.898,120.969,67401
2020-07-10,120.925,121.065,120.268,120.774,60770
2020-07-13,120.749,121.963,120.749,121.704,58871
2020-07-14,121.703,122.319,121.466,122.229,73049
2020-07-15,122.225,122.498,121.821,122.02,60933
2020-07-16,121.997,122.501,121.813,122.093,62967
2020-07-17,122.085,122.575,121.931,122.269,47432
2020-07-20,122.042,122.973,122.042,122.786,61267
2020-07-21,122.792,123.172,122.47,123.114,58706
2020-07-22,123.111,124.291,123.04,123.982,61786
2020-07-23,123.981,124.239,123.708,123.912,60183
2020-07-24,123.914,123.965,122.839,123.677,72217
2020-07-27,123.403,123.9,123.219,123.821,72791
2020-07-28,123.818,123.983,123.013,123.116,79417
2020-07-29,123.111,123.786,123.014,123.701,70867
2020-07-30,123.667,124.194,123.336,124.064,80694
2020-07-31,124.039,125.207,123.839,124.692,100891
2020-08-03,124.517,125.047,123.989,124.616,82428
2020-08-04,124.616,124.998,124.262,124.766,71582
2020-08-05,124.756,125.513,124.633,125.272,69579
2020-08-06,125.272,125.588,124.652,125.352,75791
2020-08-07,125.355,125.391,124.458,124.827,70050
2020-08-10,124.743,124.877,124.335,124.362,50793
2020-08-11,124.362,125.498,124.302,125.011,73195
2020-08-12,125.023,126.212,124.849,125.979,72378
2020-08-13,125.956,126.75,125.872,126.31,66448
2020-08-14,126.309,126.467,125.738,126.194,45238
2020-08-17,126.034,126.46,125.668,125.828,51758
2020-08-18,125.813,126.089,125.343,125.753,67695
2020-08-19,125.753,126.057,125.366,125.596,72191
2020-08-20,125.596,125.78,125.08,125.474,72087
2020-08-21,125.469,125.557,124.44,124.823,64185
2020-08-24,124.712,125.342,124.687,124.915,49866
2020-08-25,124.908,126.028,124.891,125.9,59923
2020-08-26,125.896,126.136,125.257,125.378,54963
2020-08-27,125.374,126.09,125.129,125.975,85237
2020-08-28,125.969,126.777,125.194,125.417,84108
2020-08-31,125.469,126.842,125.379,126.412,66082
2020-09-01,126.412,127.072,126.135,126.209,71948
2020-09-02,126.211,126.31,125.549,125.874,63183
2020-09-03,125.798,126.02,125.281,125.84,68694
2020-09-04,125.838,125.98,125.301,125.773,68460
2020-09-07,125.845,125.941,125.515,125.532,44838
2020-09-08,125.57,125.647,124.692,124.838,67169
2020-09-09,124.852,125.643,124.414,125.325,66571
2020-09-10,125.327,126.461,125.281,125.374,69603
2020-09-11,125.376,126.122,125.347,125.736,63116
2020-09-14,125.527,125.899,125.283,125.424,45912
2020-09-15,125.429,125.765,124.753,124.906,42478
2020-09-16,124.901,125.014,123.834,124.004,55914
2020-09-17,124.004,124.133,123.309,124.094,62155
2020-09-18,124.088,124.309,123.434,123.82,45877
2020-09-21,123.825,123.938,122.514,123.178,59708
2020-09-22,123.171,123.273,122.655,122.843,53583
2020-09-23,122.842,123.19,122.573,122.877,55630
2020-09-24,122.873,123.156,122.58,123.019,53567
2020-09-25,123.016,123.151,122.608,122.75,50720
2020-09-28,122.68,123.206,122.377,123.016,43076
2020-09-29,123.052,124.114,123.006,124.076,51521
2020-09-30,123.999,124.247,123.528,123.589,65964
2020-10-01,123.607,124.203,123.558,123.97,66120
2020-10-02,123.97,124.002,123.019,123.404,74546
2020-10-05,123.311,124.709,123.286,124.591,49370
2020-10-06,124.579,124.729,123.843,123.932,56851
2020-10-07,123.934,124.874,123.865,124.625,55538
2020-10-08,124.62,124.871,124.361,124.667,49019
2020-10-09,124.637,125.085,124.511,124.941,48479
2020-10-12,124.958,124.998,124.282,124.406,41766
2020-10-13,124.403,124.465,123.803,123.881,53308
2020-10-14,123.88,123.943,123.471,123.515,49906
2020-10-15,123.485,123.771,123.015,123.433,57125
2020-10-16,123.425,123.71,123.111,123.491,51721
2020-10-19,123.468,124.337,123.362,124.084,44224
2020-10-20,124.086,124.997,123.981,124.719,50822
2020-10-21,124.718,124.835,123.91,124.039,58045
2020-10-22,124.035,124.09,123.645,123.925,49373
2020-10-23,123.912,124.225,123.408,124.184,49926
2020-10-26,124.084,124.201,123.772,123.81,49526
2020-10-27,123.807,123.992,123.047,123.125,48376
2020-10-28,123.125,123.185,122.185,122.518,68584
2020-10-29,122.509,122.887,121.891,122.101,67469
2020-10-30,122.094,122.462,121.616,121.904,67020
2020-11-02,121.703,122.15,121.7,121.919,54324
2020-11-03,121.919,122.75,121.795,122.346,53765
2020-11-04,122.356,123.068,121.957,122.537,118511
2020-11-05,122.544,123.184,122.21,122.426,107446
2020-11-06,122.426,122.991,122.219,122.743,102320
2020-11-09,122.769,125.133,122.669,124.456,127933
2020-11-10,124.461,124.604,123.988,124.388,117516
2020-11-11,124.363,124.674,123.919,124.148,79584
2020-11-12,124.149,124.501,123.684,124.108,81763
2020-11-13,124.107,124.301,123.657,123.787,73677
2020-11-16,123.965,124.441,123.625,123.923,80039
2020-11-17,123.923,124.024,123.516,123.596,72090
2020-11-18,123.584,123.634,123.017,123.06,75037
2020-11-19,123.068,123.318,122.846,123.178,81547
2020-11-20,123.169,123.482,123.009,123.141,70257
2020-11-23,122.972,123.827,122.972,123.74,73703
2020-11-24,123.74,124.349,123.63,124.177,76590
2020-11-25,124.212,124.508,124.145,124.46,78152
2020-11-26,124.434,124.568,123.909,124.193,53525
2020-11-27,124.2,124.536,123.901,124.488,57372
2020-11-30,124.359,125.125,124.305,124.38,75531
2020-12-01,124.409,125.954,124.37,125.904,75895
2020-12-02,125.898,126.549,125.778,126.475,83350
2020-12-03,126.476,126.654,126.03,126.12,81398
2020-12-04,126.12,126.678,126.006,126.268,77058
2020-12-07,126.281,126.484,125.961,125.985,73368
2020-12-08,125.992,126.257,125.859,126.048,79377
2020-12-09,126.048,126.517,125.784,125.898,73354
2020-12-10,125.899,126.738,125.792,126.52,85895
2020-12-11,126.515,126.61,125.784,125.997,75030
2020-12-14,126.126,126.513,125.917,126.329,71095
2020-12-15,126.349,126.588,125.937,125.975,66374
2020-12-16,125.998,126.344,125.706,126.202,76960
2020-12-17,126.23,126.519,126.014,126.469,74839
2020-12-18,126.467,127.012,126.386,126.589,69759
2020-12-21,126.478,126.615,125.911,126.477,102053
2020-12-22,126.494,126.657,125.989,126.041,77786
2020-12-23,126.046,126.377,125.937,126.179,74120
2020-12-24,126.184,126.5,126.109,126.277,40435
2020-12-28,126.097,126.955,126.046,126.778,60734
2020-12-29,126.773,127.232,126.668,126.891,51493
2020-12-30,126.859,127.135,126.464,126.91,62853
2020-12-31,126.762,126.979,126.112,126.13,58818
2021-01-04,126.105,126.793,126.07,126.291,89529
2021-01-05,126.29,126.554,126.048,126.262,80923
2021-01-06,126.314,127.244,126.138,126.975,119107
2021-01-07,126.97,127.492,126.914,127.36,88345
2021-01-08,127.34,127.465,126.813,127.069,98607
2021-01-11,126.798,127.081,126.555,126.668,75949
2021-01-12,126.67,126.865,126.451,126.642,79974
2021-01-13,126.672,126.763,126.208,126.28,69136
2021-01-14,126.279,126.524,125.926,126.148,78942
2021-01-15,126.163,126.194,125.401,125.439,68700
2021-01-18,125.394,125.489,125.087,125.206,61740
2021-01-19,125.201,126.209,125.182,126.016,64327
2021-01-20,126.017,126.184,125.268,125.327,64353
2021-01-21,125.318,125.966,125.294,125.916,69663
2021-01-22,125.929,126.401,125.851,126.282,59543
2021-01-25,126.286,126.368,125.807,125.972,60607
2021-01-26,125.955,126.159,125.689,125.982,60500
2021-01-27,125.993,126.187,125.597,126.055,79369
2021-01-28,126.051,126.664,125.988,126.34,85535
2021-01-29,126.34,127.344,126.119,127.089,95246
2021-02-01,127.081,127.133,126.52,126.527,72446
2021-02-02,126.531,126.822,126.266,126.417,68011
2021-02-03,126.414,126.525,126.143,126.407,57343
2021-02-04,126.401,126.462,126.098,126.229,60097
2021-02-05,126.236,126.993,126.141,126.977,62236
2021-02-08,126.804,127.125,126.647,126.768,58294
2021-02-09,126.768,126.848,126.436,126.7,66702
2021-02-10,126.703,127.076,126.645,126.751,58921
2021-02-11,126.751,127.162,126.7,127.04,46939
2021-02-12,127.054,127.304,126.874,127.157,49884
2021-02-15,127.168,127.972,127.124,127.784,43118
2021-02-16,127.806,128.373,127.656,128.355,67001
2021-02-17,128.349,128.453,127.308,127.454,66557
2021-02-18,127.454,127.808,127.329,127.773,54302
2021-02-19,127.765,128.184,127.65,127.741,52688
2021-02-22,127.604,128.245,127.506,127.719,62353
2021-02-23,127.721,128.056,127.636,127.87,58771
2021-02-24,127.874,128.876,127.681,128.774,81119
2021-02-25,128.772,129.973,128.701,129.329,102434
2021-02-26,129.329,129.521,128.559,128.629,132213
2021-03-01,128.551,128.938,128.219,128.619,80297
2021-03-02,128.625,129.078,128.181,128.982,80899
2021-03-03,128.982,129.455,128.736,129.068,79805
2021-03-04,129.04,129.636,128.913,129.245,98199
2021-03-05,129.245,129.577,128.846,129.105,94904
2021-03-08,128.98,129.387,128.78,128.999,78712
2021-03-09,128.999,129.543,128.858,129.096,81449
2021-03-10,129.096,129.429,128.998,129.274,71091
2021-03-11,129.268,130.056,129.213,130.036,73748
2021-03-12,130.017,130.391,129.819,130.304,67549
2021-03-15,130.2,130.487,129.989,130.173,63331
2021-03-16,130.167,130.397,129.491,129.71,58591
2021-03-17,129.712,130.441,129.71,130.392,61505
2021-03-18,130.393,130.665,129.596,129.773,84022
2021-03-19,129.758,129.997,129.321,129.614,64593
2021-03-22,129.134,129.943,128.977,129.874,59177
2021-03-23,129.874,129.92,128.599,128.677,61327
2021-03-24,128.676,128.86,128.292,128.43,63800
2021-03-25,128.428,128.944,128.34,128.462,70793
2021-03-26,128.461,129.46,128.451,129.342,57183
2021-03-29,129.319,129.429,128.832,129.18,59458
2021-03-30,129.189,129.546,129.095,129.285,56397
2021-03-31,129.286,130.047,129.22,129.856,72566
2021-04-01,129.851,130.266,129.651,130.227,59113
2021-04-02,130.22,130.317,129.938,130.123,40975
2021-04-05,130.031,130.266,129.834,130.134,45542
2021-04-06,130.121,130.562,129.811,130.29,71637
2021-04-07,130.29,130.683,130.138,130.363,75753
2021-04-08,130.366,130.478,129.573,130.172,62419
2021-04-09,130.172,130.55,130.049,130.5,58762
2021-04-12,130.296,130.609,129.894,130.272,49895
2021-04-13,130.272,130.496,129.798,130.3,63471
2021-04-14,130.295,130.582,130.031,130.461,55539
2021-04-15,130.481,130.552,130.023,130.112,52689
2021-04-16,130.099,130.54,129.975,130.346,51814
2021-04-19,130.136,130.325,129.699,130.149,73186
2021-04-20,130.154,130.971,129.992,130.082,75057
2021-04-21,130.084,130.142,129.636,130.042,56472
2021-04-22,130.072,130.467,129.673,129.711,65039
2021-04-23,129.711,130.562,129.59,130.502,60627
2021-04-26,130.436,130.76,130.207,130.627,59573
2021-04-27,130.613,131.5,130.569,131.429,53481
2021-04-28,131.369,131.816,131.367,131.66,66834
2021-04-29,131.697,132.366,131.585,132.012,63232
2021-04-30,132.0,132.191,131.376,131.427,64846
2021-05-03,131.376,132.163,131.341,131.568,53851
2021-05-04,131.563,131.638,131.144,131.318,65423
2021-05-05,131.332,131.46,130.985,131.051,52478
2021-05-06,131.054,131.85,131.005,131.603,68868
2021-05-07,131.616,132.172,131.48,132.08,74252
2021-05-10,131.986,132.528,131.98,131.98,64733
2021-05-11,131.98,132.473,131.783,131.937,72900
2021-05-12,131.937,132.449,131.642,132.403,85033
2021-05-13,132.403,132.733,132.035,132.203,79001
2021-05-14,132.205,132.842,132.146,132.808,62786
2021-05-17,132.632,132.951,132.433,132.731,54752
2021-05-18,132.729,133.189,132.665,133.089,57736
2021-05-19,133.089,133.438,132.636,132.974,80997
2021-05-20,132.974,133.09,132.707,133.024,65735
2021-05-21,132.99,133.209,132.533,132.698,60727
2021-05-24,132.596,133.045,132.523,132.867,69280
2021-05-25,132.847,133.613,132.751,133.223,78633
2021-05-26,133.222,133.413,132.997,133.052,73306
2021-05-27,133.05,134.057,132.931,133.89,82931
2021-05-28,133.89,134.005,133.607,133.922,77254
2021-05-31,133.883,134.02,133.66,133.924,59729
2021-06-01,133.946,134.125,133.707,133.707,68978
2021-06-02,133.721,134.07,133.646,133.749,72452
2021-06-03,133.761,133.917,133.621,133.74,78660
2021-06-04,133.74,133.813,133.141,133.244,71300
2021-06-07,133.208,133.385,132.888,133.169,57325
2021-06-08,133.169,133.422,133.132,133.263,65604
2021-06-09,133.258,133.624,133.201,133.504,55870
2021-06-10,133.501,133.758,133.042,133.08,78714
2021-06-11,133.078,133.413,132.659,132.785,71653
2021-06-14,132.687,133.434,132.648,133.369,59690
2021-06-15,133.369,133.682,133.272,133.451,60592
2021-06-16,133.461,133.584,132.684,132.767,75473
2021-06-17,132.758,132.876,131.022,131.185,104139
2021-06-18,131.183,131.429,130.656,130.703,85559
2021-06-21,130.54,131.496,130.038,131.382,98196
2021-06-22,131.369,132.197,131.212,132.135,77469
2021-06-23,132.135,132.692,132.015,132.298,75370
2021-06-24,132.279,132.578,132.114,132.248,72918
2021-06-25,132.246,132.454,132.119,132.23,58507
2021-06-28,132.098,132.346,131.777,131.885,64936
2021-06-29,131.938,131.967,131.277,131.501,64468
2021-06-30,131.432,131.78,131.277,131.713,77593
2021-07-01,131.704,132.43,131.56,132.131,74654
2021-07-02,132.132,132.229,131.678,131.719,70785
2021-07-05,131.59,131.867,131.544,131.614,70264
2021-07-06,131.614,131.861,130.618,130.779,80720
2021-07-07,130.762,131.035,130.418,130.427,83858
2021-07-08,130.425,130.525,129.62,130.015,100985
2021-07-09,130.015,130.872,129.87,130.757,85405
2021-07-12,130.672,130.986,130.451,130.882,57736
2021-07-13,130.878,131.087,130.211,130.266,67869
2021-07-14,130.255,130.433,130.019,130.129,66177
2021-07-15,130.118,130.201,129.613,129.716,75351
2021-07-16,129.716,130.281,129.6,129.952,69819
2021-07-19,129.732,129.964,128.888,129.119,91524
2021-07-20,129.189,129.485,128.592,129.404,88449
2021-07-21,129.386,130.189,129.157,130.05,73617
2021-07-22,130.043,130.295,129.483,129.627,75548
2021-07-23,129.61,130.184,129.557,130.106,66472
2021-07-26,129.952,130.346,129.674,130.257,74047
2021-07-27,130.255,130.294,129.545,129.69,77636
2021-07-28,129.678,130.235,129.622,130.161,87220
2021-07-29,130.161,130.561,129.895,130.103,67374
2021-07-30,130.098,130.498,130.015,130.189,76108
2021-08-02,130.031,130.418,129.598,129.729,59296
2021-08-03,129.729,129.868,129.165,129.331,64759
2021-08-04,129.327,129.818,129.135,129.574,69336
2021-08-05,129.574,130.011,129.525,129.869,61468
2021-08-06,129.868,129.963,129.548,129.625,61763
2021-08-09,129.56,129.693,129.391,129.485,58438
2021-08-10,129.482,129.684,129.394,129.552,59908
2021-08-11,129.553,129.804,129.498,129.612,60409
2021-08-12,129.573,129.709,129.389,129.5,50833
2021-08-13,129.451,129.696,129.233,129.277,47687
2021-08-16,129.22,129.431,128.498,128.654,51787
2021-08-17,128.641,128.873,128.251,128.353,64454
2021-08-18,128.353,128.943,128.217,128.532,63247
2021-08-19,128.473,128.705,127.928,128.167,84344
2021-08-20,128.165,128.523,127.945,128.457,61447
2021-08-23,128.212,129.142,128.102,128.853,58930
2021-08-24,128.807,129.031,128.593,128.929,55285
2021-08-25,128.915,129.535,128.741,129.518,61827
2021-08-26,129.503,129.765,129.226,129.361,73240
2021-08-27,129.358,129.748,129.154,129.573,76120
2021-08-30,129.514,129.707,129.478,129.647,50191
2021-08-31,129.627,130.175,129.58,129.903,81838
2021-09-01,129.886,130.452,129.842,130.255,71514
2021-09-02,130.23,130.594,130.136,130.533,59372
2021-09-03,130.533,130.744,130.186,130.308,74430
2021-09-06,130.184,130.5,130.148,130.407,46805
2021-09-07,130.349,130.656,130.278,130.578,77055
2021-09-08,130.565,130.696,130.173,130.272,76762
2021-09-09,130.242,130.314,129.665,129.735,76784
2021-09-10,129.691,130.277,129.645,129.806,69880
2021-09-13,129.74,129.946,129.588,129.914,64385
2021-09-14,129.914,130.195,129.365,129.459,72116
2021-09-15,129.437,129.531,129.057,129.232,69773
2021-09-16,129.232,129.355,128.605,129.124,68635
2021-09-17,129.117,129.669,128.902,128.942,68127
2021-09-20,128.83,129.025,128.141,128.291,68293
2021-09-21,128.198,128.703,127.997,128.049,76507
2021-09-22,128.031,128.771,127.92,128.33,98731
2021-09-23,128.307,129.54,128.266,129.503,78270
2021-09-24,129.376,129.84,129.376,129.792,73490
2021-09-27,129.766,129.934,129.482,129.812,69618
2021-09-28,129.799,130.379,129.663,130.259,85883
2021-09-29,130.23,130.47,129.673,129.843,87906
2021-09-30,129.823,129.959,128.784,128.822,83320
2021-10-01,128.782,129.044,128.546,128.757,90008
2021-10-04,128.751,129.374,128.54,128.896,80629
2021-10-05,128.825,129.386,128.756,129.262,72586
2021-10-06,129.236,129.496,128.333,128.747,82567
2021-10-07,128.725,129.028,128.63,128.948,61495
2021-10-08,128.948,129.902,128.872,129.891,72826
2021-10-11,129.636,131.221,129.636,130.895,63544
2021-10-12,130.887,131.272,130.731,130.977,78061
2021-10-13,130.977,131.463,130.862,131.303,80508
2021-10-14,131.225,131.855,131.189,131.821,69441
2021-10-15,131.806,132.774,131.755,132.511,78679
2021-10-18,132.514,132.787,132.145,132.72,85389
2021-10-19,132.702,133.19,132.622,133.036,75656
2021-10-20,132.92,133.478,132.734,133.192,74366
2021-10-21,133.168,133.368,132.261,132.505,74521
2021-10-22,132.48,132.79,131.916,132.142,77794
2021-10-25,132.15,132.599,131.86,132.001,71087
2021-10-26,131.99,132.663,131.926,132.361,59514
2021-10-27,132.33,132.52,131.578,132.064,80069
2021-10-28,132.024,132.697,131.555,132.652,90965
2021-10-29,132.628,132.917,131.604,131.763,90298
2021-11-01,131.908,132.442,131.794,132.287,68500
2021-11-02,132.264,132.388,131.476,131.952,72269
2021-11-03,131.934,132.412,131.746,132.369,73244
2021-11-04,132.343,132.561,131.016,131.424,79724
2021-11-05,131.401,131.589,130.833,131.157,85102
2021-11-08,130.933,131.425,130.895,131.185,74557
2021-11-09,131.154,131.263,130.674,130.851,84102
2021-11-10,130.834,131.415,130.64,130.727,94846
2021-11-11,130.63,130.992,130.438,130.594,65854
2021-11-12,130.564,130.76,130.232,130.357,71080
2021-11-15,130.37,130.597,129.677,129.724,72628
2021-11-16,129.704,130.11,129.583,129.969,87433
2021-11-17,129.959,130.073,129.033,129.157,84580
2021-11-18,129.156,129.942,128.99,129.913,77171
2021-11-19,129.885,129.985,127.977,128.648,99954
2021-11-22,128.533,129.321,128.328,129.058,92510
2021-11-23,129.051,129.593,128.893,129.51,97529
2021-11-24,129.465,129.558,128.684,129.277,101417
2021-11-25,129.248,129.529,129.191,129.3,67066
2021-11-26,129.228,129.286,127.79,128.291,143514
2021-11-29,128.405,128.568,127.487,128.186,112108
2021-11-30,128.18,128.597,127.646,128.301,135702
2021-12-01,128.252,128.785,127.566,127.638,109171
2021-12-02,127.642,128.221,127.486,127.891,104436
2021-12-03,127.687,128.337,127.378,127.598,101058
2021-12-06,127.492,128.084,127.492,128.058,84190
2021-12-07,128.04,128.464,127.599,127.956,74688
2021-12-08,127.904,129.103,127.746,128.939,86776
2021-12-09,128.919,129.068,127.932,128.136,73896
2021-12-10,128.092,128.402,127.809,128.306,77778
2021-12-13,128.077,128.451,128.007,128.168,65166
2021-12-14,128.147,128.556,127.991,128.039,70579
2021-12-15,127.92,128.822,127.92,128.814,80710
2021-12-16,128.814,129.636,128.448,128.806,90706
2021-12-17,128.736,128.976,127.745,127.77,80770
2021-12-20,127.609,128.311,127.514,128.141,88285
2021-12-21,128.12,128.764,127.94,128.729,69010
2021-12-22,128.704,129.5,128.53,129.25,65875
2021-12-23,129.249,129.723,129.044,129.591,50277
2021-12-24,129.583,129.747,129.284,129.472,74182
2021-12-27,129.182,130.152,129.182,130.125,49945
2021-12-28,130.096,130.222,129.602,129.845,49791
2021-12-29,129.822,130.561,129.647,130.491,64241
2021-12-30,130.481,130.586,130.12,130.315,59159
2021-12-31,130.295,131.032,130.158,130.919,51673
2022-01-03,130.801,131.001,130.022,130.293,56855
2022-01-04,130.277,131.458,130.165,131.069,71089
2022-01-05,131.027,131.604,130.837,131.342,66452
2022-01-06,131.311,131.425,130.636,130.864,80637
2022-01-07,130.857,131.346,130.743,131.262,64684
2022-01-10,131.162,131.36,130.159,130.491,66727
2022-01-11,130.502,131.196,130.374,131.062,67003
2022-01-12,131.053,131.474,130.949,131.138,68665
2022-01-13,131.129,131.442,130.617,130.772,64285
2022-01-14,130.763,130.85,129.775,130.362,80296
2022-01-17,130.223,130.827,130.217,130.727,44805
2022-01-18,130.717,131.18,129.695,129.782,86341
2022-01-19,129.757,129.986,129.392,129.672,68408
2022-01-20,129.641,130.084,129.026,129.068,70459
2022-01-21,129.068,129.309,128.556,128.949,82027
2022-01-24,128.773,129.154,128.403,129.066,90635
2022-01-25,128.996,129.191,128.245,128.675,90273
2022-01-26,128.643,129.24,128.546,128.874,92875
2022-01-27,128.797,129.016,128.326,128.551,119897
2022-01-28,128.51,128.854,128.352,128.455,100546
2022-01-31,128.404,129.372,128.296,129.32,90798
2022-02-01,129.299,129.535,128.866,129.278,89714
2022-02-02,129.243,129.468,129.044,129.369,72918
2022-02-03,129.331,131.54,129.187,131.523,104407
2022-02-04,131.49,132.088,131.374,131.903,96080
2022-02-07,132.09,132.124,131.255,131.67,79464
2022-02-08,131.642,132.032,131.478,131.901,72169
2022-02-09,131.885,132.154,131.624,131.978,63724
2022-02-10,131.958,133.149,131.863,132.556,98367
2022-02-11,132.525,132.601,130.381,130.992,104527
2022-02-14,130.717,131.382,130.041,130.629,109961
2022-02-15,130.605,131.538,130.432,131.293,90169
2022-02-16,131.285,131.905,131.103,131.306,85451
2022-02-17,131.31,131.497,130.396,130.571,124931
2022-02-18,130.588,131.12,130.207,130.251,92291
2022-02-21,130.164,130.919,129.722,129.752,67451
2022-02-22,129.725,130.765,129.346,130.306,125845
2022-02-23,130.342,130.709,129.94,129.987,74497
2022-02-24,129.98,130.008,127.914,129.311,219983
2022-02-25,129.271,130.288,128.72,130.222,137406
2022-02-28,128.172,129.775,128.172,128.982,159328
2022-03-01,128.971,129.243,127.373,127.825,127772
2022-03-02,127.728,128.766,127.295,128.464,143023
2022-03-03,128.455,128.519,127.576,127.762,116963
2022-03-04,127.758,127.816,125.071,125.546,149797
2022-03-07,125.501,125.954,124.389,125.151,182409
2022-03-08,125.125,126.732,125.005,126.027,167482
2022-03-09,126.036,128.467,125.864,128.321,126120
2022-03-10,128.258,128.871,127.412,127.59,139672
2022-03-11,127.567,129.034,127.46,128.017,134579
2022-03-14,128.085,129.713,127.967,129.359,118055
2022-03-15,129.302,130.027,129.273,129.532,125615
2022-03-16,129.505,131.098,129.496,131.026,133562
2022-03-17,130.986,131.91,130.715,131.548,108596
2022-03-18,131.536,131.912,131.184,131.659,102358
2022-03-21,131.566,131.969,131.375,131.633,68751
2022-03-22,131.626,133.337,131.582,133.245,113697
2022-03-23,133.245,133.884,132.327,133.323,106599
2022-03-24,133.288,134.614,132.948,134.571,109268
2022-03-25,134.527,134.741,133.719,134.118,124415
2022-03-28,133.994,137.678,133.963,136.126,166295
2022-03-29,136.1,137.31,135.309,136.218,171959
2022-03-30,136.2,136.672,134.877,135.932,157455
2022-03-31,135.85,136.842,134.513,134.664,156303
2022-04-01,134.567,135.877,134.473,135.369,122069
2022-04-04,135.262,135.678,134.565,134.69,104279
2022-04-05,134.63,135.124,134.291,134.775,107943
2022-04-06,134.763,135.472,134.566,134.877,128481
2022-04-07,134.87,135.497,134.413,134.869,117651
2022-04-08,134.869,135.386,134.35,135.155,110387
2022-04-11,135.391,137.127,135.214,136.443,117030
2022-04-12,136.443,136.639,135.538,135.744,125953
2022-04-13,135.606,136.869,135.565,136.841,120017
2022-04-14,136.808,136.935,135.514,136.287,131616
2022-04-15,136.269,136.902,136.192,136.613,180170
2022-04-18,136.395,137.025,136.386,136.914,88554
2022-04-19,136.84,139.09,136.808,139.035,136381
2022-04-20,139.049,139.68,138.396,138.772,162047
2022-04-21,138.761,140.002,138.511,139.063,144948
2022-04-22,139.056,139.489,138.255,138.837,148382
2022-04-25,138.87,139.168,136.482,137.257,183802
2022-04-26,137.246,137.533,135.276,135.326,166180
2022-04-27,135.326,136.29,134.775,135.583,180569
2022-04-28,135.59,137.994,135.435,137.333,205514
2022-04-29,137.309,137.982,136.499,136.968,181780
2022-05-02,136.783,137.635,136.517,136.804,140042
2022-05-03,136.761,137.368,136.516,136.926,121658
2022-05-04,136.889,137.431,136.597,137.112,121244
2022-05-05,137.02,137.572,136.823,137.185,163887
2022-05-06,137.061,138.157,136.738,137.656,174544
2022-05-09,137.477,138.313,137.062,137.594,149364
2022-05-10,137.575,138.078,137.022,137.356,167778
2022-05-11,137.328,137.707,136.175,136.64,158587
2022-05-12,136.64,136.743,132.651,133.179,194443
2022-05-13,133.094,134.748,132.949,134.526,142823
2022-05-16,134.49,135.046,133.744,134.711,124323
2022-05-17,134.691,136.696,134.491,136.467,129946
2022-05-18,136.444,136.663,134.072,134.134,126700
2022-05-19,134.097,135.452,133.926,135.26,180619
2022-05-20,135.273,135.8,134.577,135.069,154856
2022-05-23,134.937,136.801,134.654,136.735,140955
2022-05-24,136.702,136.787,135.544,136.138,164351
2022-05-25,136.138,136.229,134.984,135.915,151785
2022-05-26,135.861,136.637,135.23,136.358,136384
2022-05-27,136.332,136.725,135.844,136.405,126138
2022-05-30,136.119,137.665,135.981,137.514,92801
2022-05-31,137.518,138.234,136.798,138.124,170003
2022-06-01,138.124,138.971,137.876,138.625,151339
2022-06-02,138.498,139.601,138.389,139.563,124630
2022-06-03,139.521,140.371,139.212,140.185,119427
2022-06-06,140.119,141.123,139.832,141.047,111688
2022-06-07,141.021,142.059,140.923,141.944,151434
2022-06-08,141.97,144.248,141.638,143.844,152254
2022-06-09,143.81,144.177,142.339,142.635,176622
2022-06-10,142.54,142.789,140.802,141.362,172243
2022-06-13,141.202,141.782,139.386,139.882,206217
2022-06-14,139.882,141.121,139.474,141.091,211643
2022-06-15,141.047,141.488,139.532,139.805,237570
2022-06-16,139.778,140.602,137.841,139.417,255266
2022-06-17,139.407,141.966,139.295,141.641,257452
2022-06-20,141.296,142.354,141.296,142.004,152577
2022-06-21,141.754,143.996,141.632,143.96,169149
2022-06-22,143.945,144.245,142.67,143.959,200452
2022-06-23,143.936,143.992,141.408,142.008,220661
2022-06-24,141.971,142.767,141.399,142.669,164912
2022-06-27,142.509,143.481,142.028,143.364,176961
2022-06-28,143.309,144.278,142.864,143.183,190151
2022-06-29,143.143,143.855,142.483,142.612,201142
2022-06-30,142.595,142.861,141.372,142.286,213354
2022-07-01,142.149,142.434,139.792,141.024,225699
2022-07-04,140.907,141.663,140.607,141.407,138752
2022-07-05,141.143,142.373,138.946,139.482,209770
2022-07-06,139.441,139.493,137.268,138.38,225034
2022-07-07,138.401,139.07,137.98,138.17,191708
2022-07-08,138.217,138.712,136.865,138.599,202744
2022-07-11,138.108,139.17,137.881,137.958,183525
2022-07-12,137.958,138.075,137.018,137.379,207817
2022-07-13,137.316,138.798,137.12,138.198,215236
2022-07-14,138.164,139.764,137.984,139.23,227040
2022-07-15,139.154,139.886,138.739,139.729,166775
2022-07-18,139.572,140.797,139.373,140.101,193617
2022-07-19,140.105,141.446,139.693,141.328,186007
2022-07-20,141.274,141.925,140.424,140.791,172684
2022-07-21,140.791,142.326,140.132,140.475,218273
2022-07-22,140.474,140.691,138.774,138.949,201081
2022-07-25,138.951,140.074,138.713,139.662,165831
2022-07-26,139.621,139.839,138.127,138.558,153793
2022-07-27,138.524,139.509,138.419,139.321,166088
2022-07-28,139.207,139.326,136.376,136.873,197789
2022-07-29,136.869,137.324,135.546,136.241,195109
2022-08-01,135.927,136.347,134.994,135.048,177714
2022-08-02,135.031,135.403,133.399,135.367,212286
2022-08-03,135.351,136.414,134.825,136.069,201271
2022-08-04,136.069,136.919,135.637,136.224,175736
2022-08-05,136.162,137.755,135.797,137.386,162139
2022-08-08,137.273,137.924,137.068,137.689,152286
2022-08-09,137.654,138.307,137.257,137.993,133405
2022-08-10,137.972,138.393,136.608,136.895,159398
2022-08-11,136.847,137.394,136.296,137.306,161204
2022-08-12,137.268,137.719,136.889,136.91,144978
2022-08-15,136.717,137.279,135.276,135.443,138227
2022-08-16,135.44,136.914,134.946,136.508,149358
2022-08-17,136.502,137.876,136.261,137.489,159702
2022-08-18,137.468,137.663,136.556,137.068,145405
2022-08-19,137.077,137.965,136.931,137.415,137877
2022-08-22,137.307,137.946,136.394,136.707,145721
2022-08-23,136.707,137.061,135.724,136.323,167557
2022-08-24,136.321,136.777,135.515,136.678,163766
2022-08-25,136.678,136.977,136.014,136.153,159089
2022-08-26,136.122,137.962,136.074,137.021,158533
2022-08-29,136.873,138.974,136.873,138.718,152771
2022-08-30,138.617,139.217,138.26,138.98,167519
2022-08-31,138.98,139.725,138.266,139.698,173039
2022-09-01,139.62,139.988,138.921,139.428,178356
2022-09-02,139.413,140.748,139.235,139.624,160010
2022-09-05,138.901,139.645,138.687,139.637,134226
2022-09-06,139.637,141.76,139.403,141.412,202769
2022-09-07,141.288,144.003,141.288,143.838,193110
2022-09-08,143.838,144.328,143.177,144.087,210762
2022-09-09,143.986,144.723,142.635,143.286,182753
2022-09-12,143.55,145.637,143.207,144.55,179608
2022-09-13,144.521,145.503,144.026,144.101,180449
2022-09-14,144.101,144.472,142.289,142.882,203829
2022-09-15,142.882,143.68,142.562,143.483,136403
2022-09-16,143.498,143.531,142.505,143.153,136838
2022-09-19,142.861,143.61,142.791,143.544,109896
2022-09-20,143.463,144.039,143.011,143.303,138276
2022-09-21,143.309,143.59,141.635,141.755,177043
2022-09-22,141.724,143.696,138.705,140.056,198492
2022-09-23,139.964,140.243,138.662,138.87,169942
2022-09-26,138.837,139.516,137.335,139.077,223718
2022-09-27,139.043,139.541,138.609,138.908,183598
2022-09-28,138.837,140.396,138.055,140.282,218521
2022-09-29,140.21,141.75,139.408,141.745,194039
2022-09-30,141.703,142.291,140.784,141.882,185834
2022-10-03,141.309,142.458,141.309,142.006,173977
2022-10-04,141.997,144.074,141.732,143.915,168921
2022-10-05,143.823,144.081,142.435,143.002,165200
2022-10-06,142.762,143.453,141.951,142.109,166132
2022-10-07,142.08,142.209,141.182,141.59,145127
2022-10-10,141.297,141.814,140.899,141.389,162022
2022-10-11,141.372,142.196,140.981,141.592,188855
2022-10-12,141.536,142.63,141.324,142.535,191042
2022-10-13,142.493,144.088,141.753,143.939,180878
2022-10-14,143.826,144.84,143.471,144.643,167391
2022-10-17,144.247,146.719,144.241,146.686,160943
2022-10-18,146.681,147.199,145.812,147.118,177463
2022-10-19,147.067,147.251,146.075,146.489,170359
2022-10-20,146.453,147.301,146.231,146.949,177694
2022-10-21,146.907,148.4,144.128,145.639,226351
2022-10-24,145.717,147.347,143.8,147.125,196530
2022-10-25,147.102,147.49,146.63,147.432,172527
2022-10-26,147.368,147.715,146.955,147.578,198154
2022-10-27,147.592,147.695,145.55,145.764,160728
2022-10-28,145.761,147.361,145.489,146.975,139102
2022-10-31,147.067,147.756,146.708,147.017,146986
2022-11-01,147.014,147.12,145.961,146.402,161192
2022-11-02,146.391,146.471,144.897,145.077,164017
2022-11-03,145.015,145.352,144.03,144.498,152647
2022-11-04,144.493,146.138,144.232,146.058,167395
2022-11-07,145.554,146.999,145.442,146.922,153728
2022-11-08,146.922,146.992,145.981,146.739,145307
2022-11-09,146.71,147.106,146.312,146.6,147672
2022-11-10,146.55,146.74,143.193,143.908,177406
2022-11-11,143.785,145.028,142.551,143.673,195898
2022-11-14,143.582,145.254,143.464,144.438,181615
2022-11-15,144.426,145.363,143.35,144.122,216547
2022-11-16,144.117,145.494,143.563,145.019,193564
2022-11-17,145.001,145.474,144.444,145.295,159405
2022-11-18,145.322,145.546,144.556,144.87,139360
2022-11-21,144.629,145.645,144.327,145.562,144394
2022-11-22,145.533,145.705,144.887,145.491,123024
2022-11-23,145.478,146.136,144.637,145.106,141294
2022-11-24,145.069,145.198,143.653,144.303,121053
2022-11-25,144.292,145.152,144.052,144.438,149175
2022-11-28,144.311,145.004,143.041,143.644,164303
2022-11-29,143.603,144.025,143.01,143.277,168765
2022-11-30,143.249,144.84,142.995,143.639,167807
2022-12-01,143.682,143.732,141.897,142.395,179377
2022-12-02,142.437,142.638,140.757,141.576,146877
2022-12-05,141.374,143.613,141.374,143.49,134438
2022-12-06,143.484,144.0,143.093,143.416,134721
2022-12-07,143.429,144.579,143.113,143.491,139661
2022-12-08,143.492,144.361,143.24,144.267,111901
2022-12-09,144.236,144.462,143.171,143.862,125424
2022-12-12,143.58,145.101,143.517,145.051,110181
2022-12-13,145.025,145.344,143.521,144.158,150068
2022-12-14,144.143,144.743,143.487,144.707,146192
2022-12-15,144.635,146.73,144.299,146.397,147284
2022-12-16,146.409,146.594,144.602,144.779,121995
2022-12-19,143.657,145.492,143.657,145.21,128865
2022-12-20,145.165,145.825,138.802,139.885,197667
2022-12-21,139.909,140.77,139.577,140.451,136667
2022-12-22,140.418,140.66,139.958,140.224,120190
2022-12-23,140.259,141.213,140.02,140.96,127660
2022-12-26,141.007,141.495,140.805,141.326,20019
2022-12-27,141.161,142.272,141.066,142.017,95184
2022-12-28,142.011,142.938,141.767,142.704,110033
2022-12-29,142.702,142.704,141.569,141.831,119719
2022-12-30,141.81,141.862,139.981,140.272,138670
2023-01-02,140.128,140.211,139.223,139.374,21457
2023-01-03,139.374,139.998,137.383,138.174,166014
2023-01-04,138.18,140.758,137.876,140.611,159037
2023-01-05,140.642,141.358,139.964,140.352,159368
2023-01-06,140.372,141.445,140.105,140.64,148618
2023-01-09,140.117,141.914,140.115,141.523,138094
2023-01-10,141.529,142.047,141.077,141.935,128608
2023-01-11,141.808,142.853,141.676,142.496,113749
2023-01-12,142.455,142.55,140.012,140.307,165646
2023-01-13,140.284,140.38,138.011,138.502,142810
2023-01-16,138.303,139.29,138.227,139.127,96104
2023-01-17,138.987,139.616,138.198,138.227,132668
2023-01-18,138.244,141.684,138.053,139.155,196343
2023-01-19,138.971,139.424,137.916,139.083,133277
2023-01-20,139.078,141.196,138.747,140.672,109183
2023-01-23,140.539,142.083,140.468,142.054,120990
2023-01-24,142.016,142.201,141.256,141.718,107143
2023-01-25,141.69,142.29,140.758,141.429,107494
2023-01-26,141.442,141.912,140.864,141.813,107092
2023-01-27,141.826,141.826,140.815,141.095,98239
2023-01-30,140.837,141.973,140.55,141.536,116035
2023-01-31,141.47,141.614,140.742,141.333,108693
2023-02-01,141.262,141.834,140.903,141.665,124722
2023-02-02,141.703,141.931,140.082,140.42,135378
2023-02-03,140.397,142.345,139.932,141.588,146895
2023-02-06,142.559,142.806,141.971,142.238,163277
2023-02-07,142.271,142.339,140.285,140.567,181177
2023-02-08,140.52,141.026,140.289,140.799,144870
2023-02-09,140.81,141.344,140.423,141.252,148269
2023-02-10,141.215,141.508,139.551,140.28,176835
2023-02-13,140.092,142.382,140.092,141.987,139946
2023-02-14,141.99,142.943,141.516,142.891,184325
2023-02-15,142.889,143.438,142.346,143.374,153930
2023-02-16,143.369,143.439,142.853,142.939,168592
2023-02-17,142.945,143.671,142.805,143.448,142833
2023-02-20,143.126,143.654,143.029,143.457,104924
2023-02-21,143.376,144.162,143.17,143.748,154210
2023-02-22,143.73,143.894,143.042,143.107,162119
2023-02-23,143.058,143.518,142.558,142.667,131110
2023-02-24,142.665,144.008,142.145,143.916,177907
2023-02-27,143.758,144.547,143.566,144.536,131193
2023-02-28,144.505,145.47,143.876,144.047,141954
2023-03-01,144.054,145.359,143.784,145.332,160540
2023-03-02,145.296,145.567,144.77,144.921,157468
2023-03-03,144.904,145.039,144.291,144.421,143300
2023-03-06,144.341,145.379,144.115,145.216,126883
2023-03-07,145.183,145.438,144.556,144.694,151325
2023-03-08,144.671,145.232,144.234,144.859,120525
2023-03-09,144.797,144.806,143.617,144.034,111644
2023-03-10,144.069,145.106,143.346,143.686,208094
2023-03-13,143.172,144.386,141.371,142.905,285356
2023-03-14,142.895,144.409,142.534,144.059,215767
2023-03-15,144.055,144.964,139.476,141.002,269782
2023-03-16,141.0,142.003,139.124,141.754,231543
2023-03-17,141.753,142.215,140.156,140.596,181204
2023-03-20,140.839,141.748,138.825,140.764,220746
2023-03-21,140.764,142.789,140.415,142.593,156461
2023-03-22,142.595,143.627,142.305,142.626,159700
2023-03-23,142.628,143.198,141.158,141.705,188577
2023-03-24,141.706,141.854,139.068,140.659,198533
2023-03-27,140.556,142.22,140.469,142.057,168429
2023-03-28,142.027,142.151,141.043,141.975,165333
2023-03-29,141.953,144.09,141.567,144.059,162479
2023-03-30,144.07,145.08,143.133,144.713,159510
2023-03-31,144.672,145.67,143.878,144.016,167427
2023-04-03,144.285,144.936,143.623,144.362,168028
2023-04-04,144.333,145.435,143.959,144.299,161714
2023-04-05,144.284,144.443,142.667,143.153,161783
2023-04-06,143.132,143.999,142.548,143.86,130662
2023-04-07,143.832,144.256,143.557,144.027,102610
2023-04-10,143.932,145.15,143.789,145.116,136354
2023-04-11,145.064,145.967,144.773,145.913,141567
2023-04-12,145.875,146.705,145.534,146.339,136117
2023-04-13,146.318,146.883,146.075,146.458,116947
2023-04-14,146.434,147.159,146.208,147.052,153122
2023-04-17,146.951,147.452,146.659,146.971,140384
2023-04-18,146.915,147.381,146.591,147.13,150221
2023-04-19,147.127,147.862,146.918,147.565,148342
2023-04-20,147.574,147.833,147.019,147.254,154249
2023-04-21,147.25,147.564,146.4,147.402,148407
2023-04-24,147.165,148.471,147.067,148.283,127808
2023-04-25,148.282,148.626,146.286,146.745,150666
2023-04-26,146.684,147.916,146.434,147.602,176072
2023-04-27,147.509,147.99,147.136,147.746,149454
2023-04-28,147.718,150.433,146.857,150.042,204085
2023-05-01,149.995,150.963,149.964,150.922,138170
2023-05-02,150.89,151.614,149.829,150.271,166141
2023-05-03,150.215,150.391,149.156,149.165,175083
2023-05-04,149.08,149.202,147.125,147.89,203786
2023-05-05,147.847,148.703,147.53,148.563,143507
2023-05-08,148.49,149.266,148.359,148.677,125467
2023-05-09,148.67,148.693,147.886,148.221,148599
2023-05-10,148.208,148.667,147.039,147.583,159417
2023-05-11,147.542,147.604,146.131,146.897,172971
2023-05-12,146.866,147.47,146.661,147.254,142294
2023-05-15,147.112,148.176,147.103,148.002,132248
2023-05-16,147.987,148.499,147.604,148.148,135541
2023-05-17,148.12,149.24,148.034,149.143,138479
2023-05-18,149.207,149.449,148.771,149.403,132712
2023-05-19,149.356,149.799,148.715,149.064,141176
2023-05-22,149.006,149.924,148.805,149.858,134098
2023-05-23,149.822,150.055,149.101,149.267,149454
2023-05-24,149.222,149.937,148.841,149.923,158012
2023-05-25,149.894,150.314,149.282,150.201,154303
2023-05-26,150.164,150.933,149.794,150.789,135171
2023-05-29,150.531,151.066,150.094,150.396,74300
2023-05-30,150.352,150.628,149.733,150.047,136120
2023-05-31,150.015,150.103,148.59,148.9,144008
2023-06-01,148.907,149.68,148.618,149.379,137749
2023-06-02,149.346,149.962,148.965,149.849,120519
2023-06-05,149.805,150.196,149.211,149.515,116426
2023-06-06,149.482,149.694,148.818,149.329,111212
2023-06-07,149.276,150.019,148.632,149.972,118575
2023-06-08,149.94,150.043,149.587,149.781,122118
2023-06-09,149.766,150.439,149.539,149.817,112042
2023-06-12,149.677,150.342,149.647,150.182,113594
2023-06-13,150.164,151.374,150.034,151.343,128055
2023-06-14,151.301,151.78,150.919,151.759,132796
2023-06-15,151.692,153.683,151.519,153.549,138291
2023-06-16,153.511,155.235,153.092,155.234,143601
2023-06-19,154.767,155.324,154.653,155.089,94598
2023-06-20,155.033,155.381,154.045,154.426,139706
2023-06-21,154.436,155.912,154.092,155.884,140064
2023-06-22,155.893,156.93,155.549,156.783,128579
2023-06-23,156.727,156.826,155.057,156.55,152707
2023-06-26,156.323,156.724,155.751,156.509,147722
2023-06-27,156.427,157.938,156.382,157.91,174846
2023-06-28,157.866,157.999,157.227,157.663,171673
2023-06-29,157.673,157.919,157.244,157.249,192469
2023-06-30,157.269,157.879,156.679,157.38,170345
2023-07-03,157.423,157.955,157.218,157.9,133893
2023-07-04,157.839,157.91,157.134,157.151,80253
2023-07-05,157.06,157.721,156.78,157.01,138395
2023-07-06,156.992,157.195,155.839,156.851,177767
2023-07-07,156.823,156.93,155.383,155.818,173614
2023-07-10,155.732,156.672,155.326,155.451,147135
2023-07-11,155.493,155.671,154.176,154.517,148388
2023-07-12,154.528,154.528,153.336,154.081,188360
2023-07-13,154.024,155.13,153.862,154.984,170811
2023-07-14,154.778,156.133,154.161,155.896,168081
2023-07-17,155.84,156.338,155.095,155.859,135930
2023-07-18,155.856,156.141,154.874,155.875,178908
2023-07-19,155.873,157.201,155.677,156.465,173338
2023-07-20,156.258,156.624,155.861,155.894,169384
2023-07-21,155.895,158.047,155.585,157.708,162612
2023-07-24,157.349,157.783,156.24,156.498,156627
2023-07-25,156.469,156.89,155.612,155.705,146490
2023-07-26,155.771,155.985,155.145,155.454,160741
2023-07-27,155.319,156.236,152.189,153.109,226101
2023-07-28,152.983,155.605,151.402,155.491,322050
2023-07-31,155.193,157.282,155.11,156.48,173980
2023-08-01,156.49,157.488,156.142,157.425,168516
2023-08-02,157.446,157.498,156.251,156.76,198549
2023-08-03,156.755,157.234,155.53,156.06,230567
2023-08-04,155.943,156.627,155.855,155.905,184359
2023-08-07,155.996,156.85,155.802,156.767,134476
2023-08-08,156.77,157.741,156.34,157.092,159961
2023-08-09,157.036,157.9,156.748,157.744,140023
2023-08-10,157.745,159.208,157.452,158.959,191423
2023-08-11,158.958,159.218,158.435,158.666,139486
2023-08-14,158.577,158.834,158.189,158.745,155972
2023-08-15,158.746,159.334,158.326,158.731,170218
2023-08-16,158.653,159.253,158.565,159.212,141257
2023-08-17,159.128,159.296,158.251,158.574,161647
2023-08-18,158.524,158.562,157.653,158.03,158359
2023-08-21,157.705,159.393,157.705,159.304,129975
2023-08-22,159.257,159.489,158.085,158.216,123344
2023-08-23,158.232,158.373,156.869,157.343,141666
2023-08-24,157.29,158.044,157.108,157.661,134867
2023-08-25,157.614,158.245,157.229,158.009,167763
2023-08-28,157.926,158.564,157.923,158.511,111554
2023-08-29,158.517,159.061,158.242,158.71,146209
2023-08-30,158.7,159.76,158.14,159.755,148235
2023-08-31,159.744,159.755,157.617,157.803,145659
2023-09-01,157.728,157.963,157.051,157.459,170633
2023-09-04,157.411,158.251,157.312,158.15,74356
2023-09-05,158.123,158.502,157.725,158.37,141078
2023-09-06,158.4,158.464,157.767,158.398,132939
2023-09-07,158.315,158.523,157.36,157.55,119934
2023-09-08,157.56,158.389,157.001,158.128,119933
2023-09-11,157.523,157.731,156.58,157.561,142842
2023-09-12,157.59,158.29,157.096,158.193,110658
2023-09-13,158.142,158.653,157.967,158.238,136308
2023-09-14,158.127,158.406,156.635,156.94,149791
2023-09-15,156.96,157.898,156.67,157.601,127961
2023-09-18,157.455,157.936,157.24,157.8,88024
2023-09-19,157.788,158.277,157.371,157.918,96255
2023-09-20,157.836,158.447,157.659,158.087,118348
2023-09-21,158.064,158.131,157.029,157.4,138390
2023-09-22,157.212,158.28,156.995,157.841,119371
2023-09-25,157.87,158.176,157.483,157.721,79500
2023-09-26,157.657,157.924,157.313,157.559,89649
2023-09-27,157.585,157.614,156.956,157.13,98950
2023-09-28,157.03,157.866,156.707,157.76,115586
2023-09-29,157.701,158.34,157.391,157.873,123789
2023-10-02,157.675,158.473,156.999,157.015,105196
2023-10-03,156.998,157.213,154.335,156.016,127218
2023-10-04,155.967,156.766,155.705,156.65,123434
2023-10-05,156.64,156.785,156.088,156.62,150204
2023-10-06,156.327,158.261,156.199,157.943,163669
2023-10-09,157.111,157.699,156.511,156.936,131602
2023-10-10,156.8,157.975,156.764,157.703,155683
2023-10-11,157.68,158.468,157.381,158.398,155504
2023-10-12,158.24,158.61,157.645,157.69,154778
2023-10-13,157.539,158.045,157.046,157.16,146689
2023-10-16,156.868,157.981,156.868,157.89,98217
2023-10-17,157.803,158.623,157.276,158.435,112179
2023-10-18,158.217,158.541,157.675,157.963,106018
2023-10-19,157.917,158.925,157.678,158.499,135343
2023-10-20,158.43,158.925,158.164,158.711,108330
2023-10-23,158.646,159.774,158.501,159.719,91674
2023-10-24,159.512,159.913,158.532,158.753,101900
2023-10-25,158.721,158.933,158.401,158.704,88959
2023-10-26,158.688,158.9,157.997,158.842,119090
2023-10-27,158.706,158.872,157.881,158.041,108014
2023-10-30,157.977,158.921,157.69,158.199,93935
2023-10-31,158.206,160.851,158.159,160.367,150426
2023-11-01,160.366,160.403,159.062,159.439,129845
2023-11-02,159.446,160.078,159.064,159.759,116073
2023-11-03,159.758,160.395,159.59,160.248,106832
2023-11-06,160.121,160.976,159.93,160.798,77609
2023-11-07,160.797,161.025,160.425,160.898,85020
2023-11-08,160.88,161.724,160.449,161.667,82344
2023-11-09,161.577,161.79,161.362,161.441,99586
2023-11-10,161.41,161.944,161.119,161.873,81573
2023-11-13,161.763,162.361,161.527,162.312,76536
2023-11-14,162.105,163.811,162.036,163.606,108501
2023-11-15,163.58,164.218,163.065,164.207,103135
2023-11-16,164.21,164.305,163.249,163.548,89237
2023-11-17,163.412,163.6,162.15,163.248,98892
2023-11-20,163.186,163.553,161.774,162.321,112592
2023-11-21,162.14,162.418,161.243,161.909,118465
2023-11-22,161.709,162.934,161.584,162.803,110728
2023-11-23,162.652,163.19,162.431,163.037,38395
2023-11-24,162.793,163.65,162.72,163.413,42398
2023-11-27,163.444,163.711,162.533,162.879,54771
2023-11-28,162.809,162.92,161.92,162.129,62854
2023-11-29,162.13,162.248,161.487,161.506,72633
2023-11-30,161.438,161.937,160.592,161.347,67694
2023-12-01,161.3,161.774,159.644,159.673,66495
2023-12-04,159.629,159.842,158.709,159.524,71465
2023-12-05,159.342,159.714,158.576,158.874,62292
2023-12-06,158.869,159.117,158.378,158.578,59870
2023-12-07,158.535,158.578,153.16,155.554,87420
2023-12-08,155.62,156.09,153.864,155.93,89660
2023-12-11,155.884,157.679,155.596,157.342,67283
2023-12-12,157.28,157.333,156.497,156.997,60943
2023-12-13,156.863,157.479,155.375,155.393,76308
2023-12-14,155.369,156.059,153.861,155.977,112555
2023-12-15,155.818,156.483,154.398,154.822,205932
2023-12-18,154.767,156.304,154.607,155.96,191942
2023-12-19,155.868,158.57,155.376,157.943,258548
2023-12-20,157.685,158.118,156.784,157.055,212396
2023-12-21,156.974,157.11,156.13,156.467,230101
2023-12-22,156.451,156.981,156.12,156.821,218313
2023-12-25,156.774,156.865,156.501,156.753,387
2023-12-26,156.503,157.36,156.469,157.218,129962
2023-12-27,157.228,158.386,156.95,157.482,213226
2023-12-28,157.477,157.509,155.825,156.442,248030
2023-12-29,156.362,156.944,155.618,155.65,239723
2024-01-02,155.511,156.337,155.067,155.362,264080
2024-01-03,155.073,156.779,154.854,156.497,261140
2024-01-04,156.477,158.587,155.971,158.282,266587
2024-01-05,158.008,158.995,157.993,158.152,356044
2024-01-08,158.109,158.478,157.682,157.894,227496
2024-01-09,157.895,158.009,157.202,157.914,244315
2024-01-10,157.915,159.949,157.595,159.924,205601
2024-01-11,159.917,160.18,159.371,159.411,270440
2024-01-12,159.303,159.565,158.537,158.657,217825
2024-01-15,158.324,159.831,158.324,159.607,133977
2024-01-16,159.408,160.128,159.23,160.066,226531
2024-01-17,160.064,161.287,159.799,161.217,218906
2024-01-18,161.227,161.378,160.641,161.125,198404
2024-01-19,161.126,161.859,160.709,161.411,188185
2024-01-22,161.5,161.554,160.752,161.172,168695
2024-01-23,161.188,161.71,160.408,161.028,226607
2024-01-24,161.003,161.063,159.976,160.548,218100
2024-01-25,160.547,160.967,159.689,160.121,209750
2024-01-26,160.115,160.927,159.826,160.749,176824
2024-01-29,160.559,160.829,159.415,159.816,177876
2024-01-30,159.813,160.336,159.213,160.084,181117
2024-01-31,160.026,160.267,158.556,158.904,428611
2024-02-01,158.898,159.195,158.075,159.136,458231
2024-02-02,159.194,160.254,158.836,160.056,394498
2024-02-05,160.14,160.264,159.38,159.693,204621
2024-02-06,159.687,159.868,158.954,159.098,166288
2024-02-07,159.101,159.731,158.902,159.613,152574
2024-02-08,159.612,160.984,159.444,160.889,173549
2024-02-09,160.884,161.261,160.767,160.938,152008
2024-02-12,160.945,161.091,160.377,160.862,149059
2024-02-13,160.856,161.627,160.626,161.456,165712
2024-02-14,161.462,161.575,160.951,161.48,147642
2024-02-15,161.481,161.643,160.912,161.502,148040
2024-02-16,161.524,161.945,161.364,161.809,145505
2024-02-19,161.69,161.915,161.474,161.841,103293
2024-02-20,161.824,162.361,161.723,162.121,146817
2024-02-21,162.12,162.624,161.936,162.599,221607
2024-02-22,162.61,163.456,162.432,162.903,182752
2024-02-23,162.904,163.205,162.648,162.876,144300
2024-02-26,163.064,163.71,162.551,163.51,147465
2024-02-27,163.511,163.511,162.888,163.185,140904
2024-02-28,163.231,163.406,162.75,163.32,146633
2024-02-29,163.265,163.315,161.677,162.053,184540
2024-03-01,162.049,163.006,161.737,162.615,154007
2024-03-04,162.64,163.52,162.428,163.378,154899
2024-03-05,163.377,163.407,162.598,162.902,155449
2024-03-06,162.901,162.958,162.209,162.821,160785
2024-03-07,162.822,162.822,160.551,162.047,188513
2024-03-08,162.049,162.163,160.614,160.777,189142
2024-03-11,160.854,160.904,160.15,160.531,146676
2024-03-12,160.534,161.591,160.269,161.282,92273
2024-03-13,161.282,161.949,160.893,161.653,57219
2024-03-14,161.653,161.908,161.104,161.402,60819
2024-03-15,161.402,162.405,161.064,162.296,59858
2024-03-18,162.275,162.68,161.945,162.121,47459
2024-03-19,162.108,163.994,162.021,163.816,74948
2024-03-20,163.815,165.347,163.804,165.124,65676
2024-03-21,165.124,165.333,164.34,164.608,78143
2024-03-22,164.616,164.812,163.478,163.646,62883
2024-03-25,163.626,164.205,163.31,164.05,51007
2024-03-26,164.05,164.405,163.95,163.993,50487
2024-03-27,163.993,164.418,163.409,163.692,61928
2024-03-28,163.691,163.865,163.133,163.289,56066
2024-03-29,163.29,163.416,162.928,163.218,29129
2024-04-01,163.2,163.423,162.786,162.911,46284
2024-04-02,162.985,163.33,162.606,163.202,51687
2024-04-03,163.243,164.363,163.065,164.361,50690
2024-04-04,164.363,164.912,163.791,164.001,47175
2024-04-05,163.997,164.436,163.48,164.293,62343
2024-04-08,164.39,164.9,164.049,164.84,46675
2024-04-09,164.881,165.17,164.539,164.758,45970
2024-04-10,164.764,164.985,163.915,164.508,62717
2024-04-11,164.493,164.697,163.938,164.369,73625
2024-04-12,164.396,164.466,162.269,163.095,71020
2024-04-15,162.722,164.434,162.609,163.897,81744
2024-04-16,163.929,164.671,163.672,164.271,80282
2024-04-17,164.268,164.805,163.92,164.756,76380
2024-04-18,164.751,164.946,164.355,164.576,73884
2024-04-19,164.555,165.022,163.014,164.774,110105
2024-04-22,164.81,165.095,164.334,164.968,42723
2024-04-23,164.964,165.736,164.62,165.681,45807
2024-04-24,165.689,166.215,165.418,166.19,44960
2024-04-25,166.192,167.082,165.906,167.006,52751
2024-04-26,166.976,169.383,166.467,169.286,62037
2024-04-29,168.85,171.593,165.632,167.58,79063
2024-04-30,167.568,168.597,167.166,168.255,64010
2024-05-01,168.256,168.657,164.043,165.61,56124
2024-05-02,165.626,167.382,164.219,164.813,79322
2024-05-03,164.791,164.874,164.017,164.601,66645
2024-05-06,164.52,165.986,164.368,165.683,53300
2024-05-07,165.647,166.564,165.504,166.351,53005
2024-05-08,166.346,167.342,166.088,167.169,48531
2024-05-09,167.192,167.745,166.736,167.625,47438
2024-05-10,167.636,167.962,167.413,167.737,42059
2024-05-13,167.739,168.654,167.501,168.537,42156
2024-05-14,168.553,169.355,168.323,169.223,41028
2024-05-15,169.155,169.395,168.069,168.558,55117
2024-05-16,168.554,168.905,167.325,168.82,62813
2024-05-17,168.822,169.324,168.627,169.132,46907
2024-05-20,169.21,169.782,168.941,169.626,40088
2024-05-21,169.617,169.939,169.218,169.479,52123
2024-05-22,169.494,169.924,169.311,169.679,45489
2024-05-23,169.688,170.319,169.287,169.692,51323
2024-05-24,169.708,170.496,169.453,170.256,41998
2024-05-27,170.128,170.499,169.901,170.407,30265
2024-05-28,170.392,170.795,170.03,170.546,46144
2024-05-29,170.554,170.795,170.169,170.255,51791
2024-05-30,170.177,170.316,169.063,169.819,55450
2024-05-31,169.837,170.743,169.445,170.591,59221
2024-06-03,170.47,170.889,169.72,170.176,55511
2024-06-04,170.175,170.721,168.019,168.487,64914
2024-06-05,168.454,170.013,168.217,169.635,58096
2024-06-06,169.605,170.28,169.217,169.437,60065
2024-06-07,169.326,169.97,168.941,169.317,64549
2024-06-10,168.86,169.215,168.302,169.021,56623
2024-06-11,169.019,169.421,168.297,168.736,58968
2024-06-12,168.618,169.581,168.524,169.378,61997
2024-06-13,169.383,170.137,168.28,168.58,66261
2024-06-14,168.454,169.796,167.53,168.397,70426
2024-06-17,168.348,169.331,167.954,169.248,57867
2024-06-18,169.297,169.912,168.964,169.522,56560
2024-06-19,169.5,169.865,169.13,169.818,38276
2024-06-20,169.823,170.316,169.428,170.078,54962
2024-06-21,170.081,170.904,169.32,170.851,54922
2024-06-24,170.76,171.443,170.266,171.31,56528
2024-06-25,171.311,171.391,170.702,171.056,54991
2024-06-26,171.072,171.792,170.849,171.744,61535
2024-06-27,171.657,172.16,171.381,172.058,57699
2024-06-28,172.078,172.439,171.449,172.333,64537
2024-07-01,172.85,173.669,172.467,173.407,62833
2024-07-02,173.389,173.594,173.116,173.221,24273
2024-07-03,173.452,174.51,173.24,174.486,52394
2024-07-04,174.452,174.452,173.798,174.375,39986
2024-07-05,174.33,174.496,173.712,174.238,60752
2024-07-08,173.7,174.629,173.483,174.064,60995
2024-07-09,174.038,174.586,173.906,174.415,52980
2024-07-10,174.445,175.155,174.185,175.098,47703
2024-07-11,175.118,175.421,171.538,172.641,61084
2024-07-12,172.642,173.426,171.448,172.226,77948
2024-07-15,172.054,172.552,171.553,172.224,61873
2024-07-16,172.082,172.917,171.926,172.596,58594
2024-07-17,172.629,172.823,170.697,170.865,73531
2024-07-18,170.875,171.568,169.991,171.469,77903
2024-07-19,171.455,171.867,170.9,171.322,68676
2024-07-22,171.48,171.653,170.057,170.995,67976
2024-07-23,170.99,171.085,168.812,168.846,70150
2024-07-24,168.864,169.2,166.136,166.78,80880
2024-07-25,166.743,167.587,164.821,166.949,97196
2024-07-26,166.953,168.009,166.331,166.885,84698
2024-07-29,166.86,167.515,166.235,166.654,90063
2024-07-30,166.633,167.941,165.102,165.202,89062
2024-07-31,165.202,166.506,162.008,162.352,104067
2024-08-01,162.343,162.884,160.883,161.154,107577
2024-08-02,161.181,161.586,159.698,159.798,110926
2024-08-05,160.01,160.01,154.396,157.92,126427
2024-08-06,157.919,160.218,157.291,157.736,114599
2024-08-07,157.735,161.434,157.503,160.191,112736
2024-08-08,160.197,160.873,158.955,160.762,114134
2024-08-09,160.763,161.377,159.803,160.013,100505
2024-08-12,160.06,161.946,159.782,160.889,85099
2024-08-13,160.854,161.791,160.62,161.401,90381
2024-08-14,161.392,162.578,160.58,162.221,87849
2024-08-15,162.177,163.88,161.937,163.774,80041
2024-08-16,163.786,163.835,162.283,162.765,79953
2024-08-19,162.81,163.2,160.411,162.473,89607
2024-08-20,162.414,163.185,161.532,161.656,84001
2024-08-21,161.654,162.999,161.346,161.88,93993
2024-08-22,161.861,162.896,161.47,162.541,83901
2024-08-23,162.478,162.703,161.196,161.553,87184
2024-08-26,161.402,161.473,160.495,161.287,84377
2024-08-27,161.285,162.166,160.87,160.982,77392
2024-08-28,160.941,161.364,160.442,160.751,80136
2024-08-29,160.782,161.257,160.019,160.602,84268
2024-08-30,160.596,161.622,160.182,161.458,72004
2024-09-02,161.51,162.88,161.02,162.652,57346
2024-09-03,162.707,162.788,160.491,160.637,82151
2024-09-04,160.672,160.884,159.246,159.273,93764
2024-09-05,159.296,159.781,158.547,159.356,92923
2024-09-06,159.364,159.621,157.458,157.71,97202
2024-09-09,157.72,158.721,157.392,157.981,90571
2024-09-10,157.977,158.626,156.785,156.963,85359
2024-09-11,156.95,157.002,155.453,156.744,97456
2024-09-12,156.75,157.503,156.442,157.042,94292
2024-09-13,157.04,157.083,155.608,155.952,89536
2024-09-16,156.14,156.661,155.148,156.517,85784
2024-09-17,156.514,158.316,156.042,158.249,87284
2024-09-18,158.239,158.367,157.039,158.17,90981
2024-09-19,158.145,159.956,157.767,159.175,100964
2024-09-20,159.143,161.148,158.414,160.59,91104
2024-09-23,160.525,161.182,159.039,159.539,86832
2024-09-24,159.53,161.095,159.227,160.093,90892
2024-09-25,160.083,161.658,159.84,161.134,90089
2024-09-26,161.134,161.913,160.735,161.854,88079
2024-09-27,161.887,163.482,158.561,158.746,99942
2024-09-30,158.85,160.114,158.1,159.903,95232
2024-10-01,159.861,160.899,158.368,158.885,96709
2024-10-02,158.875,161.865,158.698,161.742,90246
2024-10-03,161.724,162.481,161.362,162.075,93628
2024-10-04,161.891,163.362,161.006,163.174,86521
2024-10-07,162.674,163.566,162.286,162.615,86318
2024-10-08,162.532,162.812,161.9,162.756,83548
2024-10-09,162.755,163.456,162.384,163.296,78161
2024-10-10,163.304,163.599,162.171,162.416,82713
2024-10-11,162.268,163.398,162.16,163.062,70691
2024-10-14,162.687,163.59,162.678,163.337,57804
2024-10-15,163.344,163.419,162.332,162.526,68970
2024-10-16,162.502,162.876,162.103,162.511,69245
2024-10-17,162.525,162.754,161.837,162.677,73154
2024-10-18,162.648,162.834,162.184,162.466,67019
2024-10-21,162.47,163.15,161.994,163.106,68232
2024-10-22,163.056,163.655,162.769,163.145,75419
2024-10-23,163.151,165.007,162.996,164.684,78029
2024-10-24,164.654,164.751,163.783,164.376,84127
2024-10-25,164.372,164.783,163.935,164.404,74300
2024-10-28,165.029,166.066,164.671,165.705,80309
2024-10-29,165.708,166.071,165.149,165.815,75848
2024-10-30,165.816,166.587,165.501,166.469,77818
2024-10-31,166.469,166.683,164.93,165.468,78381
2024-11-01,165.472,166.105,165.223,165.696,74654
2024-11-04,165.761,165.919,165.21,165.467,75178
2024-11-05,165.458,166.03,165.204,165.706,63862
2024-11-06,165.72,166.092,164.916,165.877,113442
2024-11-07,165.831,165.953,165.001,165.164,94028
2024-11-08,165.233,165.416,163.199,163.597,85133
2024-11-11,163.296,164.645,163.233,163.786,73194
2024-11-12,163.686,164.321,163.228,164.225,82084
2024-11-13,164.12,164.789,163.625,164.23,86072
2024-11-14,164.085,164.971,163.797,164.547,85368
2024-11-15,164.534,165.023,162.309,162.642,88755
2024-11-18,162.433,163.969,162.226,163.896,87601
2024-11-19,163.897,163.915,161.488,163.833,87142
2024-11-20,163.788,164.747,163.153,163.815,80044
2024-11-21,163.806,163.851,161.736,161.852,88673
2024-11-22,161.769,162.476,159.907,161.208,88063
2024-11-25,161.521,162.108,160.981,161.772,91195
2024-11-26,161.773,161.996,160.295,160.495,95812
2024-11-27,160.461,160.7,159.086,159.594,92269
2024-11-28,159.53,160.33,159.352,159.837,62439
2024-11-29,159.789,159.934,158.03,158.245,85645
2024-12-02,157.998,158.633,156.371,157.02,90525
2024-12-03,157.052,157.972,156.17,157.115,81072
2024-12-04,157.116,158.65,156.976,158.195,84337
2024-12-05,158.192,159.379,157.55,158.824,77167
2024-12-06,158.818,159.565,158.088,158.558,73123
2024-12-09,158.204,159.985,157.854,159.498,72476
2024-12-10,159.504,160.055,159.235,159.864,75270
2024-12-11,159.815,160.657,158.642,159.93,74657
2024-12-12,159.976,160.535,159.1,159.657,78811
2024-12-13,159.657,161.545,159.562,161.35,72386
2024-12-16,160.642,162.197,160.642,161.935,58515
2024-12-17,161.935,162.465,160.766,160.912,69462
2024-12-18,160.857,161.551,159.797,160.167,70451
2024-12-19,160.17,163.796,159.843,163.085,84810
2024-12-20,163.151,163.65,162.338,163.113,88874
2024-12-23,162.952,163.613,162.827,163.381,63515
2024-12-24,163.302,163.619,163.017,163.328,44138
2024-12-26,163.457,164.743,163.306,164.544,47083
2024-12-27,164.617,164.817,164.019,164.564,46826
2024-12-30,164.243,164.897,162.805,163.179,64023
2024-12-31,163.182,163.422,162.448,162.652,63237
2025-01-01,162.459,162.459,162.459,162.459,1
2025-01-02,162.582,163.309,160.894,161.592,82045
2025-01-03,161.587,162.197,161.381,162.14,67423
2025-01-06,161.904,164.008,161.776,163.612,76647
2025-01-07,163.614,164.536,163.205,163.347,64650
2025-01-08,163.387,163.8,162.833,163.297,75255
2025-01-09,163.255,163.414,162.368,162.855,57768
2025-01-10,162.712,163.18,161.204,161.578,73139
2025-01-13,161.182,161.779,160.024,161.241,68793
2025-01-14,161.246,162.848,160.899,162.814,72153
2025-01-15,162.753,162.884,160.774,160.97,66321
2025-01-16,160.894,161.076,159.663,159.74,69306
2025-01-17,159.752,161.001,159.706,160.486,61845
2025-01-20,160.552,162.305,160.307,162.012,64260
2025-01-21,162.056,162.214,160.951,162.088,74495
2025-01-22,162.101,163.204,161.859,162.825,60651
2025-01-23,162.83,163.116,162.186,162.527,62438
2025-01-24,162.465,164.073,161.911,163.656,76760
2025-01-27,163.25,163.446,161.533,162.089,84449
2025-01-28,162.065,162.69,161.558,162.147,72920
2025-01-29,162.152,162.478,161.299,161.756,69691
2025-01-30,161.65,161.793,160.19,160.271,76449
2025-01-31,160.277,161.49,159.91,160.81,80656
2025-02-03,158.611,160.121,157.963,160.053,95960
2025-02-04,160.061,160.688,159.166,160.164,76731
2025-02-05,160.133,160.296,158.487,158.725,74634
2025-02-06,158.69,158.849,157.029,157.167,70330
2025-02-07,157.161,158.004,155.859,156.348,75847
2025-02-10,155.592,157.409,155.487,156.65,64863
2025-02-11,156.558,158.184,156.25,157.971,62283
2025-02-12,157.958,160.956,157.838,160.3,74944
2025-02-13,160.223,161.182,158.997,159.872,77554
2025-02-14,159.868,160.253,159.42,159.74,67325
2025-02-17,159.745,159.81,158.524,158.812,52731
2025-02-18,158.81,159.186,158.361,158.813,65691
2025-02-19,158.82,159.122,157.711,157.85,76939
2025-02-20,157.811,157.852,156.314,157.145,109631
2025-02-21,157.15,158.211,155.807,156.032,110830
2025-02-24,156.202,157.247,156.028,156.708,126721
2025-02-25,156.603,157.304,156.079,156.653,129548
2025-02-26,156.589,157.123,156.023,156.285,128606
2025-02-27,156.239,157.211,155.647,155.754,130286
2025-02-28,155.717,157.163,154.788,156.244,140852
2025-03-03,156.699,158.467,155.918,156.752,148053
2025-03-04,156.74,159.203,155.593,159.164,171499
2025-03-05,159.054,160.72,158.724,160.595,166296
2025-03-06,160.603,161.27,159.115,159.515,166631
2025-03-07,159.514,160.762,159.161,160.35,160721
2025-03-10,159.998,160.369,158.893,159.423,153352
2025-03-11,159.428,161.779,158.962,161.169,164071
2025-03-12,161.205,162.355,161.197,161.329,139664
2025-03-13,161.347,161.505,160.047,160.327,136173
2025-03-14,160.326,162.324,160.321,161.676,122746
2025-03-17,161.78,163.024,161.532,162.887,117820
2025-03-18,162.903,164.182,162.872,163.346,120478
2025-03-19,163.346,163.878,162.041,162.25,161156
2025-03-20,162.249,162.304,160.737,161.468,112080
2025-03-21,161.467,162.127,160.735,161.426,109291
2025-03-24,161.551,162.82,161.551,162.681,115050
2025-03-25,162.691,163.02,161.614,161.721,108107
2025-03-26,161.728,162.601,161.541,161.564,118371
2025-03-27,161.589,163.355,161.362,163.064,128037
2025-03-28,163.065,163.168,162.061,162.234,121698
2025-03-31,161.993,162.475,161.036,162.173,146637
2025-04-01,162.042,162.376,160.768,161.429,135136
2025-04-02,161.431,164.163,161.105,161.896,138247
2025-04-03,161.948,163.047,160.11,161.39,211647
2025-04-04,161.371,161.991,159.004,161.043,216675
2025-04-07,158.4,162.366,158.169,161.235,242139
2025-04-08,161.186,162.196,160.016,160.204,205725
2025-04-09,160.176,162.195,159.464,161.787,232006
2025-04-10,161.779,162.571,160.863,161.686,213994
2025-04-11,161.686,163.127,161.298,162.793,218726
2025-04-14,162.82,163.271,162.078,162.242,182749
2025-04-15,162.266,162.797,161.289,161.482,151832
2025-04-16,161.483,162.273,161.221,161.587,160920
2025-04-17,161.514,162.624,161.237,161.745,151707
2025-04-18,161.757,162.144,161.668,161.841,174028
2025-04-21,161.864,162.666,161.376,162.122,151161
2025-04-22,162.113,162.307,160.976,161.631,150277
2025-04-23,161.629,162.458,161.159,162.274,171933
2025-04-24,162.268,162.488,161.833,162.348,137577
2025-04-25,162.353,163.75,162.121,163.232,132804
2025-04-28,163.32,163.363,162.08,162.088,128292
2025-04-29,162.092,162.541,161.88,161.938,150961
2025-04-30,161.868,162.644,161.697,161.959,134071
2025-05-01,161.912,164.446,161.802,164.058,122381
2025-05-02,164.051,164.621,163.446,163.718,136402
2025-05-05,163.476,163.888,162.55,162.55,118020
2025-05-06,162.535,162.943,161.589,161.877,123999
2025-05-07,161.876,163.01,161.686,162.462,139125
2025-05-08,162.403,163.897,162.403,163.781,138678
2025-05-09,163.779,163.93,163.144,163.397,116489
2025-05-12,163.61,164.913,163.544,164.525,144150
2025-05-13,164.526,165.205,164.126,164.934,123015
2025-05-14,164.871,165.155,163.726,163.874,132633
2025-05-15,163.879,164.061,162.739,162.936,122337
2025-05-16,162.938,163.103,162.452,162.486,108633
2025-05-19,162.53,163.376,162.137,162.724,124702
2025-05-20,162.712,163.277,162.415,163.006,114031
2025-05-21,163.003,163.298,162.618,162.689,128531
2025-05-22,162.618,163.404,161.794,162.402,134391
2025-05-23,162.397,162.74,161.075,161.97,119721
2025-05-26,161.85,162.972,161.783,162.566,73866
2025-05-27,162.541,163.935,162.084,163.421,105899
2025-05-28,163.404,163.902,163.068,163.5,110926
2025-05-29,163.466,164.255,163.338,163.88,128297
2025-05-30,163.91,163.938,162.797,163.253,122821
2025-06-02,163.205,163.427,162.83,163.196,117547
2025-06-03,163.211,163.868,162.787,163.622,107304
2025-06-04,163.625,164.235,162.91,162.91,108721
2025-06-05,162.915,164.666,162.858,164.219,123196
2025-06-06,164.222,165.276,163.864,165.012,107947
2025-06-09,165.168,165.204,164.543,165.033,90457
2025-06-10,165.027,165.627,164.619,165.411,99141
2025-06-11,165.407,166.417,165.298,166.014,111878
2025-06-12,166.021,166.732,165.489,166.137,118849
2025-06-13,166.218,166.587,164.934,166.344,138094
2025-06-16,166.011,167.453,165.868,167.272,122538
2025-06-17,167.309,167.607,166.696,166.718,123079
2025-06-18,166.687,167.049,166.316,166.528,117498
2025-06-19,166.603,167.306,166.029,167.065,96675
2025-06-20,167.315,168.394,166.896,168.28,109961
2025-06-23,168.04,169.706,167.911,169.103,144480
2025-06-24,169.095,169.275,167.908,168.191,126357
2025-06-25,168.196,169.374,168.001,169.254,105047
2025-06-26,169.254,169.393,168.551,168.907,118054
2025-06-27,168.871,169.798,168.621,169.466,118397
2025-06-30,169.264,169.855,168.695,169.731,118760
2025-07-01,169.68,169.736,168.451,169.259,117875
2025-07-02,169.246,169.782,169.031,169.413,112276
2025-07-03,169.442,170.605,169.261,170.348,61400
2025-07-04,170.353,170.416,169.867,169.973,69122
2025-07-07,170.18,171.307,169.876,170.942,106942
2025-07-08,170.919,172.015,170.89,171.805,110350
2025-07-09,171.709,172.271,171.263,171.43,103214
2025-07-10,171.402,171.773,170.928,171.094,96986
2025-07-11,171.09,172.417,170.8,172.298,107386
2025-07-14,171.632,172.463,171.605,172.256,100139
2025-07-15,172.254,173.073,172.157,172.677,93061
2025-07-16,172.618,173.235,171.833,172.044,117854
2025-07-17,172.077,172.667,171.852,172.202,104868
2025-07-18,172.204,173.104,172.0,172.99,105153
2025-07-21,171.916,172.841,171.907,172.222,103133
2025-07-22,172.198,172.924,171.358,172.282,98416
2025-07-23,172.282,172.73,171.365,172.37,118299
2025-07-24,172.357,172.915,171.744,172.66,107779
2025-07-25,172.619,173.606,172.419,173.342,104957
2025-07-28,173.605,173.89,172.061,172.061,114033
2025-07-29,172.03,172.312,171.041,171.337,108273
2025-07-30,171.34,171.54,170.41,170.449,119376
2025-07-31,170.426,172.327,169.712,172.031,124543
2025-08-01,172.006,172.378,170.276,170.758,138331
2025-08-04,170.668,171.16,169.901,170.193,95656
2025-08-05,170.178,170.937,169.812,170.794,86516
2025-08-06,170.791,171.977,170.608,171.789,88144
2025-08-07,171.714,172.161,171.272,171.63,119698
2025-08-08,171.494,172.335,171.358,171.859,106384
2025-08-11,171.739,172.191,171.544,172.059,91888
2025-08-12,171.909,172.847,171.756,172.569,110211
2025-08-13,172.31,173.009,172.226,172.488,101653
2025-08-14,172.446,172.491,170.959,172.085,112253
2025-08-15,172.017,172.367,171.495,172.15,100348
2025-08-18,172.35,172.67,172.045,172.387,91335
2025-08-19,172.278,172.694,171.686,171.965,90145
2025-08-20,171.845,172.008,171.11,171.606,97387
2025-08-21,171.601,172.355,171.504,172.198,102408
2025-08-22,172.064,172.667,171.819,172.127,100401
2025-08-25,172.131,172.656,171.57,171.58,84278
2025-08-26,171.609,172.111,171.318,171.59,107158
2025-08-27,171.523,171.901,171.245,171.536,91077
2025-08-28,171.484,171.782,171.112,171.636,96583
2025-08-29,171.525,172.01,171.231,171.732,95800
2025-09-01,171.958,172.537,171.751,172.251,72912
2025-09-02,172.253,173.408,172.145,172.582,115437
2025-09-03,172.608,173.292,172.534,172.694,103583
2025-09-04,172.617,173.211,172.45,172.953,85388
2025-09-05,172.961,173.286,172.487,172.619,84168
2025-09-08,173.443,173.902,173.066,173.516,83239
2025-09-09,173.356,173.501,172.129,172.599,86944
2025-09-10,172.397,172.907,172.269,172.424,78265
2025-09-11,172.374,173.052,172.183,172.772,85755
2025-09-12,172.695,173.436,172.612,173.187,81894
2025-09-15,172.918,173.445,172.834,173.267,66166
2025-09-16,173.336,173.812,173.016,173.766,87490
2025-09-17,173.538,173.838,173.086,173.626,82861
2025-09-18,173.489,174.468,173.468,174.398,89673
2025-09-19,174.188,174.496,173.469,173.685,87912
2025-09-22,173.622,174.364,173.529,174.332,73125
2025-09-23,174.182,174.485,173.917,174.418,77481
2025-09-24,174.18,174.778,174.148,174.752,77702
2025-09-25,174.736,174.934,174.487,174.643,81837
2025-09-26,174.665,175.049,174.404,174.886,79678
2025-09-29,174.77,174.985,173.982,174.143,75193
2025-09-30,174.18,174.407,173.386,173.568,83013
2025-10-01,173.48,173.906,172.299,172.5,91930
2025-10-02,172.388,172.981,172.261,172.521,75625
2025-10-03,172.412,173.245,172.39,173.077,75481
2025-10-06,175.142,176.244,174.706,176.007,100091
2025-10-07,175.896,177.124,175.769,177.047,80237
2025-10-08,177.002,177.851,176.892,177.537,85443
2025-10-09,177.461,177.931,176.76,177.021,93144
2025-10-10,176.689,177.152,175.638,175.68,98269
2025-10-13,176.296,176.91,175.898,176.197,88043
2025-10-14,175.986,176.446,175.351,176.205,104041
2025-10-15,176.028,176.302,175.433,175.834,91706
2025-10-16,175.798,176.455,175.442,175.802,104890
2025-10-17,175.618,175.963,174.817,175.462,114573
2025-10-20,175.382,176.36,175.236,175.486,85968
2025-10-21,175.339,176.614,175.295,176.103,95292
2025-10-22,176.125,176.422,175.762,176.324,87775
2025-10-23,176.353,177.439,176.256,177.268,69953
2025-10-24,177.146,177.828,177.094,177.712,76437
2025-10-27,177.957,178.228,177.625,177.874,74392
2025-10-28,177.927,178.0,176.991,177.102,84284
2025-10-29,177.138,177.584,176.622,177.103,95044
2025-10-30,177.109,178.82,176.811,178.181,103008
2025-10-31,178.241,178.559,177.448,177.644,85872
2025-11-03,177.522,177.975,177.215,177.616,78212
2025-11-04,177.584,177.674,176.089,176.332,90543
2025-11-05,176.38,177.14,175.693,177.104,92200
2025-11-06,177.034,177.213,176.272,176.645,83883
2025-11-07,176.544,177.603,176.411,177.381,94346
2025-11-10,177.578,178.448,177.317,178.105,85656
2025-11-11,177.856,178.743,177.681,178.526,78808
2025-11-12,178.476,179.467,178.436,179.46,84890
2025-11-13,179.383,179.924,179.214,179.755,95590
2025-11-14,179.782,179.98,178.974,179.542,106016
2025-11-17,179.48,180.016,179.254,179.965,85442
2025-11-18,179.766,180.285,179.596,179.995,104630
2025-11-19,179.948,181.348,179.768,181.323,100656
2025-11-20,181.261,182.004,180.954,181.521,111204
2025-11-21,181.422,181.649,179.764,179.994,116883
2025-11-24,179.966,181.263,179.916,180.689,89341
2025-11-25,180.599,180.85,180.092,180.553,98391
2025-11-26,180.326,181.457,180.324,181.42,98188
2025-11-27,181.266,181.402,180.746,181.227,66163
2025-11-28,181.052,181.515,180.523,181.003,152373
2025-12-01,180.89,181.154,180.134,180.479,99612
2025-12-02,180.367,181.355,180.367,181.187,84010
2025-12-03,181.024,181.457,180.796,181.154,83639
2025-12-04,181.06,181.282,180.392,180.612,87918
2025-12-05,180.461,180.921,180.093,180.86,84369
2025-12-08,180.522,181.475,180.485,181.445,95052
2025-12-09,181.242,182.641,181.227,182.394,87244
2025-12-10,182.21,182.615,181.997,182.465,87055
2025-12-11,182.211,182.747,181.873,182.606,101001
2025-12-12,182.556,183.16,182.512,182.836,94298
2025-12-15,182.818,183.007,181.822,182.405,92480
2025-12-16,182.298,182.476,181.7,181.734,110337
2025-12-17,181.655,182.876,181.562,182.782,103034
2025-12-18,182.664,183.172,182.281,182.356,98320
2025-12-19,182.208,184.734,182.087,184.618,104110
2025-12-22,184.714,184.912,184.234,184.683,91752
2025-12-23,184.302,184.659,183.43,184.202,134719
2025-12-24,183.956,184.269,183.28,183.482,108816
2025-12-26,183.616,184.428,183.48,184.232,87800
2025-12-29,184.144,184.413,183.455,183.647,142833
2025-12-30,183.564,184.094,183.405,183.785,89753
2025-12-31,183.536,184.249,183.526,184.004,81725
2026-01-02,183.971,184.426,183.689,183.689,81810
2026-01-05,183.634,184.063,182.802,183.222,101929
2026-01-06,183.106,183.647,183.004,183.102,93697
2026-01-07,182.925,183.357,182.701,183.009,85787
2026-01-08,182.933,183.251,182.621,182.785,84241
2026-01-09,182.554,183.956,182.479,183.708,90177
2026-01-12,183.789,184.671,183.735,184.509,85617
2026-01-13,184.37,185.543,184.256,185.3,90829
2026-01-14,185.162,185.573,184.274,184.486,91334
2026-01-15,184.264,184.625,183.855,184.044,82298
2026-01-16,184.03,184.189,183.197,183.316,78998
2026-01-19,182.856,184.139,182.758,184.136,79125
2026-01-20,183.958,185.444,183.758,185.433,105569
2026-01-21,185.274,185.536,184.813,184.908,100519
2026-01-22,184.854,186.232,184.792,186.215,91914
2026-01-23,185.995,186.877,183.784,184.128,104901
2026-01-26,183.5,184.092,181.777,183.185,127460
2026-01-27,182.963,183.769,182.087,183.215,122167
2026-01-28,183.19,183.578,182.568,183.355,126929
2026-01-29,183.289,183.729,182.076,183.266,128435
2026-01-30,183.04,184.075,182.903,183.361,143262
2026-02-02,183.43,184.277,183.184,183.44,133705
2026-02-03,183.323,184.174,183.32,184.009,110929
2026-02-04,183.878,185.259,183.843,185.168,107646
2026-02-05,184.922,185.509,184.56,184.941,111067
2026-02-06,184.648,185.778,184.344,185.659,97596
2026-02-09,186.083,186.242,184.853,185.741,114273
2026-02-10,185.504,185.997,183.441,183.531,102631
2026-02-11,183.444,183.693,181.329,181.926,110236
2026-02-12,181.814,182.531,180.797,181.291,114220
2026-02-13,181.124,182.281,181.096,181.104,103054
2026-02-16,181.186,182.299,181.038,181.936,61768
2026-02-17,181.682,182.163,180.812,181.69,97627
2026-02-18,181.625,182.545,181.398,182.334,88566
2026-02-19,182.388,183.151,182.001,182.356,97443
2026-02-20,182.38,183.1,182.215,182.672,101291
2026-02-23,182.6,182.815,181.979,182.26,95276
2026-02-24,182.193,184.189,182.114,183.534,90512
2026-02-25,183.328,184.772,183.184,184.655,91730
2026-02-26,184.554,184.686,183.814,184.247,87646
2026-02-27,183.857,184.552,183.702,184.366,82778
2026-03-02,183.646,184.684,183.549,183.918,128671
2026-03-03,183.884,184.325,182.015,183.091,135171
2026-03-04,182.79,183.226,182.361,182.698,119257
2026-03-05,182.538,183.095,182.11,182.786,130664
2026-03-06,182.708,183.385,182.372,183.313,233766
2026-03-09,182.531,183.512,182.399,183.472,374698
2026-03-10,183.468,183.765,183.057,183.518,363447
2026-03-11,183.518,184.08,183.507,183.834,300736
2026-03-12,183.834,183.903,183.221,183.384,294461
2026-03-13,183.407,183.654,182.255,182.338,309558
2026-03-16,182.402,183.179,181.869,183.003,268651
2026-03-17,182.985,183.546,182.819,183.424,156583
2026-03-18,183.424,183.832,182.91,183.094,162150
2026-03-19,183.092,183.434,182.052,182.712,223322
2026-03-20,182.712,184.255,182.59,184.24,166052
2026-03-23,183.827,184.335,183.178,183.952,270567
2026-03-24,183.952,184.258,183.623,184.143,205235
2026-03-25,184.143,184.603,184.037,184.259,164451
2026-03-26,184.259,184.473,183.969,184.136,139862
2026-03-27,184.136,184.657,183.864,184.417,135193
2026-03-30,184.141,184.507,182.593,183.055,140718
2026-03-31,183.023,183.651,182.828,183.361,177705
2026-04-01,183.2,184.244,183.187,183.983,198593
2026-04-02,183.938,184.204,183.495,184.089,167351
2026-04-03,183.983,184.274,183.583,183.907,71187
2026-04-06,183.801,184.461,183.667,184.299,121113
2026-04-07,184.219,185.165,184.183,185.074,139002
2026-04-08,185.003,185.548,184.803,184.895,215680
2026-04-09,184.814,186.23,184.774,185.969,120749
2026-04-10,185.884,186.883,185.879,186.804,100409
2026-04-13,186.276,187.51,186.075,187.484,126696
2026-04-14,187.454,187.541,187.085,187.266,112688
2026-04-15,187.241,187.699,187.103,187.539,106037
2026-04-16,187.562,187.598,187.099,187.494,113818
2026-04-17,187.365,187.952,186.315,186.616,132439
2026-04-20,186.261,187.287,186.252,187.178,123326
2026-04-21,187.028,187.364,186.993,187.145,127282
2026-04-22,187.095,187.325,186.659,186.659,111308
2026-04-23,186.556,186.967,186.433,186.613,134789
2026-04-24,186.325,186.88,186.325,186.795,109573
2026-04-27,186.625,187.109,186.599,186.845,102193
2026-04-28,186.749,186.948,186.07,186.905,155925
2026-04-29,186.733,187.415,186.678,187.226,152585
2026-04-30,187.08,187.559,182.294,183.743,225221
2026-05-01,183.601,184.584,182.641,184.066,158601
2026-05-04,184.053,184.402,182.796,183.858,164049
2026-05-05,183.646,184.761,183.646,184.626,105479
2026-05-06,184.55,185.038,182.041,183.689,186567
2026-05-07,183.597,184.24,183.497,183.969,133659
2026-05-08,183.866,184.736,183.776,184.673,100322
2026-05-11,183.767,185.249,183.73,185.24,85809
2026-05-12,184.962,185.46,184.44,185.029,108090
2026-05-13,184.926,185.153,184.628,184.945,81146
2026-05-14,184.738,185.045,184.043,184.812,93689
2026-05-15,184.677,184.839,184.176,184.576,120966
2026-05-18,184.269,185.216,184.192,185.144,118881
2026-05-19,185.144,185.209,184.206,184.61,113734
2026-05-20,184.471,184.786,184.271,184.747,119498
2026-05-21,184.641,184.94,184.394,184.687,124660
2026-05-22,184.595,184.858,184.449,184.719,89690
2026-05-25,184.71,185.142,184.71,185.035,59768
2026-05-26,184.907,185.359,184.832,185.288,78240
2026-05-27,185.126,185.786,185.079,185.447,90933
2026-05-28,185.349,185.657,184.892,185.501,98027
2026-05-29,185.516,185.984,185.186,185.727,96143
2026-06-01,185.673,185.978,185.392,185.717,98126
2026-06-02,185.562,186.207,185.544,186.012,75213
2026-06-03,185.905,186.012,185.113,185.654,100077
2026-06-04,185.55,186.113,185.346,185.796,92734
2026-06-05,185.652,186.206,184.496,184.729,112597
2026-06-08,184.303,184.998,183.988,184.717,121385
2026-06-09,184.584,185.465,184.584,185.108,108441
2026-06-10,185.069,185.574,184.955,185.2,116757
2026-06-11,185.13,185.474,184.658,185.206,129003
2026-06-12,185.028,185.556,185.028,185.331,121023
2026-06-15,185.303,186.057,185.251,185.825,100342
2026-06-16,185.804,186.32,185.455,186.247,97628
2026-06-17,186.192,186.316,184.544,184.763,119940
2026-06-18,184.736,185.372,184.29,184.892,149148
2026-06-19,184.877,185.14,184.303,185.015,115080
2026-06-22,184.666,185.394,184.383,184.649,132344
2026-06-23,184.649,184.844,183.78,183.87,119095
2026-06-24,183.848,183.93,183.17,183.769,130720
2026-06-25,183.766,184.103,183.411,183.95,121664
2026-06-26,183.937,184.83,183.716,184.138,126304
2026-06-29,184.121,185.098,184.052,184.967,105941
2026-06-30,184.967,185.864,184.662,185.664,134406
2026-07-01,185.664,185.743,184.853,184.975,127537
2026-07-02,184.975,185.088,183.755,184.174,168734
2026-07-03,184.174,184.605,183.932,184.417,110157
2026-07-06,184.446,185.532,184.426,185.445,90725
2026-07-07,185.445,185.529,184.812,184.963,113069
2026-07-08,184.963,185.709,184.852,185.602,125977
2026-07-09,185.56,185.818,185.506,185.601,92160
2026-07-10,185.571,185.676,184.466,184.539,149235
2026-07-13,184.324,185.469,184.309,184.867,145585
2026-07-14,184.867,185.493,184.772,185.303,144065
2026-07-15,185.303,186.003,185.109,185.904,122963
2026-07-16,185.904,186.034,185.653,185.807,105345
2026-07-17,185.741,185.959,185.483,185.788,105340
2026-07-20,185.558,185.876,185.349,185.473,104423
2026-07-21,185.473,186.123,185.389,185.981,113193
2026-07-22,185.929,186.207,185.744,186.181,103952
2026-07-23,186.181,186.665,186.043,186.398,124747
2026-07-24,186.372,186.606,186.231,186.277,104225
2026-07-27,186.255,186.739,186.115,186.136,109661
2026-07-28,186.115,186.685,186.014,186.561,100991
2026-07-29,186.561,187.47,186.184,187.351,141946
2026-07-30,187.323,187.44,182.495,183.859,220340
2026-07-31,183.859,185.166,181.698,181.754,300074
2026-08-03,181.419,182.233,179.368,180.883,235145
2026-08-04,180.807,181.986,180.768,181.894,167557
2026-08-05,181.894,182.29,181.535,182.259,161513
2026-08-06,182.259,182.637,182.092,182.599,103896
2026-08-07,182.594,182.691,181.311,182.376,133110
2026-08-10,182.339,183.936,182.273,183.875,117979
2026-08-11,183.778,183.914,183.554,183.865,96651
2026-08-12,183.865,183.965,183.156,183.718,140563
2026-08-13,183.698,183.943,183.453,183.905,122993
2026-08-14,183.905,184.452,183.603,184.368,132627
2026-08-17,184.132,184.766,184.117,184.647,133356
2026-08-18,184.616,184.909,184.451,184.736,115811
2026-08-19,184.7,184.941,183.928,184.665,195708
2026-08-20,184.665,185.834,184.568,185.736,194376
2026-08-21,185.679,186.023,185.439,185.625,168929
2026-08-24,185.61,185.8,185.194,185.548,167588
2026-08-25,185.509,185.954,185.39,185.842,142562
2026-08-26,185.842,185.918,185.35,185.61,154723
2026-08-27,185.602,185.814,185.464,185.723,131070
2026-08-28,185.723,185.987,185.333,185.381,139469
2026-08-31,185.183,185.632,184.923,185.562,169298
2026-09-01,185.563,185.72,185.394,185.673,148226
2026-09-02,185.673,185.749,183.642,183.896,234439
2026-09-03,183.896,184.18,180.526,181.118,358930
2026-09-04,181.108,181.961,180.229,181.477,289016
2026-09-07,181.091,181.478,179.23,179.37,202348
2026-09-08,179.37,179.476,177.853,178.987,312368
2026-09-09,178.987,179.02,178.071,178.605,283861
2026-09-10,178.605,179.482,178.421,179.303,249886
2026-09-11,179.288,179.54,177.894,178.141,275377
2026-09-14,177.993,178.673,177.848,178.232,258902
2026-09-15,178.232,179.117,178.135,179.033,220393
2026-09-16,179.019,179.351,178.703,179.158,233942
2026-09-17,179.129,179.219,178.475,178.984,269049
2026-09-18,178.984,181.55,178.835,180.223,341472
2026-09-21,179.972,180.805,179.847,180.412,223790
2026-09-22,180.376,180.828,179.757,180.183,222030
2026-09-23,180.183,180.423,180.004,180.227,196103
2026-09-24,180.17,180.797,179.505,180.779,270898
2026-09-25,180.771,180.82,178.92,179.15,273987
2026-09-28,178.84,179.725,178.195,178.953,271729
2026-09-29,178.928,179.129,178.115,178.376,239257
2026-09-30,178.376,178.575,177.334,178.323,285695
2026-10-01,178.323,179.313,176.771,177.698,311715
2026-10-02,177.696,177.914,176.613,177.641,286911
