time,open,high,low,close,volume
2015-01-02,1.20538,1.2069,1.19997,1.20014,53082
2015-01-05,1.19454,1.19757,1.18642,1.19317,95141
2015-01-06,1.19318,1.19682,1.18836,1.18887,91697
2015-01-07,1.18889,1.18956,1.18014,1.18386,98091
2015-01-08,1.18386,1.1846700000000001,1.17536,1.17899,82605
2015-01-09,1.17901,1.1844999999999999,1.1762299999999999,1.18402,91031
2015-01-12,1.18481,1.18702,1.17856,1.18325,80991
2015-01-13,1.18324,1.18589,1.17529,1.17718,93072
2015-01-14,1.17712,1.18451,1.17267,1.17881,101182
2015-01-15,1.17882,1.17921,1.15673,1.1629800000000001,123477
2015-01-16,1.16305,1.16479,1.14594,1.1565,121343
2015-01-19,1.15524,1.16381,1.15512,1.1606,49997
2015-01-20,1.1605,1.16138,1.15397,1.15479,36580
2015-01-21,1.1548,1.1679,1.15406,1.16087,45779
2015-01-22,1.16088,1.16485,1.13156,1.13642,56260
2015-01-23,1.1363,1.13731,1.11145,1.12032,62443
2015-01-26,1.11492,1.12945,1.1097,1.1237300000000001,51017
2015-01-27,1.12377,1.14221,1.1223,1.13803,65402
2015-01-28,1.13803,1.13828,1.12757,1.12865,71647
2015-01-29,1.12867,1.1367,1.12612,1.13185,45808
2015-01-30,1.13154,1.13628,1.1277,1.1284399999999999,44897
2015-02-02,1.1311499999999999,1.13616,1.12918,1.13413,62989
2015-02-03,1.13399,1.15332,1.13122,1.14781,76916
2015-02-04,1.14779,1.14842,1.13155,1.13433,68437
2015-02-05,1.13428,1.14983,1.13035,1.14763,75428
2015-02-06,1.1476,1.1485,1.1309,1.13102,66082
2015-02-09,1.12952,1.13586,1.12698,1.1323400000000001,65433
2015-02-10,1.13233,1.13448,1.12726,1.13197,68796
2015-02-11,1.1320000000000001,1.13466,1.12794,1.13351,64393
2015-02-12,1.13348,1.14224,1.13016,1.14022,71197
2015-02-13,1.1402,1.14421,1.13792,1.13919,60539
2015-02-16,1.13994,1.14285,1.13191,1.13528,51186
2015-02-17,1.13533,1.14478,1.13217,1.141,69407
2015-02-18,1.14097,1.14152,1.13335,1.13962,64941
2015-02-19,1.1396,1.14496,1.1355,1.13674,59622
2015-02-20,1.13675,1.14231,1.12788,1.13785,69731
2015-02-23,1.1394,1.13952,1.12947,1.1334,55201
2015-02-24,1.13335,1.13577,1.129,1.13397,59038
2015-02-25,1.13395,1.1388,1.13353,1.13606,56284
2015-02-26,1.13593,1.13791,1.11834,1.11975,61722
2015-02-27,1.11975,1.12446,1.11758,1.11957,64231
2015-03-02,1.11805,1.12402,1.11597,1.11824,54008
2015-03-03,1.11835,1.12171,1.11545,1.11752,56803
2015-03-04,1.11742,1.11852,1.10615,1.10767,58992
2015-03-05,1.10772,1.11118,1.09879,1.10291,65263
2015-03-06,1.10284,1.10322,1.0838700000000001,1.08433,65790
2015-03-09,1.08296,1.09061,1.08227,1.08518,59301
2015-03-10,1.08509,1.08547,1.06676,1.06785,80767
2015-03-11,1.06791,1.07163,1.05108,1.05444,88719
2015-03-12,1.05457,1.06833,1.04943,1.06241,89899
2015-03-13,1.06238,1.06343,1.04619,1.0491,83236
2015-03-16,1.04855,1.06193,1.04791,1.05669,83506
2015-03-17,1.05664,1.06505,1.0551,1.05972,72379
2015-03-18,1.05961,1.10415,1.05797,1.08284,87748
2015-03-19,1.08291,1.09191,1.06125,1.06561,108495
2015-03-20,1.06562,1.08813,1.0655000000000001,1.08189,82998
2015-03-23,1.08667,1.09707,1.07667,1.0944099999999999,91164
2015-03-24,1.09457,1.10286,1.08897,1.09176,80441
2015-03-25,1.09184,1.10139,1.09002,1.09708,69803
2015-03-26,1.09711,1.10515,1.08555,1.0874,90096
2015-03-27,1.08743,1.09473,1.08007,1.08841,83003
2015-03-30,1.08841,1.08913,1.08095,1.0832,75521
2015-03-31,1.08317,1.08447,1.07123,1.07308,70009
2015-04-01,1.07331,1.07992,1.0718,1.07624,72023
2015-04-02,1.07622,1.09048,1.07497,1.08792,67761
2015-04-03,1.08793,1.10261,1.08632,1.09679,42177
2015-04-06,1.10007,1.10348,1.0909,1.09213,42818
2015-04-07,1.09211,1.0954,1.08029,1.08137,70632
2015-04-08,1.08137,1.0887,1.07627,1.07795,75544
2015-04-09,1.07796,1.07884,1.06372,1.06584,70600
2015-04-10,1.06585,1.06833,1.05674,1.0603,69708
2015-04-13,1.0603,1.0619,1.05202,1.05659,70464
2015-04-14,1.05658,1.07043,1.05311,1.06539,77117
2015-04-15,1.06534,1.07015,1.05705,1.06869,82189
2015-04-16,1.06869,1.08172,1.06246,1.07592,109153
2015-04-17,1.07592,1.08481,1.07343,1.08089,92329
2015-04-20,1.08089,1.08195,1.0712,1.07379,71150
2015-04-21,1.07379,1.07808,1.0659399999999999,1.07333,88718
2015-04-22,1.07333,1.08004,1.07079,1.07253,92181
2015-04-23,1.07253,1.08458,1.0665499999999999,1.08245,100340
2015-04-24,1.08245,1.08996,1.07842,1.087,100443
2015-04-27,1.08627,1.09263,1.08191,1.08869,86221
2015-04-28,1.08897,1.09905,1.08595,1.09788,100394
2015-04-29,1.09767,1.11875,1.09591,1.11265,117774
2015-04-30,1.11277,1.12659,1.10708,1.12222,143218
2015-05-01,1.12188,1.12896,1.11742,1.11967,102047
2015-05-04,1.11922,1.12238,1.11224,1.11469,62220
2015-05-05,1.11444,1.12203,1.10662,1.11849,21097
2015-05-06,1.1185100000000001,1.13693,1.11749,1.13447,41796
2015-05-07,1.13473,1.13918,1.12371,1.12657,31166
2015-05-08,1.12654,1.12876,1.11789,1.12085,34340
2015-05-11,1.12,1.12053,1.11305,1.11542,48198
2015-05-12,1.11544,1.1278,1.11337,1.12127,105463
2015-05-13,1.12127,1.13821,1.12019,1.13542,86143
2015-05-14,1.13535,1.14442,1.13402,1.14095,105449
2015-05-15,1.14094,1.14661,1.13233,1.14466,77665
2015-05-18,1.14485,1.14485,1.12979,1.1314,51726
2015-05-19,1.13146,1.13256,1.11184,1.1149,112121
2015-05-20,1.11506,1.11514,1.10616,1.10932,122301
2015-05-21,1.10917,1.11807,1.1078999999999999,1.11113,109322
2015-05-22,1.11113,1.12069,1.10016,1.10141,105137
2015-05-25,1.10052,1.10089,1.09584,1.09769,60698
2015-05-26,1.09764,1.09806,1.08626,1.08723,113774
2015-05-27,1.08718,1.09284,1.08185,1.09034,107899
2015-05-28,1.09035,1.09579,1.08681,1.09473,117478
2015-05-29,1.09471,1.10053,1.09251,1.09895,104414
2015-06-01,1.09835,1.09876,1.08865,1.0925799999999999,118185
2015-06-02,1.09257,1.11927,1.09152,1.11501,189524
2015-06-03,1.11499,1.12843,1.10811,1.12737,102112
2015-06-04,1.12736,1.1379299999999999,1.12219,1.12372,67030
2015-06-05,1.1237,1.12793,1.10489,1.11163,185260
2015-06-08,1.11018,1.13063,1.10837,1.12908,151939
2015-06-09,1.12902,1.13446,1.12136,1.12817,171017
2015-06-10,1.12796,1.13855,1.12599,1.1323,187092
2015-06-11,1.13232,1.13306,1.11816,1.1256599999999999,150647
2015-06-12,1.12567,1.12961,1.11509,1.12621,148197
2015-06-15,1.12133,1.12938,1.11893,1.1282,112556
2015-06-16,1.1283,1.13292,1.12044,1.12467,128956
2015-06-17,1.12467,1.13574,1.12057,1.13365,150512
2015-06-18,1.13365,1.1436,1.13297,1.13595,164081
2015-06-19,1.13575,1.13962,1.12915,1.13483,127247
2015-06-22,1.1374,1.14097,1.1311499999999999,1.13396,132015
2015-06-23,1.13398,1.13469,1.11347,1.11674,155646
2015-06-24,1.11663,1.12344,1.11539,1.12033,143646
2015-06-25,1.12056,1.12273,1.11534,1.12035,122528
2015-06-26,1.12023,1.12194,1.11297,1.11713,118028
2015-06-29,1.10047,1.12776,1.09538,1.1235,193963
2015-06-30,1.12346,1.12437,1.11123,1.11453,156812
2015-07-01,1.1138,1.11708,1.10425,1.10518,135383
2015-07-02,1.10525,1.11209,1.1031900000000001,1.10826,127664
2015-07-03,1.10835,1.11175,1.10643,1.11038,100405
2015-07-06,1.09794,1.1095,1.09688,1.10551,153241
2015-07-07,1.10551,1.10581,1.09158,1.10103,173620
2015-07-08,1.10104,1.10925,1.09734,1.10756,160168
2015-07-09,1.10754,1.11245,1.0991,1.10353,143058
2015-07-10,1.10353,1.12153,1.103,1.11541,157300
2015-07-13,1.10993,1.11963,1.09948,1.10001,148997
2015-07-14,1.10001,1.10808,1.09649,1.10082,143590
2015-07-15,1.10082,1.10349,1.09293,1.09477,142338
2015-07-16,1.09483,1.0962,1.08549,1.0873,142440
2015-07-17,1.08731,1.09063,1.08281,1.08299,118379
2015-07-20,1.08332,1.08695,1.08078,1.08245,115065
2015-07-21,1.08243,1.0969,1.08109,1.09324,148089
2015-07-22,1.09341,1.09662,1.08691,1.09278,201564
2015-07-23,1.09234,1.1018,1.09213,1.09826,167751
2015-07-24,1.098,1.09955,1.09251,1.09762,123864
2015-07-27,1.09759,1.11292,1.09687,1.10866,144811
2015-07-28,1.10871,1.10995,1.10219,1.10592,130748
2015-07-29,1.10588,1.10837,1.09667,1.09821,137573
2015-07-30,1.09809,1.0989,1.08931,1.09313,141300
2015-07-31,1.09304,1.11139,1.09208,1.09831,153941
2015-08-03,1.09711,1.09957,1.0941,1.09503,133189
2015-08-04,1.09493,1.09873,1.08786,1.08809,145962
2015-08-05,1.08783,1.0937000000000001,1.08477,1.09052,146918
2015-08-06,1.09041,1.09433,1.08733,1.09235,130219
2015-08-07,1.09216,1.0977999999999999,1.08548,1.0964,124434
2015-08-10,1.09623,1.10411,1.0925,1.10154,100312
2015-08-11,1.10167,1.1088,1.09602,1.1037,135337
2015-08-12,1.1039,1.12137,1.1024,1.11553,143564
2015-08-13,1.11563,1.11885,1.10796,1.11476,111571
2015-08-14,1.1146,1.11885,1.10976,1.111,110116
2015-08-17,1.1114,1.11245,1.10584,1.10728,120954
2015-08-18,1.10738,1.10935,1.10171,1.10228,118625
2015-08-19,1.10238,1.11342,1.10174,1.1116,149578
2015-08-20,1.11154,1.1244399999999999,1.11067,1.12375,154304
2015-08-21,1.12372,1.13884,1.12289,1.13865,186431
2015-08-24,1.13742,1.17138,1.13679,1.16129,261024
2015-08-25,1.16168,1.16214,1.13961,1.15127,240331
2015-08-26,1.15155,1.15612,1.12912,1.1311499999999999,231687
2015-08-27,1.13072,1.13642,1.12028,1.12393,182216
2015-08-28,1.12428,1.13094,1.11559,1.11803,157044
2015-08-31,1.11767,1.1262,1.11692,1.1209,123174
2015-09-01,1.12079,1.13318,1.12077,1.13133,174012
2015-09-02,1.13127,1.13193,1.12162,1.12258,159394
2015-09-03,1.12252,1.1243,1.10869,1.11222,143763
2015-09-04,1.11206,1.11894,1.10897,1.11469,145529
2015-09-07,1.11571,1.11774,1.1121,1.11684,112259
2015-09-08,1.1166800000000001,1.12292,1.11522,1.12012,144640
2015-09-09,1.11981,1.1216,1.11313,1.1206,153104
2015-09-10,1.1202,1.1295,1.11715,1.12776,168140
2015-09-11,1.12755,1.13493,1.12538,1.13395,146209
2015-09-14,1.1329799999999999,1.13729,1.12832,1.1315,123048
2015-09-15,1.13145,1.13284,1.1258,1.12687,137018
2015-09-16,1.1268,1.13204,1.12138,1.1289,132532
2015-09-17,1.12885,1.14408,1.12842,1.14336,145689
2015-09-18,1.14333,1.146,1.12691,1.12985,159089
2015-09-21,1.12823,1.1329799999999999,1.11809,1.11888,139437
2015-09-22,1.11886,1.12072,1.1113,1.11236,136505
2015-09-23,1.11229,1.1213,1.11049,1.11844,143671
2015-09-24,1.11843,1.1295600000000001,1.11641,1.12321,159672
2015-09-25,1.1228,1.1228,1.11159,1.11994,156142
2015-09-28,1.1191,1.12474,1.11463,1.12436,145183
2015-09-29,1.12441,1.1280999999999999,1.11935,1.12478,156307
2015-09-30,1.12469,1.1261,1.11569,1.11763,144420
2015-10-01,1.11748,1.1209,1.11347,1.11939,136303
2015-10-02,1.11931,1.13181,1.11501,1.1209500000000001,152574
2015-10-05,1.12202,1.1289,1.11731,1.11871,155664
2015-10-06,1.11854,1.12792,1.11717,1.12704,136981
2015-10-07,1.12706,1.1284,1.12112,1.12368,145693
2015-10-08,1.12353,1.13265,1.12341,1.12756,139258
2015-10-09,1.12748,1.13869,1.12667,1.13569,145604
2015-10-12,1.13588,1.1396600000000001,1.13547,1.13578,94013
2015-10-13,1.13571,1.14108,1.13438,1.13782,124917
2015-10-14,1.13773,1.14889,1.13768,1.1473,138506
2015-10-15,1.14723,1.1494900000000001,1.13629,1.13803,144400
2015-10-16,1.13819,1.13945,1.13339,1.13474,122270
2015-10-19,1.13546,1.13788,1.1305399999999999,1.13269,124837
2015-10-20,1.13268,1.13868,1.1323699999999999,1.13453,110310
2015-10-21,1.1343,1.13772,1.13342,1.13382,111411
2015-10-22,1.13372,1.13507,1.10998,1.11087,150246
2015-10-23,1.11055,1.11394,1.0996299999999999,1.10169,153746
2015-10-26,1.10071,1.10682,1.10035,1.10529,114119
2015-10-27,1.10524,1.1078000000000001,1.103,1.10462,115382
2015-10-28,1.10454,1.10955,1.08966,1.09267,128620
2015-10-29,1.09268,1.09862,1.09026,1.0985800000000001,125217
2015-10-30,1.0985800000000001,1.10723,1.09653,1.1005,137706
2015-11-02,1.10266,1.10527,1.09998,1.1015,109114
2015-11-03,1.10139,1.10298,1.09357,1.09627,119749
2015-11-04,1.09626,1.0967500000000001,1.08439,1.08653,136540
2015-11-05,1.08628,1.08972,1.08333,1.08828,133932
2015-11-06,1.08825,1.08935,1.0707,1.0739,132696
2015-11-09,1.07283,1.07896,1.07191,1.0749900000000001,146695
2015-11-10,1.075,1.07637,1.0674,1.07227,141813
2015-11-11,1.07214,1.07733,1.07054,1.07417,131074
2015-11-12,1.07432,1.08301,1.06906,1.0812,175868
2015-11-13,1.08103,1.08167,1.07137,1.07668,158760
2015-11-16,1.07366,1.07578,1.06744,1.06847,148817
2015-11-17,1.0677,1.06904,1.06305,1.0643,145784
2015-11-18,1.06413,1.06922,1.06166,1.06583,135966
2015-11-19,1.06574,1.07628,1.06549,1.07338,156694
2015-11-20,1.07322,1.07382,1.06397,1.06451,141561
2015-11-23,1.06372,1.06565,1.05922,1.06354,150590
2015-11-24,1.06355,1.0673300000000001,1.06193,1.06426,154783
2015-11-25,1.0642800000000001,1.0689,1.05657,1.06238,163860
2015-11-26,1.06228,1.0627,1.05996,1.06102,100405
2015-11-27,1.06101,1.06376,1.05682,1.05938,122303
2015-11-30,1.05887,1.05947,1.05576,1.05643,125836
2015-12-01,1.05639,1.06369,1.05629,1.06324,142795
2015-12-02,1.0634,1.06355,1.05505,1.06135,148672
2015-12-03,1.06121,1.09807,1.05222,1.09385,193877
2015-12-04,1.09408,1.09559,1.08357,1.08779,197815
2015-12-07,1.08681,1.08872,1.07958,1.08366,137004
2015-12-08,1.08348,1.09021,1.08299,1.0892,147793
2015-12-09,1.08895,1.10427,1.08789,1.10244,173961
2015-12-10,1.10214,1.10242,1.09247,1.09401,152562
2015-12-11,1.09395,1.10305,1.09263,1.09894,163728
2015-12-14,1.09801,1.10483,1.09452,1.09922,173997
2015-12-15,1.09905,1.10593,1.09044,1.09285,159311
2015-12-16,1.09289,1.10116,1.08878,1.09104,173023
2015-12-17,1.09097,1.09138,1.08023,1.08245,150539
2015-12-18,1.08242,1.08742,1.08047,1.08613,156544
2015-12-21,1.08511,1.09387,1.08457,1.09139,127939
2015-12-22,1.09133,1.09839,1.09021,1.09568,120357
2015-12-23,1.09506,1.09568,1.08696,1.09099,104495
2015-12-24,1.09087,1.09673,1.09023,1.09542,61302
2015-12-28,1.0944099999999999,1.09922,1.0944099999999999,1.09681,79315
2015-12-29,1.09641,1.09914,1.08988,1.0918,92900
2015-12-30,1.09214,1.09434,1.0901399999999999,1.09312,93938
2015-12-31,1.09303,1.09368,1.08526,1.08609,66736
2016-01-04,1.08696,1.09462,1.07808,1.08319,157687
2016-01-05,1.08274,1.08386,1.07104,1.07463,132203
2016-01-06,1.07464,1.07992,1.07127,1.07796,149117
2016-01-07,1.07789,1.09399,1.07707,1.09287,177685
2016-01-08,1.09243,1.09331,1.08028,1.09245,172703
2016-01-11,1.09171,1.09697,1.08476,1.08581,153753
2016-01-12,1.08568,1.08999,1.08193,1.0857,159298
2016-01-13,1.08579,1.0887,1.08046,1.08757,165246
2016-01-14,1.08739,1.09429,1.08342,1.08634,181007
2016-01-15,1.08647,1.09844,1.0854300000000001,1.09132,184568
2016-01-18,1.09206,1.09273,1.08684,1.08941,128564
2016-01-19,1.08894,1.09389,1.08591,1.09065,163116
2016-01-20,1.09051,1.09757,1.08769,1.08883,192784
2016-01-21,1.08876,1.09208,1.0777,1.0872600000000001,208559
2016-01-22,1.08727,1.08763,1.07888,1.07965,166857
2016-01-25,1.07886,1.08566,1.07886,1.08475,153222
2016-01-26,1.08474,1.0874,1.08185,1.08683,148897
2016-01-27,1.08685,1.09163,1.08503,1.0892,176075
2016-01-28,1.08925,1.09674,1.08694,1.0939,170459
2016-01-29,1.09384,1.09483,1.08096,1.083,209310
2016-02-01,1.08297,1.09125,1.08142,1.08873,149072
2016-02-02,1.08873,1.09397,1.08819,1.09177,151389
2016-02-03,1.09158,1.11452,1.09034,1.11017,200352
2016-02-04,1.11016,1.12387,1.10693,1.12067,225686
2016-02-05,1.12053,1.12468,1.11084,1.11578,187784
2016-02-08,1.11415,1.12155,1.10862,1.1191200000000001,189737
2016-02-09,1.1191,1.13378,1.1162,1.1294,231656
2016-02-10,1.12903,1.13111,1.11602,1.12889,229356
2016-02-11,1.12899,1.13761,1.12736,1.13218,253405
2016-02-12,1.1322,1.13337,1.12138,1.12503,208643
2016-02-15,1.12336,1.1249500000000001,1.11276,1.11531,159956
2016-02-16,1.1153,1.11928,1.11239,1.11423,168249
2016-02-17,1.1142,1.11788,1.11057,1.11267,171626
2016-02-18,1.11262,1.11493,1.10707,1.11058,166185
2016-02-19,1.11063,1.1139000000000001,1.10664,1.11279,157798
2016-02-22,1.11111,1.11244,1.10028,1.10281,148929
2016-02-23,1.10273,1.10524,1.09898,1.1018,159977
2016-02-24,1.10173,1.10459,1.09571,1.10116,176041
2016-02-25,1.10137,1.10496,1.09865,1.10168,161056
2016-02-26,1.10168,1.10679,1.09114,1.09289,159885
2016-02-29,1.0913,1.09625,1.08589,1.08718,161758
2016-03-01,1.08751,1.08932,1.08338,1.08656,162298
2016-03-02,1.08644,1.08807,1.08251,1.08672,160186
2016-03-03,1.08676,1.09725,1.08533,1.09556,154816
2016-03-04,1.09556,1.1043,1.09027,1.10064,166289
2016-03-07,1.09879,1.10255,1.09397,1.10121,127729
2016-03-08,1.10127,1.10575,1.09933,1.10096,142910
2016-03-09,1.10095,1.10345,1.09457,1.09981,134228
2016-03-10,1.09973,1.12177,1.08219,1.11759,176693
2016-03-11,1.11759,1.12093,1.10801,1.11462,150540
2016-03-14,1.11444,1.11759,1.10775,1.11012,127000
2016-03-15,1.11012,1.11248,1.10715,1.11048,130357
2016-03-16,1.11049,1.1242,1.10575,1.1212,146973
2016-03-17,1.12123,1.13422,1.12048,1.13151,161032
2016-03-18,1.1313900000000001,1.13365,1.12558,1.1268799999999999,138417
2016-03-21,1.12682,1.1284399999999999,1.12344,1.12386,115649
2016-03-22,1.12386,1.12596,1.11881,1.1215,118562
2016-03-23,1.12151,1.12231,1.11628,1.11796,90109
2016-03-24,1.11802,1.11874,1.11439,1.11786,104732
2016-03-25,1.11786,1.11789,1.11536,1.11613,45514
2016-03-28,1.11599,1.12197,1.11527,1.11952,62033
2016-03-29,1.1193,1.13032,1.11687,1.12893,141292
2016-03-30,1.12896,1.13652,1.12831,1.13387,152488
2016-03-31,1.1335899999999999,1.14115,1.13098,1.13788,145361
2016-04-01,1.13777,1.14377,1.13344,1.13897,159690
2016-04-04,1.13994,1.14123,1.1357,1.13888,129475
2016-04-05,1.13863,1.14049,1.1335600000000001,1.13826,146695
2016-04-06,1.13826,1.14317,1.13262,1.13979,149211
2016-04-07,1.13975,1.14538,1.13373,1.13767,165889
2016-04-08,1.13751,1.1419,1.1348799999999999,1.13949,140419
2016-04-11,1.14138,1.1447,1.13721,1.14097,126835
2016-04-12,1.14052,1.14645,1.13458,1.13835,144352
2016-04-13,1.13827,1.13909,1.1268,1.12723,151524
2016-04-14,1.12728,1.12945,1.12335,1.12663,137771
2016-04-15,1.12616,1.13167,1.12453,1.12827,119449
2016-04-18,1.12998,1.13317,1.12734,1.13119,119210
2016-04-19,1.13091,1.13842,1.1303,1.13575,121795
2016-04-20,1.1356600000000001,1.13876,1.12901,1.12952,129818
2016-04-21,1.12952,1.13985,1.12696,1.1286,147583
2016-04-22,1.12859,1.13084,1.12154,1.12154,143320
2016-04-25,1.12167,1.12779,1.12145,1.1266,122000
2016-04-26,1.1266,1.13394,1.12559,1.1295,125742
2016-04-27,1.12948,1.13611,1.12713,1.13191,131122
2016-04-28,1.13199,1.13676,1.1296,1.13509,155075
2016-04-29,1.13509,1.1459,1.1347,1.14504,156574
2016-05-02,1.14582,1.15354,1.14479,1.15331,131824
2016-05-03,1.15331,1.16159,1.14947,1.1494900000000001,159314
2016-05-04,1.1496,1.15292,1.14659,1.14855,156038
2016-05-05,1.14829,1.14934,1.13856,1.14048,129054
2016-05-06,1.1404,1.14796,1.13863,1.14009,138490
2016-05-09,1.13939,1.14194,1.1375,1.13806,118175
2016-05-10,1.13814,1.14096,1.13583,1.13717,117173
2016-05-11,1.13691,1.14462,1.13686,1.14251,110018
2016-05-12,1.14242,1.14288,1.13702,1.13766,116605
2016-05-13,1.13736,1.13795,1.12825,1.1308799999999999,133533
2016-05-16,1.13098,1.1342,1.13019,1.13193,103824
2016-05-17,1.13198,1.13482,1.13013,1.13118,120937
2016-05-18,1.13111,1.13159,1.1214,1.12158,142939
2016-05-19,1.12144,1.12297,1.11796,1.12019,137673
2016-05-20,1.12016,1.1237,1.1196,1.1221700000000001,100668
2016-05-23,1.12033,1.12426,1.11873,1.1219,105512
2016-05-24,1.12187,1.12267,1.11321,1.11393,122763
2016-05-25,1.11398,1.11666,1.11285,1.11539,117544
2016-05-26,1.11536,1.12164,1.11492,1.11927,117558
2016-05-27,1.11918,1.12004,1.11107,1.1113,110864
2016-05-30,1.11125,1.11443,1.10977,1.1138,74596
2016-05-31,1.11362,1.11731,1.11219,1.11303,134654
2016-06-01,1.11301,1.11937,1.11138,1.11869,142623
2016-06-02,1.11865,1.12198,1.11449,1.1151,134491
2016-06-03,1.11499,1.1373199999999999,1.10707,1.13662,151235
2016-06-06,1.13542,1.13923,1.13262,1.13528,142741
2016-06-07,1.13528,1.13801,1.1338300000000001,1.13555,121862
2016-06-08,1.13563,1.14103,1.13541,1.13938,118280
2016-06-09,1.13936,1.14151,1.13052,1.13129,129055
2016-06-10,1.1313,1.1320999999999999,1.1245,1.12533,133550
2016-06-13,1.12478,1.1302699999999999,1.12316,1.12893,149811
2016-06-14,1.1289,1.1298,1.11886,1.12056,139493
2016-06-15,1.12068,1.12982,1.11894,1.12602,140534
2016-06-16,1.1258,1.12946,1.11307,1.1223,179607
2016-06-17,1.12231,1.12961,1.12225,1.12752,136556
2016-06-20,1.13308,1.13821,1.13018,1.13121,141590
2016-06-21,1.13093,1.13492,1.12428,1.12439,126239
2016-06-22,1.12421,1.13372,1.12362,1.12947,122068
2016-06-23,1.12937,1.14208,1.1293,1.13791,141171
2016-06-24,1.1384,1.14278,1.09113,1.1091199999999999,298052
2016-06-27,1.1002399999999999,1.10833,1.09705,1.10237,211882
2016-06-28,1.10235,1.11112,1.10098,1.10647,154073
2016-06-29,1.10641,1.113,1.10489,1.11235,152566
2016-06-30,1.1117,1.11541,1.10238,1.11048,172106
2016-07-01,1.11014,1.11689,1.10716,1.11361,133497
2016-07-04,1.11245,1.11591,1.10975,1.11532,94539
2016-07-05,1.11528,1.11862,1.10619,1.1075,128447
2016-07-06,1.10709,1.11112,1.10288,1.10989,159080
2016-07-07,1.10969,1.11069,1.10522,1.10601,128413
2016-07-08,1.10601,1.11198,1.10016,1.10497,124816
2016-07-11,1.10448,1.10743,1.10153,1.10568,115627
2016-07-12,1.10556,1.1126,1.10517,1.10604,142857
2016-07-13,1.10595,1.11195,1.10418,1.10883,133693
2016-07-14,1.10877,1.11644,1.1085,1.11191,150937
2016-07-15,1.11173,1.11486,1.1024,1.10244,140172
2016-07-18,1.10497,1.10839,1.10372,1.10748,108109
2016-07-19,1.10735,1.10801,1.09996,1.10189,109057
2016-07-20,1.10187,1.10298,1.0981,1.10129,105232
2016-07-21,1.10122,1.106,1.09793,1.10237,134508
2016-07-22,1.10229,1.10406,1.09551,1.09747,118458
2016-07-25,1.09725,1.09986,1.09516,1.09942,100144
2016-07-26,1.09927,1.10294,1.09778,1.09855,103516
2016-07-27,1.09821,1.10647,1.09314,1.10583,119260
2016-07-28,1.1057,1.11191,1.10519,1.10757,117064
2016-07-29,1.10763,1.11972,1.1072,1.11743,140309
2016-08-01,1.11715,1.11831,1.11548,1.11614,101194
2016-08-02,1.11602,1.12334,1.11573,1.12209,116373
2016-08-03,1.12202,1.12265,1.11403,1.11474,99248
2016-08-04,1.11478,1.11561,1.11135,1.11282,110679
2016-08-05,1.11252,1.11608,1.10453,1.10867,103834
2016-08-08,1.10795,1.11046,1.10716,1.10878,88072
2016-08-09,1.10855,1.11221,1.107,1.11169,93176
2016-08-10,1.11151,1.11898,1.11114,1.11744,106029
2016-08-11,1.11744,1.11909,1.11349,1.11354,107170
2016-08-12,1.11356,1.12209,1.11309,1.11634,109188
2016-08-15,1.11659,1.12032,1.1153,1.11825,83715
2016-08-16,1.1182,1.13221,1.1177,1.12772,123356
2016-08-17,1.1277300000000001,1.13155,1.12403,1.12874,114477
2016-08-18,1.12837,1.1366100000000001,1.12837,1.13536,121750
2016-08-19,1.13521,1.13591,1.13037,1.1323699999999999,110099
2016-08-22,1.13087,1.13302,1.12707,1.1319,105292
2016-08-23,1.1318,1.13548,1.13028,1.13041,100937
2016-08-24,1.13039,1.13111,1.12448,1.12628,109242
2016-08-25,1.12625,1.1297,1.12588,1.12833,82751
2016-08-26,1.1278299999999999,1.13406,1.11806,1.11856,122981
2016-08-29,1.11823,1.12074,1.11575,1.11889,94988
2016-08-30,1.11873,1.1192,1.11317,1.11418,96173
2016-08-31,1.114,1.1165,1.11227,1.11571,103050
2016-09-01,1.11562,1.12048,1.11272,1.11957,105894
2016-09-02,1.11927,1.12518,1.11449,1.11449,119722
2016-09-05,1.11564,1.11819,1.11393,1.11458,81686
2016-09-06,1.11456,1.1262699999999999,1.11404,1.12555,110662
2016-09-07,1.12516,1.12706,1.12283,1.12385,109600
2016-09-08,1.12384,1.13266,1.1234,1.12607,127443
2016-09-09,1.12596,1.12849,1.11981,1.12235,121473
2016-09-12,1.12304,1.1268,1.121,1.12349,126786
2016-09-13,1.12331,1.12601,1.12036,1.12182,124533
2016-09-14,1.1218,1.12737,1.12097,1.1249500000000001,116530
2016-09-15,1.12488,1.12833,1.12187,1.12435,123670
2016-09-16,1.12422,1.12497,1.11492,1.11535,119434
2016-09-19,1.11531,1.11975,1.11505,1.11731,99139
2016-09-20,1.1172900000000001,1.12131,1.1149499999999999,1.11501,113779
2016-09-21,1.11486,1.11962,1.11228,1.11878,134851
2016-09-22,1.11865,1.12569,1.11844,1.12068,110922
2016-09-23,1.12068,1.12403,1.11935,1.12149,105350
2016-09-26,1.1229,1.12788,1.12204,1.12524,100826
2016-09-27,1.12533,1.12586,1.11906,1.12137,119008
2016-09-28,1.12152,1.12365,1.11814,1.12163,121252
2016-09-29,1.1216,1.12496,1.11965,1.1221,127561
2016-09-30,1.12212,1.12503,1.11531,1.12399,159432
2016-10-03,1.12262,1.12439,1.12049,1.12096,103336
2016-10-04,1.12101,1.12384,1.11376,1.12042,146345
2016-10-05,1.12015,1.1233,1.11894,1.12031,127464
2016-10-06,1.1203,1.12121,1.11395,1.11493,127469
2016-10-07,1.11481,1.12048,1.1104,1.11931,187746
2016-10-10,1.1181,1.12028,1.11309,1.1139000000000001,109958
2016-10-11,1.11346,1.11419,1.10486,1.1053,147615
2016-10-12,1.1053,1.10673,1.10041,1.10046,152051
2016-10-13,1.10063,1.10573,1.09851,1.10547,121174
2016-10-14,1.10543,1.10582,1.09699,1.09711,133087
2016-10-17,1.09689,1.10076,1.09635,1.09985,109813
2016-10-18,1.09994,1.10262,1.09697,1.09794,108880
2016-10-19,1.09783,1.10044,1.09547,1.09735,111049
2016-10-20,1.0972,1.10388,1.09154,1.09285,119987
2016-10-21,1.09281,1.09293,1.0859,1.0873599999999999,107479
2016-10-24,1.08801,1.08993,1.08592,1.08812,95964
2016-10-25,1.088,1.09045,1.08507,1.0888,117030
2016-10-26,1.08863,1.09462,1.0874,1.09069,100906
2016-10-27,1.09068,1.09418,1.08821,1.08945,113193
2016-10-28,1.0896,1.09915,1.08926,1.09745,125686
2016-10-31,1.0984099999999999,1.09907,1.09355,1.09762,99166
2016-11-01,1.09761,1.10686,1.0959699999999999,1.10564,114514
2016-11-02,1.10571,1.11228,1.10493,1.10946,130446
2016-11-03,1.1095,1.11255,1.10595,1.1105,127812
2016-11-04,1.11052,1.11405,1.10795,1.11375,117117
2016-11-07,1.10616,1.11099,1.1027,1.10395,113657
2016-11-08,1.10396,1.10667,1.10083,1.10257,105103
2016-11-09,1.10238,1.12991,1.09066,1.09077,289426
2016-11-10,1.09083,1.09533,1.08645,1.08907,179357
2016-11-11,1.08932,1.09229,1.08301,1.08503,169227
2016-11-14,1.08316,1.08403,1.07087,1.07358,188186
2016-11-15,1.07357,1.08161,1.07138,1.07215,159227
2016-11-16,1.07205,1.07592,1.06656,1.06898,149265
2016-11-17,1.0689899999999999,1.07453,1.06197,1.06241,159831
2016-11-18,1.06216,1.06425,1.05687,1.05826,173588
2016-11-21,1.05915,1.06488,1.05785,1.06264,167387
2016-11-22,1.06256,1.06575,1.05835,1.06243,152885
2016-11-23,1.0622,1.06433,1.05258,1.05516,150838
2016-11-24,1.05485,1.05849,1.05176,1.05517,136236
2016-11-25,1.05462,1.0627,1.05291,1.05772,153514
2016-11-28,1.06079,1.06854,1.05632,1.06122,157206
2016-11-29,1.06116,1.06542,1.05645,1.06487,145680
2016-11-30,1.0647199999999999,1.06662,1.05521,1.0587,172645
2016-12-01,1.05891,1.06683,1.05842,1.06596,143640
2016-12-02,1.06581,1.06896,1.06248,1.06538,126286
2016-12-05,1.06171,1.07959,1.05044,1.07631,167247
2016-12-06,1.07617,1.0785,1.06979,1.07177,108323
2016-12-07,1.07153,1.07679,1.07095,1.07513,90536
2016-12-08,1.07521,1.08734,1.05968,1.06121,136595
2016-12-09,1.06117,1.06293,1.05306,1.05515,106246
2016-12-12,1.05326,1.06513,1.0525,1.06336,110141
2016-12-13,1.06333,1.06667,1.06034,1.06244,111390
2016-12-14,1.06233,1.06698,1.04955,1.0534,130434
2016-12-15,1.05308,1.05389,1.0366,1.04126,176714
2016-12-16,1.04107,1.04738,1.04003,1.04401,131312
2016-12-19,1.0437400000000001,1.04791,1.03922,1.0401,121196
2016-12-20,1.03998,1.04175,1.03519,1.03867,115654
2016-12-21,1.03846,1.04509,1.03819,1.04228,105491
2016-12-22,1.0422,1.04989,1.04213,1.04355,110550
2016-12-23,1.04326,1.047,1.04262,1.047,75127
2016-12-26,1.04607,1.04668,1.03249,1.04491,47828
2016-12-27,1.04493,1.0463,1.04319,1.04566,72758
2016-12-28,1.04546,1.04795,1.03717,1.04102,93872
2016-12-29,1.04162,1.04936,1.04079,1.04892,115168
2016-12-30,1.04844,1.06522,1.04827,1.05068,148657
2017-01-02,1.051,1.05275,1.0448,1.04519,72920
2017-01-03,1.04524,1.04898,1.03399,1.04044,139335
2017-01-04,1.04044,1.04996,1.03895,1.04871,138590
2017-01-05,1.04871,1.06149,1.04804,1.06055,170836
2017-01-06,1.06005,1.06207,1.05235,1.05235,146008
2017-01-09,1.05292,1.05826,1.05104,1.0572300000000001,125800
2017-01-10,1.05718,1.06268,1.05506,1.05534,147523
2017-01-11,1.0553,1.06226,1.04534,1.05818,180859
2017-01-12,1.05818,1.06844,1.0571,1.06109,180739
2017-01-13,1.06104,1.0673,1.05959,1.0642,140972
2017-01-16,1.06023,1.06355,1.05789,1.05946,117923
2017-01-17,1.05946,1.0719,1.05893,1.0712,171611
2017-01-18,1.07111,1.0715,1.06278,1.06286,145054
2017-01-19,1.06288,1.06763,1.05888,1.06627,167230
2017-01-20,1.0661,1.0709,1.06248,1.06982,161072
2017-01-23,1.07004,1.07688,1.0693,1.07631,156981
2017-01-24,1.07643,1.07745,1.07199,1.0731,142073
2017-01-25,1.07288,1.07694,1.07109,1.07465,139081
2017-01-26,1.07477,1.07653,1.06572,1.0681,146134
2017-01-27,1.0679400000000001,1.07247,1.06579,1.06968,129909
2017-01-30,1.07023,1.07399,1.062,1.0692,130424
2017-01-31,1.06921,1.0812,1.06843,1.07968,168241
2017-02-01,1.07958,1.0807,1.07298,1.07675,147733
2017-02-02,1.07668,1.08284,1.07556,1.07569,150389
2017-02-03,1.0757,1.07973,1.07106,1.07789,138674
2017-02-06,1.0784799999999999,1.07906,1.07053,1.07488,128085
2017-02-07,1.07392,1.07492,1.06558,1.0682,129264
2017-02-08,1.06795,1.07138,1.06402,1.06969,128190
2017-02-09,1.06971,1.07092,1.06505,1.06541,122349
2017-02-10,1.06552,1.06674,1.06072,1.0637699999999999,126662
2017-02-13,1.06276,1.06581,1.05917,1.05972,111130
2017-02-14,1.05948,1.06331,1.05607,1.05764,122216
2017-02-15,1.05738,1.0609,1.0521,1.05991,129683
2017-02-16,1.0598,1.0679,1.0590600000000001,1.06727,129206
2017-02-17,1.06725,1.06762,1.06051,1.06056,117825
2017-02-20,1.06069,1.06326,1.06029,1.06103,94749
2017-02-21,1.06099,1.06149,1.05255,1.05349,114609
2017-02-22,1.05345,1.05737,1.04933,1.05573,130425
2017-02-23,1.05526,1.05949,1.05373,1.05804,114714
2017-02-24,1.05778,1.06176,1.05513,1.05513,114958
2017-02-27,1.05622,1.06304,1.05511,1.05851,112006
2017-02-28,1.05851,1.06298,1.0568,1.05757,119666
2017-03-01,1.05731,1.0589,1.05138,1.05459,145664
2017-03-02,1.05457,1.05512,1.04946,1.05059,119742
2017-03-03,1.05058,1.06236,1.05015,1.06166,132864
2017-03-06,1.06033,1.06397,1.05745,1.05803,110065
2017-03-07,1.05806,1.06022,1.0558,1.05655,101958
2017-03-08,1.05635,1.05738,1.05345,1.05392,114282
2017-03-09,1.05392,1.06151,1.05247,1.05756,140205
2017-03-10,1.05737,1.06988,1.05721,1.06712,133854
2017-03-13,1.06832,1.07141,1.06519,1.06535,124435
2017-03-14,1.0653299999999999,1.06624,1.05995,1.06077,114250
2017-03-15,1.06077,1.07397,1.06042,1.0735999999999999,130081
2017-03-16,1.07359,1.07738,1.07053,1.07715,139451
2017-03-17,1.07715,1.07821,1.07272,1.07362,114154
2017-03-20,1.07384,1.0777,1.07249,1.07363,97003
2017-03-21,1.07363,1.0819,1.07189,1.0806,129951
2017-03-22,1.08061,1.08245,1.07755,1.07919,127134
2017-03-23,1.07919,1.08047,1.07677,1.07822,119707
2017-03-24,1.07821,1.08178,1.076,1.07957,110958
2017-03-27,1.08316,1.09057,1.08266,1.08638,115047
2017-03-28,1.08637,1.08723,1.07985,1.08123,101690
2017-03-29,1.08117,1.08263,1.07396,1.0764,110785
2017-03-30,1.07647,1.07695,1.06717,1.0674,109951
2017-03-31,1.06742,1.07017,1.06462,1.06462,111341
2017-04-03,1.06591,1.06807,1.06421,1.06683,95896
2017-04-04,1.0669,1.0677,1.06354,1.0672,90474
2017-04-05,1.0671,1.06887,1.06345,1.06624,101806
2017-04-06,1.0661100000000001,1.0683799999999999,1.06287,1.06434,102924
2017-04-07,1.06425,1.06664,1.05804,1.05884,121252
2017-04-10,1.05876,1.06066,1.05698,1.05953,91407
2017-04-11,1.05948,1.063,1.05786,1.06046,98917
2017-04-12,1.06043,1.06751,1.05887,1.06658,117877
2017-04-13,1.06622,1.06776,1.06091,1.06131,107136
2017-04-14,1.0613,1.063,1.06058,1.06101,54471
2017-04-17,1.06109,1.06706,1.0602800000000001,1.06432,71491
2017-04-18,1.06437,1.07361,1.0637,1.07302,122167
2017-04-19,1.07307,1.07371,1.07,1.07111,95166
2017-04-20,1.0709,1.07776,1.07087,1.07166,98839
2017-04-21,1.07169,1.07381,1.06824,1.0723799999999999,98777
2017-04-24,1.09196,1.09198,1.08209,1.08671,159181
2017-04-25,1.0867499999999999,1.09501,1.08515,1.09262,102768
2017-04-26,1.0925,1.0951,1.08558,1.0904,133547
2017-04-27,1.09039,1.09331,1.08517,1.0872,123185
2017-04-28,1.08714,1.09476,1.0857,1.08985,115241
2017-05-01,1.09101,1.09241,1.08842,1.0899,54624
2017-05-02,1.08983,1.09332,1.08883,1.09322,78728
2017-05-03,1.09286,1.0937000000000001,1.08828,1.0884,96476
2017-05-04,1.0884,1.09873,1.0875,1.09839,113603
2017-05-05,1.0984,1.09997,1.09475,1.09995,110749
2017-05-08,1.10189,1.10217,1.09163,1.09223,119112
2017-05-09,1.09236,1.09336,1.08634,1.0874,109126
2017-05-10,1.08719,1.08982,1.08532,1.0867499999999999,229379
2017-05-11,1.08671,1.0893,1.08391,1.08607,244487
2017-05-12,1.08607,1.09343,1.08557,1.09315,239505
2017-05-15,1.093,1.09896,1.09226,1.09752,217137
2017-05-16,1.09751,1.1097299999999999,1.09728,1.10825,280706
2017-05-17,1.10817,1.11623,1.10796,1.11606,340530
2017-05-18,1.11578,1.1172,1.10758,1.11029,399304
2017-05-19,1.11013,1.1212,1.10967,1.12075,278342
2017-05-22,1.11928,1.12635,1.11615,1.12374,252827
2017-05-23,1.12372,1.12684,1.1175,1.11817,325629
2017-05-24,1.11821,1.1219999999999999,1.11684,1.12182,301693
2017-05-25,1.12182,1.12502,1.11936,1.12108,250590
2017-05-26,1.121,1.12346,1.11606,1.11777,260148
2017-05-29,1.11688,1.11899,1.11618,1.11627,134855
2017-05-30,1.11623,1.12055,1.1109499999999999,1.1185,267258
2017-05-31,1.11836,1.12522,1.11645,1.12425,274700
2017-06-01,1.12428,1.12568,1.12022,1.12122,237432
2017-06-02,1.12124,1.12851,1.1205,1.12798,244550
2017-06-05,1.12704,1.12841,1.12343,1.12538,190292
2017-06-06,1.1254,1.12841,1.12404,1.1277,240753
2017-06-07,1.12753,1.12826,1.1204,1.12562,268815
2017-06-08,1.12552,1.12692,1.11946,1.12125,294142
2017-06-09,1.12122,1.12371,1.11664,1.11966,340692
2017-06-12,1.12065,1.1232199999999999,1.1192,1.12042,237217
2017-06-13,1.12005,1.1225,1.11853,1.12105,216016
2017-06-14,1.12107,1.1296,1.11931,1.12184,348811
2017-06-15,1.12176,1.12286,1.11321,1.1145,309315
2017-06-16,1.11442,1.12016,1.11385,1.1194,262335
2017-06-19,1.1206,1.12129,1.11432,1.11482,249186
2017-06-20,1.11486,1.11652,1.1118999999999999,1.1134,290230
2017-06-21,1.11337,1.1169,1.11274,1.11686,258011
2017-06-22,1.1167799999999999,1.1178,1.11395,1.11514,257252
2017-06-23,1.1151,1.1209,1.11453,1.11922,222641
2017-06-26,1.11969,1.12199,1.11717,1.11815,242838
2017-06-27,1.11792,1.13494,1.11789,1.13379,354056
2017-06-28,1.13368,1.13908,1.12917,1.13765,417879
2017-06-29,1.13775,1.14455,1.13744,1.14398,391807
2017-06-30,1.1439300000000001,1.1445400000000001,1.13922,1.14194,363198
2017-07-03,1.14164,1.14267,1.13552,1.13641,283203
2017-07-04,1.1363699999999999,1.1377,1.13362,1.13445,270449
2017-07-05,1.13402,1.13686,1.13125,1.13516,318335
2017-07-06,1.13489,1.14249,1.13299,1.14234,326675
2017-07-07,1.14214,1.14398,1.13797,1.14001,319566
2017-07-10,1.13954,1.14182,1.13818,1.13992,238215
2017-07-11,1.13995,1.14798,1.13829,1.14668,305448
2017-07-12,1.14661,1.14895,1.13916,1.14117,384418
2017-07-13,1.14115,1.1456,1.13706,1.13973,354695
2017-07-14,1.13973,1.14718,1.1391499999999999,1.14668,328695
2017-07-17,1.1473,1.1487,1.14349,1.14782,297560
2017-07-18,1.14781,1.15831,1.14715,1.1553200000000001,431040
2017-07-19,1.15541,1.15568,1.15097,1.15154,311856
2017-07-20,1.15149,1.16583,1.14794,1.16311,453013
2017-07-21,1.16285,1.16828,1.16191,1.1662,348132
2017-07-24,1.16624,1.16843,1.16257,1.16406,296362
2017-07-25,1.16402,1.17123,1.16308,1.1647,339892
2017-07-26,1.16461,1.17401,1.16125,1.17333,376272
2017-07-27,1.17329,1.17767,1.16501,1.16756,412230
2017-07-28,1.16749,1.1764000000000001,1.16712,1.17485,372380
2017-07-31,1.1746,1.18457,1.17232,1.18404,340953
2017-08-01,1.18408,1.18442,1.1785,1.18021,348674
2017-08-02,1.18011,1.19102,1.17937,1.1856,349703
2017-08-03,1.18556,1.18931,1.18306,1.1868400000000001,325947
2017-08-04,1.18676,1.18893,1.17282,1.17712,308470
2017-08-07,1.17727,1.18142,1.17704,1.1795499999999999,210756
2017-08-08,1.17953,1.18239,1.17154,1.17536,258532
2017-08-09,1.17508,1.17638,1.1689,1.17582,315785
2017-08-10,1.17591,1.17854,1.17043,1.1773,299540
2017-08-11,1.1771099999999999,1.18471,1.17487,1.18214,280075
2017-08-14,1.18199,1.18384,1.17698,1.17805,232404
2017-08-15,1.17778,1.17927,1.16872,1.17344,278046
2017-08-16,1.1734,1.17787,1.16812,1.1767,318636
2017-08-17,1.17668,1.179,1.16622,1.17236,357611
2017-08-18,1.17226,1.17746,1.17085,1.17594,330717
2017-08-21,1.17556,1.18282,1.17311,1.18147,222784
2017-08-22,1.18133,1.18244,1.17451,1.17616,240600
2017-08-23,1.1761300000000001,1.18232,1.17402,1.18064,251850
2017-08-24,1.18068,1.18178,1.17842,1.1798899999999999,263506
2017-08-25,1.17986,1.19417,1.17733,1.1921,321779
2017-08-28,1.19397,1.19838,1.1917,1.19788,260714
2017-08-29,1.19785,1.2070400000000001,1.19464,1.19729,453162
2017-08-30,1.19721,1.19845,1.1880600000000001,1.1884000000000001,346436
2017-08-31,1.18836,1.19126,1.18231,1.19086,358259
2017-09-01,1.19093,1.1979899999999999,1.18495,1.1862300000000001,348095
2017-09-04,1.18835,1.19221,1.18735,1.1892800000000001,263118
2017-09-05,1.18885,1.19409,1.18683,1.19128,348225
2017-09-06,1.1911100000000001,1.19504,1.19029,1.1917,352249
2017-09-07,1.19169,1.20597,1.19136,1.20209,394077
2017-09-08,1.20183,1.20924,1.20148,1.20308,413977
2017-09-11,1.2015500000000001,1.20296,1.19478,1.19529,301459
2017-09-12,1.19516,1.19782,1.19262,1.19665,323888
2017-09-13,1.19665,1.1994799999999999,1.1873,1.18859,316431
2017-09-14,1.18852,1.19224,1.18376,1.19183,349703
2017-09-15,1.1918199999999999,1.19872,1.19009,1.19456,368279
2017-09-18,1.19205,1.1969400000000001,1.19149,1.19542,287074
2017-09-19,1.19489,1.20066,1.19489,1.19945,339384
2017-09-20,1.19942,1.20343,1.18613,1.18943,378030
2017-09-21,1.18906,1.19538,1.1865700000000001,1.19411,356738
2017-09-22,1.19413,1.20047,1.1937,1.19467,322331
2017-09-25,1.18977,1.19366,1.1832,1.18491,335783
2017-09-26,1.18484,1.18616,1.17574,1.17934,361324
2017-09-27,1.1792,1.17953,1.1717,1.17447,360928
2017-09-28,1.17445,1.1804000000000001,1.17212,1.1786699999999999,351898
2017-09-29,1.1785700000000001,1.18325,1.17725,1.1811,314982
2017-10-02,1.17882,1.18151,1.17301,1.1732,302081
2017-10-03,1.17322,1.17736,1.16963,1.17447,292587
2017-10-04,1.17441,1.17876,1.17351,1.176,286427
2017-10-05,1.17586,1.17789,1.1699,1.17096,275501
2017-10-06,1.17108,1.17388,1.16693,1.17347,323380
2017-10-09,1.17276,1.17561,1.17194,1.17412,165164
2017-10-10,1.174,1.18254,1.17387,1.1808,298934
2017-10-11,1.18076,1.1869,1.1795200000000001,1.18611,301024
2017-10-12,1.18576,1.18798,1.18269,1.18304,280655
2017-10-13,1.18295,1.1875,1.18053,1.18214,291559
2017-10-16,1.18104,1.1819600000000001,1.17804,1.17963,239694
2017-10-17,1.17954,1.17998,1.17361,1.17665,260177
2017-10-18,1.17658,1.18054,1.17301,1.17872,266046
2017-10-19,1.17874,1.18582,1.17678,1.18515,329865
2017-10-20,1.18498,1.1858,1.17624,1.17788,331909
2017-10-23,1.17645,1.17774,1.17249,1.17492,252637
2017-10-24,1.1749100000000001,1.17929,1.17428,1.17604,269619
2017-10-25,1.17617,1.18178,1.1753,1.18128,346896
2017-10-26,1.18127,1.18368,1.16404,1.16526,357073
2017-10-27,1.16499,1.16573,1.1574200000000001,1.16075,357906
2017-10-30,1.1605699999999999,1.1657899999999999,1.15938,1.16514,230077
2017-10-31,1.16506,1.16615,1.1625,1.1645699999999999,258192
2017-11-01,1.1646,1.16574,1.16064,1.16178,287682
2017-11-02,1.16173,1.1687400000000001,1.1613,1.16584,340134
2017-11-03,1.16582,1.16905,1.15992,1.16094,263736
2017-11-06,1.16139,1.1623999999999999,1.15804,1.16096,255464
2017-11-07,1.16073,1.16155,1.1554,1.15868,271225
2017-11-08,1.15854,1.16112,1.15792,1.15938,236168
2017-11-09,1.15942,1.1655,1.15856,1.1641,310312
2017-11-10,1.16416,1.1678,1.16229,1.16637,247635
2017-11-13,1.16561,1.1675200000000001,1.16374,1.16667,203286
2017-11-14,1.16668,1.1804999999999999,1.16615,1.17978,267702
2017-11-15,1.17975,1.18607,1.17847,1.17909,330754
2017-11-16,1.17901,1.1801,1.17566,1.17681,275252
2017-11-17,1.17687,1.18218,1.17653,1.17895,287549
2017-11-20,1.17846,1.18087,1.1722299999999999,1.17319,131637
2017-11-21,1.17323,1.17578,1.1713,1.17386,97727
2017-11-22,1.17374,1.18272,1.17321,1.1822300000000001,107177
2017-11-23,1.18214,1.18561,1.18132,1.18497,77619
2017-11-24,1.18473,1.19445,1.18368,1.19319,102113
2017-11-27,1.19234,1.19612,1.18956,1.1898,115075
2017-11-28,1.18971,1.192,1.1827,1.18409,148195
2017-11-29,1.18366,1.18828,1.18165,1.18475,133800
2017-11-30,1.18459,1.19315,1.18089,1.19036,140882
2017-12-01,1.19027,1.19403,1.18508,1.1898900000000001,202881
2017-12-04,1.1859899999999999,1.18787,1.18292,1.1865700000000001,127159
2017-12-05,1.18642,1.18766,1.18008,1.18259,121869
2017-12-06,1.18249,1.18482,1.17807,1.17957,114881
2017-12-07,1.17948,1.18147,1.17718,1.17723,101630
2017-12-08,1.17718,1.17766,1.17302,1.17726,114722
2017-12-11,1.17615,1.18119,1.17615,1.1769,85109
2017-12-12,1.17678,1.17927,1.17176,1.17413,86961
2017-12-13,1.17409,1.18316,1.17295,1.18261,114139
2017-12-14,1.18249,1.18625,1.17708,1.17764,139989
2017-12-15,1.17769,1.18125,1.17498,1.17499,113175
2017-12-18,1.17422,1.18344,1.17376,1.17817,101179
2017-12-19,1.17811,1.18488,1.17764,1.1840600000000001,115021
2017-12-20,1.18382,1.19018,1.18288,1.18714,110861
2017-12-21,1.18698,1.18896,1.18492,1.18742,101104
2017-12-22,1.18724,1.1875499999999999,1.18171,1.18611,115966
2017-12-26,1.18568,1.18788,1.18466,1.18583,47480
2017-12-27,1.1858,1.19103,1.1855,1.18894,87403
2017-12-28,1.18862,1.1959,1.18862,1.1942599999999999,84792
2017-12-29,1.19418,1.20255,1.19361,1.19957,87432
2018-01-02,1.19946,1.20813,1.19946,1.20586,99006
2018-01-03,1.20578,1.20662,1.20012,1.20144,95680
2018-01-04,1.20142,1.2089,1.20044,1.2067700000000001,99619
2018-01-05,1.20672,1.20827,1.20206,1.2029,101584
2018-01-08,1.20245,1.20523,1.19558,1.19675,88295
2018-01-09,1.19662,1.19756,1.19156,1.19362,99043
2018-01-10,1.19359,1.20182,1.19231,1.19477,150166
2018-01-11,1.19464,1.2059,1.19293,1.20322,157080
2018-01-12,1.20307,1.22186,1.20307,1.21956,181400
2018-01-15,1.21923,1.22966,1.21876,1.22654,148672
2018-01-16,1.2262,1.22834,1.21952,1.22602,165723
2018-01-17,1.22589,1.23231,1.21771,1.21844,203538
2018-01-18,1.21844,1.22652,1.21651,1.22391,165321
2018-01-19,1.2236799999999999,1.22956,1.2215,1.22191,170249
2018-01-22,1.22699,1.22722,1.22139,1.22618,130165
2018-01-23,1.2260900000000001,1.2306300000000001,1.22231,1.22981,154346
2018-01-24,1.22978,1.2415,1.2291,1.24071,191362
2018-01-25,1.24069,1.25378,1.23639,1.23973,308831
2018-01-26,1.23927,1.24938,1.23699,1.24288,247672
2018-01-29,1.2423,1.24323,1.23368,1.23832,197319
2018-01-30,1.2381199999999999,1.2454,1.23349,1.24019,208533
2018-01-31,1.24009,1.24748,1.23867,1.24136,243528
2018-02-01,1.24131,1.25228,1.23852,1.2506,205535
2018-02-02,1.25075,1.25182,1.24092,1.24559,225115
2018-02-05,1.2431,1.2475,1.23626,1.23664,231747
2018-02-06,1.23657,1.24348,1.2314,1.23764,324346
2018-02-07,1.23755,1.24062,1.22459,1.2264599999999999,206900
2018-02-08,1.22621,1.2295099999999999,1.22122,1.22465,270342
2018-02-09,1.22456,1.22873,1.22056,1.22518,252102
2018-02-12,1.22482,1.22974,1.22351,1.22912,148979
2018-02-13,1.229,1.23712,1.22846,1.23514,162938
2018-02-14,1.23496,1.24652,1.2275800000000001,1.24502,220466
2018-02-15,1.24489,1.25104,1.24479,1.25071,193238
2018-02-16,1.25045,1.25556,1.2393399999999999,1.24103,203472
2018-02-19,1.24013,1.24352,1.23691,1.24069,134684
2018-02-20,1.24071,1.24124,1.23198,1.23371,174314
2018-02-21,1.23365,1.23601,1.2281,1.2282899999999999,200737
2018-02-22,1.22816,1.23522,1.22594,1.23315,176309
2018-02-23,1.23286,1.23373,1.22799,1.22954,140468
2018-02-26,1.22936,1.23553,1.22778,1.23174,144111
2018-02-27,1.23163,1.23466,1.22216,1.22332,180103
2018-02-28,1.22318,1.22418,1.21879,1.21938,164233
2018-03-01,1.21924,1.22733,1.21546,1.22677,204631
2018-03-02,1.2265,1.2336,1.22515,1.23203,185864
2018-03-05,1.23274,1.23644,1.2269,1.23362,176142
2018-03-06,1.23357,1.24204,1.23281,1.24051,169526
2018-03-07,1.24028,1.24453,1.23849,1.24108,187771
2018-03-08,1.24101,1.24464,1.2298,1.23117,197919
2018-03-09,1.231,1.23344,1.22732,1.23051,173230
2018-03-12,1.23092,1.23456,1.22904,1.23353,121670
2018-03-13,1.23322,1.24075,1.23145,1.23908,159867
2018-03-14,1.23896,1.24127,1.23472,1.23676,151974
2018-03-15,1.2366,1.23837,1.2300200000000001,1.23043,150226
2018-03-16,1.23035,1.23362,1.22601,1.22871,133309
2018-03-19,1.22805,1.23588,1.2258,1.23345,154755
2018-03-20,1.2334,1.23548,1.22397,1.22408,151568
2018-03-21,1.22407,1.23499,1.22391,1.23386,184488
2018-03-22,1.2337,1.23886,1.22854,1.23005,192595
2018-03-23,1.23013,1.23736,1.22973,1.23526,181947
2018-03-26,1.2347,1.24616,1.2347,1.24486,145917
2018-03-27,1.24426,1.24766,1.23723,1.2402199999999999,159164
2018-03-28,1.24016,1.24217,1.23001,1.23084,169824
2018-03-29,1.23069,1.23359,1.2284,1.23006,147797
2018-03-30,1.22992,1.23306,1.22898,1.23242,42791
2018-04-02,1.23205,1.23451,1.22814,1.23018,81268
2018-04-03,1.23004,1.23362,1.22537,1.2269,139982
2018-04-04,1.22687,1.23148,1.2257,1.22785,136866
2018-04-05,1.22767,1.22903,1.22184,1.22394,129175
2018-04-06,1.22389,1.22908,1.22152,1.22812,187487
2018-04-09,1.2284,1.23306,1.22603,1.23209,149393
2018-04-10,1.23194,1.23776,1.23028,1.2355,173607
2018-04-11,1.23546,1.23963,1.2347,1.23672,147851
2018-04-12,1.23658,1.23798,1.22993,1.23257,152638
2018-04-13,1.2325,1.2346,1.2307,1.23303,123123
2018-04-16,1.233,1.23946,1.2322,1.23793,108473
2018-04-17,1.23781,1.24138,1.23362,1.23693,115371
2018-04-18,1.23682,1.23973,1.23416,1.2375099999999999,131486
2018-04-19,1.23727,1.24003,1.23291,1.23451,145156
2018-04-20,1.23442,1.2353,1.22498,1.22874,123806
2018-04-23,1.227,1.22894,1.21975,1.22075,116992
2018-04-24,1.22071,1.2245,1.21818,1.2233,131357
2018-04-25,1.22314,1.22387,1.21606,1.2161,122413
2018-04-26,1.21603,1.22099,1.20963,1.21027,163926
2018-04-27,1.21023,1.21329,1.20554,1.21301,128145
2018-04-30,1.21225,1.21389,1.20644,1.20803,122861
2018-05-01,1.20763,1.20842,1.19812,1.1992,116615
2018-05-02,1.19917,1.20318,1.19379,1.19498,174980
2018-05-03,1.195,1.20089,1.19478,1.19884,171233
2018-05-04,1.19871,1.19954,1.19108,1.19627,135298
2018-05-07,1.19515,1.1978,1.18976,1.19231,100247
2018-05-08,1.19219,1.1938900000000001,1.18381,1.18634,142859
2018-05-09,1.18635,1.18971,1.18226,1.1851099999999999,131676
2018-05-10,1.18499,1.19468,1.18429,1.19158,168266
2018-05-11,1.19143,1.19679,1.18913,1.19391,126568
2018-05-14,1.1938,1.19962,1.19264,1.19268,120079
2018-05-15,1.1926,1.19385,1.18202,1.18373,163703
2018-05-16,1.18372,1.18542,1.17634,1.1808,182839
2018-05-17,1.18062,1.18375,1.17764,1.17944,162982
2018-05-18,1.17927,1.18222,1.17498,1.17698,116567
2018-05-21,1.17678,1.17957,1.17166,1.17908,107224
2018-05-22,1.17909,1.18298,1.17565,1.1778,116558
2018-05-23,1.17774,1.17896,1.16758,1.16966,166070
2018-05-24,1.16948,1.17503,1.1690800000000001,1.172,155245
2018-05-25,1.17191,1.17336,1.16456,1.16504,148736
2018-05-28,1.16848,1.1728399999999999,1.16074,1.16242,130247
2018-05-29,1.16233,1.16397,1.15101,1.15374,206716
2018-05-30,1.1539,1.1676199999999999,1.15186,1.1663999999999999,202679
2018-05-31,1.16622,1.17244,1.16412,1.16927,175159
2018-06-01,1.169,1.17182,1.16171,1.166,165299
2018-06-04,1.1656,1.17446,1.1656,1.16958,131715
2018-06-05,1.16971,1.17322,1.16525,1.17178,164698
2018-06-06,1.17164,1.17957,1.17105,1.17746,152550
2018-06-07,1.17734,1.184,1.17726,1.1798,165110
2018-06-08,1.17977,1.18103,1.17272,1.17689,152186
2018-06-11,1.1774,1.18207,1.1771099999999999,1.17854,117004
2018-06-12,1.17814,1.18091,1.17333,1.17445,150312
2018-06-13,1.17445,1.18011,1.17254,1.17922,149323
2018-06-14,1.17905,1.18516,1.15627,1.15658,204369
2018-06-15,1.1565,1.16271,1.15433,1.16073,174624
2018-06-18,1.15862,1.16243,1.1565400000000001,1.16227,121186
2018-06-19,1.16221,1.16446,1.15306,1.15899,190333
2018-06-20,1.1587399999999999,1.16001,1.15369,1.1575199999999999,155761
2018-06-21,1.15687,1.16336,1.15083,1.16027,199068
2018-06-22,1.15976,1.16751,1.15976,1.1656900000000001,182386
2018-06-25,1.1662,1.17131,1.16285,1.17032,170549
2018-06-26,1.17024,1.17204,1.16349,1.16482,192229
2018-06-27,1.16459,1.16724,1.15406,1.15544,200098
2018-06-28,1.15517,1.16008,1.15273,1.15685,205472
2018-06-29,1.1567,1.16904,1.1558,1.1685,224381
2018-07-02,1.16731,1.1688399999999999,1.15914,1.16385,146295
2018-07-03,1.16387,1.16732,1.16205,1.16589,147215
2018-07-04,1.16545,1.16819,1.16307,1.16564,118954
2018-07-05,1.16554,1.17204,1.165,1.1692,155530
2018-07-06,1.16894,1.17678,1.168,1.17431,139608
2018-07-09,1.17402,1.17907,1.17326,1.17502,128046
2018-07-10,1.17492,1.17627,1.16903,1.17447,124510
2018-07-11,1.17427,1.17584,1.16653,1.16745,170009
2018-07-12,1.16715,1.16956,1.16496,1.1670099999999999,139000
2018-07-13,1.16699,1.16867,1.1613,1.16862,131367
2018-07-16,1.16897,1.17255,1.16757,1.17111,122258
2018-07-17,1.1710099999999999,1.17448,1.16493,1.16611,142508
2018-07-18,1.16594,1.1665,1.16021,1.16397,137506
2018-07-19,1.16379,1.16785,1.1575,1.16421,194746
2018-07-20,1.16405,1.1739,1.16262,1.17212,216752
2018-07-23,1.17249,1.17514,1.16836,1.16914,120372
2018-07-24,1.16909,1.17169,1.16546,1.16816,129263
2018-07-25,1.16822,1.17387,1.1663999999999999,1.17285,141170
2018-07-26,1.17276,1.17438,1.16402,1.16429,140619
2018-07-27,1.16424,1.16644,1.16202,1.16575,116762
2018-07-30,1.1657,1.1718899999999999,1.1648100000000001,1.17048,87697
2018-07-31,1.17033,1.1746,1.1683,1.16896,125318
2018-08-01,1.16901,1.16998,1.16573,1.16602,115596
2018-08-02,1.16587,1.16676,1.15817,1.1584699999999999,111036
2018-08-03,1.15839,1.16106,1.15602,1.15667,124422
2018-08-06,1.15668,1.15705,1.153,1.15527,83575
2018-08-07,1.1553200000000001,1.16082,1.1549,1.15985,89715
2018-08-08,1.15979,1.16283,1.15732,1.16096,86802
2018-08-09,1.16098,1.16194,1.15256,1.15271,100099
2018-08-10,1.15259,1.15365,1.1388,1.14093,222094
2018-08-13,1.13709,1.1433,1.13649,1.14093,188564
2018-08-14,1.1409799999999999,1.14295,1.13302,1.13432,153618
2018-08-15,1.13431,1.13552,1.1301,1.13456,152170
2018-08-16,1.13443,1.14092,1.13358,1.13762,166195
2018-08-17,1.1375899999999999,1.1445,1.13665,1.14388,134253
2018-08-20,1.14373,1.14849,1.13944,1.14832,108952
2018-08-21,1.14802,1.16012,1.14786,1.15711,155467
2018-08-22,1.15703,1.1623,1.1553200000000001,1.15965,133753
2018-08-23,1.15955,1.15995,1.15298,1.15421,128363
2018-08-24,1.15353,1.16399,1.15348,1.16215,134058
2018-08-27,1.1614,1.16937,1.15946,1.16783,80250
2018-08-28,1.16772,1.17336,1.16626,1.16942,95410
2018-08-29,1.16934,1.171,1.16519,1.1706699999999999,104787
2018-08-30,1.17059,1.17183,1.16417,1.16673,102420
2018-08-31,1.16707,1.16902,1.15846,1.1606,111007
2018-09-03,1.1595,1.16279,1.1589,1.1617,63456
2018-09-04,1.16164,1.16193,1.15301,1.15826,95607
2018-09-05,1.15795,1.16404,1.15428,1.16302,106855
2018-09-06,1.16288,1.16593,1.16054,1.16241,104654
2018-09-07,1.16216,1.16494,1.15506,1.15523,107424
2018-09-10,1.1548,1.16165,1.15258,1.15947,74856
2018-09-11,1.15901,1.16443,1.15656,1.1604700000000001,80219
2018-09-12,1.16038,1.16498,1.15702,1.1626400000000001,91862
2018-09-13,1.16249,1.17012,1.16092,1.16905,88979
2018-09-14,1.16894,1.17217,1.16207,1.1622,74738
2018-09-17,1.1623,1.16981,1.1617899999999999,1.16836,67444
2018-09-18,1.16818,1.17244,1.16522,1.16662,102702
2018-09-19,1.16622,1.17149,1.16499,1.16732,88699
2018-09-20,1.16714,1.17845,1.16689,1.17774,105361
2018-09-21,1.17766,1.18027,1.17327,1.1754,92511
2018-09-24,1.17412,1.18152,1.17242,1.17462,79119
2018-09-25,1.17474,1.1792799999999999,1.17309,1.17663,87219
2018-09-26,1.17657,1.1798,1.1726,1.17405,102771
2018-09-27,1.17359,1.17571,1.1639,1.16418,119608
2018-09-28,1.16402,1.16513,1.15698,1.16027,104606
2018-10-01,1.1616900000000001,1.16248,1.15636,1.15785,90019
2018-10-02,1.15779,1.15802,1.15052,1.15463,103130
2018-10-03,1.15449,1.15938,1.14643,1.14784,122077
2018-10-04,1.14761,1.15428,1.14634,1.1514,114307
2018-10-05,1.1513200000000001,1.15497,1.1484,1.15189,110973
2018-10-08,1.1521,1.15296,1.14598,1.14914,76762
2018-10-09,1.14904,1.15035,1.14323,1.14923,113137
2018-10-10,1.1488800000000001,1.15454,1.14799,1.15182,105326
2018-10-11,1.15185,1.15993,1.15182,1.15934,159529
2018-10-12,1.15932,1.16105,1.1534200000000001,1.15576,106033
2018-10-15,1.1537,1.16063,1.1537,1.15786,93413
2018-10-16,1.15793,1.16216,1.15661,1.15738,92207
2018-10-17,1.15729,1.15804,1.14959,1.15002,106668
2018-10-18,1.14996,1.15274,1.14492,1.14512,114140
2018-10-19,1.14528,1.15348,1.1433,1.15146,109966
2018-10-22,1.1516,1.15502,1.1455899999999999,1.14645,93915
2018-10-23,1.1464,1.14937,1.1439300000000001,1.14704,114428
2018-10-24,1.14712,1.14767,1.13787,1.13925,116917
2018-10-25,1.13914,1.14326,1.13562,1.13734,117152
2018-10-26,1.13742,1.14211,1.13357,1.14023,125201
2018-10-29,1.13918,1.14165,1.13607,1.13726,104092
2018-10-30,1.1372,1.13879,1.13405,1.1345,94160
2018-10-31,1.13431,1.13602,1.13022,1.13136,103368
2018-11-01,1.13105,1.14242,1.13072,1.1408800000000001,111835
2018-11-02,1.14079,1.1455899999999999,1.13723,1.13867,119077
2018-11-05,1.13869,1.1424,1.13533,1.14075,90873
2018-11-06,1.1406399999999999,1.14378,1.13914,1.14266,89869
2018-11-07,1.14257,1.14996,1.13944,1.14255,146464
2018-11-08,1.14253,1.14469,1.1351499999999999,1.13638,111478
2018-11-09,1.1363,1.13689,1.13162,1.13344,105356
2018-11-12,1.13178,1.13307,1.12155,1.12174,104322
2018-11-13,1.12167,1.12937,1.12163,1.12908,117582
2018-11-14,1.12888,1.13475,1.12632,1.13094,135317
2018-11-15,1.13074,1.13626,1.12706,1.13304,142675
2018-11-16,1.13245,1.14201,1.13215,1.14171,111392
2018-11-19,1.14128,1.14645,1.13939,1.14534,83434
2018-11-20,1.1451500000000001,1.14724,1.13588,1.13704,98388
2018-11-21,1.13691,1.14248,1.13636,1.13855,93476
2018-11-22,1.13795,1.1434,1.13795,1.1404,80607
2018-11-23,1.13998,1.14213,1.13273,1.1332,80041
2018-11-26,1.13399,1.13838,1.1325,1.13276,80154
2018-11-27,1.13264,1.13437,1.12775,1.12914,96779
2018-11-28,1.12852,1.13876,1.12672,1.13662,103149
2018-11-29,1.13658,1.14017,1.1348799999999999,1.13935,93642
2018-11-30,1.13927,1.14004,1.13055,1.13197,85769
2018-12-03,1.13493,1.13798,1.13195,1.1353900000000001,83634
2018-12-04,1.1352,1.14188,1.13186,1.1342,103975
2018-12-05,1.13406,1.13614,1.13105,1.13446,57074
2018-12-06,1.1344400000000001,1.14126,1.13211,1.13776,116070
2018-12-07,1.13725,1.14236,1.13603,1.14012,100921
2018-12-10,1.13903,1.14429,1.1350500000000001,1.13553,113092
2018-12-11,1.13541,1.14004,1.13063,1.13183,95964
2018-12-12,1.1315,1.13873,1.1315,1.13689,97796
2018-12-13,1.13678,1.13933,1.13312,1.13581,90249
2018-12-14,1.13602,1.1365,1.127,1.13033,83066
2018-12-17,1.12998,1.13578,1.12965,1.13474,76407
2018-12-18,1.13469,1.14024,1.13367,1.13632,82014
2018-12-19,1.1359,1.14394,1.13589,1.1376,112964
2018-12-20,1.13736,1.14859,1.13693,1.14456,122722
2018-12-21,1.14449,1.1474199999999999,1.13559,1.13675,103433
2018-12-24,1.13702,1.14385,1.13604,1.14078,76271
2018-12-26,1.13858,1.14199,1.13429,1.1353900000000001,57389
2018-12-27,1.13504,1.14541,1.13504,1.14313,124196
2018-12-28,1.14234,1.14728,1.14234,1.14405,98881
2018-12-31,1.14328,1.1466,1.14213,1.14448,65547
2019-01-02,1.1463,1.14967,1.13251,1.13435,103782
2019-01-03,1.13419,1.14112,1.12982,1.1394199999999999,132179
2019-01-04,1.13921,1.14192,1.13458,1.13972,108149
2019-01-07,1.13946,1.1482700000000001,1.13946,1.14741,77179
2019-01-08,1.1474199999999999,1.14846,1.14222,1.14413,81861
2019-01-09,1.14409,1.15575,1.14368,1.1543,111940
2019-01-10,1.15423,1.15698,1.14845,1.15003,104574
2019-01-11,1.14994,1.15404,1.14581,1.14644,92884
2019-01-14,1.14578,1.1482,1.14506,1.14689,79075
2019-01-15,1.14682,1.14897,1.13819,1.14124,105695
2019-01-16,1.14126,1.14248,1.13777,1.13913,80976
2019-01-17,1.13918,1.1406,1.137,1.13884,95968
2019-01-18,1.13874,1.14102,1.13532,1.13634,73480
2019-01-21,1.1360000000000001,1.13914,1.13569,1.13667,48361
2019-01-22,1.13659,1.13741,1.13362,1.13597,65712
2019-01-23,1.13588,1.13945,1.13506,1.13804,69178
2019-01-24,1.13811,1.13914,1.12894,1.13074,106131
2019-01-25,1.1302699999999999,1.14176,1.12998,1.14055,92754
2019-01-28,1.14002,1.1443699999999999,1.13901,1.14257,68678
2019-01-29,1.1427,1.14502,1.14112,1.14319,86956
2019-01-30,1.14322,1.15017,1.1406100000000001,1.1479300000000001,94598
2019-01-31,1.14788,1.1514199999999999,1.14357,1.14475,90940
2019-02-01,1.14458,1.14886,1.14343,1.14534,77444
2019-02-04,1.14507,1.14604,1.1424400000000001,1.14357,63131
2019-02-05,1.14346,1.14405,1.14012,1.14047,59115
2019-02-06,1.14049,1.14095,1.13608,1.13616,59073
2019-02-07,1.13616,1.13684,1.13246,1.13378,63748
2019-02-08,1.13382,1.13509,1.13212,1.1323400000000001,51927
2019-02-11,1.13208,1.13299,1.12673,1.12748,57646
2019-02-12,1.12754,1.13398,1.12576,1.13269,57554
2019-02-13,1.13247,1.13415,1.12603,1.12612,63715
2019-02-14,1.1259000000000001,1.13099,1.1249,1.12955,78495
2019-02-15,1.12952,1.13062,1.12341,1.1292200000000001,68019
2019-02-18,1.12918,1.1334,1.12888,1.13107,43227
2019-02-19,1.13077,1.1357599999999999,1.12756,1.13403,70881
2019-02-20,1.13394,1.13712,1.1325,1.1337,69267
2019-02-21,1.13357,1.13664,1.13204,1.13327,80917
2019-02-22,1.13341,1.13558,1.13162,1.1332,64225
2019-02-25,1.13338,1.13674,1.13278,1.13569,58180
2019-02-26,1.13571,1.1402700000000001,1.13452,1.13889,67588
2019-02-27,1.1388099999999999,1.14036,1.13623,1.13694,67147
2019-02-28,1.1369,1.14196,1.13594,1.13703,78742
2019-03-01,1.13699,1.14086,1.13533,1.13623,67377
2019-03-04,1.13823,1.13823,1.13091,1.13398,49825
2019-03-05,1.1339299999999999,1.13409,1.12896,1.1307,48857
2019-03-06,1.13076,1.13246,1.12856,1.13063,46608
2019-03-07,1.1306,1.13203,1.11762,1.11937,63606
2019-03-08,1.11936,1.1246,1.1185100000000001,1.1233,59823
2019-03-11,1.12308,1.12584,1.12219,1.12442,48260
2019-03-12,1.12447,1.1305,1.12445,1.12862,64568
2019-03-13,1.12872,1.13387,1.12775,1.13289,50438
2019-03-14,1.13266,1.13375,1.12942,1.13047,55759
2019-03-15,1.13026,1.1344400000000001,1.12967,1.1325,46353
2019-03-18,1.13201,1.1359,1.1319,1.13397,40312
2019-03-19,1.13334,1.13616,1.13318,1.13512,40658
2019-03-20,1.13512,1.1448,1.13355,1.1412,58401
2019-03-21,1.1413,1.14374,1.13425,1.13752,63297
2019-03-22,1.13733,1.13907,1.12733,1.13003,70529
2019-03-25,1.12885,1.13314,1.12859,1.13126,52172
2019-03-26,1.13119,1.1326,1.12632,1.12658,58045
2019-03-27,1.12655,1.12856,1.12422,1.1244,66997
2019-03-28,1.12436,1.12612,1.12137,1.12238,62974
2019-03-29,1.12178,1.12465,1.12099,1.12172,62060
2019-04-01,1.12248,1.12499,1.1204,1.12121,52826
2019-04-02,1.12121,1.12159,1.11837,1.12043,50042
2019-04-03,1.1204,1.12546,1.12001,1.1233,48947
2019-04-04,1.12318,1.12476,1.1206,1.12203,44455
2019-04-05,1.12193,1.1245,1.12101,1.12158,41548
2019-04-08,1.12141,1.12746,1.12103,1.12592,38096
2019-04-09,1.126,1.12843,1.12551,1.12631,43913
2019-04-10,1.12621,1.12873,1.12297,1.12745,48640
2019-04-11,1.12732,1.12875,1.125,1.12544,39806
2019-04-12,1.1251,1.1324,1.1251,1.12982,46331
2019-04-15,1.13035,1.1320999999999999,1.12976,1.1304,37916
2019-04-16,1.1303,1.1313900000000001,1.12797,1.12806,49970
2019-04-17,1.12797,1.13238,1.12789,1.12989,44859
2019-04-18,1.12927,1.1304,1.12262,1.12299,55742
2019-04-19,1.12283,1.12476,1.1227,1.12409,23457
2019-04-22,1.12398,1.12622,1.12359,1.1257,19530
2019-04-23,1.12568,1.12613,1.11924,1.12275,43179
2019-04-24,1.1226099999999999,1.12263,1.11407,1.11521,56944
2019-04-25,1.1154,1.11626,1.1118,1.11327,52799
2019-04-26,1.11283,1.1174,1.11125,1.11449,55644
2019-04-29,1.11448,1.11868,1.11447,1.11847,35371
2019-04-30,1.11852,1.1229,1.11758,1.12153,52116
2019-05-01,1.12137,1.12646,1.11872,1.11947,45231
2019-05-02,1.11948,1.12191,1.11707,1.11716,50788
2019-05-03,1.11712,1.12048,1.1135,1.12026,54869
2019-05-06,1.11709,1.12092,1.11659,1.11989,47003
2019-05-07,1.11994,1.12178,1.11666,1.11917,52531
2019-05-08,1.11898,1.12138,1.11828,1.1192,63547
2019-05-09,1.11902,1.1251,1.11735,1.12121,70970
2019-05-10,1.12134,1.12536,1.12113,1.1234,60990
2019-05-13,1.12298,1.12636,1.12231,1.12246,54152
2019-05-14,1.12209,1.12441,1.12012,1.1204,46971
2019-05-15,1.12033,1.12248,1.11781,1.12018,52399
2019-05-16,1.12016,1.12241,1.11663,1.11727,45859
2019-05-17,1.11732,1.11844,1.11552,1.11573,51001
2019-05-20,1.11598,1.11748,1.11507,1.11655,38838
2019-05-21,1.11651,1.11881,1.1142,1.11616,47707
2019-05-22,1.11574,1.11802,1.11487,1.11503,39671
2019-05-23,1.11502,1.11875,1.11071,1.1182,55672
2019-05-24,1.11812,1.12122,1.11726,1.12051,44770
2019-05-27,1.1209,1.12151,1.11871,1.11925,22013
2019-05-28,1.11923,1.11985,1.11593,1.11601,45274
2019-05-29,1.116,1.11725,1.11244,1.1131,48858
2019-05-30,1.11303,1.1143399999999999,1.11161,1.11294,39273
2019-05-31,1.11288,1.11798,1.11252,1.11691,59632
2019-06-03,1.11598,1.1262,1.11598,1.12411,57805
2019-06-04,1.12407,1.1277300000000001,1.12265,1.12518,62593
2019-06-05,1.12513,1.13068,1.12198,1.12203,67620
2019-06-06,1.12204,1.1309,1.12026,1.12754,68453
2019-06-07,1.12755,1.13477,1.12513,1.13326,60914
2019-06-10,1.1322,1.13304,1.12904,1.13117,45171
2019-06-11,1.13112,1.13376,1.13014,1.13257,54916
2019-06-12,1.13256,1.13435,1.12826,1.1287099999999999,54677
2019-06-13,1.12868,1.13038,1.12686,1.12766,51392
2019-06-14,1.12763,1.12892,1.12026,1.12112,59387
2019-06-17,1.12094,1.12471,1.12037,1.12177,38730
2019-06-18,1.12178,1.12428,1.11813,1.11941,68501
2019-06-19,1.11926,1.12543,1.11872,1.12263,60995
2019-06-20,1.12259,1.13174,1.12257,1.12913,77299
2019-06-21,1.12918,1.13778,1.12831,1.1369,71398
2019-06-24,1.13699,1.14041,1.13658,1.13984,51757
2019-06-25,1.13979,1.1412200000000001,1.13443,1.13668,73590
2019-06-26,1.13662,1.13913,1.13475,1.13685,64666
2019-06-27,1.13676,1.13816,1.13479,1.13693,55538
2019-06-28,1.1369,1.13935,1.13507,1.13697,52939
2019-07-01,1.13595,1.13712,1.12811,1.12851,59256
2019-07-02,1.12849,1.13212,1.12752,1.12862,49201
2019-07-03,1.1284,1.1311499999999999,1.12685,1.12778,47093
2019-07-04,1.12778,1.12951,1.12732,1.12843,23894
2019-07-05,1.12836,1.12877,1.12074,1.12254,50105
2019-07-08,1.12219,1.12344,1.1207,1.12143,36426
2019-07-09,1.12138,1.12188,1.11934,1.12075,39167
2019-07-10,1.1207799999999999,1.12644,1.12018,1.12504,55757
2019-07-11,1.1250499999999999,1.12858,1.12452,1.12546,55426
2019-07-12,1.12537,1.1274899999999999,1.12382,1.12707,48634
2019-07-15,1.12673,1.12839,1.1253199999999999,1.12578,37927
2019-07-16,1.12574,1.12635,1.12019,1.12094,46222
2019-07-17,1.12098,1.12336,1.11998,1.12251,39140
2019-07-18,1.12236,1.12805,1.12053,1.12772,57963
2019-07-19,1.12765,1.1282,1.1203400000000001,1.12219,55772
2019-07-22,1.12149,1.12254,1.12063,1.12088,38181
2019-07-23,1.12085,1.12096,1.11459,1.11511,42874
2019-07-24,1.11519,1.11559,1.1127,1.11394,43788
2019-07-25,1.11403,1.11878,1.11014,1.11466,64096
2019-07-26,1.1147,1.1151,1.11121,1.11283,41673
2019-07-29,1.11238,1.1151,1.1113,1.11452,33520
2019-07-30,1.11448,1.1161,1.11322,1.11558,45574
2019-07-31,1.1154,1.11622,1.10602,1.10765,65886
2019-08-01,1.10756,1.10959,1.10269,1.10849,83433
2019-08-02,1.10848,1.11164,1.10697,1.11055,89620
2019-08-05,1.11004,1.12132,1.10983,1.12029,83905
2019-08-06,1.1203,1.12497,1.11676,1.1201699999999999,81232
2019-08-07,1.11969,1.12419,1.11792,1.11994,94540
2019-08-08,1.12005,1.12327,1.1177,1.11796,68830
2019-08-09,1.11797,1.12231,1.11783,1.12009,56631
2019-08-12,1.11978,1.12307,1.11621,1.12136,53740
2019-08-13,1.12131,1.12286,1.11701,1.11711,78399
2019-08-14,1.11706,1.11908,1.11306,1.11385,70980
2019-08-15,1.11377,1.11584,1.10914,1.11093,81690
2019-08-16,1.11066,1.11122,1.10663,1.10897,57159
2019-08-19,1.10919,1.11138,1.10762,1.10781,41314
2019-08-20,1.10777,1.11068,1.10657,1.11005,43676
2019-08-21,1.10994,1.11072,1.10807,1.10845,39637
2019-08-22,1.10843,1.11134,1.10637,1.10793,51801
2019-08-23,1.1078999999999999,1.11533,1.10518,1.11427,69429
2019-08-26,1.11498,1.11639,1.10942,1.10993,89240
2019-08-27,1.11009,1.11159,1.10857,1.1090200000000001,58185
2019-08-28,1.10898,1.10979,1.10733,1.10779,52807
2019-08-29,1.10772,1.1093,1.1042,1.10565,55278
2019-08-30,1.10564,1.10604,1.09633,1.09903,56232
2019-09-02,1.09889,1.09967,1.09581,1.09666,35541
2019-09-03,1.09664,1.09789,1.09264,1.09735,61055
2019-09-04,1.0974,1.10386,1.09686,1.10345,55986
2019-09-05,1.10356,1.10848,1.10168,1.10344,59633
2019-09-06,1.10345,1.10574,1.10204,1.10253,57821
2019-09-09,1.10228,1.10681,1.10155,1.10462,44051
2019-09-10,1.10472,1.10596,1.10306,1.10426,45034
2019-09-11,1.10431,1.10556,1.09853,1.10105,43732
2019-09-12,1.10103,1.10873,1.09269,1.10638,76885
2019-09-13,1.10642,1.11096,1.10554,1.1072,54516
2019-09-16,1.10731,1.10865,1.09935,1.1004,53166
2019-09-17,1.09978,1.10746,1.09904,1.10721,57832
2019-09-18,1.10721,1.10757,1.10138,1.10293,56200
2019-09-19,1.10294,1.10736,1.1023,1.10407,56673
2019-09-20,1.10408,1.10677,1.09964,1.10196,54171
2019-09-23,1.10133,1.10254,1.09662,1.0993,52881
2019-09-24,1.09932,1.10241,1.09838,1.10202,54456
2019-09-25,1.10196,1.1023,1.09375,1.09427,55460
2019-09-26,1.09422,1.09674,1.09087,1.09198,54841
2019-09-27,1.09212,1.09587,1.09046,1.09416,52564
2019-09-30,1.09424,1.09478,1.08847,1.08994,48190
2019-10-01,1.08964,1.0943,1.08792,1.0931899999999999,60114
2019-10-02,1.09321,1.09637,1.09042,1.09592,54403
2019-10-03,1.09591,1.09994,1.09411,1.09636,61237
2019-10-04,1.09634,1.09972,1.09569,1.09783,54776
2019-10-07,1.09801,1.10006,1.0962,1.09705,43140
2019-10-08,1.09702,1.09958,1.0941,1.09558,59230
2019-10-09,1.09565,1.09904,1.09504,1.0971,46477
2019-10-10,1.09709,1.10338,1.09705,1.10058,70715
2019-10-11,1.10054,1.10628,1.10009,1.10353,72831
2019-10-14,1.10315,1.10428,1.10128,1.1026,41250
2019-10-15,1.10271,1.1046,1.09913,1.10323,62421
2019-10-16,1.10328,1.10856,1.10226,1.10719,65263
2019-10-17,1.10715,1.11398,1.10651,1.11243,61445
2019-10-18,1.11242,1.1171,1.11147,1.11682,49190
2019-10-21,1.1160700000000001,1.11795,1.11387,1.11498,42544
2019-10-22,1.11493,1.11568,1.11178,1.11248,45484
2019-10-23,1.11248,1.114,1.11062,1.11302,38319
2019-10-24,1.11305,1.11628,1.10932,1.1105,50516
2019-10-25,1.11038,1.1123,1.10732,1.108,35228
2019-10-28,1.10795,1.11066,1.10756,1.10998,31577
2019-10-29,1.10996,1.11185,1.10736,1.11107,38465
2019-10-30,1.11119,1.11516,1.108,1.11499,54520
2019-10-31,1.115,1.11755,1.11314,1.11515,55184
2019-11-01,1.1151200000000001,1.11718,1.11281,1.11651,43957
2019-11-04,1.1168,1.11755,1.11249,1.11285,37972
2019-11-05,1.11281,1.11403,1.10636,1.10739,51299
2019-11-06,1.10743,1.1093,1.10649,1.10666,39576
2019-11-07,1.10656,1.10917,1.1036,1.1050200000000001,56322
2019-11-08,1.10494,1.10556,1.10168,1.10198,41346
2019-11-11,1.10226,1.1043,1.10164,1.1033,27757
2019-11-12,1.10327,1.10386,1.10025,1.1009,38198
2019-11-13,1.10088,1.10204,1.09954,1.1007,41097
2019-11-14,1.10057,1.10276,1.0989,1.10208,39588
2019-11-15,1.10227,1.10568,1.1014599999999999,1.10524,32705
2019-11-18,1.10477,1.109,1.10477,1.10721,34151
2019-11-19,1.10716,1.1084,1.10628,1.10783,30240
2019-11-20,1.10782,1.10814,1.1053,1.10725,39001
2019-11-21,1.10725,1.1097,1.10523,1.10588,38824
2019-11-22,1.10585,1.10875,1.1014599999999999,1.10196,41084
2019-11-25,1.10161,1.10322,1.10036,1.10117,34713
2019-11-26,1.10135,1.10255,1.1007,1.1022,34633
2019-11-27,1.10198,1.10245,1.09923,1.09988,34154
2019-11-28,1.09992,1.10179,1.09985,1.10073,23781
2019-11-29,1.10073,1.10282,1.09812,1.10183,32193
2019-12-02,1.10227,1.10897,1.1003,1.10784,37524
2019-12-03,1.10787,1.10935,1.1066,1.10818,37198
2019-12-04,1.10812,1.11162,1.1066799999999999,1.10774,42386
2019-12-05,1.10773,1.11082,1.10772,1.1104,33114
2019-12-06,1.11041,1.11097,1.10398,1.10601,32442
2019-12-09,1.10492,1.1078000000000001,1.10492,1.10641,25188
2019-12-10,1.10634,1.10978,1.10629,1.10935,31684
2019-12-11,1.10923,1.11449,1.10704,1.113,40182
2019-12-12,1.11294,1.11543,1.11031,1.1132,51552
2019-12-13,1.11285,1.11992,1.11021,1.11187,72199
2019-12-16,1.11247,1.1158,1.11226,1.1144,36032
2019-12-17,1.1143,1.11746,1.11293,1.11508,39194
2019-12-18,1.1149,1.11542,1.11103,1.11134,34479
2019-12-19,1.11131,1.11443,1.11072,1.11202,38030
2019-12-20,1.11218,1.11248,1.10663,1.10764,33239
2019-12-23,1.10767,1.1096,1.107,1.10895,31112
2019-12-24,1.10887,1.1094,1.10692,1.10863,26465
2019-12-26,1.10892,1.1109,1.10824,1.10969,15798
2019-12-27,1.10975,1.11884,1.10943,1.11764,43184
2019-12-30,1.11704,1.12208,1.11704,1.11991,42522
2019-12-31,1.11981,1.12392,1.11972,1.12233,36063
2020-01-02,1.12119,1.12246,1.11636,1.11726,40413
2020-01-03,1.11717,1.11798,1.1125,1.11568,48272
2020-01-06,1.11577,1.12056,1.11572,1.11969,41393
2020-01-07,1.11968,1.11974,1.11336,1.11517,44674
2020-01-08,1.11519,1.11682,1.11018,1.11041,64999
2020-01-09,1.11053,1.11204,1.10923,1.11068,40036
2020-01-10,1.11057,1.11292,1.1085,1.1121,37811
2020-01-13,1.11106,1.1147,1.11106,1.11352,31470
2020-01-14,1.11339,1.11446,1.11044,1.11266,38939
2020-01-15,1.11276,1.11636,1.11185,1.11498,35118
2020-01-16,1.1149499999999999,1.11726,1.1128,1.11359,36266
2020-01-17,1.1136,1.11426,1.10863,1.10895,33689
2020-01-20,1.10901,1.11023,1.10767,1.1095,26733
2020-01-21,1.10939,1.1118,1.1081,1.1082,32602
2020-01-22,1.10818,1.10984,1.10702,1.10943,30658
2020-01-23,1.10927,1.11087,1.10364,1.10578,38665
2020-01-24,1.10531,1.10617,1.10198,1.10273,32602
2020-01-27,1.10302,1.10377,1.10098,1.10195,34547
2020-01-28,1.10189,1.10252,1.0998,1.10216,28707
2020-01-29,1.10223,1.10276,1.09924,1.10104,28998
2020-01-30,1.10093,1.10394,1.10047,1.10314,36072
2020-01-31,1.10314,1.10954,1.1017,1.10946,37993
2020-02-03,1.10932,1.10941,1.1037,1.10611,37051
2020-02-04,1.10583,1.10642,1.10328,1.10445,31634
2020-02-05,1.1044100000000001,1.10479,1.09936,1.09988,34543
2020-02-06,1.09987,1.1014,1.09644,1.09809,29464
2020-02-07,1.09824,1.0985,1.0942,1.09439,36454
2020-02-10,1.09444,1.09576,1.09078,1.09106,29464
2020-02-11,1.09108,1.0925,1.08916,1.09156,31116
2020-02-12,1.09151,1.09257,1.08653,1.08737,31563
2020-02-13,1.0873599999999999,1.08888,1.08341,1.08392,34163
2020-02-14,1.08409,1.08613,1.08274,1.08302,30600
2020-02-17,1.08371,1.0851,1.08292,1.08334,21653
2020-02-18,1.08351,1.08373,1.07856,1.0790899999999999,35082
2020-02-19,1.0791,1.08117,1.07822,1.08069,33209
2020-02-20,1.08044,1.08212,1.07778,1.07832,42794
2020-02-21,1.07846,1.08636,1.07828,1.08478,43328
2020-02-24,1.08129,1.08721,1.08052,1.08534,62331
2020-02-25,1.08527,1.08904,1.08302,1.0881,63793
2020-02-26,1.08811,1.09089,1.08552,1.08804,68956
2020-02-27,1.08814,1.10066,1.08773,1.09999,82761
2020-02-28,1.09995,1.10532,1.0951,1.10289,108618
2020-03-02,1.10428,1.11846,1.1036299999999999,1.11324,119851
2020-03-03,1.11333,1.12135,1.10954,1.117,112326
2020-03-04,1.11714,1.11875,1.10955,1.1135,76443
2020-03-05,1.11332,1.12449,1.11196,1.12369,69663
2020-03-06,1.12366,1.13548,1.12112,1.1289500000000001,124746
2020-03-09,1.13469,1.14951,1.13348,1.14353,190880
2020-03-10,1.14388,1.14581,1.12748,1.12815,176934
2020-03-11,1.12801,1.13668,1.12574,1.12703,127991
2020-03-12,1.1268799999999999,1.13336,1.10553,1.11852,174508
2020-03-13,1.11846,1.12213,1.10552,1.11002,168533
2020-03-16,1.10635,1.12365,1.10635,1.11814,213361
2020-03-17,1.11797,1.11891,1.0955,1.09987,173076
2020-03-18,1.09965,1.10451,1.08018,1.09166,194286
2020-03-19,1.09122,1.09812,1.06551,1.0693,214211
2020-03-20,1.06908,1.08308,1.06378,1.06973,235127
2020-03-23,1.07015,1.08278,1.06358,1.07242,209219
2020-03-24,1.07205,1.08882,1.07184,1.07872,170985
2020-03-25,1.07873,1.08939,1.07605,1.08809,151437
2020-03-26,1.08826,1.10587,1.08702,1.10331,163089
2020-03-27,1.10303,1.11472,1.09536,1.11391,149504
2020-03-30,1.11167,1.11441,1.101,1.10446,131050
2020-03-31,1.10398,1.10532,1.09268,1.10357,150870
2020-04-01,1.10286,1.10388,1.09028,1.09625,117156
2020-04-02,1.0961400000000001,1.09681,1.08207,1.08571,122752
2020-04-03,1.0855299999999999,1.08648,1.07727,1.08075,108423
2020-04-06,1.08081,1.08356,1.07685,1.07937,95127
2020-04-07,1.07931,1.09266,1.07834,1.0892,95627
2020-04-08,1.08903,1.09023,1.08302,1.08547,90380
2020-04-09,1.08561,1.0952,1.0841,1.09297,90497
2020-04-10,1.09291,1.09525,1.09171,1.09306,40002
2020-04-13,1.09486,1.09678,1.08927,1.09091,59001
2020-04-14,1.09055,1.09872,1.09016,1.09818,73928
2020-04-15,1.09784,1.09908,1.08564,1.09112,73448
2020-04-16,1.0907499999999999,1.09112,1.08165,1.0839,90027
2020-04-17,1.08382,1.08927,1.0812,1.08712,79622
2020-04-20,1.08634,1.08968,1.08413,1.08622,59800
2020-04-21,1.08602,1.08803,1.08165,1.0857,68361
2020-04-22,1.08563,1.08852,1.08034,1.08231,52255
2020-04-23,1.08226,1.08468,1.0756000000000001,1.07758,76840
2020-04-24,1.07762,1.08296,1.07272,1.08261,60781
2020-04-27,1.08208,1.086,1.08114,1.08294,54825
2020-04-28,1.08285,1.08884,1.08096,1.08197,55909
2020-04-29,1.0818,1.08856,1.08168,1.08732,57292
2020-04-30,1.08707,1.09726,1.0833,1.09516,78093
2020-05-01,1.09532,1.10188,1.09345,1.09806,55498
2020-05-04,1.09677,1.09737,1.08957,1.09038,58066
2020-05-05,1.09054,1.09259,1.08259,1.08375,61173
2020-05-06,1.08376,1.0845,1.0782,1.07959,57692
2020-05-07,1.07925,1.0834,1.07666,1.08318,64809
2020-05-08,1.08334,1.08756,1.08151,1.08384,51225
2020-05-11,1.08282,1.08506,1.08007,1.08066,54618
2020-05-12,1.08062,1.08854,1.07845,1.08485,58633
2020-05-13,1.0847,1.08966,1.08117,1.08189,63002
2020-05-14,1.08176,1.0824,1.0775,1.08044,55861
2020-05-15,1.08039,1.08512,1.0789,1.0819,52912
2020-05-18,1.08078,1.0927,1.0796000000000001,1.09142,51295
2020-05-19,1.09139,1.0976,1.09022,1.09228,54062
2020-05-20,1.09216,1.0999,1.09187,1.09781,50917
2020-05-21,1.09791,1.10083,1.09371,1.09493,52446
2020-05-22,1.09462,1.09537,1.08854,1.09032,45728
2020-05-25,1.08956,1.09146,1.08706,1.0897000000000001,30400
2020-05-26,1.08949,1.0996,1.08913,1.09825,52396
2020-05-27,1.09817,1.1031,1.0934,1.10093,82519
2020-05-28,1.10037,1.10936,1.09918,1.10773,73647
2020-05-29,1.10767,1.1145100000000001,1.1066,1.11007,88484
2020-06-01,1.11137,1.1154,1.11005,1.11339,74541
2020-06-02,1.11356,1.1196,1.11152,1.1169,81199
2020-06-03,1.11692,1.12579,1.11667,1.12337,91995
2020-06-04,1.12327,1.13623,1.11946,1.13355,99670
2020-06-05,1.13369,1.13838,1.12784,1.129,98291
2020-06-08,1.12924,1.1320000000000001,1.12684,1.1294,74109
2020-06-09,1.12941,1.1364,1.12411,1.1338300000000001,85032
2020-06-10,1.13395,1.14226,1.13219,1.13757,98594
2020-06-11,1.13729,1.1403699999999999,1.12888,1.1298,137591
2020-06-12,1.1294,1.13407,1.12127,1.12596,134118
2020-06-15,1.12333,1.13325,1.12263,1.13227,130575
2020-06-16,1.1323699999999999,1.13534,1.1228,1.12636,112568
2020-06-17,1.12633,1.1294,1.12068,1.12431,106590
2020-06-18,1.12439,1.12614,1.11855,1.12046,101303
2020-06-19,1.12054,1.12542,1.11682,1.11777,95876
2020-06-22,1.11824,1.12701,1.11686,1.12615,80544
2020-06-23,1.12579,1.1348799999999999,1.12332,1.13087,104337
2020-06-24,1.13077,1.13259,1.12484,1.125,97533
2020-06-25,1.12504,1.12598,1.11905,1.12182,95464
2020-06-26,1.12166,1.12394,1.11953,1.12185,69358
2020-06-29,1.12148,1.12879,1.1211,1.12426,75665
2020-06-30,1.12416,1.12618,1.1191,1.12336,79189
2020-07-01,1.12339,1.12752,1.11854,1.12512,77792
2020-07-02,1.12508,1.1302699999999999,1.12234,1.12394,77360
2020-07-03,1.12392,1.12513,1.12193,1.12474,65448
2020-07-06,1.12432,1.13456,1.12385,1.13089,72064
2020-07-07,1.1309,1.13326,1.12588,1.12744,80272
2020-07-08,1.12727,1.13518,1.12621,1.1329799999999999,74963
2020-07-09,1.13267,1.13708,1.12804,1.12848,89541
2020-07-10,1.12812,1.13248,1.1255,1.1299,74196
2020-07-13,1.13045,1.1374900000000001,1.13008,1.13428,66137
2020-07-14,1.13435,1.1408800000000001,1.13252,1.13999,91381
2020-07-15,1.13948,1.14521,1.13894,1.14115,81264
2020-07-16,1.1411,1.14416,1.13705,1.13822,81041
2020-07-17,1.13834,1.1443699999999999,1.1375,1.14246,61357
2020-07-20,1.1406,1.14679,1.14026,1.14478,94549
2020-07-21,1.14474,1.15398,1.14231,1.15286,110652
2020-07-22,1.15265,1.16015,1.1507,1.15703,131231
2020-07-23,1.15702,1.16269,1.15404,1.15971,122012
2020-07-24,1.15961,1.16583,1.15814,1.16556,119696
2020-07-27,1.16425,1.17814,1.16404,1.17513,133433
2020-07-28,1.17513,1.17737,1.16988,1.17168,134252
2020-07-29,1.1715,1.18062,1.17103,1.17903,126057
2020-07-30,1.17908,1.18484,1.17309,1.18468,130944
2020-07-31,1.18471,1.19088,1.17616,1.1773500000000001,164138
2020-08-03,1.17708,1.17968,1.1696,1.17627,122504
2020-08-04,1.17617,1.18062,1.1721300000000001,1.18027,115216
2020-08-05,1.18025,1.1905000000000001,1.1792799999999999,1.18641,110465
2020-08-06,1.1863,1.1916,1.1818,1.18768,139673
2020-08-07,1.18762,1.18831,1.17553,1.17868,134599
2020-08-10,1.17869,1.18008,1.17362,1.17366,88973
2020-08-11,1.17373,1.18079,1.17222,1.17395,128434
2020-08-12,1.17399,1.18166,1.17112,1.17854,126254
2020-08-13,1.1784,1.18642,1.17763,1.18146,111301
2020-08-14,1.18126,1.18505,1.17819,1.18404,99233
2020-08-17,1.18394,1.1881,1.18288,1.18701,85575
2020-08-18,1.18699,1.19658,1.1855,1.19314,112021
2020-08-19,1.1931,1.19527,1.18304,1.18392,117992
2020-08-20,1.18364,1.18687,1.18021,1.18612,123960
2020-08-21,1.186,1.18829,1.17542,1.17956,105822
2020-08-24,1.17892,1.18497,1.17844,1.17873,83966
2020-08-25,1.17875,1.18438,1.17843,1.18339,105019
2020-08-26,1.18342,1.18394,1.17724,1.18303,94957
2020-08-27,1.183,1.1902,1.17626,1.18217,157424
2020-08-28,1.18216,1.19199,1.1811099999999999,1.19063,139470
2020-08-31,1.1893799999999999,1.19661,1.1884000000000001,1.19363,114116
2020-09-01,1.19361,1.20115,1.19014,1.19118,136700
2020-09-02,1.19117,1.19288,1.18222,1.18542,114938
2020-09-03,1.18545,1.18646,1.1789100000000001,1.18515,130747
2020-09-04,1.18513,1.18655,1.17809,1.1837900000000001,134280
2020-09-07,1.18448,1.18487,1.18117,1.18127,63876
2020-09-08,1.18124,1.18275,1.17656,1.17738,130512
2020-09-09,1.17733,1.1834,1.17529,1.1803,113969
2020-09-10,1.18028,1.19174,1.17971,1.18147,138212
2020-09-11,1.1815,1.18742,1.18097,1.18446,96683
2020-09-14,1.18347,1.1888,1.18321,1.18638,72998
2020-09-15,1.18641,1.19006,1.18398,1.18466,81964
2020-09-16,1.18469,1.18825,1.17878,1.1816200000000001,117867
2020-09-17,1.18157,1.18524,1.17376,1.1847699999999999,127278
2020-09-18,1.1847699999999999,1.18706,1.18264,1.18426,91478
2020-09-21,1.18398,1.18717,1.17318,1.17715,109554
2020-09-22,1.17709,1.1773,1.1691799999999999,1.17048,119230
2020-09-23,1.17074,1.1718899999999999,1.16514,1.1660300000000001,118571
2020-09-24,1.16601,1.1687,1.16265,1.16682,118208
2020-09-25,1.16722,1.16851,1.16122,1.16307,95542
2020-09-28,1.16194,1.16802,1.1615199999999999,1.16667,82584
2020-09-29,1.16607,1.17455,1.16607,1.17433,85381
2020-09-30,1.17428,1.1755,1.16848,1.17181,116537
2020-10-01,1.17194,1.17698,1.17173,1.17456,120030
2020-10-02,1.17493,1.17493,1.16958,1.1716199999999999,128396
2020-10-05,1.17108,1.17976,1.17058,1.17845,78800
2020-10-06,1.1782,1.18078,1.17319,1.1733500000000001,100929
2020-10-07,1.17332,1.17819,1.1724999999999999,1.17629,90133
2020-10-08,1.17602,1.17817,1.17329,1.17603,74160
2020-10-09,1.17582,1.18309,1.17553,1.18302,73139
2020-10-12,1.18102,1.18268,1.17869,1.18119,59726
2020-10-13,1.18109,1.18154,1.17306,1.17455,73435
2020-10-14,1.17443,1.1771099999999999,1.17199,1.17469,75200
2020-10-15,1.17452,1.1757900000000001,1.16885,1.17074,80014
2020-10-16,1.17071,1.17463,1.16942,1.17147,70165
2020-10-19,1.17158,1.17938,1.17032,1.17709,70775
2020-10-20,1.1768399999999999,1.18408,1.17599,1.18224,69151
2020-10-21,1.18212,1.18808,1.18182,1.18611,86062
2020-10-22,1.18618,1.18669,1.18113,1.18187,73595
2020-10-23,1.18173,1.18648,1.17868,1.18614,70037
2020-10-26,1.18532,1.1859899999999999,1.18034,1.18092,69503
2020-10-27,1.18081,1.1838899999999999,1.17929,1.17954,58619
2020-10-28,1.17956,1.17971,1.17179,1.17462,82850
2020-10-29,1.17459,1.1759,1.16503,1.16731,88076
2020-10-30,1.16739,1.17044,1.16401,1.16454,88189
2020-11-02,1.16464,1.16558,1.16223,1.16403,73462
2020-11-03,1.16406,1.17398,1.16276,1.17202,63989
2020-11-04,1.1712799999999999,1.17709,1.16029,1.17231,180329
2020-11-05,1.17248,1.18598,1.17109,1.18269,123020
2020-11-06,1.18243,1.18911,1.17954,1.18752,116744
2020-11-09,1.18893,1.19201,1.17954,1.1813500000000001,151136
2020-11-10,1.1813,1.18433,1.17799,1.1817199999999999,126986
2020-11-11,1.1814,1.18327,1.17455,1.17788,75986
2020-11-12,1.17768,1.18232,1.17586,1.18056,79623
2020-11-13,1.18047,1.18374,1.1799,1.18325,62295
2020-11-16,1.18402,1.18689,1.18143,1.18539,73957
2020-11-17,1.18505,1.1893799999999999,1.18427,1.18611,62701
2020-11-18,1.1861,1.18909,1.18492,1.18544,68757
2020-11-19,1.18525,1.18825,1.18164,1.18735,71494
2020-11-20,1.18743,1.1891,1.18499,1.1858,62068
2020-11-23,1.18526,1.19059,1.17999,1.1841,71121
2020-11-24,1.18405,1.18959,1.18356,1.18927,71814
2020-11-25,1.18914,1.19298,1.18819,1.19139,78368
2020-11-26,1.19157,1.19409,1.18853,1.1913,45195
2020-11-27,1.19126,1.19637,1.19066,1.1960899999999999,51941
2020-11-30,1.19611,1.20034,1.19239,1.19257,78355
2020-12-01,1.19256,1.20766,1.19242,1.2072,82371
2020-12-02,1.20688,1.21185,1.20401,1.21156,88374
2020-12-03,1.21152,1.21746,1.21012,1.21479,80825
2020-12-04,1.21437,1.21776,1.21102,1.21209,85237
2020-12-07,1.21298,1.2166299999999999,1.20786,1.2109,82759
2020-12-08,1.21091,1.2134,1.20954,1.21046,80209
2020-12-09,1.21023,1.21473,1.20588,1.20814,78139
2020-12-10,1.2079900000000001,1.2159,1.20746,1.21416,97140
2020-12-11,1.2136,1.21629,1.21054,1.2113800000000001,79388
2020-12-14,1.21349,1.21768,1.21157,1.21431,69303
2020-12-15,1.21438,1.2169,1.21215,1.21528,68454
2020-12-16,1.21497,1.22123,1.21251,1.21994,83640
2020-12-17,1.21988,1.22728,1.21901,1.22669,72206
2020-12-18,1.2267299999999999,1.22711,1.22256,1.2255,66102
2020-12-21,1.22199,1.22529,1.21296,1.22435,115986
2020-12-22,1.2241,1.2257,1.21521,1.21628,86585
2020-12-23,1.2162,1.22211,1.21539,1.21861,82058
2020-12-24,1.21853,1.22156,1.21772,1.21808,40165
2020-12-28,1.21796,1.22504,1.21795,1.2214800000000001,69215
2020-12-29,1.22163,1.22752,1.2207,1.22498,66672
2020-12-30,1.22474,1.23101,1.2244,1.22998,71682
2020-12-31,1.22952,1.23094,1.22151,1.22168,64107
2021-01-04,1.22393,1.23096,1.22276,1.22521,103062
2021-01-05,1.22484,1.23058,1.22434,1.22986,95306
2021-01-06,1.2294100000000001,1.23495,1.22657,1.23263,142912
2021-01-07,1.23252,1.23444,1.22452,1.22693,106321
2021-01-08,1.22711,1.22847,1.21932,1.22194,120493
2021-01-11,1.22155,1.22212,1.21323,1.21502,99812
2021-01-12,1.21512,1.22096,1.21372,1.22077,90330
2021-01-13,1.22062,1.22228,1.21399,1.21578,87378
2021-01-14,1.21569,1.21788,1.21111,1.21545,96866
2021-01-15,1.21523,1.2162600000000001,1.20749,1.20757,84666
2021-01-18,1.20822,1.20869,1.20536,1.20759,62179
2021-01-19,1.2074799999999999,1.21451,1.20741,1.21286,73489
2021-01-20,1.2128700000000001,1.21583,1.20769,1.21057,80939
2021-01-21,1.21061,1.21732,1.21033,1.21679,87069
2021-01-22,1.21609,1.21897,1.21517,1.21713,76145
2021-01-25,1.21668,1.21834,1.2116,1.21415,80840
2021-01-26,1.21384,1.21759,1.21078,1.21598,77456
2021-01-27,1.21599,1.21698,1.20584,1.21121,110542
2021-01-28,1.21099,1.2142,1.20807,1.21222,110050
2021-01-29,1.21192,1.2156,1.20945,1.21367,119151
2021-02-01,1.2128,1.21366,1.20562,1.20609,93583
2021-02-02,1.20593,1.20878,1.20117,1.20431,83595
2021-02-03,1.2043300000000001,1.20502,1.20042,1.20353,68990
2021-02-04,1.20358,1.20429,1.19577,1.19611,72754
2021-02-05,1.1960899999999999,1.205,1.19522,1.20489,72942
2021-02-08,1.20374,1.2066,1.20198,1.20499,62435
2021-02-09,1.2043,1.21219,1.2043,1.21197,71517
2021-02-10,1.21182,1.21442,1.21088,1.21183,70380
2021-02-11,1.21178,1.21495,1.21136,1.21317,52308
2021-02-12,1.21288,1.21344,1.20816,1.21182,55425
2021-02-15,1.21242,1.21451,1.21167,1.21271,40212
2021-02-16,1.21274,1.21694,1.2095,1.21034,72120
2021-02-17,1.21066,1.21075,1.20233,1.20417,78266
2021-02-18,1.20329,1.20946,1.20329,1.20933,70235
2021-02-19,1.2089699999999999,1.21445,1.20824,1.21172,64587
2021-02-22,1.21124,1.21694,1.20914,1.21581,78547
2021-02-23,1.2154099999999999,1.21802,1.21354,1.21496,73824
2021-02-24,1.21494,1.21747,1.21093,1.21684,93821
2021-02-25,1.21632,1.2242899999999999,1.21562,1.21774,125634
2021-02-26,1.21707,1.21835,1.20623,1.20736,146666
2021-03-01,1.207,1.21012,1.20276,1.20484,86157
2021-03-02,1.20488,1.20944,1.19918,1.20905,86795
2021-03-03,1.20906,1.21132,1.20426,1.20623,88098
2021-03-04,1.20628,1.20663,1.19616,1.19721,117996
2021-03-05,1.19647,1.19767,1.1892800000000001,1.19101,129345
2021-03-08,1.19169,1.19323,1.18442,1.18465,101344
2021-03-09,1.18466,1.19159,1.18356,1.19008,91351
2021-03-10,1.19001,1.19298,1.18689,1.19291,87878
2021-03-11,1.19286,1.199,1.19157,1.19852,86722
2021-03-12,1.19856,1.19885,1.19101,1.19518,83727
2021-03-15,1.19433,1.19675,1.19112,1.19298,70096
2021-03-16,1.19272,1.19518,1.18822,1.19024,68815
2021-03-17,1.19021,1.19854,1.18862,1.1979899999999999,72252
2021-03-18,1.19785,1.19889,1.19061,1.19158,91493
2021-03-19,1.19136,1.19372,1.1874,1.19061,73104
2021-03-22,1.18716,1.19468,1.18709,1.19327,62329
2021-03-23,1.19322,1.19408,1.18422,1.18503,75286
2021-03-24,1.18491,1.18531,1.18097,1.18118,77507
2021-03-25,1.18127,1.18278,1.17619,1.17641,84517
2021-03-26,1.1764000000000001,1.1804999999999999,1.17634,1.17929,62612
2021-03-29,1.17908,1.17938,1.17606,1.17652,66581
2021-03-30,1.17645,1.17738,1.17113,1.17158,62294
2021-03-31,1.17166,1.17598,1.17041,1.173,63087
2021-04-01,1.17303,1.178,1.17126,1.17776,63938
2021-04-02,1.1776200000000001,1.1786699999999999,1.1749,1.1762299999999999,26806
2021-04-05,1.17548,1.18195,1.17379,1.18123,39147
2021-04-06,1.18121,1.18777,1.1795200000000001,1.18762,62495
2021-04-07,1.18748,1.19148,1.18609,1.18717,69575
2021-04-08,1.18636,1.19274,1.18608,1.19162,58961
2021-04-09,1.1913,1.19201,1.18671,1.19012,59557
2021-04-12,1.18898,1.19192,1.18712,1.19115,59188
2021-04-13,1.19102,1.19559,1.18781,1.19489,72141
2021-04-14,1.19485,1.19874,1.19454,1.19792,63580
2021-04-15,1.1979899999999999,1.19934,1.19561,1.19663,62310
2021-04-16,1.19616,1.1994799999999999,1.19505,1.19822,55436
2021-04-19,1.19718,1.20479,1.19425,1.20368,52287
2021-04-20,1.2037,1.20798,1.20223,1.20366,48048
2021-04-21,1.20354,1.20437,1.19985,1.20355,39802
2021-04-22,1.20346,1.20695,1.19936,1.2016,48025
2021-04-23,1.20146,1.21,1.20128,1.20975,42152
2021-04-26,1.20911,1.21169,1.20612,1.2086000000000001,40340
2021-04-27,1.20813,1.20929,1.20568,1.20916,37352
2021-04-28,1.20889,1.2134800000000001,1.20562,1.21257,46911
2021-04-29,1.21223,1.215,1.21021,1.2119900000000001,42687
2021-04-30,1.21161,1.21267,1.20167,1.20215,40926
2021-05-03,1.20308,1.20759,1.20084,1.20631,32237
2021-05-04,1.2063,1.2064,1.19991,1.20137,41978
2021-05-05,1.20102,1.20266,1.19861,1.20054,34795
2021-05-06,1.2004299999999999,1.20716,1.19932,1.20641,37473
2021-05-07,1.20646,1.21714,1.20528,1.21635,46035
2021-05-10,1.21596,1.21783,1.21278,1.21284,43501
2021-05-11,1.21272,1.21818,1.21231,1.21482,49558
2021-05-12,1.21454,1.21522,1.20656,1.20705,53870
2021-05-13,1.2067700000000001,1.21062,1.20515,1.20788,56278
2021-05-14,1.20783,1.21478,1.20709,1.21458,45191
2021-05-17,1.21428,1.21688,1.21261,1.21518,42521
2021-05-18,1.2151399999999999,1.22338,1.21492,1.22233,40867
2021-05-19,1.22226,1.2245300000000001,1.216,1.2176,56369
2021-05-20,1.2168700000000001,1.22292,1.21675,1.22282,42157
2021-05-21,1.2227999999999999,1.22398,1.21608,1.21803,45023
2021-05-24,1.2181,1.22299,1.21726,1.22163,41596
2021-05-25,1.22136,1.22664,1.22098,1.2252,48833
2021-05-26,1.22502,1.2263,1.2182,1.21925,43846
2021-05-27,1.21917,1.2215,1.21752,1.21945,47552
2021-05-28,1.21936,1.2205,1.21327,1.2193,48326
2021-05-31,1.21998,1.22314,1.21834,1.22268,27059
2021-06-01,1.22268,1.22544,1.22117,1.2214,41346
2021-06-02,1.2212399999999999,1.22266,1.21642,1.2209699999999999,42599
2021-06-03,1.2211400000000001,1.22142,1.21184,1.21271,45097
2021-06-04,1.21274,1.21856,1.2104,1.21666,44675
2021-06-07,1.21623,1.22019,1.21451,1.21895,34170
2021-06-08,1.21894,1.21942,1.21643,1.2173,39348
2021-06-09,1.21728,1.2218,1.21712,1.21792,31838
2021-06-10,1.21798,1.21946,1.21434,1.21761,47741
2021-06-11,1.21639,1.2193,1.20926,1.21079,40715
2021-06-14,1.21074,1.21305,1.20943,1.21198,36528
2021-06-15,1.21197,1.21474,1.21014,1.21255,38563
2021-06-16,1.21263,1.21349,1.19954,1.19958,51546
2021-06-17,1.19944,1.20064,1.1892,1.19062,64946
2021-06-18,1.19076,1.1925,1.18475,1.18616,67253
2021-06-21,1.1857,1.19213,1.18476,1.1918,59286
2021-06-22,1.1918199999999999,1.19526,1.1881,1.19412,51176
2021-06-23,1.19395,1.197,1.19116,1.1926700000000001,49374
2021-06-24,1.19257,1.19564,1.19178,1.19315,44615
2021-06-25,1.19318,1.19753,1.19264,1.19362,43393
2021-06-28,1.1933799999999999,1.19446,1.19025,1.19242,45184
2021-06-29,1.19231,1.19308,1.18777,1.18965,44269
2021-06-30,1.18968,1.1909,1.18452,1.18577,51541
2021-07-01,1.18581,1.1884299999999999,1.18375,1.18498,47529
2021-07-02,1.18505,1.18742,1.18075,1.18664,47778
2021-07-05,1.18622,1.18805,1.18514,1.1863,31654
2021-07-06,1.18624,1.1895,1.18072,1.18234,53772
2021-07-07,1.18234,1.1836,1.17817,1.17907,50949
2021-07-08,1.17902,1.1868,1.17836,1.18463,61384
2021-07-09,1.18397,1.1881,1.1825,1.18773,47414
2021-07-12,1.18699,1.18802,1.18362,1.18602,41297
2021-07-13,1.18608,1.18753,1.17724,1.17767,50236
2021-07-14,1.17766,1.1838899999999999,1.17719,1.18363,48259
2021-07-15,1.1837,1.18508,1.17964,1.1811099999999999,49142
2021-07-16,1.18142,1.18224,1.17923,1.18053,45054
2021-07-19,1.1808,1.18245,1.17639,1.1798899999999999,55364
2021-07-20,1.17961,1.18028,1.17557,1.17805,54548
2021-07-21,1.17813,1.18048,1.1752,1.17943,43895
2021-07-22,1.17925,1.18304,1.17574,1.1771,49996
2021-07-23,1.17708,1.17866,1.17545,1.17722,38407
2021-07-26,1.17736,1.18174,1.17634,1.18023,42153
2021-07-27,1.18032,1.18411,1.17702,1.18163,46093
2021-07-28,1.18168,1.18496,1.17724,1.18427,51176
2021-07-29,1.1844000000000001,1.1892800000000001,1.18405,1.18869,40272
2021-07-30,1.1887699999999999,1.19086,1.18516,1.18696,43653
2021-08-02,1.18676,1.1897,1.18405,1.18717,36192
2021-08-03,1.1869,1.18933,1.18536,1.18651,37586
2021-08-04,1.18664,1.18997,1.1832799999999999,1.18371,39762
2021-08-05,1.18367,1.18574,1.18282,1.18319,36854
2021-08-06,1.18352,1.1836,1.17544,1.17604,37198
2021-08-09,1.17602,1.17694,1.1735,1.17363,36714
2021-08-10,1.17364,1.17429,1.171,1.17202,32059
2021-08-11,1.17206,1.17538,1.1706,1.1739600000000001,34797
2021-08-12,1.17387,1.17482,1.17238,1.17302,28636
2021-08-13,1.17295,1.18047,1.17293,1.1795200000000001,28017
2021-08-16,1.17954,1.1801,1.17675,1.17758,29596
2021-08-17,1.17788,1.17844,1.17082,1.17083,39746
2021-08-18,1.17099,1.17426,1.16939,1.1709100000000001,39093
2021-08-19,1.17108,1.17166,1.16658,1.16768,47163
2021-08-20,1.16754,1.17046,1.1663999999999999,1.16999,35980
2021-08-23,1.16954,1.17502,1.16905,1.17459,34229
2021-08-24,1.17459,1.17651,1.17272,1.17576,31585
2021-08-25,1.1756,1.1774499999999999,1.17261,1.17727,35052
2021-08-26,1.17718,1.1779,1.1746,1.17519,37333
2021-08-27,1.17522,1.18024,1.1735,1.17965,42043
2021-08-30,1.17958,1.18098,1.17828,1.17969,28335
2021-08-31,1.17966,1.18452,1.17951,1.18086,44272
2021-09-01,1.18088,1.18573,1.17937,1.18399,39160
2021-09-02,1.1839,1.18761,1.1834500000000001,1.18753,31968
2021-09-03,1.1875,1.1909,1.18656,1.18784,40106
2021-09-06,1.1882,1.18864,1.18558,1.187,22859
2021-09-07,1.187,1.18852,1.18374,1.18423,42117
2021-09-08,1.18388,1.18512,1.18022,1.18157,44805
2021-09-09,1.18158,1.18411,1.18052,1.18238,46982
2021-09-10,1.18253,1.18512,1.18095,1.18104,41130
2021-09-13,1.18154,1.18171,1.17702,1.18108,39899
2021-09-14,1.1811099999999999,1.18458,1.18001,1.1804000000000001,44953
2021-09-15,1.1803,1.18319,1.17971,1.18157,43513
2021-09-16,1.18177,1.1820599999999999,1.17505,1.17686,44478
2021-09-17,1.17649,1.1789,1.17246,1.1726,41952
2021-09-20,1.17306,1.17365,1.17002,1.17269,43872
2021-09-21,1.1724999999999999,1.17488,1.1715,1.17256,43768
2021-09-22,1.17252,1.17556,1.16848,1.16886,52622
2021-09-23,1.16872,1.175,1.16836,1.1739,48608
2021-09-24,1.17384,1.17477,1.17007,1.17206,38918
2021-09-27,1.17258,1.17258,1.1684700000000001,1.1695,44874
2021-09-28,1.16956,1.17034,1.16683,1.16838,56412
2021-09-29,1.16832,1.16901,1.15895,1.15973,54580
2021-09-30,1.15982,1.16098,1.15627,1.15769,55969
2021-10-01,1.15822,1.16073,1.1562999999999999,1.15932,54177
2021-10-04,1.1599599999999999,1.16401,1.15877,1.16196,43925
2021-10-05,1.16204,1.16221,1.15806,1.15971,41719
2021-10-06,1.15988,1.16032,1.15292,1.15565,52217
2021-10-07,1.15574,1.15722,1.15477,1.15533,41219
2021-10-08,1.15524,1.15859,1.15415,1.15746,44128
2021-10-11,1.15703,1.15868,1.15492,1.1553499999999999,35095
2021-10-12,1.15544,1.15703,1.15245,1.15301,43184
2021-10-13,1.153,1.15973,1.15286,1.1596,46549
2021-10-14,1.15932,1.16244,1.15841,1.15973,38149
2021-10-15,1.1595900000000001,1.16188,1.15882,1.15992,41465
2021-10-18,1.1590799999999999,1.16224,1.15719,1.1610800000000001,43084
2021-10-19,1.16099,1.16695,1.16085,1.16326,42790
2021-10-20,1.16326,1.16588,1.1616900000000001,1.16513,42647
2021-10-21,1.16465,1.16675,1.16198,1.16246,42080
2021-10-22,1.16222,1.16557,1.16214,1.16441,45384
2021-10-25,1.16419,1.1665,1.15907,1.16104,41837
2021-10-26,1.16046,1.16258,1.1585,1.15963,38041
2021-10-27,1.15956,1.1626,1.15849,1.16028,48346
2021-10-28,1.16028,1.16922,1.15824,1.16831,58342
2021-10-29,1.168,1.169,1.1535199999999999,1.15637,54796
2021-11-01,1.15558,1.16092,1.1546,1.16066,43397
2021-11-02,1.16048,1.16134,1.15753,1.15793,43979
2021-11-03,1.1579,1.16164,1.15624,1.16127,51384
2021-11-04,1.16116,1.16165,1.15284,1.15545,47923
2021-11-05,1.15518,1.15733,1.15134,1.15675,51051
2021-11-08,1.15602,1.1595,1.15506,1.15873,40855
2021-11-09,1.15852,1.16089,1.15701,1.15944,46880
2021-11-10,1.1592500000000001,1.15953,1.14761,1.14767,59134
2021-11-11,1.14783,1.14877,1.1443,1.14493,39618
2021-11-12,1.145,1.14622,1.1433,1.14438,40724
2021-11-15,1.1446,1.14639,1.13564,1.1367,43782
2021-11-16,1.13674,1.13858,1.13094,1.13194,51050
2021-11-17,1.13203,1.13323,1.12635,1.1319,52818
2021-11-18,1.13191,1.13742,1.13138,1.13729,45842
2021-11-19,1.13673,1.13727,1.12501,1.1282,58710
2021-11-22,1.12911,1.12911,1.12308,1.12338,56412
2021-11-23,1.12372,1.12752,1.1226099999999999,1.1249,57256
2021-11-24,1.1248,1.12553,1.11864,1.12006,56285
2021-11-25,1.11966,1.12298,1.1195599999999999,1.12087,28602
2021-11-26,1.12058,1.13308,1.12042,1.13087,75295
2021-11-29,1.13014,1.13124,1.12584,1.12918,56390
2021-11-30,1.1290499999999999,1.13829,1.12354,1.13386,76603
2021-12-01,1.13348,1.13597,1.13026,1.13191,65508
2021-12-02,1.13183,1.13474,1.12953,1.13016,32631
2021-12-03,1.13007,1.13333,1.12667,1.131,60455
2021-12-06,1.13043,1.13113,1.12666,1.12852,44249
2021-12-07,1.1284399999999999,1.12986,1.12274,1.12684,46134
2021-12-08,1.12685,1.1354899999999999,1.12663,1.13416,50174
2021-12-09,1.13404,1.1345399999999999,1.12785,1.12928,42419
2021-12-10,1.1293,1.13241,1.12653,1.13168,44173
2021-12-13,1.13118,1.13194,1.12602,1.12859,36971
2021-12-14,1.12835,1.13238,1.12538,1.12581,42502
2021-12-15,1.12589,1.12992,1.12219,1.12942,50569
2021-12-16,1.12864,1.13604,1.12814,1.13306,51766
2021-12-17,1.13299,1.1349,1.1235,1.12353,44881
2021-12-20,1.12392,1.13038,1.12348,1.12768,45080
2021-12-21,1.12755,1.13028,1.12609,1.12857,39307
2021-12-22,1.12872,1.13424,1.12645,1.13272,37829
2021-12-23,1.13262,1.13423,1.12902,1.13264,34532
2021-12-24,1.1323,1.13435,1.13066,1.13206,28905
2021-12-27,1.13202,1.13344,1.13029,1.13269,25110
2021-12-28,1.1327099999999999,1.13334,1.12896,1.13085,27340
2021-12-29,1.13086,1.1368800000000001,1.12738,1.13473,35618
2021-12-30,1.13471,1.13598,1.12986,1.13257,33824
2021-12-31,1.13218,1.13864,1.13033,1.13847,29271
2022-01-03,1.13753,1.13784,1.12797,1.12979,39030
2022-01-04,1.12959,1.13225,1.12723,1.12874,45471
2022-01-05,1.12855,1.13465,1.1277,1.13127,47102
2022-01-06,1.13127,1.13319,1.12847,1.12984,49540
2022-01-07,1.1296599999999999,1.13648,1.12901,1.13613,42998
2022-01-10,1.13518,1.13609,1.12852,1.13283,45938
2022-01-11,1.13228,1.13751,1.1313,1.1368800000000001,44568
2022-01-12,1.13647,1.14528,1.13548,1.14414,47062
2022-01-13,1.1442,1.14816,1.14359,1.14545,46662
2022-01-14,1.14547,1.14829,1.13986,1.14164,49560
2022-01-17,1.14135,1.14344,1.13919,1.14062,31661
2022-01-18,1.14067,1.14214,1.13147,1.13278,57654
2022-01-19,1.1320999999999999,1.13571,1.1319,1.13422,47170
2022-01-20,1.13412,1.1369,1.13032,1.13106,48533
2022-01-21,1.13114,1.13598,1.13009,1.13427,48160
2022-01-24,1.13412,1.13451,1.12906,1.13243,53121
2022-01-25,1.13244,1.13292,1.12633,1.13016,46424
2022-01-26,1.13015,1.13108,1.12356,1.12415,53548
2022-01-27,1.12375,1.12435,1.1132,1.11446,59814
2022-01-28,1.11432,1.11738,1.11215,1.11487,56894
2022-01-31,1.1143,1.12478,1.11385,1.1233,53546
2022-02-01,1.12338,1.12788,1.1221,1.12738,51296
2022-02-02,1.12677,1.13301,1.12667,1.13045,43427
2022-02-03,1.13024,1.1451500000000001,1.12674,1.14389,63523
2022-02-04,1.14361,1.14839,1.14117,1.14496,63405
2022-02-07,1.14633,1.14635,1.14151,1.14416,53111
2022-02-08,1.14419,1.1448800000000001,1.13962,1.1417,46166
2022-02-09,1.14148,1.14479,1.14026,1.14225,41766
2022-02-10,1.14234,1.1494900000000001,1.1374900000000001,1.1428,65951
2022-02-11,1.14279,1.143,1.1329799999999999,1.13466,74246
2022-02-14,1.13336,1.13691,1.12801,1.13064,72769
2022-02-15,1.13064,1.13684,1.12979,1.13578,56483
2022-02-16,1.13585,1.1396,1.1345,1.13733,51226
2022-02-17,1.13726,1.1386,1.13233,1.13618,66919
2022-02-18,1.13595,1.13769,1.13148,1.13229,51631
2022-02-21,1.13172,1.13904,1.13068,1.13101,42336
2022-02-22,1.13116,1.13668,1.1288,1.13253,69030
2022-02-23,1.13245,1.1359,1.13013,1.13047,47070
2022-02-24,1.13076,1.1308799999999999,1.11065,1.11928,120346
2022-02-25,1.119,1.12741,1.1166,1.12718,80951
2022-02-28,1.11255,1.12466,1.11247,1.12191,99898
2022-03-01,1.12182,1.12332,1.10897,1.11236,83611
2022-03-02,1.1123,1.1143399999999999,1.10575,1.11197,92037
2022-03-03,1.11179,1.11217,1.10338,1.10659,72035
2022-03-04,1.10662,1.10679,1.08854,1.09334,89192
2022-03-07,1.09274,1.09323,1.08061,1.0854300000000001,120245
2022-03-08,1.0854,1.09583,1.08481,1.08964,113166
2022-03-09,1.08973,1.10952,1.08901,1.10754,85122
2022-03-10,1.10752,1.11214,1.09763,1.09888,92000
2022-03-11,1.09814,1.10436,1.0902,1.09123,83902
2022-03-14,1.09216,1.0994,1.09008,1.09403,77710
2022-03-15,1.09406,1.1019700000000001,1.09261,1.09542,84575
2022-03-16,1.09536,1.10467,1.0948,1.10345,91053
2022-03-17,1.10348,1.11376,1.10079,1.10911,68083
2022-03-18,1.10906,1.11185,1.10032,1.10507,66772
2022-03-21,1.10562,1.10701,1.10103,1.10168,60220
2022-03-22,1.10161,1.10458,1.0961,1.10245,69235
2022-03-23,1.10233,1.1044100000000001,1.0964,1.10057,59749
2022-03-24,1.10029,1.1014,1.0966,1.0997,63684
2022-03-25,1.09964,1.10378,1.0981,1.09834,65437
2022-03-28,1.09849,1.09996,1.09448,1.09864,77140
2022-03-29,1.09804,1.11371,1.09697,1.10862,91498
2022-03-30,1.10864,1.11711,1.10806,1.1158,84389
2022-03-31,1.11576,1.11849,1.1061,1.10662,79090
2022-04-01,1.10669,1.10764,1.10281,1.10488,66841
2022-04-04,1.10321,1.10545,1.09608,1.09722,52896
2022-04-05,1.09716,1.09887,1.09,1.09057,57091
2022-04-06,1.09047,1.0937999999999999,1.08746,1.08964,70565
2022-04-07,1.08927,1.09385,1.0865,1.08801,67239
2022-04-08,1.08764,1.08918,1.08365,1.08765,58440
2022-04-11,1.092,1.09333,1.08728,1.08835,60582
2022-04-12,1.08832,1.09037,1.08214,1.0826,71737
2022-04-13,1.08276,1.08943,1.08089,1.08917,62443
2022-04-14,1.08763,1.09232,1.07576,1.08293,75731
2022-04-15,1.08278,1.08302,1.07965,1.0809,37779
2022-04-18,1.08019,1.08217,1.077,1.07809,44474
2022-04-19,1.07823,1.08146,1.07613,1.0789,63297
2022-04-20,1.07874,1.0867,1.0783,1.0854300000000001,74475
2022-04-21,1.0847,1.09363,1.08237,1.08321,74294
2022-04-22,1.0836999999999999,1.08516,1.07708,1.07969,74335
2022-04-25,1.08078,1.08138,1.06968,1.07117,91677
2022-04-26,1.07126,1.07387,1.06359,1.06373,76212
2022-04-27,1.06376,1.06548,1.05146,1.05586,85237
2022-04-28,1.05538,1.05648,1.04714,1.04983,97415
2022-04-29,1.04977,1.05929,1.04912,1.05427,82571
2022-05-02,1.05564,1.05684,1.04903,1.05074,70307
2022-05-03,1.05024,1.05777,1.04923,1.05193,69449
2022-05-04,1.05194,1.06311,1.0506199999999999,1.06193,77867
2022-05-05,1.06199,1.0642,1.04928,1.05392,97205
2022-05-06,1.05394,1.0599,1.04828,1.05446,111507
2022-05-09,1.05405,1.05926,1.04952,1.05582,91214
2022-05-10,1.05582,1.05855,1.05255,1.05299,95552
2022-05-11,1.05266,1.05772,1.0502,1.05138,94809
2022-05-12,1.05132,1.05294,1.03542,1.03795,102129
2022-05-13,1.03794,1.04198,1.03495,1.04074,77620
2022-05-16,1.04078,1.04432,1.03891,1.04342,63446
2022-05-17,1.04347,1.05557,1.04286,1.05505,78494
2022-05-18,1.05486,1.05639,1.04604,1.04608,70913
2022-05-19,1.04636,1.06072,1.0461,1.05834,97976
2022-05-20,1.05836,1.05989,1.05329,1.05621,74622
2022-05-23,1.05606,1.06974,1.05571,1.06921,71492
2022-05-24,1.06898,1.07486,1.06609,1.07359,75235
2022-05-25,1.07366,1.07391,1.06423,1.06786,76501
2022-05-26,1.06808,1.0731600000000001,1.06625,1.07292,66718
2022-05-27,1.07224,1.0765,1.0697,1.07312,65510
2022-05-30,1.07332,1.0787,1.07251,1.07798,49220
2022-05-31,1.07788,1.07794,1.06791,1.07324,84835
2022-06-01,1.07354,1.07394,1.06274,1.06527,73925
2022-06-02,1.06453,1.07502,1.06447,1.07462,64371
2022-06-03,1.07461,1.07642,1.07043,1.07188,60060
2022-06-06,1.07168,1.0752,1.0684,1.06958,59433
2022-06-07,1.06956,1.07144,1.06521,1.07049,73340
2022-06-08,1.07052,1.07485,1.06715,1.07163,70080
2022-06-09,1.07164,1.0774,1.06113,1.0618,82691
2022-06-10,1.06166,1.06423,1.05059,1.0519,88645
2022-06-13,1.05152,1.0520100000000001,1.03999,1.0408,105177
2022-06-14,1.0407,1.04848,1.0397,1.04175,104731
2022-06-15,1.04155,1.05078,1.0359,1.04472,124998
2022-06-16,1.04422,1.06014,1.03809,1.05505,124776
2022-06-17,1.05488,1.05601,1.04444,1.04953,111793
2022-06-20,1.04771,1.0546,1.04748,1.05109,71406
2022-06-21,1.05098,1.05827,1.05071,1.05347,76026
2022-06-22,1.0533,1.06056,1.0469,1.05688,93110
2022-06-23,1.0566,1.0581,1.04828,1.05211,106561
2022-06-24,1.05234,1.05713,1.05121,1.05554,79697
2022-06-27,1.05489,1.06149,1.05489,1.05819,80714
2022-06-28,1.05846,1.06062,1.05036,1.05207,85658
2022-06-29,1.05188,1.05355,1.04352,1.04413,89544
2022-06-30,1.04403,1.04885,1.03827,1.04835,91530
2022-07-01,1.04839,1.0485,1.03655,1.04246,92486
2022-07-04,1.04193,1.04628,1.04168,1.04227,58145
2022-07-05,1.04202,1.0449,1.02352,1.02641,90261
2022-07-06,1.02681,1.02765,1.01618,1.01813,99216
2022-07-07,1.01808,1.0221,1.01442,1.01614,82592
2022-07-08,1.01632,1.01915,1.00719,1.01854,89370
2022-07-11,1.01788,1.0185,1.00338,1.00407,85258
2022-07-12,1.004,1.00738,1.0,1.0036,96807
2022-07-13,1.00378,1.01217,0.9998,1.00576,104420
2022-07-14,1.00604,1.00604,0.99522,1.00208,107038
2022-07-15,1.00129,1.00979,1.00068,1.00875,85034
2022-07-18,1.00815,1.02013,1.00786,1.01439,75726
2022-07-19,1.01409,1.02694,1.01197,1.02229,83025
2022-07-20,1.02233,1.02732,1.01555,1.01819,75934
2022-07-21,1.01757,1.0278,1.01535,1.02279,90201
2022-07-22,1.02287,1.02555,1.01298,1.02143,83352
2022-07-25,1.02091,1.02578,1.01791,1.02183,78900
2022-07-26,1.02202,1.025,1.01075,1.01177,71866
2022-07-27,1.01147,1.02207,1.00967,1.01989,77940
2022-07-28,1.01997,1.02343,1.01141,1.01967,93603
2022-07-29,1.01972,1.02541,1.01461,1.02265,88464
2022-08-01,1.02134,1.02753,1.02055,1.02605,80317
2022-08-02,1.02586,1.02939,1.01635,1.0166,98515
2022-08-03,1.01652,1.02098,1.01229,1.01687,85949
2022-08-04,1.01632,1.02539,1.01546,1.02454,78798
2022-08-05,1.0245,1.02523,1.01417,1.01781,75394
2022-08-08,1.01742,1.0222,1.01593,1.0193699999999999,64542
2022-08-09,1.01946,1.02475,1.01887,1.02132,53941
2022-08-10,1.02124,1.03686,1.02022,1.02978,72874
2022-08-11,1.02994,1.03644,1.02755,1.03197,75418
2022-08-12,1.03174,1.03276,1.02383,1.02589,64137
2022-08-15,1.02547,1.02683,1.01546,1.01592,60426
2022-08-16,1.016,1.01947,1.01225,1.01705,68089
2022-08-17,1.01705,1.02028,1.01455,1.01774,80174
2022-08-18,1.01794,1.01931,1.00796,1.00866,74681
2022-08-19,1.00822,1.00955,1.00319,1.0041,67153
2022-08-22,1.00363,1.00466,0.99263,0.99422,71631
2022-08-23,0.99429,1.00182,0.99004,0.99677,84075
2022-08-24,0.99692,0.9999,0.99102,0.99679,71726
2022-08-25,0.99645,1.00336,0.99491,0.99742,73308
2022-08-26,0.9974,1.00899,0.99468,0.9965,78640
2022-08-29,0.99644,1.00291,0.99141,0.99977,81731
2022-08-30,0.99931,1.00549,0.9982,1.00152,88347
2022-08-31,1.00135,1.00791,0.99712,1.00524,84356
2022-09-01,1.00517,1.0054400000000001,0.9911,0.9945,84698
2022-09-02,0.99443,1.00336,0.99409,0.99564,82304
2022-09-05,0.99208,0.9944,0.98781,0.99314,64341
2022-09-06,0.99226,0.99863,0.9864,0.99066,92375
2022-09-07,0.99036,1.00108,0.98757,1.00063,83951
2022-09-08,1.00074,1.00299,0.99308,0.99984,92217
2022-09-09,0.99948,1.01133,0.99929,1.00406,82108
2022-09-12,1.01042,1.01978,1.006,1.01218,82761
2022-09-13,1.01223,1.01872,0.9967,0.99672,84739
2022-09-14,0.99697,1.00237,0.99556,0.99795,94218
2022-09-15,0.99804,1.00179,0.99559,0.99964,74206
2022-09-16,0.99969,1.00366,0.99452,1.00142,81620
2022-09-19,1.00066,1.00292,0.99662,1.00249,62316
2022-09-20,1.00212,1.00506,0.99553,0.99697,77552
2022-09-21,0.99704,0.99757,0.98132,0.98369,96508
2022-09-22,0.98366,0.99074,0.98088,0.98341,112302
2022-09-23,0.98293,0.98519,0.96682,0.96885,102752
2022-09-26,0.96672,0.97099,0.9553,0.96086,144284
2022-09-27,0.96094,0.96707,0.95693,0.95938,108749
2022-09-28,0.95931,0.9751,0.95362,0.97365,133998
2022-09-29,0.973,0.98152,0.96358,0.98133,121735
2022-09-30,0.98158,0.9854,0.9735,0.9801,122275
2022-10-03,0.97756,0.98447,0.97528,0.98247,108221
2022-10-04,0.98226,0.99996,0.98062,0.99862,103369
2022-10-05,0.9983,0.99951,0.98348,0.98858,85985
2022-10-06,0.98705,0.99265,0.97884,0.97911,96421
2022-10-07,0.97895,0.98168,0.9726,0.97407,88083
2022-10-10,0.97285,0.97533,0.96816,0.97032,76695
2022-10-11,0.96931,0.97747,0.96706,0.97048,93300
2022-10-12,0.97061,0.9735,0.9668,0.97024,90315
2022-10-13,0.97023,0.9806,0.96316,0.97773,97231
2022-10-14,0.97703,0.98086,0.97072,0.97241,99732
2022-10-17,0.97218,0.98521,0.9717,0.9844,81992
2022-10-18,0.98352,0.98758,0.98128,0.98601,86456
2022-10-19,0.98482,0.98726,0.97573,0.97721,81386
2022-10-20,0.97726,0.98455,0.97546,0.97877,91917
2022-10-21,0.97837,0.9869,0.9705,0.98611,111298
2022-10-24,0.9873,0.98994,0.98069,0.98731,112500
2022-10-25,0.98734,0.99768,0.98486,0.99678,84841
2022-10-26,0.9961,1.00886,0.99437,1.00833,92009
2022-10-27,1.00783,1.00938,0.99576,0.99649,96715
2022-10-28,0.99642,0.99982,0.99268,0.99658,87479
2022-10-31,0.99463,0.99658,0.98729,0.98825,71352
2022-11-01,0.98724,0.99536,0.9853,0.98739,81909
2022-11-02,0.98749,0.99758,0.9813,0.98144,88357
2022-11-03,0.98144,0.98396,0.97302,0.97499,90768
2022-11-04,0.9744,0.99665,0.97426,0.99581,102288
2022-11-07,0.99047,1.0034,0.9901,1.0021,92601
2022-11-08,1.00194,1.00965,0.99715,1.00728,81131
2022-11-09,1.00707,1.00883,0.99929,1.00118,99500
2022-11-10,1.00067,1.0222,0.99356,1.0208,108580
2022-11-11,1.02079,1.03642,1.01631,1.03528,113242
2022-11-14,1.03341,1.03586,1.02714,1.03256,102085
2022-11-15,1.03263,1.04815,1.02801,1.03467,118440
2022-11-16,1.03476,1.04386,1.03309,1.03942,104821
2022-11-17,1.03934,1.04067,1.03053,1.03648,92529
2022-11-18,1.0359099999999999,1.03961,1.03137,1.03225,78526
2022-11-21,1.03217,1.0333,1.02228,1.02406,80409
2022-11-22,1.02404,1.03082,1.02378,1.03024,70733
2022-11-23,1.03033,1.04052,1.02966,1.03945,78456
2022-11-24,1.03951,1.04486,1.0382,1.04114,60721
2022-11-25,1.04061,1.04293,1.03548,1.03935,68500
2022-11-28,1.03703,1.04967,1.03302,1.034,87050
2022-11-29,1.03378,1.03944,1.03201,1.0329,85055
2022-11-30,1.03272,1.04288,1.0290300000000001,1.04084,93585
2022-12-01,1.04044,1.05338,1.03934,1.05258,101667
2022-12-02,1.05152,1.0545,1.04284,1.05405,91488
2022-12-05,1.05278,1.05949,1.04802,1.04932,87911
2022-12-06,1.04865,1.0533,1.04594,1.04674,86527
2022-12-07,1.04629,1.05499,1.04432,1.0506,88489
2022-12-08,1.0506199999999999,1.05649,1.04896,1.0555,78488
2022-12-09,1.05549,1.05884,1.05036,1.05349,80013
2022-12-12,1.05259,1.058,1.0506199999999999,1.05383,70370
2022-12-13,1.05295,1.0673300000000001,1.0528,1.06324,86530
2022-12-14,1.06317,1.06952,1.0619,1.06816,91153
2022-12-15,1.0682,1.07366,1.05923,1.06263,87112
2022-12-16,1.06233,1.06629,1.0585,1.05856,78003
2022-12-19,1.05894,1.0658,1.05759,1.06073,66717
2022-12-20,1.0605,1.06586,1.0579,1.06232,96053
2022-12-21,1.0624,1.06452,1.05904,1.06038,70774
2022-12-22,1.06046,1.0659399999999999,1.05733,1.05983,71654
2022-12-23,1.05938,1.06331,1.05867,1.0616,67483
2022-12-27,1.06354,1.06695,1.06115,1.0639,57406
2022-12-28,1.06395,1.06746,1.06068,1.06125,60214
2022-12-29,1.06117,1.06905,1.06054,1.06621,57401
2022-12-30,1.06608,1.07132,1.06389,1.07007,67953
2023-01-02,1.0695000000000001,1.07092,1.06508,1.066,17160
2023-01-03,1.0665,1.06836,1.05196,1.05488,87287
2023-01-04,1.05444,1.06353,1.05409,1.06041,86099
2023-01-05,1.0603,1.06314,1.05151,1.05217,80129
2023-01-06,1.05224,1.06481,1.04834,1.06437,78048
2023-01-09,1.06399,1.07606,1.06371,1.07326,75294
2023-01-10,1.07278,1.07594,1.0712,1.07343,73564
2023-01-11,1.07329,1.07764,1.07254,1.07565,63082
2023-01-12,1.07574,1.08669,1.07275,1.08511,86971
2023-01-13,1.08405,1.0868,1.07804,1.0833,75189
2023-01-16,1.08286,1.08742,1.08016,1.08223,52423
2023-01-17,1.08216,1.08694,1.07748,1.07883,76537
2023-01-18,1.07882,1.08876,1.07662,1.07944,93017
2023-01-19,1.07929,1.084,1.07825,1.0831,73715
2023-01-20,1.08306,1.0859,1.08024,1.08562,60032
2023-01-23,1.08681,1.09268,1.08462,1.08714,66997
2023-01-24,1.0871,1.0898,1.08352,1.08882,59121
2023-01-25,1.0885,1.09236,1.08572,1.09152,61066
2023-01-26,1.09149,1.09296,1.08507,1.08912,60790
2023-01-27,1.08923,1.09004,1.08379,1.08688,55319
2023-01-30,1.08623,1.09138,1.08393,1.08519,60379
2023-01-31,1.08464,1.0875,1.08022,1.08621,62433
2023-02-01,1.08605,1.10006,1.08524,1.09901,67393
2023-02-02,1.09882,1.10329,1.08854,1.09108,81138
2023-02-03,1.09091,1.09401,1.07926,1.0794,74526
2023-02-06,1.07824,1.0799,1.07095,1.07257,65147
2023-02-07,1.0725500000000001,1.07664,1.06692,1.07278,78294
2023-02-08,1.0723,1.07609,1.07094,1.07141,59117
2023-02-09,1.071,1.07907,1.07069,1.07386,63139
2023-02-10,1.07344,1.07528,1.06664,1.06772,66664
2023-02-13,1.06807,1.073,1.06556,1.07252,56882
2023-02-14,1.07178,1.08041,1.07068,1.07359,82082
2023-02-15,1.07355,1.07445,1.06606,1.06869,68449
2023-02-16,1.06875,1.07226,1.06546,1.06728,72882
2023-02-17,1.06705,1.06984,1.06128,1.06937,66016
2023-02-20,1.06851,1.07047,1.06704,1.06848,41959
2023-02-21,1.06855,1.06983,1.06376,1.06461,67255
2023-02-22,1.06421,1.06642,1.05992,1.06049,72358
2023-02-23,1.06032,1.06278,1.05772,1.05943,65340
2023-02-24,1.05944,1.06143,1.05362,1.05458,72777
2023-02-27,1.05429,1.06198,1.05329,1.06088,62245
2023-02-28,1.06091,1.06453,1.05739,1.05755,62382
2023-03-01,1.0575,1.06914,1.05653,1.0669,77342
2023-03-02,1.06653,1.06729,1.05766,1.05971,71400
2023-03-03,1.05954,1.06387,1.05884,1.06341,61668
2023-03-06,1.06239,1.06944,1.06211,1.06828,58494
2023-03-07,1.0679400000000001,1.06947,1.05461,1.05493,73126
2023-03-08,1.0549,1.05738,1.05243,1.05438,60466
2023-03-09,1.05439,1.05913,1.05375,1.05823,59065
2023-03-10,1.05778,1.07006,1.0574,1.06395,94792
2023-03-13,1.0681,1.07486,1.06504,1.0731600000000001,123346
2023-03-14,1.07304,1.07496,1.06789,1.07332,96044
2023-03-15,1.07326,1.07599,1.05162,1.05758,103037
2023-03-16,1.05769,1.06356,1.05511,1.06138,99417
2023-03-17,1.06082,1.06854,1.06047,1.06647,77043
2023-03-20,1.06884,1.07308,1.06313,1.07237,82937
2023-03-21,1.07181,1.07884,1.0704,1.07698,59181
2023-03-22,1.07662,1.09124,1.07591,1.08551,67819
2023-03-23,1.08555,1.093,1.08243,1.08327,74420
2023-03-24,1.08273,1.0838700000000001,1.07132,1.07587,78111
2023-03-27,1.0775,1.08,1.0745,1.07987,58303
2023-03-28,1.0796000000000001,1.08486,1.07939,1.0846,53393
2023-03-29,1.08424,1.08713,1.08178,1.08445,54477
2023-03-30,1.08433,1.09263,1.08236,1.09056,54487
2023-03-31,1.09056,1.0925799999999999,1.08369,1.08415,58800
2023-04-03,1.08397,1.09168,1.07882,1.09027,60406
2023-04-04,1.08965,1.09733,1.08828,1.09559,58401
2023-04-05,1.09466,1.09696,1.08912,1.09073,54867
2023-04-06,1.09019,1.09376,1.08846,1.09205,46818
2023-04-07,1.092,1.09241,1.08767,1.08986,18859
2023-04-10,1.08974,1.09174,1.08313,1.08605,41251
2023-04-11,1.08577,1.09281,1.08532,1.09131,48851
2023-04-12,1.09113,1.10002,1.0909,1.09915,51776
2023-04-13,1.09913,1.10677,1.09769,1.1047,50791
2023-04-14,1.10462,1.10759,1.09724,1.09942,53044
2023-04-17,1.09887,1.09998,1.0909200000000001,1.09275,50565
2023-04-18,1.09216,1.0983,1.09215,1.0973600000000001,46538
2023-04-19,1.09717,1.0984099999999999,1.09174,1.0956,50251
2023-04-20,1.09539,1.09898,1.09335,1.09706,50453
2023-04-21,1.0968,1.09938,1.09381,1.09894,49623
2023-04-24,1.09912,1.1050200000000001,1.0966,1.10463,53926
2023-04-25,1.10452,1.10672,1.09642,1.09739,49967
2023-04-26,1.09715,1.10954,1.09664,1.1039,59751
2023-04-27,1.10399,1.10635,1.09922,1.10289,52837
2023-04-28,1.10264,1.10451,1.09625,1.10165,65525
2023-05-01,1.10222,1.10356,1.09643,1.09764,47045
2023-05-02,1.09718,1.1008,1.0942,1.09992,55253
2023-05-03,1.09972,1.1092,1.09966,1.10623,58026
2023-05-04,1.10591,1.10917,1.09863,1.10122,69037
2023-05-05,1.1007500000000001,1.10478,1.09668,1.10185,51199
2023-05-08,1.10204,1.10537,1.10002,1.1004,41225
2023-05-09,1.10038,1.1005,1.09412,1.09615,44647
2023-05-10,1.096,1.1007,1.09415,1.09824,49391
2023-05-11,1.09813,1.09981,1.09002,1.09157,53339
2023-05-12,1.09154,1.09356,1.0848,1.08496,45909
2023-05-15,1.08562,1.0890900000000001,1.08456,1.08745,40056
2023-05-16,1.08735,1.09047,1.0855,1.08627,45168
2023-05-17,1.08605,1.0873599999999999,1.08102,1.0838700000000001,46953
2023-05-18,1.08391,1.08481,1.07626,1.077,44183
2023-05-19,1.0769,1.08288,1.07599,1.08059,51586
2023-05-22,1.08046,1.08314,1.07955,1.08122,47336
2023-05-23,1.08108,1.08206,1.07603,1.07706,48939
2023-05-24,1.07693,1.08012,1.0748199999999999,1.07494,53259
2023-05-25,1.07489,1.07568,1.07073,1.07252,51755
2023-05-26,1.07241,1.07588,1.07018,1.07251,48235
2023-05-29,1.07158,1.07435,1.07056,1.0709,22918
2023-05-30,1.0707,1.07466,1.06725,1.0734,50935
2023-05-31,1.07341,1.07358,1.06352,1.06883,54783
2023-06-01,1.06897,1.07685,1.06618,1.07624,52539
2023-06-02,1.07618,1.0779,1.07054,1.07073,47085
2023-06-05,1.0711,1.07223,1.06746,1.07122,42971
2023-06-06,1.07118,1.07328,1.0667,1.06924,42634
2023-06-07,1.06923,1.07397,1.06683,1.0699,44152
2023-06-08,1.06974,1.07871,1.0693,1.07832,45178
2023-06-09,1.07805,1.07852,1.0743,1.07491,40743
2023-06-12,1.07462,1.07901,1.07331,1.07578,39847
2023-06-13,1.07545,1.08236,1.07529,1.0793,50304
2023-06-14,1.07934,1.08641,1.07741,1.0831,51095
2023-06-15,1.08258,1.09527,1.08038,1.09456,52610
2023-06-16,1.09444,1.09708,1.09182,1.09421,48489
2023-06-19,1.09399,1.09462,1.09072,1.09215,35532
2023-06-20,1.09214,1.09462,1.08922,1.0918,49881
2023-06-21,1.09172,1.09908,1.09058,1.09862,53252
2023-06-22,1.09859,1.10123,1.09486,1.09559,51602
2023-06-23,1.09556,1.09587,1.08446,1.08954,54708
2023-06-26,1.0905,1.09202,1.08876,1.09053,44273
2023-06-27,1.09057,1.09768,1.09022,1.09609,50860
2023-06-28,1.09601,1.09627,1.0897000000000001,1.0913,50718
2023-06-29,1.09128,1.09413,1.08602,1.08642,52898
2023-06-30,1.08651,1.09318,1.08354,1.09098,51919
2023-07-03,1.09105,1.09337,1.08703,1.09139,44010
2023-07-04,1.09105,1.09164,1.08768,1.08793,28994
2023-07-05,1.08789,1.0908,1.0851,1.0854,45709
2023-07-06,1.08536,1.09006,1.08334,1.08922,58808
2023-07-07,1.08835,1.09733,1.08671,1.09681,54405
2023-07-10,1.09571,1.10013,1.09436,1.10011,48513
2023-07-11,1.10008,1.10271,1.09769,1.10086,47593
2023-07-12,1.10072,1.11403,1.10013,1.11315,58823
2023-07-13,1.11244,1.12279,1.11244,1.12263,57131
2023-07-14,1.1226,1.12448,1.12042,1.12253,56976
2023-07-17,1.12292,1.12489,1.12033,1.12381,45506
2023-07-18,1.12305,1.12757,1.12089,1.12279,60383
2023-07-19,1.12281,1.12401,1.11744,1.12026,59536
2023-07-20,1.11979,1.12292,1.11185,1.11296,56060
2023-07-21,1.1129,1.11449,1.11078,1.11254,51563
2023-07-24,1.1123,1.11469,1.10602,1.10648,56542
2023-07-25,1.10637,1.1087,1.10208,1.10555,48575
2023-07-26,1.10491,1.11068,1.10377,1.10858,60348
2023-07-27,1.1085,1.11498,1.09659,1.09768,72516
2023-07-28,1.09763,1.10474,1.09435,1.10162,74813
2023-07-31,1.10204,1.10458,1.09936,1.09969,58291
2023-08-01,1.09965,1.1003,1.09524,1.0984099999999999,53496
2023-08-02,1.0984099999999999,1.10191,1.09181,1.09384,66829
2023-08-03,1.09376,1.09629,1.09123,1.0949200000000001,65662
2023-08-04,1.09485,1.10418,1.0935,1.10099,62650
2023-08-07,1.101,1.10167,1.09654,1.10032,46949
2023-08-08,1.1002399999999999,1.10112,1.09291,1.09564,54197
2023-08-09,1.09547,1.09954,1.09497,1.09737,49271
2023-08-10,1.09735,1.1065,1.09674,1.09808,59424
2023-08-11,1.09799,1.1005,1.0943100000000001,1.09466,52391
2023-08-14,1.09497,1.09602,1.08748,1.09066,57885
2023-08-15,1.09048,1.09524,1.08967,1.09049,61884
2023-08-16,1.09033,1.09346,1.08716,1.08794,61764
2023-08-17,1.08777,1.09184,1.08564,1.08727,61322
2023-08-18,1.08712,1.08938,1.0845,1.08688,55506
2023-08-21,1.08653,1.09137,1.08634,1.08955,52012
2023-08-22,1.08951,1.09304,1.0833,1.08459,51302
2023-08-23,1.08451,1.08714,1.08026,1.08636,56008
2023-08-24,1.08626,1.08766,1.08051,1.08105,50932
2023-08-25,1.08103,1.08418,1.07658,1.07941,57514
2023-08-28,1.07959,1.08221,1.07934,1.08192,45436
2023-08-29,1.0818699999999999,1.0892,1.07824,1.08791,54121
2023-08-30,1.08791,1.09454,1.08551,1.09232,56030
2023-08-31,1.09226,1.09395,1.08351,1.08438,52868
2023-09-01,1.08428,1.0882,1.07722,1.07735,55083
2023-09-04,1.07753,1.08089,1.07712,1.07965,29273
2023-09-05,1.07936,1.07984,1.07064,1.0722,50135
2023-09-06,1.07221,1.07489,1.07024,1.0726,51756
2023-09-07,1.07263,1.07318,1.06862,1.06958,45696
2023-09-08,1.06966,1.07437,1.06941,1.07005,46525
2023-09-11,1.07146,1.07594,1.07081,1.07501,50768
2023-09-12,1.0749900000000001,1.07685,1.07056,1.07548,44395
2023-09-13,1.07539,1.07649,1.07112,1.07294,52979
2023-09-14,1.07291,1.0752,1.06319,1.06443,55825
2023-09-15,1.06423,1.06877,1.06329,1.0661100000000001,48577
2023-09-18,1.06566,1.06986,1.06548,1.06923,38717
2023-09-19,1.06912,1.07179,1.06752,1.06793,40701
2023-09-20,1.06776,1.07368,1.06502,1.06605,49970
2023-09-21,1.066,1.06736,1.06167,1.06612,54780
2023-09-22,1.06585,1.06718,1.06149,1.06459,49037
2023-09-25,1.0643,1.06557,1.05755,1.05921,44665
2023-09-26,1.05931,1.0609,1.05622,1.05719,46167
2023-09-27,1.05717,1.05741,1.04881,1.05031,56386
2023-09-28,1.05009,1.05788,1.04912,1.05661,56417
2023-09-29,1.05645,1.0617,1.0555,1.05732,55128
2023-10-02,1.05665,1.05919,1.04775,1.04775,51386
2023-10-03,1.04772,1.04936,1.04483,1.04662,58076
2023-10-04,1.04666,1.05322,1.04514,1.05039,57131
2023-10-05,1.05035,1.05518,1.0500099999999999,1.05509,54929
2023-10-06,1.05418,1.05999,1.04826,1.0584500000000001,60947
2023-10-09,1.05501,1.05744,1.05194,1.05665,52709
2023-10-10,1.05658,1.06198,1.05544,1.0605,60076
2023-10-11,1.06051,1.06347,1.05818,1.06191,56383
2023-10-12,1.06194,1.06399,1.05258,1.05282,53275
2023-10-13,1.05277,1.05586,1.04955,1.05089,56197
2023-10-16,1.05054,1.05627,1.05031,1.05594,47236
2023-10-17,1.05599,1.05949,1.05329,1.05762,50613
2023-10-18,1.05766,1.05942,1.05232,1.05364,53755
2023-10-19,1.05357,1.06167,1.05282,1.05821,63006
2023-10-20,1.05819,1.06038,1.0565,1.05948,51059
2023-10-23,1.05949,1.06778,1.05715,1.06684,47772
2023-10-24,1.06686,1.06942,1.0583,1.05909,51220
2023-10-25,1.05894,1.06067,1.05657,1.05661,46912
2023-10-26,1.05662,1.05692,1.05222,1.05629,53562
2023-10-27,1.0562,1.0597,1.05354,1.05659,46540
2023-10-30,1.05642,1.06252,1.05471,1.06154,43278
2023-10-31,1.06147,1.0675,1.05575,1.05756,53944
2023-11-01,1.0572300000000001,1.05808,1.05168,1.057,56123
2023-11-02,1.05696,1.06677,1.05618,1.06224,52425
2023-11-03,1.06203,1.07468,1.06126,1.07266,52619
2023-11-06,1.07234,1.07564,1.07164,1.07172,41271
2023-11-07,1.07172,1.07224,1.06643,1.06996,46210
2023-11-08,1.06992,1.07162,1.0659399999999999,1.07088,44960
2023-11-09,1.07071,1.07254,1.06602,1.06683,51596
2023-11-10,1.06661,1.06928,1.06563,1.06846,43973
2023-11-13,1.06828,1.07061,1.06651,1.06988,37842
2023-11-14,1.06981,1.08874,1.06916,1.0878700000000001,49503
2023-11-15,1.08774,1.08857,1.08315,1.0847,50665
2023-11-16,1.0847,1.08956,1.083,1.08529,47074
2023-11-17,1.08515,1.09142,1.0824799999999999,1.0913599999999999,48458
2023-11-20,1.091,1.09519,1.08976,1.09405,46961
2023-11-21,1.09387,1.09653,1.09002,1.09109,49495
2023-11-22,1.09099,1.0923,1.08532,1.08886,49723
2023-11-23,1.08884,1.09305,1.08818,1.09045,30489
2023-11-24,1.08997,1.09488,1.08951,1.09373,37019
2023-11-27,1.09444,1.09592,1.09251,1.09539,43759
2023-11-28,1.09528,1.10088,1.09345,1.09949,51912
2023-11-29,1.09925,1.10172,1.096,1.09691,55628
2023-11-30,1.09691,1.0984,1.08794,1.08887,59055
2023-12-01,1.08873,1.09128,1.08286,1.0884,60471
2023-12-04,1.08743,1.0895,1.08041,1.08362,60235
2023-12-05,1.08354,1.08476,1.07781,1.07977,59574
2023-12-06,1.07955,1.08045,1.07587,1.07642,50351
2023-12-07,1.0762,1.0818,1.07553,1.07932,59778
2023-12-08,1.07933,1.08008,1.07234,1.07617,63053
2023-12-11,1.07586,1.07789,1.07416,1.07646,44796
2023-12-12,1.07636,1.0827,1.07552,1.07945,49277
2023-12-13,1.07936,1.08965,1.0773,1.08753,55679
2023-12-14,1.08723,1.10092,1.0868,1.0991900000000001,75267
2023-12-15,1.09889,1.10036,1.08886,1.08939,63455
2023-12-18,1.08974,1.09311,1.08922,1.09241,46912
2023-12-19,1.092,1.09875,1.09108,1.09808,53890
2023-12-20,1.09805,1.09834,1.09298,1.0943,50506
2023-12-21,1.09371,1.10126,1.09348,1.10109,56478
2023-12-22,1.10109,1.10402,1.09811,1.10137,53490
2023-12-26,1.10017,1.1045,1.10017,1.10423,28010
2023-12-27,1.1041,1.11226,1.10286,1.1106,39062
2023-12-28,1.11045,1.11394,1.10552,1.1062400000000001,47093
2023-12-29,1.10605,1.10844,1.10342,1.10372,46953
2024-01-02,1.10435,1.10446,1.09383,1.09414,51746
2024-01-03,1.09421,1.09654,1.08931,1.0922,59559
2024-01-04,1.09203,1.09723,1.0907,1.09459,53442
2024-01-05,1.0944099999999999,1.09984,1.08769,1.09415,64444
2024-01-08,1.09326,1.09789,1.09227,1.09504,50891
2024-01-09,1.095,1.09664,1.09103,1.09312,53983
2024-01-10,1.0931,1.09732,1.0923,1.09728,46049
2024-01-11,1.09721,1.09976,1.09304,1.09735,62970
2024-01-12,1.09721,1.0987,1.09361,1.09504,54876
2024-01-15,1.09457,1.09674,1.09336,1.09504,33899
2024-01-16,1.09478,1.09509,1.08622,1.08752,64441
2024-01-17,1.087,1.08846,1.08446,1.0882,57618
2024-01-18,1.08809,1.09068,1.08467,1.08757,56215
2024-01-19,1.08714,1.08978,1.08585,1.0897000000000001,48302
2024-01-22,1.08899,1.09096,1.08801,1.08826,50101
2024-01-23,1.08813,1.09162,1.08217,1.08537,53028
2024-01-24,1.08414,1.09324,1.08414,1.08846,62859
2024-01-25,1.08823,1.0902,1.08218,1.08459,61615
2024-01-26,1.08392,1.08855,1.0813,1.08549,55768
2024-01-29,1.08427,1.08501,1.07959,1.08334,50176
2024-01-30,1.08305,1.08575,1.08119,1.08456,57203
2024-01-31,1.08381,1.08875,1.0795,1.08177,84180
2024-02-01,1.08163,1.08749,1.078,1.08722,80534
2024-02-02,1.08708,1.08975,1.07806,1.07877,66050
2024-02-05,1.07849,1.07861,1.07233,1.07425,62431
2024-02-06,1.07386,1.07624,1.07226,1.07542,59477
2024-02-07,1.07521,1.0784,1.07468,1.0773,57319
2024-02-08,1.07696,1.07889,1.07416,1.0778,53432
2024-02-09,1.07755,1.07952,1.07622,1.07854,54067
2024-02-12,1.07767,1.08057,1.0756000000000001,1.0771600000000001,41619
2024-02-13,1.07711,1.07949,1.07008,1.07091,56863
2024-02-14,1.07075,1.07346,1.06951,1.07276,53504
2024-02-15,1.07249,1.07849,1.0724,1.07722,52005
2024-02-16,1.0765,1.07876,1.07321,1.07763,52983
2024-02-19,1.0771600000000001,1.07894,1.07621,1.07775,33471
2024-02-20,1.07761,1.08389,1.07617,1.08078,57232
2024-02-21,1.08048,1.08244,1.079,1.08196,57469
2024-02-22,1.08128,1.08885,1.08028,1.08229,60245
2024-02-23,1.08158,1.08396,1.08119,1.08209,57919
2024-02-26,1.0831,1.08598,1.08127,1.08513,46636
2024-02-27,1.08464,1.0866,1.08331,1.0845,50155
2024-02-28,1.08424,1.0846,1.07967,1.08385,54400
2024-02-29,1.08329,1.0856,1.07959,1.08049,73629
2024-03-01,1.07983,1.08433,1.07983,1.08401,62620
2024-03-04,1.08273,1.08669,1.08273,1.08556,52032
2024-03-05,1.08531,1.08762,1.0841,1.08565,55993
2024-03-06,1.08533,1.09154,1.08422,1.08988,61707
2024-03-07,1.08937,1.09493,1.08679,1.09481,61032
2024-03-08,1.09464,1.09812,1.09183,1.09377,69440
2024-03-11,1.0942,1.09481,1.09146,1.09252,74296
2024-03-12,1.09186,1.09438,1.09023,1.09261,79222
2024-03-13,1.09247,1.09639,1.09201,1.09479,67081
2024-03-14,1.09473,1.09549,1.08807,1.08836,72843
2024-03-15,1.08814,1.08997,1.0873,1.08866,68361
2024-03-18,1.08903,1.09062,1.08661,1.08721,53425
2024-03-19,1.08705,1.08767,1.08347,1.08656,73430
2024-03-20,1.08586,1.09228,1.08365,1.0922,69599
2024-03-21,1.0919,1.09426,1.08555,1.08597,85035
2024-03-22,1.08554,1.08681,1.08018,1.08081,66176
2024-03-25,1.08074,1.08425,1.08022,1.08373,51254
2024-03-26,1.0836,1.08644,1.08244,1.08312,59605
2024-03-27,1.08304,1.08393,1.08109,1.08278,62935
2024-03-28,1.08255,1.08268,1.07752,1.07874,63905
2024-03-29,1.07869,1.08037,1.07677,1.07924,41763
2024-04-01,1.07857,1.07989,1.07311,1.0743,57543
2024-04-02,1.07423,1.07791,1.07247,1.07692,62230
2024-04-03,1.07692,1.08369,1.07641,1.08359,62297
2024-04-04,1.08338,1.08766,1.0829,1.08372,59943
2024-04-05,1.08322,1.0848,1.07915,1.08367,72998
2024-04-08,1.08357,1.08622,1.08211,1.08593,58588
2024-04-09,1.08539,1.08851,1.08471,1.08568,58541
2024-04-10,1.08555,1.08666,1.07288,1.07424,77374
2024-04-11,1.07401,1.07566,1.06993,1.0726,82473
2024-04-12,1.07227,1.07294,1.06226,1.06401,72272
2024-04-15,1.06328,1.06653,1.06203,1.06242,82400
2024-04-16,1.06225,1.06537,1.06013,1.06189,89917
2024-04-17,1.06129,1.06797,1.06063,1.06728,83743
2024-04-18,1.06721,1.06901,1.06413,1.06437,69869
2024-04-19,1.06421,1.0677699999999999,1.06106,1.06561,97057
2024-04-22,1.06481,1.06707,1.06241,1.0654,61343
2024-04-23,1.06518,1.07115,1.06386,1.07023,66907
2024-04-24,1.07003,1.07144,1.0678,1.06991,62150
2024-04-25,1.06943,1.07402,1.06784,1.07298,69997
2024-04-26,1.07274,1.0753,1.06741,1.06925,68685
2024-04-29,1.06864,1.07338,1.068,1.07199,77893
2024-04-30,1.07164,1.07354,1.06649,1.06656,71149
2024-05-01,1.06646,1.07328,1.06496,1.07138,67715
2024-05-02,1.06946,1.07303,1.06743,1.07247,75488
2024-05-03,1.0723799999999999,1.08128,1.07192,1.07638,76282
2024-05-06,1.07661,1.0790899999999999,1.07553,1.07701,48145
2024-05-07,1.07686,1.07875,1.0748,1.07549,52589
2024-05-08,1.0754,1.07576,1.07351,1.0748199999999999,46192
2024-05-09,1.0748,1.07846,1.0724,1.07816,50993
2024-05-10,1.0782,1.07902,1.07605,1.07692,49425
2024-05-13,1.07686,1.08069,1.07658,1.07898,51065
2024-05-14,1.07895,1.08257,1.07672,1.08197,47887
2024-05-15,1.0818699999999999,1.08862,1.08131,1.08838,58840
2024-05-16,1.08841,1.08951,1.08545,1.0867,54085
2024-05-17,1.08663,1.08786,1.08357,1.0869,44573
2024-05-20,1.08663,1.08846,1.08544,1.08568,44042
2024-05-21,1.08566,1.08749,1.08427,1.08538,48442
2024-05-22,1.08535,1.08637,1.08176,1.08218,52637
2024-05-23,1.08224,1.08611,1.08049,1.08156,66098
2024-05-24,1.08146,1.08579,1.08057,1.08461,52252
2024-05-27,1.08457,1.08674,1.08407,1.08566,32524
2024-05-28,1.08569,1.08891,1.08505,1.08564,55191
2024-05-29,1.08564,1.08595,1.07999,1.08006,59589
2024-05-30,1.08007,1.08452,1.07884,1.08321,60013
2024-05-31,1.08315,1.08824,1.08113,1.08485,66742
2024-06-03,1.08463,1.09046,1.08279,1.09041,65852
2024-06-04,1.09038,1.09162,1.08589,1.0879,70316
2024-06-05,1.0879,1.08919,1.08546,1.08691,58531
2024-06-06,1.08682,1.0902,1.0862,1.08893,59992
2024-06-07,1.08862,1.0902,1.07994,1.08019,71471
2024-06-10,1.0772599999999999,1.07817,1.07329,1.07656,63295
2024-06-11,1.07645,1.07736,1.07197,1.07404,63334
2024-06-12,1.07402,1.08524,1.07344,1.08091,81037
2024-06-13,1.08085,1.08165,1.07329,1.07382,71044
2024-06-14,1.07367,1.0745,1.06676,1.07058,82506
2024-06-17,1.07035,1.07379,1.06865,1.07338,72146
2024-06-18,1.07341,1.07615,1.07101,1.07397,65979
2024-06-19,1.07395,1.07535,1.07249,1.07436,46774
2024-06-20,1.07422,1.07488,1.0702,1.07026,64455
2024-06-21,1.07016,1.07206,1.06711,1.0692,67394
2024-06-24,1.06827,1.07465,1.06806,1.07343,64401
2024-06-25,1.0729,1.07443,1.06908,1.07141,60069
2024-06-26,1.0714,1.07181,1.06661,1.068,67572
2024-06-27,1.06804,1.07266,1.06772,1.07037,67354
2024-06-28,1.07034,1.07249,1.06855,1.07139,76014
2024-07-01,1.07441,1.07765,1.07198,1.074,70774
2024-07-02,1.07402,1.07472,1.071,1.07453,64353
2024-07-03,1.07437,1.08169,1.07364,1.07868,60731
2024-07-04,1.07834,1.08139,1.0777700000000001,1.08113,41551
2024-07-05,1.08106,1.08427,1.08,1.08389,58049
2024-07-08,1.08013,1.08451,1.08012,1.08245,57101
2024-07-09,1.08236,1.08335,1.08056,1.08137,53772
2024-07-10,1.08134,1.08307,1.08092,1.08301,50864
2024-07-11,1.08296,1.09,1.0824799999999999,1.08678,68194
2024-07-12,1.08679,1.09114,1.08598,1.09061,68531
2024-07-15,1.08845,1.09225,1.08825,1.08944,64882
2024-07-16,1.08935,1.09056,1.08716,1.08986,60251
2024-07-17,1.08981,1.09482,1.08942,1.09396,71072
2024-07-18,1.0937999999999999,1.09411,1.08937,1.08959,67711
2024-07-19,1.0895299999999999,1.09019,1.08757,1.08824,63113
2024-07-22,1.08854,1.09028,1.08732,1.08905,63163
2024-07-23,1.08906,1.08968,1.0844,1.0853,57561
2024-07-24,1.08534,1.08667,1.08258,1.08392,65321
2024-07-25,1.08396,1.08701,1.08284,1.08449,81341
2024-07-26,1.08456,1.08683,1.08421,1.08554,62347
2024-07-29,1.08541,1.08701,1.08029,1.08212,60260
2024-07-30,1.08212,1.08358,1.07983,1.0814300000000001,62240
2024-07-31,1.08144,1.08495,1.0802,1.08259,84799
2024-08-01,1.08252,1.08355,1.07776,1.07913,84280
2024-08-02,1.07911,1.09267,1.07818,1.09105,102558
2024-08-05,1.0924,1.10089,1.08928,1.09512,159667
2024-08-06,1.09517,1.09632,1.09038,1.09313,116893
2024-08-07,1.09284,1.09367,1.09055,1.09235,91018
2024-08-08,1.0921,1.09452,1.08816,1.09188,85956
2024-08-09,1.09185,1.09314,1.0909200000000001,1.09156,67346
2024-08-12,1.09145,1.09395,1.09101,1.09321,58132
2024-08-13,1.09314,1.09997,1.09139,1.09928,63665
2024-08-14,1.09927,1.10474,1.09822,1.10123,64863
2024-08-15,1.10124,1.10159,1.09497,1.09712,55438
2024-08-16,1.09725,1.10297,1.09662,1.10286,52824
2024-08-19,1.10277,1.10866,1.10219,1.1085099999999999,56600
2024-08-20,1.10847,1.11305,1.1072,1.113,64486
2024-08-21,1.11295,1.11741,1.1099,1.11499,66601
2024-08-22,1.11494,1.1165,1.10983,1.11113,63327
2024-08-23,1.1112,1.1201,1.11036,1.1192,65899
2024-08-26,1.11868,1.12018,1.11503,1.1161,64646
2024-08-27,1.11609,1.11907,1.11506,1.11842,57414
2024-08-28,1.11835,1.11853,1.11051,1.11199,64068
2024-08-29,1.11195,1.11401,1.10557,1.1078000000000001,71399
2024-08-30,1.10772,1.10952,1.1044,1.1048,70416
2024-09-02,1.10471,1.10775,1.1042,1.10723,43565
2024-09-03,1.10711,1.1072899999999999,1.10265,1.10435,69128
2024-09-04,1.10431,1.10952,1.10357,1.1083,70390
2024-09-05,1.10819,1.11198,1.10748,1.11106,70555
2024-09-06,1.11102,1.11555,1.10657,1.10858,87262
2024-09-09,1.10785,1.1091199999999999,1.10338,1.10349,57497
2024-09-10,1.10344,1.10498,1.10153,1.10191,51942
2024-09-11,1.10194,1.10549,1.10021,1.10111,71127
2024-09-12,1.10118,1.10752,1.10056,1.10746,62812
2024-09-13,1.10741,1.11019,1.10674,1.10744,64431
2024-09-16,1.1077,1.11377,1.1074,1.11326,56379
2024-09-17,1.11325,1.11463,1.11112,1.1114,65351
2024-09-18,1.11135,1.11889,1.10968,1.11176,68594
2024-09-19,1.11186,1.11789,1.10687,1.11615,78007
2024-09-20,1.11613,1.11819,1.11362,1.11629,65343
2024-09-23,1.11599,1.11711,1.10833,1.11107,59669
2024-09-24,1.11109,1.11809,1.11035,1.11797,57975
2024-09-25,1.11793,1.12141,1.11217,1.11325,59000
2024-09-26,1.11327,1.11894,1.11259,1.11766,65576
2024-09-27,1.11767,1.1203,1.11248,1.11632,73412
2024-09-30,1.11568,1.12089,1.11139,1.11349,65645
2024-10-01,1.11346,1.11442,1.10459,1.10676,73357
2024-10-02,1.10676,1.1083,1.10327,1.10453,58294
2024-10-03,1.10438,1.10495,1.10083,1.10297,66778
2024-10-04,1.10302,1.10397,1.09513,1.09745,62710
2024-10-07,1.09637,1.0987,1.09543,1.09742,57463
2024-10-08,1.0973,1.09972,1.0961,1.09804,53832
2024-10-09,1.09758,1.09811,1.09363,1.09399,50330
2024-10-10,1.09388,1.0955,1.09002,1.09372,60031
2024-10-11,1.09262,1.09538,1.09238,1.09366,41314
2024-10-14,1.0930900000000001,1.09367,1.08883,1.09088,39434
2024-10-15,1.09085,1.09167,1.08819,1.08914,47293
2024-10-16,1.089,1.09015,1.08533,1.08621,45301
2024-10-17,1.08617,1.08739,1.08111,1.08306,50960
2024-10-18,1.08311,1.08696,1.08247,1.0867499999999999,41291
2024-10-21,1.08605,1.08717,1.08112,1.08146,39242
2024-10-22,1.0815,1.08382,1.07926,1.07986,43242
2024-10-23,1.07978,1.08067,1.07613,1.07822,46155
2024-10-24,1.07812,1.08299,1.07707,1.0828,50227
2024-10-25,1.08272,1.08394,1.07931,1.07959,41564
2024-10-28,1.07931,1.08277,1.07821,1.08117,45249
2024-10-29,1.0812,1.08263,1.07689,1.08181,53608
2024-10-30,1.08179,1.08713,1.08081,1.08566,55669
2024-10-31,1.08558,1.08883,1.08442,1.08838,60439
2024-11-01,1.08832,1.09058,1.08319,1.08337,54107
2024-11-04,1.08785,1.09147,1.08699,1.0877,53578
2024-11-05,1.08761,1.09366,1.08712,1.09296,40005
2024-11-06,1.09286,1.09373,1.06825,1.07289,130344
2024-11-07,1.07249,1.08247,1.07129,1.08031,75249
2024-11-08,1.08038,1.08053,1.06869,1.07189,66516
2024-11-11,1.0702,1.0728,1.06287,1.06557,52626
2024-11-12,1.06502,1.06632,1.0594999999999999,1.06237,61163
2024-11-13,1.06207,1.06542,1.05556,1.05642,69467
2024-11-14,1.05625,1.05825,1.04964,1.05298,73544
2024-11-15,1.053,1.0593,1.05164,1.05357,70008
2024-11-18,1.05301,1.06072,1.05292,1.05982,56096
2024-11-19,1.05981,1.06008,1.05237,1.0596,67580
2024-11-20,1.05941,1.06098,1.05068,1.05435,53743
2024-11-21,1.05432,1.0555,1.04622,1.04736,61292
2024-11-22,1.04741,1.04979,1.03334,1.04193,71100
2024-11-25,1.04811,1.05303,1.04489,1.04959,71794
2024-11-26,1.04932,1.05448,1.04251,1.04893,79460
2024-11-27,1.0483,1.05877,1.04742,1.05665,69992
2024-11-28,1.05658,1.05698,1.05275,1.05538,44088
2024-11-29,1.05489,1.05973,1.05416,1.05759,70306
2024-12-02,1.05615,1.05704,1.04606,1.04977,80068
2024-12-03,1.04974,1.05351,1.04808,1.05094,63878
2024-12-04,1.05074,1.05442,1.04723,1.051,69809
2024-12-05,1.05076,1.05896,1.05039,1.05874,58073
2024-12-06,1.05835,1.06298,1.05423,1.05678,61119
2024-12-09,1.05555,1.05943,1.05322,1.05536,54284
2024-12-10,1.05531,1.05683,1.04985,1.05272,53675
2024-12-11,1.05271,1.05393,1.04802,1.0495700000000001,64471
2024-12-12,1.04931,1.05309,1.04638,1.04663,69557
2024-12-13,1.04664,1.05243,1.04531,1.05031,56891
2024-12-16,1.0485,1.05248,1.04746,1.05114,53594
2024-12-17,1.05105,1.05343,1.04793,1.04915,54610
2024-12-18,1.04907,1.05128,1.03437,1.03495,67200
2024-12-19,1.03514,1.04224,1.0344,1.03629,82619
2024-12-20,1.0365,1.04475,1.03431,1.04268,70410
2024-12-23,1.04307,1.04455,1.03842,1.04062,46329
2024-12-24,1.0405,1.04102,1.03836,1.03925,32554
2024-12-26,1.0398,1.043,1.03904,1.04229,33024
2024-12-27,1.0413000000000001,1.04441,1.04051,1.04229,41893
2024-12-30,1.04163,1.04584,1.03718,1.04064,48970
2024-12-31,1.04068,1.04245,1.03442,1.03527,50765
2025-01-02,1.03515,1.03756,1.02243,1.0267,66106
2025-01-03,1.02572,1.03099,1.02529,1.0308,48141
2025-01-06,1.03021,1.04369,1.02955,1.03897,75822
2025-01-07,1.03896,1.04345,1.03396,1.03398,63539
2025-01-08,1.03401,1.03577,1.02732,1.03191,66258
2025-01-09,1.03181,1.03216,1.02836,1.02994,46110
2025-01-10,1.02989,1.03119,1.02134,1.02424,67629
2025-01-13,1.02236,1.02499,1.01773,1.02424,65960
2025-01-14,1.02443,1.03084,1.02379,1.03077,68166
2025-01-15,1.03047,1.03544,1.02593,1.02902,61251
2025-01-16,1.02884,1.03152,1.02608,1.03019,64971
2025-01-17,1.02956,1.03307,1.02653,1.027,58476
2025-01-20,1.0275,1.04343,1.02663,1.04168,66391
2025-01-21,1.04156,1.04354,1.0342,1.04234,79839
2025-01-22,1.04247,1.04573,1.03924,1.04093,56664
2025-01-23,1.04083,1.04381,1.0372,1.04151,58946
2025-01-24,1.0415,1.05215,1.04115,1.04942,66170
2025-01-27,1.04597,1.05331,1.04538,1.04914,72926
2025-01-28,1.04915,1.04933,1.04138,1.04305,66945
2025-01-29,1.043,1.04437,1.03824,1.04196,67908
2025-01-30,1.04207,1.04677,1.03862,1.03919,65137
2025-01-31,1.03882,1.0434,1.03503,1.03578,79112
2025-02-03,1.02357,1.03499,1.02107,1.03426,112681
2025-02-04,1.03436,1.03877,1.02723,1.03789,72407
2025-02-05,1.03785,1.04427,1.03696,1.04025,66606
2025-02-06,1.0402,1.04056,1.03526,1.03828,58480
2025-02-07,1.03831,1.04094,1.03053,1.03279,67243
2025-02-10,1.02889,1.0336400000000001,1.02814,1.03066,51949
2025-02-11,1.03065,1.03816,1.02923,1.03612,49472
2025-02-12,1.03609,1.04298,1.0317,1.03832,69811
2025-02-13,1.03823,1.04665,1.03732,1.04654,76073
2025-02-14,1.04636,1.05144,1.04474,1.04911,59535
2025-02-17,1.04843,1.05065,1.04672,1.04831,39784
2025-02-18,1.04836,1.04863,1.04352,1.04454,52232
2025-02-19,1.04454,1.04614,1.04009,1.04219,55827
2025-02-20,1.04225,1.05035,1.04168,1.05012,54012
2025-02-21,1.05008,1.05057,1.04494,1.04572,56029
2025-02-24,1.04693,1.05283,1.04528,1.04677,66810
2025-02-25,1.04673,1.05193,1.04564,1.05148,63454
2025-02-26,1.0513,1.05288,1.04751,1.04848,64613
2025-02-27,1.04841,1.04926,1.03965,1.03979,65328
2025-02-28,1.03976,1.042,1.036,1.03739,68502
2025-03-03,1.03925,1.05038,1.03887,1.04878,74259
2025-03-04,1.0486,1.0627,1.04712,1.06251,92457
2025-03-05,1.06253,1.07968,1.06021,1.07892,103840
2025-03-06,1.07866,1.08534,1.07656,1.0783800000000001,98075
2025-03-07,1.07823,1.08889,1.07789,1.08321,87926
2025-03-10,1.08325,1.08747,1.0805,1.08354,78761
2025-03-11,1.0833,1.09474,1.0826,1.09193,79089
2025-03-12,1.0918,1.09301,1.08757,1.08871,76157
2025-03-13,1.0887,1.08973,1.08225,1.08514,70138
2025-03-14,1.08503,1.09128,1.08307,1.08802,69117
2025-03-17,1.08771,1.09297,1.08686,1.09214,55379
2025-03-18,1.09218,1.09547,1.08925,1.09447,53704
2025-03-19,1.09439,1.09461,1.08606,1.09025,57850
2025-03-20,1.0901,1.09176,1.08147,1.08533,55493
2025-03-21,1.08494,1.08613,1.07973,1.08124,50945
2025-03-24,1.08127,1.08584,1.07817,1.08008,57933
2025-03-25,1.08003,1.08302,1.07771,1.07913,53102
2025-03-26,1.07901,1.08028,1.07435,1.07525,57744
2025-03-27,1.07539,1.08212,1.0733,1.08018,59158
2025-03-28,1.08011,1.08448,1.07645,1.08306,51266
2025-03-31,1.08225,1.08494,1.0784,1.08149,58786
2025-04-01,1.08152,1.08301,1.07783,1.07924,58900
2025-04-02,1.07933,1.09241,1.07802,1.08603,63080
2025-04-03,1.0851,1.11459,1.08052,1.10511,125006
2025-04-04,1.10518,1.11078,1.09246,1.09636,153139
2025-04-07,1.08936,1.105,1.088,1.09053,166296
2025-04-08,1.09066,1.09918,1.08883,1.09578,119708
2025-04-09,1.09527,1.10951,1.09132,1.09474,170641
2025-04-10,1.09483,1.12416,1.09429,1.1201699999999999,134821
2025-04-11,1.11929,1.14736,1.11818,1.13552,166942
2025-04-14,1.1314,1.14246,1.1296,1.13496,108454
2025-04-15,1.135,1.13789,1.12642,1.12813,86596
2025-04-16,1.12781,1.14128,1.12781,1.13985,105472
2025-04-17,1.13986,1.14093,1.13353,1.13634,94108
2025-04-18,1.13616,1.13975,1.13586,1.13929,88636
2025-04-21,1.13928,1.15733,1.13799,1.15129,93913
2025-04-22,1.15139,1.1547399999999999,1.14175,1.14206,99560
2025-04-23,1.14207,1.14399,1.13081,1.13145,118131
2025-04-24,1.13114,1.13979,1.13095,1.13888,82444
2025-04-25,1.13852,1.13914,1.1316,1.13595,71464
2025-04-28,1.13721,1.14249,1.13294,1.14216,68222
2025-04-29,1.14197,1.14218,1.13702,1.13828,70923
2025-04-30,1.1384,1.13996,1.1317300000000001,1.13292,74435
2025-05-01,1.13279,1.13411,1.12659,1.129,65298
2025-05-02,1.12888,1.1381000000000001,1.12743,1.12994,80713
2025-05-05,1.13037,1.13649,1.12929,1.13144,66899
2025-05-06,1.13141,1.13812,1.1280000000000001,1.13685,68464
2025-05-07,1.13691,1.13782,1.12917,1.1301,81999
2025-05-08,1.12978,1.13364,1.1212,1.12279,80206
2025-05-09,1.12235,1.12929,1.11968,1.12497,60722
2025-05-12,1.1191,1.12429,1.10655,1.10859,92223
2025-05-13,1.10843,1.11948,1.10821,1.11849,68884
2025-05-14,1.11847,1.12659,1.11646,1.11714,77099
2025-05-15,1.117,1.1228,1.1166800000000001,1.11835,64853
2025-05-16,1.11866,1.12197,1.1131199999999999,1.11649,59500
2025-05-19,1.11755,1.12884,1.11694,1.124,70083
2025-05-20,1.12358,1.12857,1.12181,1.1284399999999999,63204
2025-05-21,1.12821,1.13629,1.12798,1.1331,73463
2025-05-22,1.1325,1.13449,1.12559,1.12786,75338
2025-05-23,1.12788,1.13755,1.12763,1.1364,70354
2025-05-26,1.13626,1.14188,1.13601,1.13868,44671
2025-05-27,1.13828,1.14073,1.13233,1.1327,61134
2025-05-28,1.13254,1.13451,1.12839,1.12894,63561
2025-05-29,1.129,1.13845,1.12107,1.13648,79022
2025-05-30,1.13644,1.13899,1.13127,1.1347800000000001,74262
2025-06-02,1.13463,1.1449799999999999,1.13382,1.14432,68336
2025-06-03,1.1439,1.14547,1.13642,1.13703,60114
2025-06-04,1.13699,1.14346,1.1357,1.1414900000000001,63020
2025-06-05,1.14132,1.14951,1.14046,1.1444,71868
2025-06-06,1.1443699999999999,1.14575,1.13717,1.13934,63251
2025-06-09,1.13989,1.1439300000000001,1.13866,1.14199,45077
2025-06-10,1.1417,1.14477,1.1373,1.14248,57296
2025-06-11,1.14227,1.14995,1.14054,1.14884,62425
2025-06-12,1.14871,1.16315,1.14815,1.15845,73826
2025-06-13,1.1581,1.16146,1.14889,1.15512,84122
2025-06-16,1.1525,1.16148,1.15211,1.15592,71360
2025-06-17,1.1558,1.158,1.14747,1.14799,72106
2025-06-18,1.14795,1.15303,1.1461000000000001,1.14832,73500
2025-06-19,1.14771,1.15003,1.14463,1.14965,56494
2025-06-20,1.14918,1.15441,1.14882,1.15212,62369
2025-06-23,1.14562,1.15817,1.14507,1.15783,87553
2025-06-24,1.1574200000000001,1.16416,1.15719,1.16084,78192
2025-06-25,1.1609,1.16651,1.15899,1.16596,60343
2025-06-26,1.16584,1.17449,1.16519,1.17013,74563
2025-06-27,1.17,1.17541,1.16806,1.17208,68862
2025-06-30,1.17279,1.1788,1.17077,1.17877,67677
2025-07-01,1.17868,1.18298,1.17615,1.18052,66038
2025-07-02,1.18056,1.1810100000000001,1.1747,1.17982,60727
2025-07-03,1.17983,1.1810100000000001,1.17172,1.17573,56377
2025-07-04,1.1756199999999999,1.17876,1.17502,1.17736,51522
2025-07-07,1.17771,1.17903,1.16868,1.17083,58591
2025-07-08,1.17076,1.17654,1.16826,1.1724999999999999,64218
2025-07-09,1.17243,1.17294,1.16896,1.17222,58403
2025-07-10,1.17173,1.17497,1.16626,1.17,54502
2025-07-11,1.16999,1.17141,1.16647,1.16852,64230
2025-07-14,1.1658,1.16977,1.16543,1.16653,56858
2025-07-15,1.16642,1.16928,1.15929,1.16022,59072
2025-07-16,1.16005,1.17215,1.15624,1.16398,77032
2025-07-17,1.16368,1.16425,1.15562,1.15975,57218
2025-07-18,1.1595,1.16719,1.15819,1.1621,55160
2025-07-21,1.16248,1.17168,1.16145,1.1695,54620
2025-07-22,1.16894,1.17605,1.1679,1.17541,52570
2025-07-23,1.17538,1.17751,1.17109,1.17729,66151
2025-07-24,1.1767,1.17887,1.17304,1.17489,63308
2025-07-25,1.17442,1.17608,1.17029,1.17394,61837
2025-07-28,1.1755200000000001,1.17704,1.15838,1.15885,72839
2025-07-29,1.15875,1.15994,1.15189,1.15452,71330
2025-07-30,1.15461,1.15728,1.14002,1.14031,76050
2025-07-31,1.14033,1.1461000000000001,1.13991,1.14135,72100
2025-08-01,1.14118,1.15971,1.13917,1.1584699999999999,93302
2025-08-04,1.15852,1.1595900000000001,1.15497,1.15723,79902
2025-08-05,1.15674,1.15878,1.15277,1.15749,68173
2025-08-06,1.15749,1.16687,1.156,1.16599,64387
2025-08-07,1.16589,1.16989,1.1611,1.16641,71552
2025-08-08,1.16644,1.16794,1.16287,1.16404,63865
2025-08-11,1.16412,1.16756,1.159,1.16158,54034
2025-08-12,1.16145,1.16973,1.15985,1.1673,77108
2025-08-13,1.1674,1.17303,1.16656,1.17044,58340
2025-08-14,1.17051,1.1715200000000001,1.1631,1.16482,65931
2025-08-15,1.16469,1.17153,1.16422,1.17025,51721
2025-08-18,1.17065,1.17145,1.1656,1.16609,54845
2025-08-19,1.16601,1.16929,1.1639,1.16465,55916
2025-08-20,1.16443,1.16737,1.16222,1.16502,60238
2025-08-21,1.16499,1.1663000000000001,1.16011,1.16059,61968
2025-08-22,1.16051,1.17426,1.15831,1.17217,65205
2025-08-25,1.17185,1.17257,1.16028,1.16193,52884
2025-08-26,1.16155,1.16654,1.16022,1.16404,68265
2025-08-27,1.16416,1.16477,1.1574,1.16371,55241
2025-08-28,1.16351,1.16974,1.16138,1.16821,57382
2025-08-29,1.16826,1.17089,1.1651,1.16866,57450
2025-09-01,1.16943,1.17363,1.16853,1.17109,44420
2025-09-02,1.17106,1.17185,1.16129,1.16411,73118
2025-09-03,1.16358,1.16822,1.1608,1.16606,60719
2025-09-04,1.1656900000000001,1.16694,1.163,1.1650800000000001,57548
2025-09-05,1.16488,1.17596,1.1633,1.17173,67506
2025-09-08,1.17113,1.17656,1.17036,1.17627,59904
2025-09-09,1.17628,1.17801,1.17037,1.17097,64783
2025-09-10,1.17071,1.17306,1.16824,1.16946,62615
2025-09-11,1.16941,1.17461,1.16606,1.17357,64466
2025-09-12,1.17334,1.17478,1.17012,1.17312,53747
2025-09-15,1.17256,1.1774499999999999,1.17161,1.17608,47163
2025-09-16,1.1758899999999999,1.18785,1.17575,1.1867,59769
2025-09-17,1.18652,1.19189,1.1808,1.18131,57344
2025-09-18,1.18123,1.18482,1.1750099999999999,1.17859,66019
2025-09-19,1.17789,1.17927,1.17288,1.17439,62975
2025-09-22,1.17403,1.18026,1.17261,1.18021,52190
2025-09-23,1.18029,1.18198,1.17775,1.18143,60064
2025-09-24,1.18133,1.18191,1.17282,1.17376,59282
2025-09-25,1.17374,1.1754,1.1645699999999999,1.16652,62866
2025-09-26,1.16652,1.17073,1.16545,1.17002,58252
2025-09-29,1.16984,1.17546,1.16946,1.17269,52328
2025-09-30,1.17262,1.17615,1.17122,1.17333,55856
2025-10-01,1.17328,1.17787,1.17155,1.17302,69050
2025-10-02,1.17248,1.17583,1.16831,1.1716,53611
2025-10-03,1.17116,1.17591,1.17075,1.17413,48710
2025-10-06,1.1718,1.17309,1.16519,1.17121,65630
2025-10-07,1.17044,1.17149,1.16476,1.16573,56184
2025-10-08,1.16565,1.16614,1.15985,1.16284,65019
2025-10-09,1.16131,1.16483,1.15421,1.15644,72097
2025-10-10,1.15642,1.16309,1.15504,1.16241,68697
2025-10-13,1.16101,1.16299,1.15576,1.15702,63773
2025-10-14,1.15678,1.1615,1.15428,1.16075,77829
2025-10-15,1.16058,1.16478,1.15995,1.1647,65642
2025-10-16,1.16465,1.16944,1.16366,1.16875,71664
2025-10-17,1.1687400000000001,1.17285,1.16505,1.16511,68427
2025-10-20,1.1662,1.16757,1.16384,1.16409,51098
2025-10-21,1.16411,1.16553,1.15977,1.15993,58586
2025-10-22,1.15992,1.16227,1.15769,1.16093,50165
2025-10-23,1.16099,1.16202,1.15855,1.16181,40624
2025-10-24,1.16183,1.16477,1.16009,1.16278,47735
2025-10-27,1.16332,1.16523,1.16178,1.1644,44377
2025-10-28,1.16443,1.16687,1.16257,1.16521,47479
2025-10-29,1.16503,1.16661,1.15777,1.16006,62591
2025-10-30,1.16001,1.16375,1.15469,1.1565,59175
2025-10-31,1.15651,1.1577600000000001,1.15216,1.1537600000000001,45901
2025-11-03,1.1528,1.15414,1.15051,1.15186,45603
2025-11-04,1.1519,1.15336,1.1473200000000001,1.14822,46251
2025-11-05,1.14815,1.14981,1.14687,1.14924,41444
2025-11-06,1.14918,1.15524,1.1476899999999999,1.15471,42625
2025-11-07,1.1547,1.15912,1.15296,1.15642,43614
2025-11-10,1.15547,1.15831,1.15412,1.1557,43553
2025-11-11,1.15555,1.16056,1.15455,1.1582,39185
2025-11-12,1.1582,1.15978,1.15631,1.15921,39382
2025-11-13,1.15926,1.1656,1.15789,1.16339,49286
2025-11-14,1.16321,1.16538,1.16062,1.1617899999999999,55154
2025-11-17,1.16143,1.16247,1.15821,1.1592,39585
2025-11-18,1.15912,1.16078,1.1571500000000001,1.1580300000000001,46936
2025-11-19,1.1580300000000001,1.15973,1.15181,1.15383,52577
2025-11-20,1.15365,1.155,1.14994,1.15284,55959
2025-11-21,1.15274,1.15526,1.14912,1.1514,57362
2025-11-24,1.15088,1.15506,1.1502,1.1521,39454
2025-11-25,1.15204,1.1586,1.15116,1.15694,50441
2025-11-26,1.15695,1.16008,1.15471,1.15968,57051
2025-11-27,1.15909,1.16136,1.15766,1.15957,32140
2025-11-28,1.15951,1.16076,1.15552,1.15954,83110
2025-12-01,1.15936,1.16519,1.15871,1.16087,54236
2025-12-02,1.16092,1.16261,1.15912,1.16249,40993
2025-12-03,1.16215,1.16776,1.16086,1.16707,43943
2025-12-04,1.16706,1.16819,1.16411,1.16446,43345
2025-12-05,1.1644,1.16717,1.1628,1.16418,43140
2025-12-08,1.16334,1.16721,1.16164,1.16367,54143
2025-12-09,1.1636199999999999,1.16573,1.16151,1.16263,49909
2025-12-10,1.16255,1.16998,1.16217,1.16953,57544
2025-12-11,1.16949,1.17628,1.16822,1.17382,57419
2025-12-12,1.17372,1.17499,1.17196,1.174,47551
2025-12-15,1.17365,1.17689,1.17241,1.17534,47005
2025-12-16,1.1752,1.1804000000000001,1.17344,1.1746699999999999,58451
2025-12-17,1.17445,1.1758,1.1703000000000001,1.17403,52901
2025-12-18,1.174,1.17629,1.1712500000000001,1.17234,54097
2025-12-19,1.17211,1.17378,1.17029,1.17071,48567
2025-12-22,1.17144,1.17693,1.1706,1.17616,43785
2025-12-23,1.17593,1.1802,1.17473,1.17927,62521
2025-12-24,1.17932,1.18081,1.17726,1.17768,50718
2025-12-26,1.17773,1.17968,1.17615,1.17696,49733
2025-12-29,1.1759,1.1789,1.17494,1.1772,49488
2025-12-30,1.17721,1.17799,1.17433,1.17476,40402
2025-12-31,1.17472,1.17594,1.17201,1.17456,44006
2026-01-02,1.1746,1.17649,1.17132,1.17194,43183
2026-01-05,1.1718600000000001,1.17288,1.16591,1.1721300000000001,57761
2026-01-06,1.17202,1.17429,1.16838,1.1688399999999999,50674
2026-01-07,1.16883,1.17028,1.16727,1.16755,48536
2026-01-08,1.16723,1.1683,1.16427,1.16582,44503
2026-01-09,1.1659,1.16624,1.1618,1.16321,50013
2026-01-12,1.16258,1.16985,1.16217,1.16662,52609
2026-01-13,1.16656,1.16776,1.1634,1.16426,49426
2026-01-14,1.16412,1.16617,1.16333,1.16452,42414
2026-01-15,1.1644,1.1647,1.1593,1.16094,42359
2026-01-16,1.16073,1.1627399999999999,1.15845,1.15983,42061
2026-01-19,1.15817,1.16487,1.15772,1.16454,42831
2026-01-20,1.16448,1.1769,1.16326,1.17262,67447
2026-01-21,1.17241,1.1743000000000001,1.1676199999999999,1.16872,60895
2026-01-22,1.16818,1.17561,1.167,1.17549,48665
2026-01-23,1.17543,1.18336,1.17282,1.18263,57774
2026-01-26,1.18637,1.19069,1.18349,1.18797,75248
2026-01-27,1.18794,1.20821,1.18503,1.20393,79509
2026-01-28,1.2037200000000001,1.20447,1.18957,1.19533,85064
2026-01-29,1.19535,1.19966,1.19062,1.19702,86793
2026-01-30,1.1970399999999999,1.19746,1.18499,1.18526,101305
2026-02-02,1.18496,1.18748,1.1776,1.179,95736
2026-02-03,1.179,1.18289,1.17793,1.18185,72015
2026-02-04,1.18164,1.1837900000000001,1.17905,1.18052,71349
2026-02-05,1.18065,1.18218,1.17747,1.17789,77400
2026-02-06,1.1776200000000001,1.18261,1.17656,1.18138,57258
2026-02-09,1.18104,1.19266,1.18089,1.19148,67795
2026-02-10,1.19108,1.19286,1.18868,1.18937,60060
2026-02-11,1.18944,1.19272,1.1833,1.18712,72057
2026-02-12,1.18706,1.189,1.18523,1.18707,69288
2026-02-13,1.18698,1.18851,1.18471,1.18681,61178
2026-02-16,1.18643,1.1874500000000001,1.18463,1.18514,31986
2026-02-17,1.18505,1.18546,1.18049,1.18534,55048
2026-02-18,1.18546,1.18575,1.17821,1.1783299999999999,47469
2026-02-19,1.17827,1.18076,1.17419,1.1771099999999999,55124
2026-02-20,1.17729,1.18075,1.17434,1.17823,69590
2026-02-23,1.17904,1.18347,1.17744,1.17845,63221
2026-02-24,1.17843,1.17963,1.1766,1.17736,51406
2026-02-25,1.1771,1.18143,1.17633,1.181,49327
2026-02-26,1.18092,1.18289,1.17739,1.17974,54988
2026-02-27,1.17958,1.18268,1.17873,1.1814,59151
2026-03-02,1.17723,1.17959,1.16717,1.16899,96438
2026-03-03,1.16859,1.17069,1.15302,1.16119,117019
2026-03-04,1.16116,1.16547,1.15747,1.16353,97505
2026-03-05,1.16319,1.16474,1.15588,1.1608100000000001,106243
2026-03-06,1.1608,1.16214,1.15458,1.16161,103349
2026-03-09,1.15464,1.1637,1.15072,1.16358,146136
2026-03-10,1.16354,1.16673,1.16059,1.16083,106932
2026-03-11,1.16105,1.16454,1.15608,1.15666,91245
2026-03-12,1.15666,1.15741,1.15096,1.15102,81307
2026-03-13,1.15113,1.15297,1.14107,1.14152,81303
2026-03-16,1.14184,1.15248,1.14143,1.15057,72073
2026-03-17,1.15046,1.15472,1.1466,1.154,62726
2026-03-18,1.15391,1.15553,1.1449799999999999,1.14504,73414
2026-03-19,1.14508,1.16162,1.1443,1.15885,111505
2026-03-20,1.15876,1.1595,1.15246,1.15685,85536
2026-03-23,1.15361,1.164,1.14844,1.16103,141394
2026-03-24,1.16097,1.16283,1.1557,1.16069,110481
2026-03-25,1.16064,1.16307,1.15553,1.15587,74996
2026-03-26,1.15581,1.15723,1.15196,1.15293,66450
2026-03-27,1.15253,1.15478,1.15017,1.15112,66691
2026-03-30,1.15017,1.15212,1.14431,1.14615,59694
2026-03-31,1.14646,1.15635,1.14472,1.15529,88008
2026-04-01,1.15584,1.16271,1.1555,1.15902,75444
2026-04-02,1.15877,1.1605699999999999,1.15091,1.15387,83353
2026-04-03,1.15383,1.1549,1.15104,1.15146,26544
2026-04-06,1.15201,1.15716,1.15053,1.15428,63885
2026-04-07,1.1540300000000001,1.16051,1.15243,1.15973,71981
2026-04-08,1.15939,1.17218,1.15868,1.16621,108344
2026-04-09,1.16619,1.17234,1.16495,1.16982,63360
2026-04-10,1.16984,1.17392,1.16774,1.1726,57502
2026-04-13,1.16698,1.17655,1.16641,1.17587,64191
2026-04-14,1.17578,1.1811099999999999,1.17494,1.17945,53783
2026-04-15,1.17931,1.1808,1.1772,1.17992,59527
2026-04-16,1.1798,1.18239,1.17669,1.17819,56866
2026-04-17,1.17786,1.18492,1.17601,1.1763,62943
2026-04-20,1.17356,1.17902,1.1729,1.1786699999999999,65271
2026-04-21,1.17809,1.17909,1.17193,1.17431,67446
2026-04-22,1.17404,1.17626,1.1703000000000001,1.17062,54046
2026-04-23,1.17042,1.17165,1.1669,1.16824,72195
2026-04-24,1.16826,1.17227,1.16728,1.17225,54764
2026-04-27,1.16922,1.17549,1.16912,1.172,48005
2026-04-28,1.17179,1.17271,1.16773,1.17126,59483
2026-04-29,1.17016,1.17207,1.1661299999999999,1.1675,61707
2026-04-30,1.16758,1.17416,1.16551,1.17304,91244
2026-05-01,1.17297,1.17852,1.17154,1.17194,61746
2026-05-04,1.17445,1.17486,1.1681,1.16915,74025
2026-05-05,1.16876,1.17135,1.16765,1.16925,53789
2026-05-06,1.16916,1.17968,1.16845,1.1748,75114
2026-05-07,1.17454,1.17783,1.1722,1.17229,70755
2026-05-08,1.17201,1.17877,1.17201,1.17852,59224
2026-05-11,1.17472,1.17878,1.17445,1.17819,50606
2026-05-12,1.17793,1.17879,1.17217,1.17401,62750
2026-05-13,1.17354,1.17418,1.16955,1.17134,51868
2026-05-14,1.17057,1.17215,1.16657,1.1669,55534
2026-05-15,1.16672,1.1672,1.1616900000000001,1.16247,69209
2026-05-18,1.16164,1.16607,1.16083,1.16561,70602
2026-05-19,1.1655,1.16621,1.15922,1.16061,68885
2026-05-20,1.16039,1.16451,1.15827,1.1625,72818
2026-05-21,1.16211,1.16354,1.15759,1.16171,76735
2026-05-22,1.16167,1.16196,1.15881,1.16016,54859
2026-05-25,1.1638,1.16528,1.16272,1.1643,40546
2026-05-26,1.16408,1.1645,1.16171,1.16315,48127
2026-05-27,1.16287,1.16611,1.16155,1.16256,58826
2026-05-28,1.16232,1.16609,1.15862,1.16493,62301
2026-05-29,1.1650800000000001,1.16858,1.1625,1.16594,59199
2026-06-01,1.16527,1.16648,1.16067,1.1632,60717
2026-06-02,1.16279,1.16556,1.16135,1.1631,48440
2026-06-03,1.16315,1.16334,1.15949,1.15981,56056
2026-06-04,1.15965,1.1645,1.15945,1.16107,53219
2026-06-05,1.16098,1.16443,1.15179,1.15187,68894
2026-06-08,1.15105,1.15547,1.14995,1.15316,73481
2026-06-09,1.15324,1.15781,1.15241,1.15434,65752
2026-06-10,1.15424,1.15731,1.15332,1.15355,78410
2026-06-11,1.1535,1.15894,1.15029,1.15787,79205
2026-06-12,1.15783,1.15895,1.1557,1.15659,65304
2026-06-15,1.15748,1.16219,1.15649,1.15892,49036
2026-06-16,1.15895,1.16197,1.15749,1.1608100000000001,44322
2026-06-17,1.1608100000000001,1.16165,1.1478,1.15015,56851
2026-06-18,1.15009,1.15282,1.14512,1.14569,66319
2026-06-19,1.14569,1.14806,1.14178,1.14713,46043
2026-06-22,1.14625,1.14735,1.1419,1.14279,53775
2026-06-23,1.14253,1.1439,1.13758,1.13812,50813
2026-06-24,1.13812,1.13836,1.13245,1.13582,57900
2026-06-25,1.13557,1.1388,1.13334,1.1369799999999999,54959
2026-06-26,1.13692,1.1434,1.13543,1.13833,58183
2026-06-29,1.13896,1.14306,1.13787,1.14239,47033
2026-06-30,1.14199,1.14367,1.13825,1.14214,50502
2026-07-01,1.14213,1.1423,1.13618,1.13778,54798
2026-07-02,1.1377,1.14727,1.13748,1.14335,60174
2026-07-03,1.14304,1.14623,1.14206,1.14354,42980
2026-07-06,1.1439,1.14449,1.14085,1.14405,43650
2026-07-07,1.14413,1.14478,1.14082,1.14113,47897
2026-07-08,1.14119,1.14316,1.13913,1.1416,59212
2026-07-09,1.1415899999999999,1.14493,1.14104,1.14299,42610
2026-07-10,1.14296,1.14608,1.14116,1.14143,48867
2026-07-13,1.14005,1.14459,1.13774,1.138,55954
2026-07-14,1.13798,1.14626,1.13769,1.14206,64419
2026-07-15,1.14193,1.14824,1.1406100000000001,1.14631,53882
2026-07-16,1.14636,1.14762,1.14312,1.14426,51029
2026-07-17,1.1439300000000001,1.14522,1.1424400000000001,1.14375,44207
2026-07-20,1.14269,1.14495,1.14025,1.14135,43094
2026-07-21,1.14133,1.14286,1.13972,1.13973,38454
2026-07-22,1.13983,1.14216,1.13959,1.14119,39529
2026-07-23,1.14101,1.14357,1.13639,1.13773,53241
2026-07-24,1.13736,1.14011,1.13649,1.13707,45821
2026-07-27,1.13913,1.14181,1.13668,1.13676,51344
2026-07-28,1.13667,1.14052,1.13533,1.13859,45407
2026-07-29,1.13861,1.14707,1.13745,1.14661,59976
2026-07-30,1.14631,1.1537,1.14343,1.15276,66827
2026-07-31,1.1527,1.1547,1.14552,1.15308,71851
2026-08-03,1.15448,1.15589,1.15004,1.1508099999999999,58140
2026-08-04,1.15065,1.1534,1.15022,1.15323,50005
2026-08-05,1.15202,1.15594,1.15202,1.15534,57272
2026-08-06,1.15531,1.15597,1.15147,1.15238,44166
2026-08-07,1.1524,1.15809,1.15176,1.15583,46861
2026-08-10,1.15628,1.15656,1.154,1.15423,42108
2026-08-11,1.15404,1.15497,1.15314,1.15425,40352
2026-08-12,1.15389,1.15629,1.15199,1.15247,42565
2026-08-13,1.15229,1.15454,1.15118,1.1529,43570
2026-08-14,1.15154,1.15853,1.15154,1.1569,43565
2026-08-17,1.15629,1.16141,1.15608,1.15792,48749
2026-08-18,1.15775,1.15884,1.15666,1.15756,46391
2026-08-19,1.15717,1.16792,1.15701,1.16772,65388
2026-08-20,1.16764,1.17105,1.16692,1.16785,62358
2026-08-21,1.16778,1.17113,1.16687,1.16753,48001
2026-08-24,1.16757,1.16873,1.16553,1.16638,47176
2026-08-25,1.16636,1.1679599999999999,1.1651,1.16743,39509
2026-08-26,1.16666,1.1677,1.1642000000000001,1.16532,41824
2026-08-27,1.16498,1.16598,1.16367,1.1651799999999999,38462
2026-08-28,1.16498,1.16582,1.15778,1.1581299999999999,48149
2026-08-31,1.15778,1.16207,1.15758,1.1617,37592
2026-09-01,1.16171,1.16244,1.15849,1.15923,39456
2026-09-02,1.15931,1.1609,1.15662,1.15882,44895
2026-09-03,1.1588,1.16411,1.15826,1.16257,54032
2026-09-04,1.16258,1.16331,1.15851,1.16138,48666
2026-09-07,1.16125,1.16358,1.1605699999999999,1.16228,30895
2026-09-08,1.16221,1.16358,1.1608,1.16227,43930
2026-09-09,1.1623999999999999,1.16541,1.16201,1.1632500000000001,41746
2026-09-10,1.1633,1.16418,1.15922,1.16092,48491
2026-09-11,1.16116,1.16175,1.15694,1.15974,51445
2026-09-14,1.15957,1.15973,1.15232,1.15499,58032
2026-09-15,1.1544699999999999,1.15521,1.15271,1.1541,36932
2026-09-16,1.1542,1.15565,1.14609,1.14634,47339
2026-09-17,1.14636,1.14977,1.14548,1.14753,43374
2026-09-18,1.14754,1.14918,1.1454900000000001,1.1485400000000001,46867
2026-09-21,1.14821,1.14957,1.1461999999999999,1.1464,34304
2026-09-22,1.14639,1.14782,1.14294,1.14484,52772
2026-09-23,1.144,1.14503,1.13701,1.13837,46238
2026-09-24,1.13716,1.13991,1.1359,1.13799,58649
2026-09-25,1.13801,1.14112,1.13684,1.13902,47171
2026-09-28,1.13766,1.13912,1.13532,1.13711,48693
2026-09-29,1.13635,1.13744,1.13118,1.1341700000000001,44705
2026-09-30,1.13407,1.13803,1.13224,1.13292,51301
2026-10-01,1.13249,1.13368,1.12151,1.12422,67652
2026-10-02,1.1237,1.12854,1.12209,1.12504,63625
