time,open,high,low,close,volume
2015-01-02,187.143,187.297,184.293,184.594,81062
2015-01-05,184.307,184.395,181.696,182.377,136415
2015-01-06,182.377,182.414,179.209,179.262,147422
2015-01-07,179.261,180.637,179.117,180.128,143369
2015-01-08,180.124,180.922,179.967,180.482,118644
2015-01-09,180.482,180.906,179.452,179.493,127026
2015-01-12,179.54,180.526,179.006,179.474,123365
2015-01-13,179.481,180.072,178.073,178.719,148337
2015-01-14,178.722,178.838,176.828,178.679,157122
2015-01-15,178.676,179.56,176.252,176.252,158421
2015-01-16,176.262,178.301,175.775,178.008,157928
2015-01-19,177.739,178.345,176.975,177.571,82814
2015-01-20,177.644,180.26,177.501,179.855,95432
2015-01-21,179.913,179.913,177.036,178.567,105708
2015-01-22,178.604,179.188,177.191,177.779,104128
2015-01-23,177.83,178.485,176.122,176.451,106315
2015-01-26,176.357,178.901,175.725,178.537,90577
2015-01-27,178.59,179.407,177.835,179.098,102935
2015-01-28,179.098,179.356,177.632,177.888,110983
2015-01-29,177.89,178.917,177.684,178.154,108239
2015-01-30,178.196,178.529,176.097,176.838,104017
2015-02-02,176.5,177.714,176.101,176.808,106416
2015-02-03,176.744,178.379,175.483,178.278,111603
2015-02-04,178.303,179.274,177.581,178.012,109459
2015-02-05,178.009,180.39,177.718,180.106,122164
2015-02-06,180.105,181.799,179.549,181.421,110221
2015-02-09,181.241,181.615,180.154,180.459,104371
2015-02-10,180.495,182.245,180.245,182.144,106674
2015-02-11,182.134,183.954,181.989,183.516,101965
2015-02-12,183.514,184.163,181.199,183.206,114688
2015-02-13,183.204,183.345,182.475,182.574,104915
2015-02-16,182.682,183.21,181.505,181.978,94062
2015-02-17,181.979,183.368,181.566,183.052,107899
2015-02-18,183.045,184.189,182.588,183.321,112376
2015-02-19,183.32,184.026,183.017,183.316,101323
2015-02-20,183.322,183.657,181.659,183.193,107612
2015-02-23,183.337,184.006,182.601,183.625,90203
2015-02-24,183.614,184.716,183.53,183.799,98773
2015-02-25,183.814,184.658,183.525,184.544,95063
2015-02-26,184.505,185.017,183.591,183.935,96872
2015-02-27,183.936,185.0,183.537,184.658,99377
2015-03-02,184.542,184.911,184.153,184.571,89949
2015-03-03,184.562,184.711,183.651,183.878,92563
2015-03-04,183.876,183.979,182.526,182.651,93496
2015-03-05,182.652,183.701,182.385,183.045,93777
2015-03-06,183.04,183.243,181.467,181.663,98880
2015-03-09,181.619,183.583,181.512,183.345,90516
2015-03-10,183.344,183.91,182.265,182.39,111173
2015-03-11,182.412,183.135,180.779,181.335,113088
2015-03-12,181.343,181.776,180.191,180.526,99354
2015-03-13,180.528,180.741,178.227,178.911,101490
2015-03-16,178.84,180.198,178.84,179.926,92399
2015-03-17,179.923,180.131,178.538,178.892,106601
2015-03-18,178.893,181.019,177.147,179.792,115852
2015-03-19,179.77,179.896,177.703,178.202,121152
2015-03-20,178.203,180.076,177.92,179.433,107165
2015-03-23,179.429,179.668,178.132,178.983,101762
2015-03-24,178.981,179.182,177.499,177.707,97767
2015-03-25,177.711,178.356,177.527,177.818,82548
2015-03-26,177.817,177.906,176.461,177.029,115451
2015-03-27,177.028,177.914,176.682,177.126,103855
2015-03-30,177.411,178.186,176.661,177.791,96547
2015-03-31,177.788,178.297,177.093,177.932,86605
2015-04-01,177.899,178.416,176.766,177.478,92262
2015-04-02,177.46,177.94,176.758,177.483,86051
2015-04-03,177.486,177.928,177.072,177.481,56441
2015-04-06,177.272,178.269,177.155,177.841,45561
2015-04-07,177.824,179.177,177.702,178.062,93056
2015-04-08,178.052,179.283,177.624,178.568,98730
2015-04-09,178.55,179.076,177.1,177.366,91872
2015-04-10,177.371,177.523,175.669,175.83,89001
2015-04-13,175.83,176.523,175.283,176.259,89308
2015-04-14,176.263,176.606,174.871,176.442,105731
2015-04-15,176.434,176.949,175.689,176.855,103961
2015-04-16,176.855,178.016,176.544,177.591,120979
2015-04-17,177.591,178.723,177.439,177.891,108996
2015-04-20,177.891,178.192,177.186,177.701,92951
2015-04-21,177.701,178.895,177.475,178.559,133508
2015-04-22,178.559,180.395,178.454,180.262,149920
2015-04-23,180.262,180.45,179.3,180.07,150876
2015-04-24,180.07,181.003,179.648,180.693,155227
2015-04-27,180.388,181.571,180.293,181.327,130355
2015-04-28,181.245,182.393,180.664,182.369,141365
2015-04-29,182.295,184.112,182.11,183.755,167864
2015-04-30,183.721,184.146,182.573,183.3,203002
2015-05-01,183.248,184.456,181.772,181.925,131630
2015-05-04,182.041,182.293,181.398,181.643,81938
2015-05-05,181.614,182.77,181.443,181.947,21910
2015-05-06,181.901,182.516,181.451,182.024,46914
2015-05-07,182.022,182.975,180.943,182.518,18824
2015-05-08,182.511,186.015,182.511,184.907,28128
2015-05-11,184.875,187.379,184.561,187.114,80829
2015-05-12,187.136,188.354,186.708,187.801,136746
2015-05-13,187.789,188.579,187.013,187.566,107525
2015-05-14,187.581,188.513,187.348,187.967,128394
2015-05-15,187.938,188.595,187.66,187.759,91714
2015-05-18,187.74,188.263,187.292,187.779,101285
2015-05-19,187.784,187.953,185.94,187.163,126639
2015-05-20,187.156,188.594,187.065,188.46,142352
2015-05-21,188.465,189.997,187.931,189.529,128168
2015-05-22,189.547,189.64,187.921,188.339,120278
2015-05-25,187.963,188.584,187.78,188.016,79315
2015-05-26,188.012,189.646,187.869,189.338,127840
2015-05-27,189.313,190.328,189.194,189.816,139102
2015-05-28,189.823,190.688,189.263,189.787,150692
2015-05-29,189.787,189.987,188.679,189.69,136065
2015-06-01,189.758,189.971,188.522,189.627,149272
2015-06-02,189.636,190.523,189.109,190.379,213523
2015-06-03,190.378,190.784,189.523,190.554,131415
2015-06-04,190.553,191.673,189.855,191.011,60503
2015-06-05,190.991,191.945,190.711,191.762,202328
2015-06-08,191.749,191.849,190.672,191.021,186410
2015-06-09,191.039,191.349,189.514,191.268,204766
2015-06-10,191.277,191.6,188.958,190.451,255939
2015-06-11,190.448,191.94,190.28,191.49,198246
2015-06-12,191.535,192.213,191.234,192.003,154929
2015-06-15,191.498,192.605,191.4,192.487,130556
2015-06-16,192.504,193.138,192.055,193.011,171064
2015-06-17,193.01,195.636,192.948,195.376,203828
2015-06-18,195.371,195.823,194.334,195.218,224891
2015-06-19,195.221,195.49,194.599,194.758,169634
2015-06-22,195.15,195.561,194.608,195.18,179989
2015-06-23,195.181,195.484,194.573,194.936,194732
2015-06-24,194.936,195.87,194.246,194.469,188975
2015-06-25,194.481,194.748,193.469,194.644,185854
2015-06-26,194.645,195.243,193.928,194.983,180638
2015-06-29,192.687,193.515,191.287,192.817,261539
2015-06-30,192.812,193.004,191.7,192.403,224576
2015-07-01,192.414,192.913,191.862,192.318,202054
2015-07-02,192.305,192.924,191.924,192.041,171245
2015-07-03,192.021,192.499,190.897,191.169,147068
2015-07-06,189.586,191.644,189.393,191.203,173522
2015-07-07,191.202,191.548,188.219,189.411,198214
2015-07-08,189.419,189.484,184.966,185.395,219904
2015-07-09,185.392,187.335,185.128,186.573,190186
2015-07-10,186.573,190.747,186.489,190.45,185360
2015-07-13,189.635,192.318,189.635,191.081,177762
2015-07-14,191.083,192.926,190.537,192.889,167592
2015-07-15,192.889,193.748,192.659,193.506,173977
2015-07-16,193.47,193.92,193.022,193.764,174136
2015-07-17,193.739,194.364,192.858,193.578,135364
2015-07-20,193.458,193.934,193.041,193.371,130931
2015-07-21,193.368,193.854,192.515,192.658,201421
2015-07-22,192.615,193.972,192.292,193.501,272677
2015-07-23,193.468,193.908,191.922,192.184,192098
2015-07-24,192.131,192.452,191.638,192.051,136092
2015-07-27,191.952,192.186,190.995,191.74,157168
2015-07-28,191.74,193.219,191.437,192.867,155235
2015-07-29,192.914,194.157,192.552,193.386,159563
2015-07-30,193.254,194.575,193.184,193.648,162958
2015-07-31,193.586,193.989,193.15,193.429,178676
2015-08-03,193.612,194.228,193.031,193.296,155803
2015-08-04,193.28,193.814,193.035,193.519,175193
2015-08-05,193.507,195.209,193.186,194.707,181683
2015-08-06,194.698,195.24,193.112,193.445,156903
2015-08-07,193.393,193.771,191.967,192.388,160279
2015-08-10,192.254,194.445,192.252,194.219,131007
2015-08-11,194.233,194.982,193.966,194.697,179227
2015-08-12,194.763,195.014,193.408,193.816,201103
2015-08-13,193.83,194.72,193.657,194.128,155139
2015-08-14,194.15,194.555,193.833,194.431,139275
2015-08-17,194.486,195.153,193.718,193.744,134148
2015-08-18,193.757,195.262,193.522,194.717,147013
2015-08-19,194.743,195.02,193.962,193.969,176144
2015-08-20,194.007,194.527,193.278,193.492,181849
2015-08-21,193.521,193.744,191.309,191.391,215728
2015-08-24,191.044,191.404,183.194,186.688,303774
2015-08-25,186.721,189.984,186.06,186.35,302114
2015-08-26,186.338,188.08,184.142,185.136,275466
2015-08-27,185.253,186.819,185.224,186.304,244253
2015-08-28,186.321,187.359,185.364,187.297,206961
2015-08-31,187.417,187.419,185.841,185.973,153406
2015-09-01,185.927,186.216,182.53,182.672,224535
2015-09-02,182.607,184.27,182.456,184.054,211743
2015-09-03,184.043,184.697,182.667,183.13,185517
2015-09-04,183.125,183.328,180.452,180.493,204357
2015-09-07,180.413,182.512,180.37,182.118,164886
2015-09-08,182.214,184.954,181.798,184.425,201032
2015-09-09,184.327,186.416,184.327,185.163,218932
2015-09-10,185.05,187.319,184.231,186.252,242108
2015-09-11,186.176,186.859,185.685,185.988,184736
2015-09-14,185.881,186.626,184.596,185.366,177067
2015-09-15,185.365,186.086,184.205,184.719,186308
2015-09-16,184.733,187.183,184.225,186.725,183016
2015-09-17,186.702,188.266,186.686,187.049,196445
2015-09-18,187.039,187.358,185.927,186.183,223883
2015-09-21,186.419,187.318,186.001,186.926,186274
2015-09-22,186.892,187.01,184.089,184.558,190556
2015-09-23,184.517,184.646,182.903,183.287,198035
2015-09-24,183.268,183.543,181.602,182.963,230169
2015-09-25,183.027,184.416,182.627,182.979,229531
2015-09-28,183.003,183.292,181.626,181.926,205807
2015-09-29,181.912,182.512,180.941,181.388,234441
2015-09-30,181.365,183.032,180.836,181.323,207992
2015-10-01,181.333,182.017,181.069,181.401,202104
2015-10-02,181.391,182.572,180.646,181.941,214014
2015-10-05,182.284,183.188,181.857,182.407,203311
2015-10-06,182.385,183.259,181.966,183.011,159325
2015-10-07,182.996,184.04,182.489,183.814,176990
2015-10-08,183.761,184.258,182.995,184.025,168108
2015-10-09,184.006,184.838,183.921,184.139,159952
2015-10-12,184.061,184.681,183.925,184.198,108228
2015-10-13,184.18,184.337,181.823,182.556,154731
2015-10-14,182.536,184.319,182.315,183.892,180429
2015-10-15,183.844,184.351,182.746,183.783,185381
2015-10-16,183.709,184.714,183.583,184.366,151344
2015-10-19,184.314,185.087,183.819,184.781,151938
2015-10-20,184.751,185.576,184.63,185.067,141295
2015-10-21,184.999,185.554,184.715,184.879,140244
2015-10-22,184.799,185.898,184.481,185.763,158672
2015-10-23,185.739,186.291,185.248,185.911,170342
2015-10-26,185.926,185.997,185.126,185.699,141336
2015-10-27,185.699,185.866,183.918,184.224,143243
2015-10-28,184.226,185.029,183.882,184.862,151942
2015-10-29,184.869,185.541,184.087,185.333,151828
2015-10-30,185.34,186.714,184.299,186.063,172995
2015-11-02,185.962,186.957,185.54,186.126,128273
2015-11-03,186.123,186.876,185.863,186.698,124986
2015-11-04,186.633,187.303,186.47,186.957,154357
2015-11-05,186.987,187.679,184.952,185.112,167347
2015-11-06,185.085,185.811,184.293,185.308,165508
2015-11-09,185.472,186.596,185.362,186.134,169410
2015-11-10,186.108,186.497,185.878,186.184,154610
2015-11-11,186.072,187.038,185.938,186.874,138080
2015-11-12,186.811,187.498,186.532,186.699,170185
2015-11-13,186.691,187.024,186.396,186.695,158707
2015-11-16,186.109,187.447,185.981,187.173,157090
2015-11-17,187.202,187.974,186.846,187.756,153080
2015-11-18,187.742,188.274,187.273,188.268,141365
2015-11-19,188.314,188.797,187.562,187.856,161413
2015-11-20,187.812,188.076,186.447,186.48,142528
2015-11-23,186.508,186.96,185.636,185.726,145919
2015-11-24,185.777,185.989,184.314,184.748,164213
2015-11-25,184.745,185.797,184.486,185.603,163304
2015-11-26,185.344,185.638,184.643,185.118,120915
2015-11-27,185.073,185.306,184.232,184.434,125174
2015-11-30,184.616,185.641,184.338,185.324,126474
2015-12-01,185.238,186.008,184.935,185.278,141366
2015-12-02,185.198,185.629,183.956,184.252,143099
2015-12-03,184.187,185.884,183.996,185.611,182836
2015-12-04,185.61,186.257,185.112,185.898,176830
2015-12-07,186.072,186.33,185.456,185.711,120617
2015-12-08,185.651,185.739,183.75,184.457,142306
2015-12-09,184.42,185.377,183.681,184.285,162530
2015-12-10,184.273,184.956,183.357,184.291,146428
2015-12-11,184.233,185.045,183.552,184.09,152054
2015-12-14,184.45,184.463,182.111,183.159,172198
2015-12-15,183.143,184.21,182.574,182.984,154813
2015-12-16,182.873,183.727,182.413,183.312,168697
2015-12-17,183.259,183.661,182.36,182.583,153366
2015-12-18,182.542,183.92,180.313,180.313,170288
2015-12-21,180.492,181.21,179.93,180.327,136911
2015-12-22,180.268,180.604,179.018,179.488,116476
2015-12-23,179.443,180.148,179.298,179.776,93843
2015-12-24,179.609,179.951,178.948,179.75,71594
2015-12-28,179.065,180.036,178.959,179.092,79524
2015-12-29,179.106,179.531,178.11,178.431,101815
2015-12-30,178.427,179.025,178.235,178.497,80307
2015-12-31,178.501,178.697,177.083,177.099,66571
2016-01-04,177.072,177.356,174.929,175.789,172723
2016-01-05,175.689,176.151,174.073,174.673,159397
2016-01-06,174.659,174.914,173.086,173.307,195286
2016-01-07,173.275,173.755,170.739,171.956,200865
2016-01-08,171.921,173.359,170.155,170.157,197168
2016-01-11,170.108,172.268,169.352,171.232,193719
2016-01-12,171.184,171.684,169.155,169.936,183200
2016-01-13,169.852,171.278,169.488,169.492,185866
2016-01-14,169.529,170.503,168.815,170.107,197858
2016-01-15,170.085,170.561,166.23,166.715,194688
2016-01-18,166.293,168.141,166.293,167.077,160425
2016-01-19,167.083,169.09,166.321,166.516,199058
2016-01-20,166.457,166.811,163.963,165.916,224866
2016-01-21,165.924,167.699,164.441,167.348,232965
2016-01-22,167.323,170.346,167.064,169.349,181193
2016-01-25,169.231,169.997,168.294,168.522,168890
2016-01-26,168.544,170.253,166.964,169.905,175488
2016-01-27,169.906,170.044,168.554,168.901,194288
2016-01-28,168.849,171.142,168.661,170.585,185668
2016-01-29,170.525,174.163,170.075,172.472,224947
2016-02-01,172.756,175.004,172.407,174.592,172951
2016-02-02,174.573,174.66,172.737,172.823,178696
2016-02-03,172.794,173.737,171.031,172.139,228353
2016-02-04,172.139,172.456,170.016,170.324,239039
2016-02-05,170.344,170.516,168.971,169.34,186879
2016-02-08,169.12,170.621,165.955,167.151,204424
2016-02-09,167.134,167.195,164.536,166.569,250367
2016-02-10,166.523,167.623,164.405,164.542,249502
2016-02-11,164.535,165.046,159.779,162.722,236015
2016-02-12,162.722,164.767,161.653,163.985,201318
2016-02-15,164.232,165.744,164.113,165.332,155446
2016-02-16,165.304,166.073,162.424,163.108,169988
2016-02-17,163.058,163.873,161.549,163.01,163806
2016-02-18,163.0,163.953,162.028,162.288,156184
2016-02-19,162.287,162.49,160.716,162.083,158432
2016-02-22,160.478,161.546,159.121,159.755,166761
2016-02-23,159.627,159.906,156.95,157.137,173405
2016-02-24,157.154,157.295,154.702,156.182,190253
2016-02-25,156.187,157.891,155.768,157.729,190774
2016-02-26,157.719,158.542,157.188,157.998,181625
2016-02-29,157.91,157.968,156.187,156.768,193351
2016-03-01,156.765,159.508,156.135,159.006,181969
2016-03-02,158.995,160.556,158.723,159.745,200076
2016-03-03,159.719,161.28,159.617,161.135,168017
2016-03-04,161.16,162.426,160.417,161.863,150493
2016-03-07,161.906,162.217,160.363,161.801,129799
2016-03-08,161.765,161.851,159.582,160.083,154215
2016-03-09,160.053,161.34,159.464,161.06,146178
2016-03-10,161.098,162.873,160.708,161.65,180227
2016-03-11,161.547,164.082,161.041,163.569,134190
2016-03-14,163.719,163.966,162.578,162.707,118044
2016-03-15,162.719,162.926,159.533,160.161,149093
2016-03-16,160.164,160.901,159.616,160.564,151098
2016-03-17,160.562,161.565,158.998,161.242,169238
2016-03-18,161.284,161.769,160.341,161.445,127079
2016-03-21,161.254,161.342,160.122,160.855,107105
2016-03-22,160.845,161.48,158.431,159.694,143815
2016-03-23,159.689,160.002,158.479,158.639,140971
2016-03-24,158.637,159.84,158.434,159.652,124063
2016-03-25,159.651,160.195,159.312,159.529,51766
2016-03-28,159.868,161.713,159.726,161.651,62957
2016-03-29,161.687,162.487,161.325,162.075,145291
2016-03-30,161.985,162.564,161.332,161.66,152317
2016-03-31,161.585,162.014,160.875,161.646,142457
2016-04-01,161.617,161.716,158.692,158.717,159144
2016-04-04,158.628,159.572,158.152,158.769,131294
2016-04-05,158.718,158.836,155.711,156.209,157552
2016-04-06,156.167,156.64,154.518,155.014,164912
2016-04-07,155.014,155.325,151.639,152.044,195988
2016-04-08,152.052,154.223,151.909,152.576,162837
2016-04-11,152.365,154.453,151.95,153.689,150937
2016-04-12,153.655,155.506,153.482,154.898,159800
2016-04-13,154.904,155.745,154.666,155.275,155705
2016-04-14,155.265,155.356,153.878,154.803,141413
2016-04-15,154.807,155.297,154.069,154.368,117277
2016-04-18,153.536,155.697,152.502,155.325,133332
2016-04-19,155.258,157.699,155.235,157.199,131075
2016-04-20,157.1,157.863,156.18,157.402,142213
2016-04-21,157.396,158.363,156.597,156.753,141168
2016-04-22,156.744,161.238,156.504,160.544,151204
2016-04-25,161.717,161.815,160.002,161.001,131525
2016-04-26,160.997,162.689,160.44,162.266,129625
2016-04-27,162.231,162.797,161.582,161.996,129208
2016-04-28,161.982,162.566,157.059,157.886,158753
2016-04-29,157.853,158.041,155.236,155.302,147904
2016-05-02,154.9,156.644,154.9,156.097,128714
2016-05-03,156.128,156.156,154.411,154.933,157540
2016-05-04,154.876,156.163,154.399,155.068,153367
2016-05-05,155.082,155.847,154.852,155.339,114463
2016-05-06,155.308,155.61,153.617,154.464,141858
2016-05-09,154.333,156.423,154.292,156.036,129147
2016-05-10,156.042,157.909,156.013,157.791,128163
2016-05-11,157.787,157.99,156.39,156.589,118526
2016-05-12,156.57,158.476,156.239,157.485,136442
2016-05-13,157.405,157.624,155.65,155.66,139801
2016-05-16,155.796,157.073,155.656,156.996,112425
2016-05-17,156.96,158.963,156.927,157.806,133495
2016-05-18,157.794,160.866,157.005,160.834,172324
2016-05-19,160.801,161.622,160.115,160.632,163087
2016-05-20,160.538,161.05,159.507,159.58,133289
2016-05-23,159.592,159.809,158.031,158.175,134033
2016-05-24,158.159,161.037,158.079,160.933,136382
2016-05-25,160.944,162.511,160.419,161.947,138376
2016-05-26,161.8,162.16,160.704,160.989,142007
2016-05-27,160.989,161.405,160.143,161.151,109305
2016-05-30,161.288,162.882,161.193,162.651,99091
2016-05-31,162.657,163.877,159.831,160.314,165840
2016-06-01,160.308,160.648,157.205,157.866,184762
2016-06-02,157.893,157.946,156.565,157.003,172778
2016-06-03,156.926,157.26,154.556,154.609,219634
2016-06-06,154.192,155.633,152.934,155.283,193256
2016-06-07,155.245,157.944,154.978,156.09,163469
2016-06-08,156.01,156.243,154.936,155.147,163627
2016-06-09,155.146,155.312,153.638,154.737,169220
2016-06-10,154.776,155.014,151.483,152.431,174812
2016-06-13,152.27,152.371,149.45,151.529,203784
2016-06-14,151.363,151.505,149.173,149.704,197869
2016-06-15,149.661,151.165,149.304,150.545,180795
2016-06-16,150.519,150.625,145.374,148.041,216128
2016-06-17,148.035,149.902,147.972,149.155,189452
2016-06-20,151.431,153.625,150.879,152.55,187857
2016-06-21,152.494,154.377,151.886,153.465,184044
2016-06-22,153.329,154.559,152.834,153.496,170348
2016-06-23,153.497,158.194,153.31,157.576,171790
2016-06-24,157.575,160.086,133.229,139.59,247729
2016-06-27,136.274,137.822,133.312,134.879,260037
2016-06-28,134.716,137.433,134.266,137.033,173394
2016-06-29,136.972,139.002,135.851,138.02,171353
2016-06-30,138.082,138.834,135.882,137.309,191259
2016-07-01,137.228,137.656,135.754,135.929,139777
2016-07-04,135.921,136.793,135.842,136.198,109458
2016-07-05,136.155,136.252,132.009,132.455,159852
2016-07-06,132.436,132.499,128.756,130.961,198357
2016-07-07,130.895,131.933,129.561,130.01,171655
2016-07-08,130.0,130.881,129.627,129.74,153106
2016-07-11,130.244,133.738,130.102,133.573,154426
2016-07-12,133.103,139.46,132.975,138.611,181424
2016-07-13,138.593,139.499,136.894,137.369,176249
2016-07-14,137.29,142.096,136.368,140.508,181464
2016-07-15,140.518,143.22,137.793,138.148,159575
2016-07-18,138.985,141.284,138.307,140.677,127114
2016-07-19,140.65,141.064,138.466,139.064,141912
2016-07-20,139.094,141.474,138.32,141.149,130238
2016-07-21,141.098,142.381,139.066,139.996,161211
2016-07-22,139.929,141.074,138.418,139.013,140581
2016-07-25,139.456,140.119,138.745,139.005,115472
2016-07-26,138.964,139.096,135.958,137.358,143922
2016-07-27,137.301,139.9,137.144,139.354,160727
2016-07-28,139.274,139.445,137.458,138.532,136024
2016-07-29,138.566,139.223,134.85,134.921,170752
2016-08-01,135.141,136.241,134.493,134.917,127130
2016-08-02,134.869,135.555,133.886,134.716,146657
2016-08-03,134.62,135.427,134.157,134.869,137707
2016-08-04,134.87,135.235,132.536,132.598,137184
2016-08-05,132.631,133.226,132.22,132.999,113065
2016-08-08,133.256,134.006,133.089,133.596,92209
2016-08-09,133.562,133.666,132.079,132.419,94982
2016-08-10,132.44,132.811,131.543,131.701,113812
2016-08-11,131.691,132.239,130.992,132.046,102913
2016-08-12,132.062,132.515,130.348,130.804,110419
2016-08-15,130.658,131.199,129.959,130.411,99020
2016-08-16,130.403,130.874,129.054,130.837,143007
2016-08-17,130.776,131.793,130.266,130.739,140711
2016-08-18,130.704,132.243,129.994,131.484,145701
2016-08-19,131.49,132.006,130.328,131.012,126060
2016-08-22,131.474,132.142,131.116,131.774,131400
2016-08-23,131.762,132.306,131.431,132.277,117489
2016-08-24,132.24,133.287,131.958,132.895,115884
2016-08-25,132.894,133.269,132.337,132.569,95190
2016-08-26,132.551,133.86,132.323,133.588,136728
2016-08-29,133.884,134.377,133.408,133.529,100450
2016-08-30,133.506,134.857,133.319,134.663,122619
2016-08-31,134.582,135.885,134.565,135.847,128916
2016-09-01,135.853,138.013,135.386,136.947,138094
2016-09-02,136.82,138.815,136.632,137.739,141461
2016-09-05,138.352,138.449,137.312,137.504,105011
2016-09-06,137.533,138.304,136.85,137.114,135300
2016-09-07,136.953,137.102,135.379,135.693,138737
2016-09-08,135.695,136.418,134.999,136.234,139724
2016-09-09,136.055,137.119,135.72,135.881,148002
2016-09-12,136.005,136.216,135.066,135.778,149044
2016-09-13,135.758,136.062,134.458,135.278,162352
2016-09-14,135.251,136.61,134.896,135.538,147737
2016-09-15,135.456,136.116,134.557,135.124,159648
2016-09-16,135.07,135.233,132.88,132.88,136050
2016-09-19,132.77,133.461,132.421,132.77,112818
2016-09-20,132.789,133.087,131.633,132.076,133354
2016-09-21,132.075,133.242,130.396,130.728,190935
2016-09-22,130.669,132.253,130.529,131.717,135358
2016-09-23,131.594,132.274,130.44,130.583,142199
2016-09-26,130.864,131.218,129.678,130.133,120051
2016-09-27,130.144,131.199,129.613,130.738,156874
2016-09-28,130.734,131.267,130.458,131.033,138362
2016-09-29,131.013,132.419,130.663,130.965,163622
2016-09-30,130.921,131.938,130.409,131.438,163780
2016-10-03,130.701,131.489,130.059,130.493,136467
2016-10-04,130.463,131.34,130.289,130.968,177373
2016-10-05,130.885,132.217,130.483,131.908,145424
2016-10-06,131.896,132.057,131.065,131.121,144310
2016-10-07,131.119,131.22,116.082,127.874,220941
2016-10-10,127.935,128.592,127.461,128.064,127845
2016-10-11,128.023,128.354,124.811,125.478,183305
2016-10-12,125.451,127.686,125.276,127.191,191200
2016-10-13,127.016,127.456,125.902,127.044,161732
2016-10-14,127.019,127.914,126.509,126.509,176587
2016-10-17,126.754,127.047,126.239,126.528,151212
2016-10-18,126.52,128.153,126.363,127.708,146282
2016-10-19,127.684,127.872,126.587,127.085,140516
2016-10-20,127.02,127.569,126.569,127.345,145598
2016-10-21,127.336,127.667,126.106,126.807,134150
2016-10-24,126.88,127.555,126.6,127.469,116797
2016-10-25,127.459,127.929,126.585,127.003,154728
2016-10-26,126.96,127.97,126.61,127.914,138272
2016-10-27,127.914,128.405,127.402,128.014,168930
2016-10-28,127.994,128.265,127.227,127.274,191515
2016-10-31,127.418,128.479,127.418,128.206,146409
2016-11-01,128.21,129.014,127.113,127.4,168690
2016-11-02,127.4,127.486,126.705,127.106,197402
2016-11-03,127.1,128.899,126.467,128.318,189832
2016-11-04,128.318,129.439,128.244,128.72,160233
2016-11-07,129.389,130.22,129.218,129.494,155104
2016-11-08,129.425,130.34,129.253,130.209,145901
2016-11-09,130.125,131.701,126.681,131.068,381162
2016-11-10,131.071,134.312,130.27,134.037,249130
2016-11-11,134.044,134.902,133.414,133.966,229413
2016-11-14,134.256,135.611,134.07,135.355,220641
2016-11-15,135.364,136.546,134.169,135.965,179705
2016-11-16,135.955,136.746,135.617,135.678,166110
2016-11-17,135.699,136.879,134.984,136.651,194940
2016-11-18,136.625,137.568,135.391,136.513,224603
2016-11-21,138.144,138.848,136.267,138.361,214662
2016-11-22,138.306,138.827,137.612,138.043,191358
2016-11-23,138.035,140.332,137.256,139.873,176613
2016-11-24,139.824,141.286,139.614,141.063,152913
2016-11-25,141.047,141.726,139.946,140.983,186707
2016-11-28,140.484,140.911,138.841,138.951,214154
2016-11-29,138.834,141.357,138.494,140.357,194976
2016-11-30,140.365,143.241,139.957,143.101,231566
2016-12-01,143.074,145.178,142.627,143.587,212782
2016-12-02,143.606,144.652,142.895,144.199,180138
2016-12-05,143.28,146.019,142.499,144.904,210166
2016-12-06,144.901,145.611,144.144,144.476,147464
2016-12-07,144.424,144.782,142.978,143.605,136553
2016-12-08,143.578,144.454,143.07,143.478,172560
2016-12-09,143.404,145.105,143.272,144.699,152644
2016-12-12,145.106,146.362,144.898,145.757,154711
2016-12-13,145.751,146.691,145.478,145.777,165733
2016-12-14,145.781,147.274,145.18,147.017,187142
2016-12-15,147.01,148.445,146.333,146.719,264279
2016-12-16,146.707,147.305,146.244,146.878,237408
2016-12-19,147.155,147.249,144.512,145.091,212394
2016-12-20,145.126,146.34,144.905,145.737,206515
2016-12-21,145.7,145.853,144.873,145.179,176087
2016-12-22,145.194,145.568,144.294,144.298,167914
2016-12-23,144.294,144.482,143.484,143.747,131391
2016-12-26,143.74,143.961,143.277,143.755,12830
2016-12-27,143.666,144.246,143.529,144.038,107689
2016-12-28,143.996,144.683,142.992,143.325,151645
2016-12-29,143.258,143.339,142.153,142.878,175054
2016-12-30,142.779,144.601,142.671,144.348,203254
2017-01-02,143.878,144.948,143.83,144.222,103829
2017-01-03,144.219,145.383,143.513,144.079,199402
2017-01-04,144.02,144.936,143.673,144.415,216421
2017-01-05,144.335,144.636,142.478,143.166,277950
2017-01-06,143.122,144.033,142.963,143.643,231247
2017-01-09,143.344,143.841,141.04,141.081,213579
2017-01-10,141.034,141.432,140.164,140.933,237885
2017-01-11,140.911,141.458,139.929,140.918,266296
2017-01-12,140.801,140.975,138.907,139.458,290226
2017-01-13,139.405,140.56,139.079,139.08,240355
2017-01-16,137.132,138.137,136.446,137.483,207782
2017-01-17,137.505,140.124,137.044,139.777,298972
2017-01-18,139.696,140.66,139.122,140.5,267982
2017-01-19,140.498,142.162,140.345,141.721,270746
2017-01-20,141.732,142.058,141.158,141.449,267885
2017-01-23,141.506,142.068,140.746,141.214,263725
2017-01-24,141.203,142.501,140.756,142.441,241206
2017-01-25,142.417,143.696,141.812,143.063,249961
2017-01-26,143.043,144.512,142.871,144.186,246200
2017-01-27,144.216,144.773,143.98,144.338,214660
2017-01-30,144.254,144.596,141.657,142.008,219757
2017-01-31,141.917,142.449,140.43,141.834,268905
2017-02-01,141.806,144.113,141.633,143.28,247690
2017-02-02,143.274,143.512,140.748,141.24,250478
2017-02-03,141.226,141.965,140.184,140.184,231522
2017-02-06,140.365,140.745,139.201,139.243,216051
2017-02-07,139.239,140.589,138.525,140.528,226067
2017-02-08,140.538,140.665,139.788,140.346,228355
2017-02-09,140.338,141.796,140.019,141.484,213687
2017-02-10,141.457,142.357,140.924,140.993,220762
2017-02-13,141.591,142.601,141.375,142.412,197830
2017-02-14,142.404,142.704,141.003,142.383,218493
2017-02-15,142.452,142.797,141.828,142.199,208218
2017-02-16,142.156,142.449,141.235,141.379,205628
2017-02-17,141.329,141.934,139.615,139.681,191420
2017-02-20,139.99,141.247,139.99,140.866,149179
2017-02-21,140.882,141.851,140.842,141.771,200238
2017-02-22,141.711,142.021,140.462,141.062,220436
2017-02-23,141.026,141.535,140.673,141.373,201943
2017-02-24,141.3,141.756,139.304,139.357,204244
2017-02-27,139.813,140.36,138.993,140.168,214172
2017-02-28,140.176,140.309,138.814,139.586,210530
2017-03-01,139.516,140.724,139.483,139.762,251584
2017-03-02,139.774,140.738,139.703,140.366,207981
2017-03-03,140.303,140.487,139.59,139.834,212914
2017-03-06,139.913,140.31,139.266,139.336,176858
2017-03-07,139.336,139.621,138.715,139.015,179828
2017-03-08,138.948,139.65,138.427,139.108,202437
2017-03-09,139.103,140.02,139.041,139.804,234879
2017-03-10,139.814,140.527,139.351,139.457,226295
2017-03-13,139.644,140.482,139.491,140.302,201345
2017-03-14,140.302,140.405,139.141,139.444,197554
2017-03-15,139.443,140.603,139.104,139.403,208348
2017-03-16,139.405,140.173,138.544,140.017,242261
2017-03-17,140.012,140.454,139.144,139.628,192301
2017-03-20,139.534,140.128,138.883,139.012,167699
2017-03-21,139.015,140.397,138.903,139.395,228935
2017-03-22,139.394,139.479,137.745,138.831,243708
2017-03-23,138.831,139.314,138.284,138.889,230892
2017-03-24,138.891,139.148,138.29,138.616,205823
2017-03-27,138.429,139.095,138.028,138.939,219083
2017-03-28,138.917,139.385,138.032,138.385,200452
2017-03-29,138.29,138.49,137.506,138.039,216823
2017-03-30,138.041,139.59,137.732,139.504,199298
2017-03-31,139.488,140.075,138.965,139.508,217145
2017-04-03,139.655,139.889,138.291,138.433,187339
2017-04-04,138.421,138.476,137.073,137.718,191878
2017-04-05,137.706,139.027,137.444,138.169,198278
2017-04-06,138.16,138.704,137.706,138.137,177752
2017-04-07,138.095,138.326,136.938,137.201,218519
2017-04-10,137.433,138.265,137.364,137.736,222066
2017-04-11,137.695,137.734,136.844,136.92,277784
2017-04-12,136.886,137.334,136.522,136.695,261115
2017-04-13,136.653,137.116,136.336,136.374,240620
2017-04-14,136.36,136.622,135.935,135.991,143813
2017-04-17,136.186,136.98,135.598,136.827,170981
2017-04-18,136.821,140.036,136.144,139.281,334763
2017-04-19,139.188,140.19,138.932,139.089,269012
2017-04-20,139.036,140.344,139.014,140.046,240117
2017-04-21,140.013,140.155,139.189,139.541,228310
2017-04-24,141.878,141.879,140.194,140.414,279909
2017-04-25,140.411,142.651,140.053,142.609,198792
2017-04-26,142.571,143.507,142.331,142.671,255086
2017-04-27,142.638,143.891,142.583,143.559,218231
2017-04-28,143.538,144.498,143.303,144.331,201037
2017-05-01,143.826,144.631,143.795,144.115,117369
2017-05-02,144.053,145.12,144.032,144.933,155817
2017-05-03,144.875,145.361,144.516,145.104,163445
2017-05-04,145.043,145.731,144.66,145.315,183101
2017-05-05,145.301,146.444,144.81,146.158,242897
2017-05-08,146.608,146.684,145.659,146.553,249552
2017-05-09,146.492,147.875,146.444,147.459,257858
2017-05-10,147.335,148.111,147.123,147.865,424802
2017-05-11,147.797,147.945,146.14,146.746,466731
2017-05-12,146.657,146.798,145.804,146.044,436368
2017-05-15,145.758,147.003,145.736,146.73,397404
2017-05-16,146.656,147.116,145.822,146.127,446340
2017-05-17,146.058,146.11,143.638,143.739,606619
2017-05-18,143.637,144.832,143.358,144.285,737537
2017-05-19,144.175,145.385,143.828,145.037,492474
2017-05-22,144.199,145.085,144.134,144.675,406916
2017-05-23,144.693,145.15,143.76,144.896,515675
2017-05-24,144.816,145.413,144.508,144.655,464662
2017-05-25,144.579,145.443,144.471,144.743,428793
2017-05-26,144.681,144.743,142.134,142.51,406760
2017-05-29,142.319,143.081,142.296,142.859,257506
2017-05-30,142.773,143.095,141.831,142.514,412156
2017-05-31,142.492,142.911,141.487,142.779,492118
2017-06-01,142.769,143.705,142.525,143.434,443103
2017-06-02,143.392,143.956,142.019,142.343,428060
2017-06-05,141.884,143.103,141.881,142.546,336364
2017-06-06,142.507,142.647,140.717,141.222,439405
2017-06-07,141.218,142.382,140.745,142.333,444343
2017-06-08,142.263,142.77,141.744,142.517,504736
2017-06-09,142.413,142.546,139.515,140.589,768177
2017-06-12,140.225,140.801,138.674,139.199,456098
2017-06-13,139.122,140.397,138.964,140.351,422988
2017-06-14,140.36,140.906,139.109,139.739,531310
2017-06-15,139.684,141.589,139.193,141.508,500185
2017-06-16,141.434,142.337,141.35,141.623,424041
2017-06-19,141.443,142.341,141.354,142.051,346929
2017-06-20,142.009,142.544,140.592,140.711,396609
2017-06-21,140.757,141.763,139.852,141.128,395225
2017-06-22,141.094,141.237,140.472,141.182,375410
2017-06-23,141.181,141.892,141.015,141.545,320791
2017-06-26,141.539,142.367,141.508,142.311,337709
2017-06-27,142.247,144.222,141.965,143.951,437716
2017-06-28,143.904,145.523,143.266,145.184,507333
2017-06-29,145.108,146.535,144.963,145.862,526755
2017-06-30,145.875,146.552,145.137,146.455,531329
2017-07-03,145.734,146.933,145.697,146.719,425404
2017-07-04,146.633,146.84,145.985,146.338,394166
2017-07-05,146.246,146.801,146.01,146.474,471604
2017-07-06,146.482,147.276,146.051,146.847,481508
2017-07-07,146.812,147.612,146.394,146.757,507814
2017-07-10,146.598,147.451,146.596,146.891,392790
2017-07-11,146.87,147.779,146.168,146.394,455498
2017-07-12,146.315,146.416,145.267,145.811,542490
2017-07-13,145.766,146.871,145.554,146.581,506467
2017-07-14,146.491,147.584,146.014,147.445,459592
2017-07-17,147.256,147.611,146.76,147.008,440946
2017-07-18,146.962,147.329,145.397,146.115,553472
2017-07-19,146.108,146.327,145.264,145.777,452577
2017-07-20,145.778,146.283,144.698,145.167,599335
2017-07-21,145.111,145.33,144.06,144.405,492247
2017-07-24,144.251,145.023,144.027,144.742,451920
2017-07-25,144.713,145.894,144.464,145.725,483912
2017-07-26,145.7,146.412,145.489,145.868,520120
2017-07-27,145.825,146.561,145.13,145.372,635147
2017-07-28,145.283,145.781,145.017,145.406,564371
2017-07-31,145.139,145.839,144.819,145.651,498578
2017-08-01,145.7,146.166,145.402,145.759,517201
2017-08-02,145.658,146.762,145.556,146.44,511155
2017-08-03,146.36,146.803,144.384,144.564,511664
2017-08-04,144.551,145.293,144.229,144.294,435662
2017-08-07,144.259,144.719,144.185,144.317,361495
2017-08-08,144.34,144.465,143.184,143.373,394984
2017-08-09,143.325,143.379,142.273,143.127,455591
2017-08-10,143.066,143.338,141.646,141.719,461388
2017-08-11,141.673,142.073,141.251,141.997,487284
2017-08-14,141.786,142.739,141.696,142.147,427063
2017-08-15,142.078,143.192,141.977,142.421,505705
2017-08-16,142.392,143.098,141.724,142.052,431222
2017-08-17,142.038,142.072,140.856,140.988,524656
2017-08-18,140.962,141.096,139.79,140.545,524908
2017-08-21,140.529,140.847,140.105,140.547,382466
2017-08-22,140.549,141.04,140.06,140.483,347227
2017-08-23,140.463,140.794,139.437,139.545,387209
2017-08-24,139.536,140.444,139.296,140.218,360318
2017-08-25,140.206,140.849,140.122,140.777,420711
2017-08-28,141.02,141.416,140.438,141.294,321911
2017-08-29,141.239,142.0,140.013,141.787,558315
2017-08-30,141.694,142.778,141.563,142.463,412306
2017-08-31,142.443,142.903,141.548,142.212,463429
2017-09-01,142.178,143.023,141.855,142.823,397609
2017-09-04,141.927,142.499,141.583,141.859,320857
2017-09-05,141.833,141.932,141.192,141.798,460297
2017-09-06,141.757,142.685,141.369,142.485,450754
2017-09-07,142.383,142.68,141.488,142.095,462838
2017-09-08,142.025,142.548,141.344,142.287,501748
2017-09-11,142.568,144.177,142.498,143.982,389627
2017-09-12,143.939,146.54,143.889,146.327,420976
2017-09-13,146.306,146.663,145.649,145.946,402196
2017-09-14,145.91,148.345,145.152,147.666,439225
2017-09-15,147.658,151.546,146.618,150.597,488879
2017-09-18,150.558,151.515,150.144,150.586,408049
2017-09-19,150.549,151.59,150.134,150.792,476060
2017-09-20,150.666,152.166,150.447,151.382,465817
2017-09-21,151.385,152.858,151.372,152.774,462575
2017-09-22,152.679,152.776,150.679,151.136,445361
2017-09-25,151.193,152.27,149.75,150.482,462489
2017-09-26,150.408,151.074,149.987,151.05,455903
2017-09-27,151.02,151.605,150.528,151.01,509077
2017-09-28,150.98,151.578,150.468,151.001,485368
2017-09-29,150.942,151.284,150.201,150.697,437081
2017-10-02,150.516,150.968,149.279,149.708,405761
2017-10-03,149.632,150.24,149.29,149.392,416467
2017-10-04,149.355,149.906,149.037,149.372,405758
2017-10-05,149.331,149.458,147.68,147.99,384516
2017-10-06,147.987,148.031,147.044,147.186,398777
2017-10-09,147.391,148.551,146.946,148.09,310475
2017-10-10,148.051,148.521,147.736,148.475,393393
2017-10-11,148.442,148.847,147.844,148.772,356030
2017-10-12,148.718,149.163,147.297,148.959,407889
2017-10-13,148.862,149.264,148.452,148.597,416240
2017-10-16,148.502,148.977,148.169,148.648,321160
2017-10-17,148.631,149.066,147.778,148.022,390274
2017-10-18,147.948,149.12,147.864,149.109,383207
2017-10-19,149.105,149.435,147.887,148.095,455034
2017-10-20,148.039,149.831,147.986,149.707,463070
2017-10-23,150.052,150.494,149.479,149.691,394642
2017-10-24,149.685,150.091,149.134,149.584,415319
2017-10-25,149.507,151.395,149.281,150.849,512389
2017-10-26,150.752,150.901,149.764,150.031,452331
2017-10-27,149.959,150.045,148.892,149.237,473996
2017-10-30,149.183,150.013,149.106,149.476,357835
2017-10-31,149.462,151.067,149.192,150.938,387881
2017-11-01,150.902,151.944,150.835,151.244,405340
2017-11-02,151.206,151.519,148.665,148.983,455932
2017-11-03,148.96,149.536,148.71,149.145,362012
2017-11-06,148.957,149.901,148.956,149.785,387875
2017-11-07,149.724,150.326,149.655,150.075,375442
2017-11-08,150.061,150.129,148.54,149.353,366647
2017-11-09,149.3,149.697,148.447,149.167,488706
2017-11-10,149.113,150.004,148.838,149.713,412323
2017-11-13,149.27,149.681,148.057,149.03,388943
2017-11-14,149.002,149.578,148.617,149.36,398175
2017-11-15,149.355,149.368,148.093,148.656,530456
2017-11-16,148.63,149.459,148.519,149.157,433218
2017-11-17,149.134,149.317,147.933,148.222,467533
2017-11-20,148.156,149.234,147.63,149.034,241333
2017-11-21,148.994,149.372,148.618,148.848,191172
2017-11-22,148.815,148.967,148.015,148.186,195524
2017-11-23,148.147,148.48,147.81,148.006,144954
2017-11-24,147.968,148.984,147.885,148.674,194411
2017-11-27,148.419,148.864,147.837,147.97,183009
2017-11-28,147.911,149.288,146.975,148.706,249025
2017-11-29,148.635,150.437,148.579,150.096,262903
2017-11-30,150.04,152.412,149.954,152.238,267497
2017-12-01,152.171,152.482,150.581,151.141,315038
2017-12-04,151.47,152.95,151.234,151.522,266868
2017-12-05,151.502,151.813,150.524,151.336,211608
2017-12-06,151.299,151.394,149.758,150.39,224556
2017-12-07,150.325,152.465,150.14,152.361,205866
2017-12-08,152.366,153.408,151.633,151.951,209286
2017-12-11,151.794,152.344,151.234,151.469,164194
2017-12-12,151.436,151.76,151.027,151.211,156135
2017-12-13,151.194,151.511,150.458,150.977,193756
2017-12-14,150.98,151.889,150.52,150.964,215349
2017-12-15,150.89,151.025,149.412,149.972,197222
2017-12-18,149.964,151.032,149.618,150.603,163698
2017-12-19,150.591,151.272,150.371,151.101,169079
2017-12-20,151.073,152.013,150.972,151.66,161332
2017-12-21,151.64,151.918,151.272,151.677,142520
2017-12-22,151.656,151.857,151.189,151.278,139387
2017-12-26,151.189,151.584,151.189,151.444,86434
2017-12-27,151.427,152.09,151.281,151.858,148211
2017-12-28,151.788,151.985,151.493,151.724,111653
2017-12-29,151.616,152.511,151.529,152.04,140178
2018-01-02,152.107,152.743,151.866,152.635,146566
2018-01-03,152.549,152.827,151.755,152.08,145131
2018-01-04,151.983,152.981,151.95,152.79,147105
2018-01-05,152.724,153.639,152.642,153.384,143237
2018-01-08,153.29,153.672,152.872,153.428,122892
2018-01-09,153.401,153.572,151.943,152.52,169496
2018-01-10,152.517,152.602,150.36,150.51,218863
2018-01-11,150.462,151.01,150.194,150.653,203660
2018-01-12,150.548,152.676,150.515,152.453,235887
2018-01-15,152.459,152.807,151.932,152.474,204973
2018-01-16,152.377,153.1,152.049,152.35,205679
2018-01-17,152.32,154.285,152.145,153.902,247102
2018-01-18,153.86,154.581,153.621,154.359,228469
2018-01-19,154.33,154.438,153.111,153.465,222093
2018-01-22,153.508,155.257,153.427,155.172,190282
2018-01-23,155.074,155.401,153.732,154.399,217648
2018-01-24,154.361,155.719,154.126,155.482,275121
2018-01-25,155.45,156.086,154.428,154.685,356473
2018-01-26,154.604,155.856,153.427,153.709,310590
2018-01-29,153.553,154.024,152.824,153.372,259958
2018-01-30,153.326,154.089,151.971,153.912,268462
2018-01-31,153.841,155.352,153.56,154.964,294913
2018-02-01,154.904,156.449,154.658,156.039,253122
2018-02-02,155.979,156.608,155.418,155.518,281377
2018-02-05,155.343,155.548,152.285,152.357,332762
2018-02-06,152.19,152.912,151.205,152.841,481246
2018-02-07,152.755,153.124,151.326,151.767,310054
2018-02-08,151.664,154.047,150.821,151.294,401881
2018-02-09,151.255,152.754,148.92,150.41,409340
2018-02-12,150.226,150.828,149.665,150.356,253662
2018-02-13,150.296,150.623,148.977,149.778,255292
2018-02-14,149.757,150.027,147.966,149.805,309414
2018-02-15,149.731,150.186,148.935,149.663,296848
2018-02-16,149.597,149.963,148.776,149.077,249412
2018-02-19,148.934,149.473,148.879,149.184,170203
2018-02-20,149.167,150.383,149.07,150.203,204896
2018-02-21,150.168,150.933,149.418,149.992,249452
2018-02-22,149.978,149.99,148.54,148.97,235770
2018-02-23,148.912,149.516,148.641,149.264,193184
2018-02-26,149.861,150.013,149.001,149.368,214984
2018-02-27,149.3,149.814,148.84,149.276,235826
2018-02-28,149.222,149.519,146.723,146.793,240081
2018-03-01,146.763,147.484,146.009,146.348,310732
2018-03-02,146.307,146.447,144.983,145.874,286798
2018-03-05,145.508,147.121,145.081,147.063,326220
2018-03-06,147.057,148.012,146.553,147.378,298838
2018-03-07,147.347,147.57,146.231,147.468,345838
2018-03-08,147.3,147.665,146.372,146.686,294127
2018-03-09,146.606,148.545,146.602,147.936,295189
2018-03-12,147.644,148.213,147.417,147.967,185505
2018-03-13,147.961,149.379,147.765,148.796,222733
2018-03-14,148.791,149.167,147.751,148.454,228470
2018-03-15,148.429,148.501,147.447,148.192,228333
2018-03-16,148.178,148.258,147.247,147.761,207868
2018-03-19,147.611,149.683,147.048,148.788,267579
2018-03-20,148.777,149.794,148.575,149.135,241452
2018-03-21,149.115,150.315,148.953,149.953,233564
2018-03-22,149.93,150.188,148.271,148.395,316678
2018-03-23,148.38,148.973,147.673,148.021,346222
2018-03-26,147.901,150.11,147.876,149.986,236393
2018-03-27,149.932,150.496,148.936,149.129,256697
2018-03-28,149.094,150.59,148.908,150.359,270734
2018-03-29,150.346,150.465,149.025,149.19,227104
2018-03-30,149.147,149.465,148.831,149.073,140237
2018-04-02,148.876,149.675,148.383,148.729,167826
2018-04-03,148.661,149.96,148.493,149.878,230582
2018-04-04,149.82,150.429,148.798,150.336,256294
2018-04-05,150.291,150.687,149.963,150.386,216097
2018-04-06,150.319,151.226,149.887,150.673,287912
2018-04-09,150.673,151.494,150.496,150.851,211377
2018-04-10,150.816,152.138,150.709,151.964,252720
2018-04-11,151.927,152.248,151.277,151.419,220072
2018-04-12,151.316,152.88,151.172,152.723,220091
2018-04-13,152.621,153.856,152.584,152.861,201331
2018-04-16,153.027,153.763,152.651,153.582,183501
2018-04-17,153.539,153.754,152.783,152.921,176036
2018-04-18,152.832,153.629,152.059,152.304,183551
2018-04-19,152.25,152.956,151.091,151.186,214691
2018-04-20,151.171,151.7,150.697,150.716,215537
2018-04-23,150.878,151.647,150.736,151.52,204213
2018-04-24,151.506,152.605,151.408,152.096,199647
2018-04-25,152.048,152.569,152.014,152.433,201536
2018-04-26,152.382,152.727,151.974,152.077,227128
2018-04-27,152.065,152.279,150.253,150.277,228118
2018-04-30,150.177,150.848,149.837,150.48,179020
2018-05-01,150.392,150.635,149.15,149.585,194042
2018-05-02,149.554,150.126,149.008,149.086,236168
2018-05-03,149.075,149.465,147.6,148.237,248719
2018-05-04,148.178,148.289,147.06,147.555,197497
2018-05-07,147.654,148.263,147.343,147.894,156920
2018-05-08,147.856,148.082,147.051,147.852,212805
2018-05-09,147.807,149.197,147.699,148.665,210672
2018-05-10,148.614,149.309,147.48,147.858,259590
2018-05-11,147.844,148.49,147.582,148.089,177198
2018-05-14,148.031,149.068,147.967,148.626,162180
2018-05-15,148.627,149.204,148.378,149.054,216218
2018-05-16,148.968,149.063,148.183,148.922,222753
2018-05-17,148.836,149.836,148.764,149.71,219838
2018-05-18,149.662,150.012,149.09,149.188,156900
2018-05-21,149.252,149.654,148.814,149.118,151685
2018-05-22,149.031,149.727,148.767,148.954,188521
2018-05-23,148.91,149.005,145.946,146.954,280731
2018-05-24,146.876,147.272,145.691,146.187,268023
2018-05-25,146.144,146.724,145.279,145.479,249456
2018-05-28,146.138,146.189,145.321,145.619,167697
2018-05-29,145.594,145.712,143.196,144.168,403108
2018-05-30,144.108,145.059,143.6,144.644,504574
2018-05-31,144.658,145.316,144.128,144.644,461481
2018-06-01,144.662,146.307,144.489,146.207,419792
2018-06-04,146.053,146.9,145.843,146.179,207303
2018-06-05,146.173,147.109,146.039,147.086,204457
2018-06-06,146.972,148.008,146.857,147.802,197479
2018-06-07,147.742,148.117,146.906,147.198,233535
2018-06-08,147.23,147.443,146.096,146.829,230454
2018-06-11,146.616,147.848,146.552,147.246,165826
2018-06-12,147.145,147.991,147.119,147.583,225342
2018-06-13,147.553,147.898,147.213,147.606,190169
2018-06-14,147.543,147.851,146.643,146.687,249009
2018-06-15,146.676,147.072,146.296,146.98,237704
2018-06-18,146.773,147.004,146.102,146.432,155899
2018-06-19,146.39,146.466,144.385,144.988,260878
2018-06-20,144.954,145.623,144.589,145.352,199656
2018-06-21,145.322,146.222,144.591,145.612,281518
2018-06-22,145.562,146.652,145.467,145.895,214740
2018-06-25,145.562,146.188,144.695,145.76,228782
2018-06-26,145.724,145.795,144.97,145.471,235928
2018-06-27,145.52,145.663,144.518,144.607,279509
2018-06-28,144.534,144.68,143.771,144.507,272203
2018-06-29,144.457,146.33,144.344,146.177,272757
2018-07-02,145.916,146.497,145.186,145.73,213445
2018-07-03,145.712,146.386,145.284,145.87,214122
2018-07-04,145.841,146.363,145.571,146.145,260922
2018-07-05,146.126,146.875,145.84,146.295,315482
2018-07-06,146.254,146.785,146.019,146.712,248858
2018-07-09,146.993,147.617,146.122,146.951,275877
2018-07-10,146.928,147.794,146.811,147.368,244209
2018-07-11,147.298,148.133,146.808,147.875,336460
2018-07-12,147.863,148.9,147.784,148.596,200636
2018-07-13,148.593,148.728,147.641,148.702,193197
2018-07-16,148.295,149.313,148.295,148.61,186780
2018-07-17,148.59,149.094,147.578,148.052,266060
2018-07-18,148.011,148.235,146.865,147.472,243370
2018-07-19,147.452,147.6,146.157,146.354,285635
2018-07-20,146.346,146.663,145.975,146.335,312499
2018-07-23,146.158,146.432,145.677,145.868,229125
2018-07-24,145.834,146.328,145.457,146.158,223372
2018-07-25,146.119,146.523,145.769,146.377,240554
2018-07-26,146.329,146.521,145.763,145.812,220043
2018-07-27,145.754,145.824,145.269,145.429,184423
2018-07-30,145.446,145.93,145.268,145.847,165260
2018-07-31,145.788,147.021,145.334,146.815,242816
2018-08-01,146.742,147.148,146.314,146.619,213712
2018-08-02,146.608,146.674,144.994,145.316,226012
2018-08-03,145.294,145.551,144.512,144.68,205989
2018-08-06,144.658,144.741,144.044,144.191,130328
2018-08-07,144.169,144.439,143.809,144.105,147956
2018-08-08,144.093,144.284,142.733,142.94,158910
2018-08-09,142.927,143.495,142.352,142.455,166571
2018-08-10,142.406,142.582,140.939,141.649,298227
2018-08-13,140.754,141.838,140.242,141.338,266879
2018-08-14,141.334,142.475,141.006,141.362,216760
2018-08-15,141.378,141.77,139.897,140.615,234574
2018-08-16,140.559,141.333,140.209,140.971,241292
2018-08-17,140.95,141.169,140.229,140.893,200564
2018-08-20,140.927,141.224,140.721,140.84,146645
2018-08-21,140.812,142.681,140.669,142.291,198719
2018-08-22,142.254,142.802,142.001,142.766,197763
2018-08-23,142.688,143.011,142.426,142.617,135843
2018-08-24,142.515,143.241,142.502,142.958,140054
2018-08-27,142.916,143.285,142.531,143.212,95250
2018-08-28,143.166,143.668,143.048,143.114,117669
2018-08-29,143.092,145.568,142.824,145.497,146144
2018-08-30,145.425,145.69,144.382,144.459,136463
2018-08-31,144.328,144.703,143.497,143.966,154713
2018-09-03,143.442,143.72,142.84,143.014,97432
2018-09-04,142.902,143.381,142.596,143.285,122886
2018-09-05,143.144,144.966,142.656,143.934,147652
2018-09-06,143.901,144.244,142.943,143.129,138621
2018-09-07,143.174,144.437,142.61,143.445,161540
2018-09-10,143.522,145.034,143.073,144.753,107929
2018-09-11,144.727,145.92,144.35,145.426,116375
2018-09-12,145.439,145.635,144.679,145.163,111924
2018-09-13,145.105,146.817,145.018,146.698,92195
2018-09-14,146.691,147.018,146.258,146.432,81567
2018-09-17,146.398,147.466,146.317,147.183,103411
2018-09-18,147.148,147.918,146.786,147.72,136286
2018-09-19,147.708,148.537,147.194,147.621,124513
2018-09-20,147.55,149.291,147.349,149.279,110943
2018-09-21,149.213,149.718,146.987,147.27,103336
2018-09-24,147.028,148.307,146.947,147.967,100793
2018-09-25,147.934,149.024,147.81,148.925,116243
2018-09-26,148.886,149.096,148.28,148.436,125553
2018-09-27,148.388,148.735,147.597,148.321,136148
2018-09-28,148.232,148.646,147.541,148.13,124098
2018-10-01,148.284,149.413,148.17,148.63,109134
2018-10-02,148.546,148.724,147.197,147.538,128609
2018-10-03,147.479,148.586,147.266,148.195,169085
2018-10-04,148.178,148.635,147.709,148.362,184549
2018-10-05,148.303,149.27,148.081,149.158,133117
2018-10-08,149.314,149.514,147.496,148.255,151551
2018-10-09,148.211,148.754,147.349,148.473,192092
2018-10-10,148.457,149.307,148.059,148.076,204938
2018-10-11,148.074,148.784,147.819,148.452,314751
2018-10-12,148.401,149.006,147.164,147.595,226205
2018-10-15,146.727,147.425,146.51,146.994,197823
2018-10-16,146.995,148.406,146.904,148.006,180614
2018-10-17,147.987,148.254,147.056,147.753,178594
2018-10-18,147.736,147.79,145.816,146.038,191694
2018-10-19,146.03,147.335,146.017,147.048,183744
2018-10-22,147.174,147.582,146.044,146.274,176940
2018-10-23,146.272,146.408,145.291,145.988,220776
2018-10-24,145.974,146.307,144.434,144.57,232971
2018-10-25,144.577,145.035,144.035,144.065,218754
2018-10-26,144.062,144.198,142.772,143.542,304286
2018-10-29,143.414,144.408,143.341,143.758,208884
2018-10-30,143.749,144.395,143.216,143.664,217864
2018-10-31,143.687,145.138,143.619,144.231,181504
2018-11-01,144.137,146.891,144.025,146.446,198070
2018-11-02,146.57,147.259,146.288,146.776,209481
2018-11-05,147.336,147.809,146.854,147.636,155456
2018-11-06,147.552,148.708,147.303,148.678,157353
2018-11-07,148.566,149.233,148.334,149.071,263153
2018-11-08,148.977,149.49,148.606,148.953,195423
2018-11-09,148.974,149.082,147.499,147.659,185047
2018-11-12,146.97,147.582,146.073,146.278,213324
2018-11-13,146.244,148.733,145.993,147.597,239266
2018-11-14,147.615,148.433,146.325,147.601,268422
2018-11-15,147.576,147.926,144.254,145.12,295222
2018-11-16,145.122,145.447,144.601,144.734,215049
2018-11-19,144.852,145.322,144.292,144.647,181022
2018-11-20,144.595,144.918,144.022,144.181,147301
2018-11-21,144.189,144.89,144.022,144.462,118401
2018-11-22,144.452,145.95,144.261,145.421,112950
2018-11-23,145.405,145.53,144.352,144.604,154781
2018-11-26,144.769,145.741,144.646,145.503,183375
2018-11-27,145.456,145.541,144.6,144.957,198925
2018-11-28,144.967,145.837,144.862,145.779,174925
2018-11-29,145.759,145.807,144.52,145.08,180093
2018-11-30,145.074,145.292,144.624,144.773,172203
2018-12-03,145.078,145.515,144.179,144.586,173277
2018-12-04,144.584,144.763,142.841,143.411,220279
2018-12-05,143.367,144.542,143.269,144.118,152375
2018-12-06,144.117,144.171,143.251,144.05,274517
2018-12-07,143.998,144.222,143.236,143.493,211553
2018-12-10,143.051,143.704,141.178,142.327,250950
2018-12-11,142.32,142.931,141.516,141.608,200693
2018-12-12,141.527,143.448,141.502,143.001,246871
2018-12-13,143.004,143.938,142.79,143.804,173001
2018-12-14,143.688,143.858,142.38,142.719,178740
2018-12-17,142.81,143.236,142.159,142.331,204748
2018-12-18,142.323,142.659,141.935,142.233,187045
2018-12-19,142.168,142.538,141.582,141.849,232962
2018-12-20,141.827,142.112,140.577,140.882,211226
2018-12-21,140.827,141.167,140.241,140.501,211871
2018-12-24,140.262,140.852,139.905,140.135,194946
2018-12-26,139.77,140.876,139.594,140.696,204878
2018-12-27,140.661,140.809,139.724,140.361,339891
2018-12-28,140.348,140.406,139.495,140.048,175562
2018-12-31,140.024,140.877,139.568,139.761,117346
2019-01-02,139.736,139.909,137.236,137.32,199847
2019-01-03,137.261,137.284,131.166,136.026,321685
2019-01-04,135.96,138.304,135.806,138.085,242023
2019-01-07,138.072,138.934,137.614,138.873,163467
2019-01-08,138.9,139.439,137.976,138.249,151690
2019-01-09,138.228,139.108,137.761,138.291,186483
2019-01-10,138.307,138.53,137.45,138.267,146989
2019-01-11,138.212,139.487,137.637,139.324,139399
2019-01-14,139.496,140.058,138.607,139.187,141789
2019-01-15,139.152,140.433,137.363,139.781,211312
2019-01-16,139.724,140.704,138.99,140.499,169191
2019-01-17,140.492,142.22,139.51,141.858,213280
2019-01-18,141.842,142.081,141.089,141.299,152626
2019-01-21,141.259,141.531,140.687,141.361,143485
2019-01-22,141.355,141.933,140.628,141.705,139074
2019-01-23,141.702,143.561,141.619,143.251,150752
2019-01-24,143.209,143.551,142.711,143.219,157357
2019-01-25,143.229,144.842,143.084,144.587,175162
2019-01-28,144.41,144.723,143.603,143.837,133729
2019-01-29,143.852,144.491,142.736,142.909,173064
2019-01-30,142.923,143.6,142.735,143.006,147347
2019-01-31,143.0,143.215,142.245,142.71,142521
2019-02-01,142.697,143.5,142.081,143.256,126981
2019-02-04,143.112,144.174,143.006,143.291,125259
2019-02-05,143.208,143.56,142.04,142.411,98262
2019-02-06,142.386,142.517,141.757,142.186,108487
2019-02-07,142.175,142.629,141.127,142.233,113948
2019-02-08,142.202,142.52,141.85,142.045,85944
2019-02-11,141.996,142.56,141.863,141.96,113216
2019-02-12,141.907,142.638,141.857,142.468,111239
2019-02-13,142.412,143.335,142.362,142.588,116951
2019-02-14,142.574,143.034,141.295,141.41,134878
2019-02-15,141.385,142.405,141.01,142.336,129354
2019-02-18,142.548,143.024,142.503,142.927,128238
2019-02-19,142.905,144.702,142.478,144.485,111749
2019-02-20,144.485,145.046,144.124,144.661,127369
2019-02-21,144.643,144.929,144.082,144.311,131826
2019-02-22,144.304,144.75,143.785,144.47,112478
2019-02-25,144.653,145.673,144.424,145.442,134641
2019-02-26,145.426,147.064,145.385,146.528,155399
2019-02-27,146.522,148.047,146.164,147.724,147689
2019-02-28,147.697,148.268,146.984,147.714,140685
2019-03-01,147.715,148.573,147.519,147.834,125451
2019-03-04,148.162,148.311,147.106,147.29,97298
2019-03-05,147.214,147.787,146.605,147.449,103388
2019-03-06,147.444,147.444,146.694,147.216,93410
2019-03-07,147.19,147.285,145.788,145.97,93431
2019-03-08,145.934,146.185,144.318,144.71,108426
2019-03-11,143.975,146.501,143.724,146.255,105030
2019-03-12,146.23,147.783,144.582,145.548,128532
2019-03-13,145.536,148.726,145.363,148.234,108093
2019-03-14,148.219,148.873,147.387,147.901,117264
2019-03-15,147.853,148.379,147.425,148.224,98339
2019-03-18,148.2,148.39,147.011,147.673,89839
2019-03-19,147.662,148.058,147.522,147.78,74828
2019-03-20,147.776,148.085,145.882,146.036,101705
2019-03-21,146.053,146.4,144.132,145.231,124240
2019-03-22,145.156,145.752,144.532,145.255,142135
2019-03-25,145.248,145.806,144.634,145.137,135630
2019-03-26,145.095,146.465,144.941,146.084,134813
2019-03-27,146.065,146.513,145.528,145.776,152821
2019-03-28,145.716,145.937,144.246,144.281,148215
2019-03-29,144.24,145.493,143.822,144.407,138716
2019-04-01,144.756,146.349,144.385,145.915,120372
2019-04-02,145.842,146.441,144.937,146.203,128079
2019-04-03,146.173,147.195,146.027,146.688,125070
2019-04-04,146.664,146.959,145.68,145.98,112919
2019-04-05,145.964,146.55,145.106,145.597,101327
2019-04-08,145.632,145.779,145.103,145.637,89546
2019-04-09,145.56,146.053,144.785,145.069,90855
2019-04-10,145.012,145.787,144.932,145.297,97538
2019-04-11,145.251,145.954,145.082,145.744,91411
2019-04-12,145.715,147.013,145.682,146.406,94050
2019-04-15,146.388,147.0,146.348,146.759,74807
2019-04-16,146.686,146.758,146.014,146.161,92095
2019-04-17,146.105,146.305,145.839,146.085,87378
2019-04-18,146.03,146.141,145.292,145.38,99708
2019-04-19,145.375,145.576,145.294,145.342,143262
2019-04-22,145.412,145.513,145.218,145.288,53361
2019-04-23,145.294,145.63,144.585,144.717,91623
2019-04-24,144.711,145.022,144.402,144.721,103152
2019-04-25,144.735,144.879,143.783,144.01,105919
2019-04-26,144.012,144.458,143.769,144.138,92860
2019-04-29,144.134,144.718,144.049,144.419,64033
2019-04-30,144.41,145.382,144.048,145.31,90486
2019-05-01,145.233,145.704,145.181,145.373,70218
2019-05-02,145.381,145.878,144.909,145.327,96514
2019-05-03,145.28,146.509,144.808,146.394,103361
2019-05-06,145.4,145.944,144.99,145.165,117148
2019-05-07,145.037,145.369,143.864,144.127,125318
2019-05-08,144.122,144.192,143.041,143.202,136658
2019-05-09,143.164,143.245,142.233,142.736,138791
2019-05-10,142.68,143.241,142.512,143.0,153124
2019-05-13,142.66,142.873,141.205,141.647,133743
2019-05-14,141.609,142.177,141.361,141.448,118269
2019-05-15,141.415,141.648,140.204,140.733,128059
2019-05-16,140.732,140.793,140.206,140.553,112848
2019-05-17,140.516,140.685,139.548,139.932,132300
2019-05-20,140.248,140.532,139.702,140.018,111624
2019-05-21,140.014,141.738,139.652,140.383,126385
2019-05-22,140.379,140.704,139.317,139.717,122913
2019-05-23,139.657,139.72,138.53,138.733,136790
2019-05-24,138.705,139.493,138.51,138.925,116967
2019-05-27,139.068,139.645,138.681,138.859,95274
2019-05-28,138.847,139.016,138.291,138.375,132278
2019-05-29,138.38,138.585,137.873,138.367,134788
2019-05-30,138.34,138.738,138.061,138.226,118835
2019-05-31,138.175,138.226,136.632,136.778,154522
2019-06-03,136.748,137.123,136.619,136.852,150536
2019-06-04,136.847,137.475,136.561,137.344,142967
2019-06-05,137.299,137.785,137.202,137.536,146627
2019-06-06,137.57,137.812,136.991,137.567,149095
2019-06-07,137.56,138.169,137.486,137.819,139482
2019-06-10,138.164,138.259,137.481,137.582,125502
2019-06-11,137.542,138.328,137.497,138.065,135693
2019-06-12,138.028,138.245,137.563,137.678,143896
2019-06-13,137.662,137.785,137.102,137.371,127018
2019-06-14,137.304,137.42,136.515,136.659,132749
2019-06-17,136.535,136.935,136.005,136.023,91861
2019-06-18,136.033,136.251,135.382,136.172,133779
2019-06-19,136.167,137.005,135.788,136.668,129432
2019-06-20,136.648,137.179,136.198,136.313,167066
2019-06-21,136.296,136.84,135.945,136.805,145571
2019-06-24,136.618,137.131,136.49,136.688,117672
2019-06-25,136.654,136.844,135.808,135.973,140180
2019-06-26,135.96,136.897,135.867,136.73,140379
2019-06-27,136.728,137.336,136.42,136.558,133080
2019-06-28,136.536,137.204,136.276,137.01,120472
2019-07-01,137.369,137.792,136.74,137.033,132470
2019-07-02,137.037,137.138,135.864,135.908,118343
2019-07-03,135.835,135.945,135.174,135.517,108822
2019-07-04,135.501,135.719,135.443,135.597,73888
2019-07-05,135.592,136.045,135.488,135.842,105007
2019-07-08,135.817,136.135,135.547,136.093,87229
2019-07-09,136.066,136.283,135.395,135.643,96513
2019-07-10,135.627,136.056,135.488,135.63,117646
2019-07-11,135.582,136.054,135.082,135.904,106573
2019-07-12,135.854,136.026,135.504,135.705,104161
2019-07-15,135.428,135.848,134.953,135.055,81648
2019-07-16,135.055,135.262,133.967,134.278,107998
2019-07-17,134.285,134.624,133.973,134.196,92682
2019-07-18,134.205,134.831,133.851,134.628,116457
2019-07-19,134.592,135.008,134.551,134.706,107866
2019-07-22,134.666,135.091,134.414,134.571,94244
2019-07-23,134.544,134.988,134.317,134.621,104094
2019-07-24,134.583,135.282,134.248,135.04,91786
2019-07-25,135.039,135.671,134.715,135.297,106120
2019-07-26,135.241,135.394,134.54,134.583,85564
2019-07-29,134.454,134.58,132.852,132.911,84299
2019-07-30,132.893,133.072,131.607,131.933,130104
2019-07-31,131.929,132.995,131.849,132.246,142434
2019-08-01,132.212,132.556,130.16,130.188,171002
2019-08-02,130.098,130.418,129.078,129.657,204060
2019-08-05,129.252,129.608,128.175,128.622,205928
2019-08-06,128.608,130.069,128.112,129.544,203871
2019-08-07,129.508,129.561,128.223,129.043,201182
2019-08-08,129.027,129.334,128.279,128.717,149207
2019-08-09,128.697,128.782,126.971,127.01,134652
2019-08-12,127.194,127.52,126.547,127.141,144474
2019-08-13,127.128,129.226,126.804,128.727,171695
2019-08-14,128.717,128.753,127.495,127.7,182929
2019-08-15,127.689,128.984,127.475,128.316,212353
2019-08-16,128.222,129.576,128.082,129.19,156260
2019-08-19,129.158,129.542,128.975,129.287,117723
2019-08-20,129.302,129.641,128.268,129.291,133932
2019-08-21,129.251,129.673,128.887,129.218,111186
2019-08-22,129.224,130.701,128.759,130.451,134428
2019-08-23,130.397,130.56,128.992,129.482,152540
2019-08-26,128.804,130.144,128.192,129.653,217440
2019-08-27,129.636,130.387,129.005,129.959,156322
2019-08-28,129.92,130.071,128.474,129.567,166074
2019-08-29,129.514,130.032,128.972,129.756,147303
2019-08-30,129.733,130.1,129.081,129.237,139763
2019-09-02,128.892,129.319,127.873,128.118,107127
2019-09-03,128.108,128.255,126.677,128.041,164737
2019-09-04,127.973,130.429,127.94,130.409,147773
2019-09-05,130.329,132.168,129.918,131.868,167695
2019-09-06,131.822,132.13,131.268,131.346,143862
2019-09-09,131.072,132.555,130.81,132.367,121490
2019-09-10,132.383,132.916,132.019,132.881,125068
2019-09-11,132.706,133.365,132.673,132.944,120624
2019-09-12,132.919,133.647,132.169,133.31,159064
2019-09-13,133.259,135.187,133.234,135.124,122147
2019-09-16,133.99,134.864,133.878,134.406,140066
2019-09-17,134.328,135.428,133.991,135.132,123932
2019-09-18,135.115,135.661,134.598,135.226,121252
2019-09-19,135.232,135.519,134.269,135.319,123590
2019-09-20,135.258,135.749,134.077,134.114,132183
2019-09-23,134.258,134.55,133.351,133.709,105256
2019-09-24,133.686,134.612,133.55,133.791,121702
2019-09-25,133.715,134.011,132.841,133.086,134114
2019-09-26,133.056,133.293,132.385,132.889,122247
2019-09-27,132.864,133.28,132.32,132.644,129657
2019-09-30,132.748,133.338,132.479,132.884,112635
2019-10-01,132.824,133.359,131.781,132.569,122314
2019-10-02,132.534,132.612,131.58,131.814,134812
2019-10-03,131.82,132.549,131.481,131.799,148091
2019-10-04,131.801,131.991,131.284,131.856,118261
2019-10-07,131.298,132.244,131.279,131.807,104756
2019-10-08,131.801,132.119,130.432,130.849,139326
2019-10-09,130.839,131.821,130.649,131.16,114988
2019-10-10,131.17,134.558,130.725,134.298,173149
2019-10-11,134.289,137.889,133.983,137.111,175296
2019-10-14,136.805,137.169,135.5,136.6,116528
2019-10-15,136.644,139.313,136.451,139.165,151970
2019-10-16,139.109,140.094,137.505,139.512,157767
2019-10-17,139.485,141.499,138.618,140.063,155088
2019-10-18,140.05,140.627,139.349,140.508,134255
2019-10-21,140.422,141.359,139.47,140.737,129520
2019-10-22,140.739,141.122,139.519,139.642,129317
2019-10-23,139.631,140.43,139.086,140.364,131366
2019-10-24,140.348,140.743,138.872,139.603,123938
2019-10-25,139.555,139.802,139.029,139.415,101268
2019-10-28,139.278,140.263,139.274,140.047,90149
2019-10-29,140.049,140.538,139.469,140.098,108286
2019-10-30,140.09,140.507,139.958,140.393,109156
2019-10-31,140.377,140.689,139.607,139.811,138204
2019-11-01,139.799,140.157,139.61,139.956,114175
2019-11-04,139.915,140.24,139.844,139.865,85057
2019-11-05,139.866,140.751,139.824,140.641,113302
2019-11-06,140.606,140.672,139.873,140.106,91441
2019-11-07,140.061,140.533,139.492,140.041,125929
2019-11-08,140.034,140.209,139.417,139.618,100413
2019-11-11,139.742,140.491,139.368,140.148,79746
2019-11-12,140.15,140.59,139.948,140.036,106203
2019-11-13,140.005,140.258,139.441,139.836,105400
2019-11-14,139.825,139.885,139.4,139.645,105563
2019-11-15,139.647,140.464,139.581,140.34,89659
2019-11-18,140.572,141.578,140.358,140.756,94878
2019-11-19,140.751,140.938,140.11,140.311,97563
2019-11-20,140.294,140.488,139.686,140.358,107819
2019-11-21,140.34,140.928,139.976,140.18,115371
2019-11-22,140.192,140.512,139.324,139.388,102345
2019-11-25,139.66,140.626,139.566,140.486,86387
2019-11-26,140.469,140.902,139.987,140.283,101200
2019-11-27,140.279,141.534,140.047,141.418,94723
2019-11-28,141.517,141.853,141.25,141.38,76497
2019-11-29,141.377,141.688,141.115,141.596,93289
2019-12-02,141.356,141.821,140.944,141.025,95883
2019-12-03,140.992,141.715,140.921,141.166,111364
2019-12-04,141.129,142.792,140.834,142.659,113311
2019-12-05,142.648,143.252,142.595,143.115,96204
2019-12-06,143.094,143.148,142.371,142.636,94816
2019-12-09,142.666,143.108,142.563,142.661,84377
2019-12-10,142.626,143.663,142.614,143.067,100062
2019-12-11,142.994,143.379,142.55,143.241,103042
2019-12-12,143.246,144.152,142.482,143.995,129217
2019-12-13,143.889,147.959,143.889,145.795,170296
2019-12-16,145.738,146.812,145.72,146.092,105873
2019-12-17,146.022,146.086,143.479,143.751,110185
2019-12-18,143.731,143.861,143.073,143.312,109267
2019-12-19,143.261,143.866,141.98,142.22,107378
2019-12-20,142.258,143.055,142.086,142.272,87756
2019-12-23,142.218,142.542,141.163,141.508,73602
2019-12-24,141.495,141.853,141.32,141.682,63818
2019-12-26,141.7,142.731,141.57,142.487,60591
2019-12-27,142.441,143.644,142.033,143.259,69217
2019-12-30,143.293,143.43,142.59,142.737,96624
2019-12-31,142.772,144.36,142.428,143.956,75625
2020-01-02,144.106,144.19,142.271,142.607,104459
2020-01-03,142.606,142.784,141.003,141.354,138099
2020-01-06,141.188,142.789,140.84,142.704,120915
2020-01-07,142.684,143.294,142.021,142.311,120003
2020-01-08,142.27,143.107,141.122,142.913,173493
2020-01-09,142.841,143.456,142.426,143.121,121809
2020-01-10,143.101,143.499,142.89,143.034,95889
2020-01-13,142.774,142.969,142.36,142.791,90724
2020-01-14,142.802,143.436,142.452,143.214,116254
2020-01-15,143.189,143.387,142.658,143.292,98662
2020-01-16,143.283,144.142,143.222,144.054,93633
2020-01-17,144.035,144.53,143.282,143.29,94182
2020-01-20,143.011,143.363,142.804,143.343,57341
2020-01-21,143.337,143.975,142.861,143.353,90405
2020-01-22,143.341,144.61,143.265,144.33,102144
2020-01-23,144.315,144.413,143.211,143.717,101754
2020-01-24,143.696,144.389,142.719,142.851,101969
2020-01-27,142.427,142.75,142.053,142.202,124887
2020-01-28,142.171,142.458,141.482,142.192,99579
2020-01-29,142.177,142.343,141.712,141.933,89279
2020-01-30,141.908,142.713,141.26,142.613,129121
2020-01-31,142.655,143.29,142.461,143.101,126530
2020-02-03,142.931,143.107,141.072,141.259,126837
2020-02-04,141.22,142.842,140.926,142.726,113676
2020-02-05,142.713,143.378,142.228,142.786,116342
2020-02-06,142.773,142.822,142.092,142.195,96274
2020-02-07,142.202,142.375,141.404,141.449,108269
2020-02-10,141.36,142.095,141.239,141.768,102775
2020-02-11,141.778,142.465,141.697,142.215,88454
2020-02-12,142.196,142.889,142.174,142.646,86993
2020-02-13,142.654,143.48,142.146,143.227,117189
2020-02-14,143.184,143.408,142.767,143.219,84338
2020-02-17,143.166,143.369,142.846,142.87,61050
2020-02-18,142.877,143.232,142.32,142.796,96999
2020-02-19,142.805,144.168,142.775,143.886,98167
2020-02-20,143.868,144.608,143.6,144.422,128005
2020-02-21,144.411,144.961,143.724,144.554,120270
2020-02-24,144.032,144.625,142.633,143.182,136296
2020-02-25,143.138,143.646,142.966,143.299,183661
2020-02-26,143.306,143.726,142.238,142.415,174977
2020-02-27,142.408,142.552,141.177,141.191,213756
2020-02-28,141.214,141.411,137.53,138.521,254050
2020-03-02,137.224,139.187,137.147,138.175,233002
2020-03-03,138.125,138.57,136.94,137.273,219272
2020-03-04,137.217,138.435,137.041,138.421,172153
2020-03-05,138.412,138.679,137.375,137.51,154162
2020-03-06,137.475,137.737,136.438,137.414,255838
2020-03-09,136.276,136.854,132.584,134.264,335002
2020-03-10,134.373,137.213,133.704,136.41,353892
2020-03-11,136.384,136.558,133.805,133.938,287105
2020-03-12,133.965,134.304,131.326,131.447,334501
2020-03-13,131.476,134.312,131.222,132.58,350657
2020-03-16,131.303,133.051,128.902,129.978,343256
2020-03-17,129.862,131.218,128.59,129.707,386069
2020-03-18,129.783,130.328,124.023,125.665,398756
2020-03-19,125.544,129.568,124.001,127.077,407852
2020-03-20,127.169,132.034,126.417,128.999,314579
2020-03-23,129.288,129.559,127.35,128.447,312658
2020-03-24,128.352,131.429,127.694,130.752,303572
2020-03-25,130.77,133.4,129.859,132.12,320301
2020-03-26,132.046,133.821,130.54,133.732,330182
2020-03-27,133.724,134.733,132.117,134.517,300279
2020-03-30,133.838,134.412,132.749,133.852,220625
2020-03-31,133.743,134.625,133.047,133.514,239051
2020-04-01,133.592,133.818,132.486,132.525,208731
2020-04-02,132.596,133.954,132.52,133.722,208239
2020-04-03,133.718,134.09,132.548,133.071,183585
2020-04-06,132.568,134.526,132.495,133.616,181909
2020-04-07,133.575,134.98,132.916,134.222,192518
2020-04-08,134.124,135.027,133.695,134.742,168978
2020-04-09,134.736,135.75,134.642,135.24,175227
2020-04-10,135.13,135.403,134.943,134.943,59164
2020-04-13,134.963,135.224,134.514,134.737,119418
2020-04-14,134.792,135.496,134.574,135.35,131268
2020-04-15,135.28,135.332,133.637,134.527,144867
2020-04-16,134.482,134.885,133.713,134.399,151967
2020-04-17,134.417,134.957,133.899,134.431,150137
2020-04-20,134.364,134.729,133.791,133.799,117665
2020-04-21,133.83,134.065,131.908,132.478,153016
2020-04-22,132.524,133.3,132.046,132.888,120197
2020-04-23,132.875,133.685,132.4,132.874,141348
2020-04-24,132.802,133.155,132.393,132.926,119922
2020-04-27,132.958,133.573,132.822,133.322,110151
2020-04-28,133.341,133.558,132.728,132.762,125202
2020-04-29,132.745,133.007,131.941,132.955,116421
2020-04-30,132.962,135.451,132.521,134.967,140569
2020-05-01,134.904,135.078,133.367,133.533,108572
2020-05-04,133.403,133.446,132.52,132.777,104507
2020-05-05,132.766,133.179,132.449,132.464,120789
2020-05-06,132.452,132.664,130.835,130.942,110677
2020-05-07,131.008,132.023,130.659,131.369,120023
2020-05-08,131.336,132.685,131.284,132.307,101851
2020-05-11,132.199,133.192,131.883,132.774,119674
2020-05-12,132.769,132.867,131.311,131.36,135920
2020-05-13,131.32,131.939,130.653,130.969,140158
2020-05-14,130.87,131.305,130.146,131.146,137382
2020-05-15,131.123,131.419,129.58,129.602,125363
2020-05-18,129.392,131.282,129.298,130.872,115511
2020-05-19,130.853,132.507,130.768,131.913,121536
2020-05-20,131.953,132.422,131.439,131.595,110451
2020-05-21,131.646,131.952,131.223,131.522,105750
2020-05-22,131.47,131.78,130.676,130.906,102529
2020-05-25,131.002,131.41,130.898,131.21,76775
2020-05-26,131.256,133.042,131.21,132.677,111266
2020-05-27,132.571,133.006,131.632,132.065,143228
2020-05-28,132.066,132.882,131.83,132.61,140637
2020-05-29,132.591,133.463,131.782,133.042,161669
2020-06-01,132.71,134.534,132.703,134.366,123940
2020-06-02,134.374,136.521,134.219,136.405,132151
2020-06-03,136.385,137.393,136.255,136.945,147782
2020-06-04,136.93,137.811,135.957,137.492,143460
2020-06-05,137.463,139.736,137.275,138.803,148157
2020-06-08,138.994,139.578,137.427,137.962,114895
2020-06-09,137.95,138.241,136.234,137.138,132835
2020-06-10,137.139,137.424,136.473,136.546,152949
2020-06-11,136.487,136.591,134.469,134.661,195002
2020-06-12,134.639,136.048,133.798,134.646,195583
2020-06-15,134.378,135.319,133.497,135.303,177271
2020-06-16,135.296,136.353,134.727,134.92,180280
2020-06-17,134.911,135.224,134.06,134.345,144634
2020-06-18,134.35,134.523,132.393,132.873,155085
2020-06-19,132.904,133.254,131.94,131.995,132224
2020-06-22,131.805,133.421,131.765,133.304,128066
2020-06-23,133.29,133.991,132.604,133.397,149071
2020-06-24,133.353,133.617,132.681,132.966,152585
2020-06-25,132.934,133.616,132.791,133.127,133067
2020-06-26,133.12,133.26,132.041,132.232,121767
2020-06-29,132.141,132.69,131.955,132.298,109109
2020-06-30,132.297,133.886,132.019,133.841,120339
2020-07-01,133.83,134.225,132.949,134.064,115599
2020-07-02,134.067,134.703,133.781,134.028,110131
2020-07-03,134.023,134.206,133.7,134.169,86100
2020-07-06,133.927,134.674,133.927,134.156,95773
2020-07-07,134.079,135.416,133.983,134.87,102934
2020-07-08,134.868,135.427,134.58,135.256,108291
2020-07-09,135.242,135.922,135.051,135.137,111653
2020-07-10,135.14,135.201,134.286,134.959,104185
2020-07-13,134.969,135.485,134.589,134.682,98617
2020-07-14,134.693,134.778,133.982,134.629,121401
2020-07-15,134.59,135.086,134.468,134.627,107047
2020-07-16,134.601,135.172,134.054,134.677,104002
2020-07-17,134.598,134.907,134.126,134.498,81018
2020-07-20,134.478,135.911,134.347,135.82,93111
2020-07-21,135.805,136.441,135.633,135.979,114447
2020-07-22,135.966,136.627,135.284,136.477,123249
2020-07-23,136.444,136.625,135.842,136.132,112264
2020-07-24,136.129,136.148,135.001,135.781,119280
2020-07-27,135.64,135.828,135.146,135.729,126145
2020-07-28,135.73,136.131,135.324,135.881,120635
2020-07-29,135.822,136.47,135.678,136.352,121071
2020-07-30,136.256,137.389,136.066,137.148,128532
2020-07-31,137.069,139.202,136.79,138.47,173823
2020-08-03,138.344,139.025,137.748,138.541,154423
2020-08-04,138.527,138.884,137.806,138.183,115053
2020-08-05,138.222,139.005,138.041,138.478,118373
2020-08-06,138.48,139.238,138.402,138.709,131721
2020-08-07,138.689,138.766,137.846,138.232,126624
2020-08-10,138.214,138.649,138.086,138.521,90292
2020-08-11,138.512,139.501,138.352,138.949,122970
2020-08-12,138.943,139.623,138.877,139.281,125564
2020-08-13,139.345,140.209,139.208,139.722,106647
2020-08-14,139.719,140.017,139.343,139.46,91069
2020-08-17,139.582,139.687,138.736,138.912,91738
2020-08-18,138.898,139.642,138.598,139.543,113404
2020-08-19,139.487,139.957,138.797,139.005,124209
2020-08-20,138.964,139.874,138.568,139.794,134810
2020-08-21,139.805,139.946,138.254,138.492,126026
2020-08-24,138.364,139.005,138.292,138.445,93632
2020-08-25,138.428,140.031,138.367,139.912,109655
2020-08-26,139.918,140.303,139.636,140.017,102319
2020-08-27,140.0,140.86,139.698,140.656,142195
2020-08-28,140.649,141.616,140.016,140.653,147961
2020-08-31,140.606,142.04,140.502,141.548,121814
2020-09-01,141.58,142.718,141.331,141.809,133009
2020-09-02,141.802,141.972,141.019,141.772,119122
2020-09-03,141.765,141.872,140.479,141.021,130217
2020-09-04,140.903,141.438,140.117,141.103,122013
2020-09-07,140.742,140.996,139.595,139.885,75938
2020-09-08,139.84,139.98,137.618,137.637,119563
2020-09-09,137.627,138.36,136.739,138.021,119744
2020-09-10,138.043,138.358,135.571,135.914,123802
2020-09-11,135.89,136.594,135.575,135.818,111878
2020-09-14,135.616,136.588,135.528,135.821,90160
2020-09-15,135.804,136.437,135.416,135.902,98020
2020-09-16,135.905,136.469,135.558,136.088,119181
2020-09-17,136.086,136.217,134.574,135.881,132631
2020-09-18,135.89,136.159,134.954,135.067,104605
2020-09-21,135.134,135.332,133.538,134.115,124265
2020-09-22,134.109,134.388,133.04,133.656,119844
2020-09-23,133.579,134.618,133.137,134.081,129343
2020-09-24,134.059,134.661,133.608,134.325,138177
2020-09-25,134.423,134.824,133.831,134.508,109866
2020-09-28,134.604,136.23,134.362,135.362,105409
2020-09-29,135.348,136.258,135.338,135.833,117893
2020-09-30,135.879,136.547,135.185,136.104,125947
2020-10-01,136.26,137.01,135.361,136.016,134956
2020-10-02,135.924,136.392,135.052,136.288,145824
2020-10-05,136.206,137.347,136.001,137.266,96501
2020-10-06,137.177,137.446,135.95,135.985,119753
2020-10-07,135.98,136.996,135.873,136.902,114342
2020-10-08,136.866,137.406,136.684,137.134,97857
2020-10-09,137.13,137.829,136.793,137.769,92543
2020-10-12,137.73,137.829,137.221,137.603,85843
2020-10-13,137.596,137.777,136.378,136.43,111903
2020-10-14,136.417,137.334,135.666,136.828,103090
2020-10-15,136.837,137.172,135.767,136.023,113039
2020-10-16,136.024,136.414,135.417,136.068,103740
2020-10-19,135.872,137.25,135.872,136.524,95019
2020-10-20,136.569,137.032,136.332,136.607,103408
2020-10-21,136.607,137.666,136.42,137.488,116306
2020-10-22,137.485,137.591,136.964,137.218,99205
2020-10-23,137.158,137.328,136.365,136.553,93904
2020-10-26,136.704,137.068,136.3,136.531,96995
2020-10-27,136.536,136.59,136.154,136.235,81805
2020-10-28,136.163,136.28,134.884,135.437,115112
2020-10-29,135.438,135.948,134.649,135.245,123690
2020-10-30,135.2,135.804,134.405,135.544,122273
2020-11-02,135.049,135.435,134.876,135.32,97699
2020-11-03,135.258,136.695,135.159,136.507,104092
2020-11-04,136.372,137.382,135.37,135.727,196762
2020-11-05,135.731,136.304,135.076,136.128,145864
2020-11-06,135.991,136.24,135.468,135.884,143531
2020-11-09,135.972,138.911,135.7,138.725,168965
2020-11-10,138.69,139.774,138.165,139.703,158241
2020-11-11,139.709,140.296,139.208,139.421,118370
2020-11-12,139.396,139.433,137.748,137.951,119888
2020-11-13,137.886,138.511,137.543,138.071,104373
2020-11-16,137.955,138.87,137.667,138.033,104180
2020-11-17,137.985,138.358,137.816,138.031,102625
2020-11-18,138.004,138.194,137.707,137.707,99411
2020-11-19,137.78,138.001,137.194,137.596,112072
2020-11-20,137.564,138.057,137.41,137.963,90812
2020-11-23,137.983,139.338,137.816,139.297,108028
2020-11-24,139.11,139.842,139.044,139.56,112404
2020-11-25,139.507,139.857,139.001,139.844,108075
2020-11-26,139.683,139.838,138.928,139.225,80425
2020-11-27,139.24,139.276,138.281,138.502,88459
2020-11-30,138.778,139.469,138.318,138.975,112260
2020-12-01,138.951,140.308,138.868,140.008,107740
2020-12-02,139.954,140.447,138.893,139.525,120367
2020-12-03,139.507,140.289,139.392,139.691,115831
2020-12-04,139.59,140.708,139.466,139.988,113606
2020-12-07,139.588,139.877,137.904,139.2,117136
2020-12-08,139.175,139.377,138.408,139.111,125366
2020-12-09,139.075,140.334,139.02,139.735,108686
2020-12-10,139.615,139.783,138.385,138.521,121775
2020-12-11,138.562,138.735,136.79,137.545,110067
2020-12-14,138.976,139.435,138.268,138.685,116121
2020-12-15,138.584,139.618,138.28,139.514,110545
2020-12-16,139.497,140.061,139.149,139.708,116118
2020-12-17,139.769,140.447,139.578,140.024,110642
2020-12-18,140.061,140.325,139.317,139.7,100277
2020-12-21,138.726,139.526,136.967,139.062,156748
2020-12-22,139.085,139.15,137.996,138.455,129548
2020-12-23,138.423,140.321,138.31,139.751,134524
2020-12-24,139.682,141.214,139.657,140.305,88748
2020-12-28,140.248,140.575,139.48,139.65,103163
2020-12-29,139.594,140.171,139.518,139.826,124032
2020-12-30,139.852,140.668,139.694,140.626,119183
2020-12-31,140.388,141.227,140.22,141.033,101202
2021-01-04,140.732,141.311,139.692,139.96,135864
2021-01-05,139.929,140.152,139.514,139.975,127414
2021-01-06,139.952,140.578,139.774,140.236,162340
2021-01-07,140.204,141.001,140.107,140.829,139590
2021-01-08,140.783,141.375,140.737,141.014,145620
2021-01-11,140.849,140.992,140.34,140.836,134576
2021-01-12,140.876,142.03,140.7,141.784,121131
2021-01-13,141.802,142.261,141.527,141.635,118318
2021-01-14,141.664,142.239,141.612,142.078,128070
2021-01-15,142.063,142.128,140.958,141.119,116014
2021-01-18,141.202,141.216,140.359,140.857,102455
2021-01-19,140.848,141.737,140.738,141.67,110488
2021-01-20,141.602,142.337,141.08,141.421,114482
2021-01-21,141.362,142.218,141.312,142.134,115663
2021-01-22,142.131,142.202,141.512,141.977,98051
2021-01-25,141.918,142.326,141.655,141.897,105293
2021-01-26,141.834,142.455,141.28,142.327,105737
2021-01-27,142.315,142.864,142.201,142.512,119577
2021-01-28,142.462,143.27,142.191,143.126,138188
2021-01-29,142.977,143.958,142.903,143.45,144385
2021-02-01,143.574,144.103,143.325,143.381,115817
2021-02-02,143.349,143.775,143.132,143.476,109471
2021-02-03,143.463,143.691,143.114,143.287,101057
2021-02-04,143.293,144.365,142.84,144.311,103347
2021-02-05,144.281,144.89,144.14,144.774,94849
2021-02-08,144.461,144.933,144.41,144.609,90400
2021-02-09,144.548,144.671,144.035,144.436,93366
2021-02-10,144.476,145.068,144.368,144.704,95680
2021-02-11,144.675,144.904,144.558,144.708,83465
2021-02-12,144.683,145.478,144.497,145.339,78850
2021-02-15,145.278,146.636,145.27,146.478,68588
2021-02-16,146.467,147.454,146.386,147.412,106019
2021-02-17,147.414,147.568,146.418,146.768,108871
2021-02-18,146.626,147.788,146.55,147.645,91634
2021-02-19,147.682,148.159,147.284,147.641,94633
2021-02-22,147.656,148.295,147.544,147.757,104926
2021-02-23,147.712,148.611,147.662,148.572,94993
2021-02-24,148.483,150.06,148.295,149.665,122454
2021-02-25,149.7,150.443,148.48,148.84,160788
2021-02-26,148.817,149.169,147.402,148.398,189203
2021-03-01,148.372,149.298,148.324,148.678,131322
2021-03-02,148.671,149.196,148.111,148.867,127699
2021-03-03,148.853,149.695,148.794,149.265,130998
2021-03-04,149.252,150.731,149.043,150.01,156041
2021-03-05,149.999,150.367,149.358,149.865,165371
2021-03-08,149.66,150.701,149.587,150.536,145525
2021-03-09,150.492,151.28,150.384,150.674,140820
2021-03-10,150.682,151.189,150.602,151.051,124754
2021-03-11,150.958,151.831,150.856,151.831,121269
2021-03-12,151.801,152.237,151.231,151.759,123776
2021-03-15,151.758,152.118,151.203,151.709,115698
2021-03-16,151.616,151.751,150.786,151.439,111280
2021-03-17,151.408,152.07,151.338,151.982,108824
2021-03-18,151.972,152.55,151.457,151.683,134223
2021-03-19,151.604,151.805,150.565,150.961,112181
2021-03-22,150.34,150.938,150.233,150.906,87554
2021-03-23,150.88,150.882,149.082,149.334,114706
2021-03-24,149.304,149.445,148.528,148.773,107585
2021-03-25,148.784,150.057,148.76,149.943,114826
2021-03-26,149.949,151.544,149.85,151.279,97223
2021-03-29,151.336,151.809,150.581,151.141,104003
2021-03-30,151.065,151.944,151.019,151.626,100762
2021-03-31,151.588,152.781,151.492,152.602,109279
2021-04-01,152.527,153.071,152.291,153.001,103230
2021-04-02,152.964,153.203,152.703,153.015,75810
2021-04-05,152.89,153.366,152.858,153.199,73122
2021-04-06,153.128,153.413,151.683,151.703,107629
2021-04-07,151.663,152.074,150.662,150.89,113987
2021-04-08,150.912,151.089,149.885,150.073,97890
2021-04-09,150.046,150.933,149.59,150.274,95629
2021-04-12,150.366,150.589,149.724,150.327,88573
2021-04-13,150.228,150.827,149.669,149.963,100603
2021-04-14,149.956,150.46,149.585,150.071,94936
2021-04-15,150.022,150.201,149.685,149.856,91428
2021-04-16,149.911,150.598,149.386,150.581,92177
2021-04-19,150.427,151.324,149.89,151.232,93550
2021-04-20,151.238,151.982,150.56,150.636,76885
2021-04-21,150.634,150.969,150.045,150.498,72188
2021-04-22,150.498,150.65,149.408,149.428,74382
2021-04-23,149.35,149.951,149.061,149.708,73243
2021-04-26,149.682,150.381,149.536,150.266,72879
2021-04-27,150.14,151.246,150.106,151.229,64155
2021-04-28,151.144,151.566,150.992,151.415,75715
2021-04-29,151.261,152.406,151.224,151.831,70820
2021-04-30,151.811,152.112,150.873,151.01,72243
2021-05-03,151.006,151.93,150.852,151.699,60502
2021-05-04,151.655,152.057,150.997,151.762,77952
2021-05-05,151.8,152.233,151.724,151.843,62798
2021-05-06,151.774,152.124,151.249,151.536,76103
2021-05-07,151.505,152.118,151.26,151.895,82013
2021-05-10,152.13,154.023,151.918,153.641,81050
2021-05-11,153.612,153.963,153.145,153.593,85064
2021-05-12,153.595,154.435,153.515,154.188,90863
2021-05-13,154.043,154.334,153.467,153.778,88292
2021-05-14,153.786,154.286,153.613,154.108,75752
2021-05-17,154.09,154.467,153.732,154.448,73618
2021-05-18,154.242,154.829,154.242,154.494,74890
2021-05-19,154.488,154.811,153.535,154.099,94428
2021-05-20,154.152,154.413,153.624,154.378,78838
2021-05-21,154.335,154.676,154.012,154.185,77747
2021-05-24,154.015,154.182,153.77,153.953,67305
2021-05-25,153.901,154.451,153.773,153.904,82122
2021-05-26,153.873,154.345,153.771,154.082,76465
2021-05-27,154.055,156.074,153.839,155.973,87498
2021-05-28,155.857,156.06,155.588,155.826,89172
2021-05-31,155.732,155.929,155.299,155.662,56423
2021-06-01,155.642,155.937,154.857,154.908,81263
2021-06-02,154.826,155.501,154.744,155.26,76786
2021-06-03,155.209,155.816,155.17,155.557,78524
2021-06-04,155.496,155.757,155.031,155.075,80011
2021-06-07,155.097,155.278,154.548,154.883,71970
2021-06-08,154.876,155.089,154.556,154.948,71963
2021-06-09,154.976,155.316,154.48,154.733,65087
2021-06-10,154.717,155.212,154.131,154.979,80766
2021-06-11,154.979,155.21,154.64,154.773,72663
2021-06-14,154.588,155.346,154.317,155.276,71197
2021-06-15,155.265,155.486,154.539,155.016,68887
2021-06-16,154.94,155.378,154.671,154.807,79831
2021-06-17,154.807,155.01,153.146,153.517,97043
2021-06-18,153.352,153.773,151.983,152.037,100961
2021-06-21,152.134,153.731,151.315,153.723,99035
2021-06-22,153.53,154.467,153.097,154.361,84322
2021-06-23,154.248,155.155,154.147,154.906,82269
2021-06-24,154.877,155.144,153.824,154.353,84796
2021-06-25,154.278,154.532,153.599,153.766,75548
2021-06-28,153.837,154.226,153.386,153.529,69987
2021-06-29,153.56,153.574,152.614,153.014,71907
2021-06-30,152.889,153.75,152.666,153.68,82868
2021-07-01,153.543,153.97,153.35,153.487,74653
2021-07-02,153.497,153.726,153.083,153.589,78613
2021-07-05,153.39,153.746,153.39,153.604,64044
2021-07-06,153.46,154.072,152.359,152.612,82382
2021-07-07,152.602,153.173,152.289,152.637,90877
2021-07-08,152.623,152.744,150.667,151.354,96646
2021-07-09,151.11,153.079,151.11,153.03,88376
2021-07-12,152.982,153.346,152.411,153.188,73597
2021-07-13,153.156,153.481,152.415,152.793,75431
2021-07-14,152.778,153.297,152.341,152.381,82246
2021-07-15,152.38,152.801,151.609,151.85,87035
2021-07-16,151.8,152.61,151.425,151.523,77684
2021-07-19,151.481,151.556,149.326,149.681,98664
2021-07-20,149.584,149.977,148.463,149.713,96210
2021-07-21,149.583,151.342,149.288,151.205,84743
2021-07-22,151.099,151.911,150.737,151.66,78828
2021-07-23,151.607,152.162,151.431,151.985,75936
2021-07-26,151.912,152.608,151.408,152.536,79787
2021-07-27,152.521,152.593,151.573,152.363,82238
2021-07-28,152.284,152.991,152.176,152.793,86062
2021-07-29,152.681,153.442,152.513,152.851,75055
2021-07-30,152.769,153.214,152.439,152.501,72003
2021-08-02,152.412,152.857,151.536,151.804,66491
2021-08-03,151.686,152.2,151.168,151.696,71418
2021-08-04,151.652,152.512,151.516,152.054,73799
2021-08-05,152.049,153.029,151.986,152.9,72054
2021-08-06,152.851,153.248,152.656,152.912,63931
2021-08-09,152.98,153.065,152.579,152.769,63265
2021-08-10,152.608,153.315,152.608,153.023,57313
2021-08-11,153.016,153.295,152.83,153.124,62239
2021-08-12,153.037,153.2,152.329,152.488,54349
2021-08-13,152.264,152.55,151.925,152.007,52811
2021-08-16,151.879,152.197,150.927,151.237,60717
2021-08-17,151.119,151.336,150.356,150.535,66860
2021-08-18,150.43,151.402,150.339,150.971,63885
2021-08-19,150.954,151.214,149.603,149.629,80034
2021-08-20,149.603,149.883,149.187,149.563,66047
2021-08-23,149.374,150.758,149.327,150.505,64160
2021-08-24,150.36,151.012,150.055,150.558,55009
2021-08-25,150.419,151.457,150.4,151.365,57396
2021-08-26,151.329,151.594,150.614,150.802,67081
2021-08-27,150.803,151.515,150.461,151.148,66089
2021-08-30,151.102,151.286,150.944,151.213,49943
2021-08-31,151.22,151.594,151.061,151.298,80560
2021-09-01,151.292,151.95,151.221,151.499,71398
2021-09-02,151.4,152.197,151.338,152.064,59341
2021-09-03,152.053,152.295,151.761,152.009,69660
2021-09-06,151.987,152.257,151.799,151.938,49331
2021-09-07,151.866,152.221,151.496,152.005,81163
2021-09-08,151.963,152.091,151.463,151.836,76138
2021-09-09,151.78,152.171,151.422,151.865,80876
2021-09-10,151.726,152.636,151.704,151.998,73883
2021-09-13,151.885,152.324,151.833,152.27,74415
2021-09-14,152.156,152.85,151.326,151.471,74509
2021-09-15,151.418,151.558,150.828,151.357,75927
2021-09-16,151.334,151.563,150.872,151.336,75105
2021-09-17,151.314,151.93,150.961,150.989,74429
2021-09-20,151.064,151.114,149.181,149.337,78628
2021-09-21,149.398,150.135,148.952,149.188,84217
2021-09-22,149.152,149.956,149.013,149.509,90765
2021-09-23,149.466,151.482,149.413,151.365,81769
2021-09-24,151.323,151.734,151.001,151.369,78527
2021-09-27,151.234,152.199,151.122,152.052,79340
2021-09-28,151.958,152.571,150.54,150.925,96294
2021-09-29,150.884,151.193,149.909,150.333,99683
2021-09-30,150.273,150.952,149.804,149.935,97831
2021-10-01,149.885,150.742,149.229,150.443,110449
2021-10-04,150.334,151.524,150.166,150.937,94937
2021-10-05,150.923,152.05,150.745,151.884,92325
2021-10-06,151.882,152.157,150.813,151.337,105574
2021-10-07,151.279,152.092,151.032,151.945,83886
2021-10-08,151.961,152.941,151.911,152.827,86109
2021-10-11,152.694,154.508,152.585,154.06,79026
2021-10-12,153.976,154.825,153.683,154.329,94376
2021-10-13,154.248,154.956,154.108,154.703,94462
2021-10-14,154.66,155.742,154.588,155.445,76602
2021-10-15,155.412,157.416,155.368,157.045,85127
2021-10-18,157.046,157.378,156.607,156.941,84557
2021-10-19,156.882,158.058,156.841,157.738,79347
2021-10-20,157.721,158.215,157.012,158.043,81938
2021-10-21,157.834,158.201,156.779,157.244,80409
2021-10-22,157.155,157.657,155.926,156.123,94354
2021-10-25,156.016,156.823,156.006,156.518,82310
2021-10-26,156.522,157.774,156.445,157.117,75603
2021-10-27,157.077,157.268,155.705,156.36,89521
2021-10-28,156.37,156.71,155.916,156.656,99522
2021-10-29,156.553,157.099,155.787,156.105,97278
2021-11-01,155.949,156.493,155.611,155.765,84096
2021-11-02,155.698,155.884,154.665,155.164,78569
2021-11-03,155.032,156.067,154.965,156.037,81294
2021-11-04,155.961,156.247,153.12,153.579,84484
2021-11-05,153.516,153.778,152.809,153.025,89178
2021-11-08,152.665,153.658,152.665,153.603,78969
2021-11-09,153.5,153.633,152.737,153.027,90661
2021-11-10,152.984,153.743,152.578,152.668,100924
2021-11-11,152.667,153.01,152.394,152.461,69554
2021-11-12,152.483,152.933,152.368,152.814,76499
2021-11-15,152.793,153.281,152.628,153.082,75630
2021-11-16,152.998,154.196,152.981,154.18,86058
2021-11-17,154.137,154.727,153.741,153.971,92557
2021-11-18,153.748,154.275,153.69,154.233,86019
2021-11-19,154.131,154.451,152.52,153.282,100083
2021-11-22,153.249,154.057,153.124,153.871,91121
2021-11-23,153.876,154.22,153.282,154.03,102441
2021-11-24,153.986,154.152,153.37,153.808,101147
2021-11-25,153.794,154.062,153.413,153.637,64844
2021-11-26,153.633,153.676,150.706,151.15,132234
2021-11-29,151.634,151.903,150.688,151.175,112873
2021-11-30,151.127,151.63,149.73,150.499,143363
2021-12-01,150.454,151.438,149.619,149.672,120340
2021-12-02,149.699,150.716,149.437,150.547,74559
2021-12-03,150.474,150.761,148.977,149.276,104679
2021-12-06,149.093,150.602,149.085,150.531,93637
2021-12-07,150.461,151.126,150.121,150.395,86573
2021-12-08,150.354,150.7,149.355,150.108,98022
2021-12-09,150.011,150.31,149.488,149.981,84227
2021-12-10,150.028,150.514,149.669,150.363,81911
2021-12-13,150.004,150.753,149.873,150.059,77039
2021-12-14,149.965,150.58,149.761,150.464,79721
2021-12-15,150.242,151.31,150.242,151.242,85592
2021-12-16,151.154,152.635,151.012,151.483,99827
2021-12-17,151.374,151.714,150.428,150.483,90496
2021-12-20,150.338,150.527,149.526,150.099,93050
2021-12-21,149.934,151.414,149.889,151.385,72215
2021-12-22,151.239,152.583,151.101,152.342,67801
2021-12-23,152.25,153.707,152.222,153.432,56663
2021-12-24,153.274,153.563,153.021,153.092,54400
2021-12-27,153.244,154.46,153.162,154.44,46851
2021-12-28,154.304,154.581,154.004,154.201,48143
2021-12-29,154.196,155.132,154.052,155.056,50560
2021-12-30,154.992,155.666,154.917,155.359,55001
2021-12-31,155.27,156.014,154.999,155.803,46977
2022-01-03,155.753,155.919,154.892,155.429,59543
2022-01-04,155.395,157.428,155.26,157.098,75216
2022-01-05,157.107,157.77,156.576,157.388,80785
2022-01-06,157.343,157.474,156.086,156.797,89039
2022-01-07,156.7,157.191,156.646,157.051,75060
2022-01-10,156.944,157.377,155.949,156.384,82417
2022-01-11,156.302,157.313,156.253,157.189,84877
2022-01-12,157.205,157.71,156.763,157.043,83875
2022-01-13,157.024,157.46,156.31,156.434,81938
2022-01-14,156.498,156.617,155.459,156.249,95869
2022-01-17,156.05,156.716,155.993,156.386,59186
2022-01-18,156.353,156.903,155.477,155.808,102370
2022-01-19,155.749,156.229,155.4,155.622,93681
2022-01-20,155.607,156.065,155.145,155.159,93190
2022-01-21,155.147,155.219,153.906,154.082,106418
2022-01-24,154.018,154.488,152.904,153.759,111371
2022-01-25,153.6,154.014,153.12,153.721,102978
2022-01-26,153.531,154.741,153.531,154.4,94888
2022-01-27,154.22,154.719,153.822,154.363,116727
2022-01-28,154.284,154.963,154.093,154.356,104674
2022-01-31,154.353,155.332,154.352,154.809,94060
2022-02-01,154.681,155.208,154.488,155.101,87507
2022-02-02,155.058,155.439,154.812,155.345,80899
2022-02-03,155.286,156.503,155.046,156.365,99013
2022-02-04,156.292,156.503,155.539,155.817,98700
2022-02-07,155.942,156.167,155.136,155.789,91323
2022-02-08,155.765,156.72,155.591,156.541,81929
2022-02-09,156.426,156.856,156.195,156.366,76788
2022-02-10,156.212,158.065,156.212,157.314,101638
2022-02-11,157.245,157.723,155.859,156.591,111524
2022-02-14,156.322,156.861,155.305,156.35,119237
2022-02-15,156.223,156.826,155.966,156.519,96321
2022-02-16,156.454,157.115,156.35,156.773,96474
2022-02-17,156.858,156.994,156.057,156.449,112874
2022-02-18,156.453,157.289,156.215,156.394,100759
2022-02-21,156.293,156.749,156.0,156.034,78860
2022-02-22,156.041,156.511,155.511,156.333,119995
2022-02-23,156.219,156.777,155.603,155.808,85111
2022-02-24,155.686,155.89,153.37,154.537,170950
2022-02-25,154.466,155.181,154.156,154.913,117500
2022-02-28,153.327,154.995,153.327,154.295,132674
2022-03-01,154.265,154.684,152.662,153.105,118132
2022-03-02,153.048,154.917,152.814,154.85,123453
2022-03-03,154.852,155.228,153.863,154.128,114174
2022-03-04,153.979,154.215,151.469,151.975,127653
2022-03-07,151.894,152.23,151.038,151.085,152807
2022-03-08,151.054,152.009,150.979,151.533,145877
2022-03-09,151.499,152.787,151.416,152.784,121721
2022-03-10,152.526,152.994,151.884,151.94,114612
2022-03-11,151.955,153.401,151.879,152.9,119335
2022-03-14,152.984,154.19,152.833,153.658,108216
2022-03-15,153.652,154.693,153.231,154.273,119231
2022-03-16,154.259,156.149,154.113,156.136,117171
2022-03-17,156.081,156.716,155.453,155.942,109974
2022-03-18,155.872,157.224,155.857,157.037,94137
2022-03-21,156.873,157.507,156.377,157.319,89748
2022-03-22,157.285,160.248,157.195,160.192,113282
2022-03-23,160.179,161.101,159.037,159.969,104227
2022-03-24,159.966,161.408,159.583,161.355,112162
2022-03-25,161.302,161.501,159.851,160.938,116186
2022-03-28,160.872,164.635,160.766,162.241,142246
2022-03-29,162.032,162.715,160.259,160.909,149367
2022-03-30,160.829,161.368,159.039,160.026,143789
2022-03-31,159.894,160.887,159.44,159.952,141877
2022-04-01,159.726,161.18,159.469,160.715,122785
2022-04-04,160.537,161.308,160.269,161.013,101710
2022-04-05,160.995,161.97,160.508,161.566,107470
2022-04-06,161.511,162.283,161.416,161.775,124155
2022-04-07,161.679,162.27,161.394,162.079,111772
2022-04-08,161.977,162.352,161.644,162.006,104589
2022-04-11,161.569,163.848,161.536,163.37,117516
2022-04-12,163.316,163.625,162.786,163.034,126844
2022-04-13,162.929,164.842,162.829,164.8,108521
2022-04-14,164.634,164.844,164.031,164.641,113975
2022-04-15,164.469,165.417,164.407,165.076,101588
2022-04-18,164.954,165.416,164.639,165.233,90194
2022-04-19,165.227,167.608,165.162,167.544,129418
2022-04-20,167.501,168.424,166.428,167.116,144086
2022-04-21,166.958,167.913,166.867,167.245,135369
2022-04-22,167.199,167.587,164.801,165.021,139141
2022-04-25,164.974,165.311,162.052,163.257,156133
2022-04-26,163.248,163.601,159.951,159.951,146997
2022-04-27,159.963,161.388,159.599,161.091,141152
2022-04-28,161.014,164.25,160.882,162.928,166500
2022-04-29,162.962,163.996,162.402,163.239,140452
2022-05-02,163.22,163.89,162.289,162.622,130131
2022-05-03,162.519,163.414,162.353,162.61,123014
2022-05-04,162.623,163.193,161.781,163.088,120252
2022-05-05,162.975,163.569,160.468,160.849,154234
2022-05-06,160.86,161.599,160.319,160.999,153292
2022-05-09,161.031,162.187,160.161,160.691,149475
2022-05-10,160.551,161.518,160.041,160.649,157981
2022-05-11,160.566,161.311,158.839,159.179,153427
2022-05-12,159.201,159.376,155.596,156.497,180122
2022-05-13,156.497,158.488,156.46,158.483,139221
2022-05-16,158.284,159.276,157.426,159.086,129145
2022-05-17,159.094,161.85,158.789,161.59,136593
2022-05-18,161.644,161.775,158.062,158.295,131488
2022-05-19,158.113,159.921,157.879,159.417,171165
2022-05-20,159.304,160.198,158.727,159.81,148564
2022-05-23,159.586,161.014,159.407,160.977,130392
2022-05-24,160.997,160.997,157.987,159.001,138044
2022-05-25,158.896,160.304,158.389,160.076,139567
2022-05-26,159.965,160.827,159.016,160.224,125993
2022-05-27,159.925,160.649,159.823,160.566,119836
2022-05-30,160.269,161.524,160.268,161.414,97214
2022-05-31,161.395,162.363,160.94,162.169,150797
2022-06-01,161.971,163.321,161.971,162.477,139333
2022-06-02,162.424,163.422,162.11,163.321,115246
2022-06-03,163.296,164.092,163.059,163.36,113422
2022-06-06,163.54,165.462,162.905,165.253,123964
2022-06-07,165.271,167.107,165.21,166.973,147148
2022-06-08,166.91,168.534,166.853,168.296,153450
2022-06-09,168.318,168.729,166.692,167.911,160015
2022-06-10,167.818,168.032,165.169,165.432,154921
2022-06-13,165.45,166.123,162.254,163.069,181018
2022-06-14,163.102,164.32,161.336,162.511,187174
2022-06-15,162.474,163.162,161.73,162.908,176081
2022-06-16,163.002,163.794,159.993,163.317,192565
2022-06-17,163.37,166.22,163.008,164.838,178360
2022-06-20,164.936,165.657,164.471,165.439,127639
2022-06-21,165.34,167.824,165.338,167.81,146809
2022-06-22,167.742,167.835,165.77,167.045,166003
2022-06-23,167.136,167.136,164.655,165.481,178146
2022-06-24,165.41,166.305,164.807,165.947,152904
2022-06-27,165.74,166.53,165.125,166.174,150931
2022-06-28,166.114,166.937,165.719,165.896,150505
2022-06-29,165.826,166.336,165.403,165.571,170009
2022-06-30,165.517,165.822,164.806,165.295,156845
2022-07-01,165.212,165.313,161.573,163.556,153986
2022-07-04,163.772,164.748,163.0,164.185,114712
2022-07-05,164.056,165.276,161.584,162.454,165597
2022-07-06,162.042,162.577,160.391,162.038,190704
2022-07-07,161.994,163.623,161.583,163.503,169006
2022-07-08,163.471,163.938,161.819,163.743,169687
2022-07-11,163.414,164.465,163.029,163.405,157533
2022-07-12,163.47,163.551,161.833,162.695,166762
2022-07-13,162.674,164.121,162.355,163.417,166328
2022-07-14,163.246,165.192,163.081,164.293,180278
2022-07-15,164.248,164.703,163.646,164.403,152174
2022-07-18,164.376,166.095,164.167,165.082,139391
2022-07-19,165.064,165.978,164.715,165.785,136142
2022-07-20,165.612,166.243,165.134,165.643,120006
2022-07-21,165.394,165.991,164.537,164.823,141787
2022-07-22,164.856,165.143,162.999,163.361,148385
2022-07-25,163.238,165.091,162.991,164.624,135910
2022-07-26,164.524,164.968,163.471,164.694,119927
2022-07-27,164.524,166.33,164.512,166.058,130157
2022-07-28,165.848,166.091,162.862,163.465,141991
2022-07-29,163.447,163.897,161.534,162.289,144849
2022-08-01,162.164,162.496,161.038,161.279,136759
2022-08-02,161.184,162.005,159.44,161.949,168792
2022-08-03,161.968,163.06,161.2,162.599,164894
2022-08-04,162.465,163.94,161.119,161.613,138648
2022-08-05,161.496,163.368,161.106,162.974,130214
2022-08-08,162.954,163.845,162.564,163.094,125570
2022-08-09,162.91,163.674,162.616,163.185,114376
2022-08-10,163.1,163.615,161.68,162.313,126410
2022-08-11,162.332,162.453,161.264,162.229,128972
2022-08-12,162.268,162.793,161.803,161.952,117304
2022-08-15,161.908,162.069,160.352,160.686,111346
2022-08-16,160.692,162.741,160.085,162.391,111743
2022-08-17,162.257,163.563,162.134,162.748,126300
2022-08-18,162.604,163.242,161.683,162.138,128059
2022-08-19,162.071,162.837,161.635,161.913,120932
2022-08-22,161.799,162.529,161.158,161.742,115348
2022-08-23,161.71,162.312,160.804,161.791,128635
2022-08-24,161.827,161.887,160.834,161.707,130040
2022-08-25,161.68,161.994,161.32,161.507,125935
2022-08-26,161.428,162.68,161.22,161.409,128342
2022-08-29,161.482,162.647,161.292,162.351,125485
2022-08-30,162.448,162.584,161.494,161.753,138467
2022-08-31,161.672,161.903,160.897,161.477,139501
2022-09-01,161.498,161.859,160.973,161.859,143235
2022-09-02,161.852,162.494,161.156,161.426,133478
2022-09-05,160.775,161.966,160.662,161.966,107287
2022-09-06,161.858,165.1,161.818,164.493,153420
2022-09-07,164.388,166.011,164.191,165.838,163646
2022-09-08,165.588,166.317,164.889,165.76,156146
2022-09-09,165.736,166.238,164.306,165.271,150945
2022-09-12,165.422,167.038,165.114,166.85,136718
2022-09-13,166.846,167.702,166.006,166.089,148817
2022-09-14,166.1,166.515,164.755,165.211,158887
2022-09-15,165.184,165.731,164.472,164.54,135899
2022-09-16,164.489,164.581,162.74,163.261,134342
2022-09-19,163.16,163.835,162.942,163.74,110632
2022-09-20,163.496,164.441,163.14,163.568,134300
2022-09-21,163.528,163.942,162.234,162.341,160408
2022-09-22,162.25,164.434,159.12,160.21,165887
2022-09-23,160.216,160.454,155.416,155.448,157716
2022-09-26,155.043,157.209,148.898,154.653,201158
2022-09-27,154.642,156.362,154.166,155.433,170557
2022-09-28,155.365,157.091,152.549,156.93,182389
2022-09-29,156.905,160.582,155.604,160.54,175799
2022-09-30,160.534,162.172,159.428,161.586,169949
2022-10-03,161.578,163.893,160.571,163.659,159278
2022-10-04,163.645,165.538,163.42,165.424,168761
2022-10-05,165.268,165.714,162.603,163.916,166614
2022-10-06,163.696,164.445,161.091,161.938,170866
2022-10-07,161.953,162.599,160.774,161.245,158334
2022-10-10,161.014,161.563,160.464,161.117,137252
2022-10-11,161.013,162.671,159.721,159.962,167840
2022-10-12,159.913,163.326,159.736,163.036,172278
2022-10-13,163.025,167.278,162.319,166.67,163095
2022-10-14,166.68,167.218,165.017,166.301,173804
2022-10-17,166.856,170.092,166.442,169.308,156816
2022-10-18,169.161,169.81,167.568,168.926,169655
2022-10-19,168.79,169.375,167.628,168.148,164512
2022-10-20,168.122,169.728,167.421,168.709,178578
2022-10-21,168.517,169.574,164.956,166.762,183081
2022-10-24,168.244,169.8,165.446,168.076,180333
2022-10-25,167.905,169.943,167.833,169.713,156646
2022-10-26,169.586,170.599,169.32,170.264,176805
2022-10-27,170.077,170.253,168.722,169.106,186328
2022-10-28,169.094,171.364,168.874,171.24,166358
2022-10-31,171.024,172.126,170.33,170.549,144403
2022-11-01,170.501,170.947,169.483,170.153,156196
2022-11-02,170.199,170.316,168.311,168.47,167741
2022-11-03,168.312,168.575,165.099,165.428,164793
2022-11-04,165.311,166.976,165.138,166.78,169812
2022-11-07,166.376,169.092,165.758,168.815,158201
2022-11-08,168.782,169.073,167.299,168.184,148955
2022-11-09,168.054,168.322,165.968,166.268,177498
2022-11-10,166.322,167.462,164.371,165.085,179724
2022-11-11,165.142,166.094,163.05,164.211,187532
2022-11-14,164.134,165.71,163.685,164.497,169306
2022-11-15,164.383,166.203,164.32,165.3,178861
2022-11-16,165.171,166.389,164.699,166.248,173074
2022-11-17,166.07,166.377,165.184,166.351,158491
2022-11-18,166.288,167.315,166.122,166.796,152210
2022-11-21,166.872,168.046,166.101,168.033,159390
2022-11-22,167.946,168.298,167.338,167.832,144706
2022-11-23,167.828,168.998,167.728,168.249,143871
2022-11-24,168.257,168.284,167.158,167.928,132305
2022-11-25,167.754,168.792,167.641,168.267,131234
2022-11-28,167.927,168.22,165.842,166.022,160867
2022-11-29,166.096,166.669,165.525,165.772,159532
2022-11-30,165.725,167.407,165.468,166.493,168943
2022-12-01,166.411,167.228,164.509,165.861,177512
2022-12-02,165.612,165.98,164.033,165.096,160653
2022-12-05,165.114,166.82,164.816,166.776,155304
2022-12-06,166.538,167.493,166.14,166.278,153531
2022-12-07,166.134,167.425,165.954,166.778,161345
2022-12-08,166.623,167.346,166.281,167.25,134371
2022-12-09,167.102,168.055,166.275,167.513,149929
2022-12-12,167.196,169.018,167.106,168.828,139076
2022-12-13,168.802,169.278,167.093,167.654,162899
2022-12-14,167.556,168.385,166.719,168.348,160488
2022-12-15,168.321,168.839,167.621,167.803,167503
2022-12-16,167.63,168.001,165.986,166.058,158873
2022-12-19,165.2,166.902,165.162,166.273,145818
2022-12-20,166.265,167.019,158.594,160.49,192901
2022-12-21,160.196,161.032,159.469,160.031,151782
2022-12-22,160.004,160.245,158.799,159.341,143088
2022-12-23,159.272,160.52,159.059,160.043,126645
2022-12-27,160.229,160.945,160.16,160.582,109224
2022-12-28,160.42,162.335,160.362,161.625,125482
2022-12-29,161.423,161.531,160.056,160.345,120470
2022-12-30,160.32,160.448,157.829,158.466,135201
2023-01-02,157.99,158.548,157.322,157.333,39704
2023-01-03,157.503,158.379,155.355,156.754,159580
2023-01-04,156.775,160.172,156.5,159.933,161171
2023-01-05,159.765,160.036,158.504,158.93,156381
2023-01-06,158.815,160.014,158.656,159.75,159150
2023-01-09,159.36,161.229,159.306,160.695,148257
2023-01-10,160.563,160.927,160.044,160.687,151772
2023-01-11,160.584,161.211,160.446,160.958,136238
2023-01-12,160.7,160.938,157.729,157.931,171690
2023-01-13,157.652,158.028,155.64,156.405,163489
2023-01-16,156.125,157.074,156.056,156.715,123104
2023-01-17,156.694,158.035,156.381,157.482,150271
2023-01-18,157.329,161.523,157.248,159.127,182171
2023-01-19,159.074,159.219,157.568,159.134,156749
2023-01-20,159.102,161.283,159.038,160.657,137825
2023-01-23,160.518,161.807,160.361,161.764,135368
2023-01-24,161.544,161.769,159.988,160.631,131462
2023-01-25,160.439,160.926,159.507,160.688,135127
2023-01-26,160.68,161.733,160.008,161.63,130411
2023-01-27,161.557,161.607,160.407,160.917,118558
2023-01-30,160.606,161.416,160.206,161.101,131535
2023-01-31,160.906,161.198,159.765,160.26,117834
2023-02-01,160.201,160.669,158.911,159.56,119731
2023-02-02,159.515,159.618,157.181,157.308,138613
2023-02-03,157.199,158.75,156.726,158.121,127942
2023-02-06,159.39,159.951,158.401,159.446,125677
2023-02-07,159.384,159.572,157.429,157.919,134212
2023-02-08,157.754,158.834,157.606,158.66,112795
2023-02-09,158.513,159.505,158.138,159.368,118445
2023-02-10,159.404,159.627,157.535,158.423,126658
2023-02-13,158.378,161.193,158.329,160.712,108287
2023-02-14,160.603,162.176,160.106,162.041,134983
2023-02-15,161.975,162.057,160.675,161.441,124422
2023-02-16,161.3,161.51,160.468,160.564,132061
2023-02-17,160.626,161.641,160.496,161.509,122447
2023-02-20,161.339,161.724,161.169,161.671,92393
2023-02-21,161.524,163.755,161.434,163.531,126627
2023-02-22,163.5,163.561,162.388,162.508,122774
2023-02-23,162.421,162.85,161.673,161.821,114845
2023-02-24,161.724,163.124,161.211,162.955,134969
2023-02-27,162.988,164.344,162.608,164.324,110046
2023-02-28,164.25,166.008,163.713,163.789,115257
2023-03-01,163.607,164.508,162.864,163.793,130111
2023-03-02,163.753,163.933,163.07,163.401,127593
2023-03-03,163.31,163.64,163.094,163.586,113693
2023-03-06,163.57,163.781,162.979,163.457,108653
2023-03-07,163.401,163.859,162.048,162.196,117465
2023-03-08,162.195,162.986,161.709,162.667,114999
2023-03-09,162.539,162.649,161.61,162.333,109257
2023-03-10,162.343,164.235,161.946,162.523,158945
2023-03-13,162.333,163.051,160.04,162.336,195647
2023-03-14,162.214,164.076,161.86,163.175,172659
2023-03-15,163.162,164.139,159.205,160.847,180186
2023-03-16,160.781,162.106,158.55,161.985,170902
2023-03-17,161.734,162.177,160.112,160.538,146308
2023-03-20,160.876,161.728,158.959,161.228,162151
2023-03-21,161.202,162.263,160.76,161.825,109487
2023-03-22,161.814,163.341,160.792,161.329,125468
2023-03-23,161.162,161.854,159.936,160.771,143910
2023-03-24,160.65,160.84,158.261,159.852,138339
2023-03-27,159.65,161.85,159.588,161.673,110326
2023-03-28,161.536,161.779,160.732,161.529,106858
2023-03-29,161.447,163.681,161.349,163.63,109538
2023-03-30,163.531,164.453,162.972,164.378,108809
2023-03-31,164.281,165.468,163.624,163.756,114750
2023-04-03,164.395,164.896,163.426,164.419,111714
2023-04-04,164.298,166.403,164.177,164.648,107641
2023-04-05,164.621,164.671,162.776,163.553,111856
2023-04-06,163.54,164.111,162.895,163.851,86728
2023-04-07,163.863,164.394,163.462,164.052,74837
2023-04-10,164.077,165.495,163.804,165.427,81712
2023-04-11,165.417,166.193,165.188,166.117,90979
2023-04-12,166.032,166.595,165.384,166.207,103261
2023-04-13,166.195,166.86,165.411,166.026,96750
2023-04-14,166.009,166.235,165.407,166.012,100434
2023-04-17,166.024,166.63,165.69,166.433,95757
2023-04-18,166.27,167.01,166.167,166.621,102503
2023-04-19,166.619,167.971,166.485,167.578,99368
2023-04-20,167.528,167.704,166.842,167.041,106172
2023-04-21,166.961,167.083,165.526,166.863,100295
2023-04-24,166.554,167.722,166.543,167.63,103111
2023-04-25,167.562,167.956,165.422,165.949,103196
2023-04-26,165.903,167.01,165.65,166.639,116255
2023-04-27,166.598,167.501,166.31,167.434,112699
2023-04-28,167.273,171.164,166.472,171.091,133485
2023-05-01,170.85,172.096,170.85,171.766,82005
2023-05-02,171.75,172.325,169.954,170.276,109190
2023-05-03,170.183,170.372,169.143,169.361,115218
2023-05-04,169.103,169.539,168.058,168.817,135520
2023-05-05,168.775,170.616,168.654,170.269,98092
2023-05-08,170.244,171.069,170.178,170.501,82995
2023-05-09,170.35,170.711,169.855,170.671,102828
2023-05-10,170.543,171.177,169.103,169.621,104856
2023-05-11,169.532,169.732,167.841,168.365,113119
2023-05-12,168.132,169.133,168.124,168.947,96968
2023-05-15,168.97,170.621,168.788,170.506,88563
2023-05-16,170.502,170.836,169.398,170.278,92800
2023-05-17,170.241,172.007,170.109,171.939,96923
2023-05-18,171.87,172.159,171.189,172.106,97810
2023-05-19,172.122,172.503,171.242,171.73,105300
2023-05-22,171.574,172.578,171.198,172.355,95314
2023-05-23,172.36,172.623,171.286,172.033,107798
2023-05-24,171.992,172.792,171.227,172.44,112657
2023-05-25,172.4,172.772,171.693,172.549,112558
2023-05-26,172.552,173.733,172.207,173.558,103450
2023-05-29,173.471,173.97,172.947,173.51,59853
2023-05-30,173.311,174.273,172.989,173.501,103295
2023-05-31,173.51,173.644,172.525,173.353,108366
2023-06-01,173.313,174.166,172.966,173.848,102184
2023-06-02,173.809,174.679,173.737,174.27,92565
2023-06-05,174.281,174.36,172.85,173.546,90633
2023-06-06,173.505,173.772,172.677,173.475,89449
2023-06-07,173.476,174.436,172.665,174.342,93967
2023-06-08,174.166,174.515,173.904,174.481,95845
2023-06-09,174.466,175.542,174.288,175.319,86294
2023-06-12,175.104,175.767,174.349,174.679,84096
2023-06-13,174.571,176.863,174.457,176.844,96914
2023-06-14,176.823,177.408,176.445,177.373,102018
2023-06-15,177.268,179.397,177.222,179.337,108295
2023-06-16,179.3,182.041,178.824,181.902,109721
2023-06-19,181.636,182.124,181.217,181.653,70918
2023-06-20,181.429,182.088,179.923,180.529,119432
2023-06-21,180.546,181.601,179.923,181.153,116918
2023-06-22,181.17,182.559,180.714,182.427,106037
2023-06-23,182.397,182.943,181.249,182.701,113964
2023-06-26,182.324,182.991,181.687,182.41,103582
2023-06-27,182.36,183.764,182.233,183.66,106034
2023-06-28,183.64,183.689,182.144,182.561,110185
2023-06-29,182.546,182.882,182.215,182.594,103151
2023-06-30,182.543,183.873,182.199,183.225,106290
2023-07-03,183.155,183.756,183.093,183.594,91626
2023-07-04,183.597,183.91,183.233,183.665,60711
2023-07-05,183.608,184.013,183.152,183.761,88564
2023-07-06,183.746,184.006,182.499,183.516,111141
2023-07-07,183.515,183.576,182.014,182.454,104947
2023-07-10,182.39,183.221,181.097,181.751,94388
2023-07-11,181.719,181.996,180.794,181.491,97793
2023-07-12,181.54,181.54,179.465,179.907,107988
2023-07-13,179.816,181.462,179.491,181.329,102863
2023-07-14,181.289,182.282,180.202,181.719,106763
2023-07-17,181.66,182.145,180.572,181.344,85200
2023-07-18,181.329,181.841,180.362,180.97,98088
2023-07-19,180.935,181.642,179.821,180.73,103492
2023-07-20,180.589,180.713,179.733,180.231,98486
2023-07-21,180.16,182.526,179.917,182.291,101297
2023-07-24,181.87,182.346,180.747,181.43,103601
2023-07-25,181.334,182.009,181.153,181.806,95065
2023-07-26,181.783,181.942,180.914,181.497,103983
2023-07-27,181.386,181.92,177.411,178.46,121296
2023-07-28,178.344,181.491,176.314,181.346,134515
2023-07-31,181.06,183.191,180.872,182.592,105968
2023-08-01,182.602,183.25,182.559,183.121,94797
2023-08-02,183.131,183.131,181.752,182.174,113732
2023-08-03,182.147,182.764,180.4,181.126,120830
2023-08-04,181.124,181.742,180.665,180.727,104481
2023-08-07,180.544,182.193,180.521,182.139,86930
2023-08-08,182.15,182.957,181.382,182.797,101492
2023-08-09,182.75,183.016,182.363,182.784,89740
2023-08-10,182.778,184.247,182.678,183.471,99268
2023-08-11,183.395,184.241,183.338,184.058,89695
2023-08-14,183.883,184.74,183.463,184.644,97096
2023-08-15,184.462,185.324,184.341,184.935,99340
2023-08-16,184.91,186.341,184.695,186.328,89388
2023-08-17,186.31,186.469,185.562,185.919,104506
2023-08-18,185.785,185.93,184.551,185.126,102327
2023-08-21,184.926,186.658,184.885,186.549,93092
2023-08-22,186.338,186.765,185.529,185.737,92078
2023-08-23,185.71,185.941,183.368,184.311,100792
2023-08-24,184.205,184.769,183.599,183.737,85251
2023-08-25,183.678,184.407,183.352,184.175,92154
2023-08-28,184.188,184.704,184.052,184.68,78241
2023-08-29,184.641,185.263,184.07,184.439,96808
2023-08-30,184.416,186.059,184.33,186.043,98427
2023-08-31,186.006,186.006,184.077,184.425,99188
2023-09-01,184.416,184.559,183.538,183.993,94349
2023-09-04,183.873,185.081,183.841,184.985,57137
2023-09-05,184.706,185.779,184.071,185.616,89249
2023-09-06,185.563,185.621,184.249,184.679,89367
2023-09-07,184.636,184.768,183.372,183.685,90851
2023-09-08,183.675,184.467,183.059,184.158,89165
2023-09-11,183.607,183.906,182.678,183.354,105871
2023-09-12,183.325,183.925,182.944,183.74,80636
2023-09-13,183.676,184.388,183.191,184.195,92115
2023-09-14,183.993,184.089,182.514,182.997,94207
2023-09-15,182.977,183.91,182.773,183.072,86203
2023-09-18,182.86,183.344,182.718,182.807,72628
2023-09-19,182.713,183.489,182.713,183.236,78277
2023-09-20,183.114,183.346,182.455,183.125,95257
2023-09-21,183.071,183.092,180.76,181.417,91277
2023-09-22,181.412,182.303,181.206,181.534,92826
2023-09-25,181.545,181.955,181.406,181.801,82707
2023-09-26,181.776,181.815,181.047,181.212,84450
2023-09-27,181.203,181.679,180.884,181.598,87633
2023-09-28,181.561,182.425,181.056,182.2,98763
2023-09-29,182.116,183.019,181.889,182.271,96683
2023-10-02,182.284,182.817,181.122,181.138,90290
2023-10-03,181.127,181.373,178.032,179.996,95505
2023-10-04,179.865,181.255,179.563,180.968,93328
2023-10-05,180.864,181.076,180.29,181.059,88134
2023-10-06,181.007,182.976,180.795,182.597,94704
2023-10-09,181.819,182.315,181.251,181.736,81661
2023-10-10,181.709,182.785,181.544,182.693,93136
2023-10-11,182.704,183.745,182.468,183.67,90226
2023-10-12,183.642,183.815,182.331,182.392,88615
2023-10-13,182.351,182.942,181.271,181.546,85256
2023-10-16,181.192,182.737,181.192,182.66,78138
2023-10-17,182.474,182.804,181.088,182.506,86325
2023-10-18,182.441,182.815,181.848,182.01,102553
2023-10-19,182.007,182.518,181.175,181.881,118644
2023-10-20,181.873,182.372,181.3,182.261,104902
2023-10-23,182.044,183.438,182.044,183.351,93459
2023-10-24,183.335,183.754,182.055,182.295,99501
2023-10-25,182.285,182.453,181.631,181.928,90555
2023-10-26,181.864,182.583,181.056,182.391,112867
2023-10-27,182.359,182.511,181.045,181.337,104296
2023-10-30,181.269,181.878,180.765,181.383,89361
2023-10-31,181.292,184.286,181.247,184.271,115732
2023-11-01,184.214,184.353,182.861,183.396,109485
2023-11-02,183.408,183.73,182.729,183.62,103949
2023-11-03,183.529,185.015,183.229,184.9,87302
2023-11-06,184.649,185.962,184.572,185.232,75644
2023-11-07,185.217,185.467,184.646,185.015,81334
2023-11-08,184.845,185.67,184.545,185.461,83898
2023-11-09,185.414,185.894,184.844,184.978,94388
2023-11-10,184.965,185.338,184.638,185.235,81333
2023-11-13,184.872,186.316,184.846,186.28,68884
2023-11-14,186.243,188.29,185.994,187.948,80072
2023-11-15,187.842,188.236,187.183,187.96,91763
2023-11-16,187.879,187.926,186.825,187.122,84177
2023-11-17,187.078,187.142,185.319,186.472,88228
2023-11-20,186.193,186.788,184.627,185.561,98289
2023-11-21,185.468,186.095,184.466,186.055,99043
2023-11-22,186.038,187.022,185.634,186.832,93815
2023-11-23,186.774,187.586,186.287,187.452,65373
2023-11-24,187.382,188.661,187.102,188.313,74333
2023-11-27,188.232,188.526,187.603,187.744,94033
2023-11-28,187.628,187.873,187.055,187.224,106255
2023-11-29,187.195,187.538,186.629,186.883,114868
2023-11-30,186.903,187.567,186.235,187.101,111382
2023-12-01,186.987,187.519,186.193,186.612,109459
2023-12-04,186.07,186.506,185.077,185.966,109791
2023-12-05,185.833,186.187,185.063,185.336,105051
2023-12-06,185.286,185.807,184.991,185.006,89869
2023-12-07,185.01,185.01,178.563,181.506,127209
2023-12-08,181.401,182.044,179.542,181.872,133816
2023-12-11,181.591,184.325,181.513,183.506,105330
2023-12-12,183.443,183.551,182.269,182.732,99490
2023-12-13,182.715,183.147,180.192,180.31,117171
2023-12-14,180.226,181.218,178.339,181.095,158110
2023-12-15,181.044,181.743,179.821,180.201,130691
2023-12-18,180.323,181.178,179.794,180.59,98564
2023-12-19,180.528,184.177,180.04,183.124,114547
2023-12-20,182.915,183.331,181.268,181.44,105870
2023-12-21,181.222,181.411,179.781,180.311,107428
2023-12-22,180.267,181.328,179.943,180.838,101176
2023-12-26,180.477,181.299,180.392,181.122,59801
2023-12-27,180.949,182.197,180.949,181.526,74116
2023-12-28,181.336,181.464,178.997,180.018,83540
2023-12-29,179.915,180.527,179.306,179.521,81666
2024-01-02,179.171,180.647,178.734,179.175,99417
2024-01-03,179.061,181.754,178.912,181.46,108445
2024-01-04,181.418,183.778,181.011,183.432,104527
2024-01-05,183.387,184.303,183.266,183.813,113406
2024-01-08,183.806,184.223,183.021,183.869,93104
2024-01-09,183.83,183.9,182.753,183.629,103615
2024-01-10,183.603,185.75,183.405,185.735,90890
2024-01-11,185.546,186.165,185.023,185.421,119006
2024-01-12,185.241,185.656,184.473,184.708,114892
2024-01-15,184.525,185.751,184.492,185.49,78989
2024-01-16,185.541,186.182,184.966,185.973,116147
2024-01-17,185.886,188.122,185.781,187.793,116286
2024-01-18,187.702,188.251,187.315,188.246,110581
2024-01-19,188.127,188.932,187.408,188.164,97399
2024-01-22,188.015,188.39,187.765,188.235,94864
2024-01-23,188.004,188.918,187.344,188.226,103911
2024-01-24,187.983,188.471,187.12,187.703,110343
2024-01-25,187.437,188.189,187.155,187.641,104496
2024-01-26,187.509,188.559,187.335,188.163,95820
2024-01-29,188.007,188.29,187.115,187.455,86041
2024-01-30,187.421,187.51,186.511,187.445,90828
2024-01-31,187.386,187.6,185.956,186.446,125212
2024-02-01,186.31,186.664,185.227,186.592,121810
2024-02-02,186.488,187.732,186.363,187.446,104927
2024-02-05,187.352,187.625,186.159,186.378,98084
2024-02-06,186.333,186.779,186.182,186.376,95107
2024-02-07,186.309,187.261,186.176,187.128,94149
2024-02-08,187.067,188.487,186.868,188.394,99671
2024-02-09,188.37,188.862,188.223,188.533,86615
2024-02-12,188.324,188.717,187.853,188.601,88078
2024-02-13,188.596,190.074,188.438,189.895,94277
2024-02-14,189.793,189.879,188.753,189.235,96943
2024-02-15,189.11,189.224,187.941,188.913,93651
2024-02-16,188.769,189.516,188.736,189.233,90335
2024-02-19,189.258,189.389,188.908,189.116,60425
2024-02-20,188.908,189.724,188.908,189.331,91777
2024-02-21,189.324,189.934,189.152,189.932,86483
2024-02-22,189.939,190.837,189.854,190.586,103389
2024-02-23,190.563,191.143,190.398,190.761,88033
2024-02-26,190.677,191.317,190.335,191.184,82951
2024-02-27,191.126,191.165,190.367,190.953,88820
2024-02-28,190.867,190.936,190.265,190.808,105893
2024-02-29,190.688,190.791,189.045,189.357,137215
2024-03-01,189.16,190.397,189.126,189.922,137362
2024-03-04,189.742,191.191,189.741,191.03,85413
2024-03-05,190.982,191.047,190.307,190.65,109875
2024-03-06,190.611,190.684,189.857,190.21,130347
2024-03-07,190.115,190.152,188.23,189.587,148540
2024-03-08,189.538,189.716,188.384,189.116,145235
2024-03-11,189.004,189.127,187.957,188.291,159866
2024-03-12,188.263,189.201,187.977,188.912,240111
2024-03-13,188.886,189.548,188.411,189.082,210030
2024-03-14,189.078,189.523,188.592,189.128,234341
2024-03-15,189.152,190.029,188.59,189.804,211822
2024-03-18,189.532,190.16,189.522,189.856,193349
2024-03-19,189.837,192.167,189.606,191.897,221999
2024-03-20,191.891,193.537,191.753,193.38,228622
2024-03-21,193.364,193.503,191.842,191.926,252713
2024-03-22,191.922,192.236,190.388,190.823,212467
2024-03-25,190.626,191.568,190.342,191.334,176207
2024-03-26,191.306,191.679,191.1,191.376,176591
2024-03-27,191.384,191.533,190.502,191.144,183883
2024-03-28,191.139,191.32,190.566,191.038,181356
2024-03-29,191.017,191.202,190.734,191.017,71884
2024-04-01,190.962,191.349,190.179,190.335,139279
2024-04-02,190.33,190.719,190.044,190.615,180159
2024-04-03,190.608,191.933,190.424,191.921,166074
2024-04-04,191.921,192.25,191.015,191.329,171860
2024-04-05,191.318,191.637,190.673,191.607,199704
2024-04-08,191.386,192.187,191.302,192.152,178139
2024-04-09,192.091,192.854,191.964,192.407,168146
2024-04-10,192.368,192.959,191.471,192.039,205829
2024-04-11,192.033,192.586,191.564,192.394,223390
2024-04-12,192.38,192.414,189.988,190.781,222371
2024-04-15,190.326,192.716,190.276,191.984,226681
2024-04-16,191.988,192.811,191.643,192.271,226364
2024-04-17,192.228,192.841,191.678,192.283,200703
2024-04-18,192.257,192.785,191.897,192.328,188331
2024-04-19,192.292,192.732,190.298,191.288,243712
2024-04-22,191.218,191.699,190.321,191.216,158697
2024-04-23,191.223,192.851,190.835,192.769,177530
2024-04-24,192.728,193.642,192.417,193.611,157904
2024-04-25,193.61,194.951,193.26,194.756,196894
2024-04-26,194.758,197.936,193.965,197.74,206067
2024-04-29,196.96,200.584,193.612,196.385,261010
2024-04-30,196.394,197.379,196.075,197.127,189829
2024-05-01,197.117,197.428,191.8,193.427,187211
2024-05-02,193.633,195.752,191.857,192.592,258655
2024-05-03,192.51,192.687,191.365,191.868,216575
2024-05-06,191.804,193.669,191.594,193.317,160971
2024-05-07,193.25,194.133,192.991,193.481,159315
2024-05-08,193.483,194.512,193.241,194.325,152604
2024-05-09,194.301,194.864,193.839,194.693,161661
2024-05-10,194.614,195.342,194.482,195.076,152336
2024-05-13,194.798,196.28,194.743,196.19,160381
2024-05-14,196.163,197.058,195.72,196.966,169442
2024-05-15,196.937,197.095,195.78,196.501,196706
2024-05-16,196.443,196.917,195.047,196.887,205346
2024-05-17,196.849,197.86,196.716,197.656,162758
2024-05-20,197.444,198.644,197.336,198.543,152474
2024-05-21,198.506,198.909,198.264,198.492,164115
2024-05-22,198.434,199.546,198.351,199.415,181329
2024-05-23,199.339,199.897,199.02,199.284,196424
2024-05-24,199.182,200.068,198.98,199.886,157513
2024-05-27,199.8,200.432,199.61,200.348,107873
2024-05-28,200.262,200.649,200.15,200.599,160887
2024-05-29,200.565,200.742,200.047,200.237,180890
2024-05-30,200.187,200.24,198.752,199.642,194866
2024-05-31,199.602,200.512,199.238,200.388,206589
2024-06-03,200.195,200.651,199.222,199.882,177830
2024-06-04,199.827,200.422,197.203,197.787,233503
2024-06-05,197.741,199.75,197.556,199.616,188855
2024-06-06,199.552,199.939,198.833,199.047,180901
2024-06-07,199.004,199.812,198.398,199.401,199111
2024-06-10,199.346,200.05,198.934,199.908,165324
2024-06-11,199.856,200.394,199.681,200.176,152816
2024-06-12,200.152,200.942,199.944,200.569,198251
2024-06-13,200.547,201.318,199.695,200.387,181411
2024-06-14,200.39,201.617,198.921,199.674,228433
2024-06-17,199.544,200.452,199.063,200.365,155439
2024-06-18,200.376,200.848,200.021,200.598,166503
2024-06-19,200.605,201.123,200.417,201.051,103886
2024-06-20,201.011,201.393,200.611,201.141,149983
2024-06-21,201.106,202.052,200.407,201.931,156140
2024-06-24,201.862,202.703,201.115,202.491,166655
2024-06-25,202.424,202.727,201.96,202.546,155824
2024-06-26,202.5,203.148,202.392,202.959,175015
2024-06-27,202.945,203.388,202.497,203.209,166163
2024-06-28,203.112,203.596,202.568,203.365,202999
2024-07-01,203.362,204.74,203.172,204.231,177931
2024-07-02,204.221,204.859,203.879,204.822,148173
2024-07-03,204.616,206.171,204.598,206.044,158117
2024-07-04,205.956,206.056,205.291,205.726,116536
2024-07-05,205.696,206.448,204.981,205.993,182077
2024-07-08,205.651,206.67,205.291,205.971,172676
2024-07-09,205.922,206.583,205.804,206.223,158578
2024-07-10,206.217,207.813,206.098,207.739,144092
2024-07-11,207.72,208.114,203.839,205.186,190395
2024-07-12,205.054,206.335,203.838,205.076,239476
2024-07-15,204.916,205.408,204.143,204.986,190030
2024-07-16,204.937,205.787,204.789,205.495,181536
2024-07-17,205.401,205.69,203.02,203.165,244576
2024-07-18,203.062,203.871,202.098,203.673,252146
2024-07-19,203.676,204.226,202.951,203.382,214827
2024-07-22,203.266,203.614,201.893,203.134,214639
2024-07-23,203.013,203.16,200.744,200.821,222052
2024-07-24,200.653,201.183,197.78,198.624,260496
2024-07-25,198.564,198.807,195.86,197.807,312492
2024-07-26,197.821,199.143,196.888,197.824,253104
2024-07-29,197.54,198.616,196.789,198.094,266171
2024-07-30,198.072,199.48,195.95,196.067,258387
2024-07-31,196.044,197.609,192.175,192.776,372120
2024-08-01,192.772,193.26,190.165,190.224,313164
2024-08-02,190.222,190.514,187.384,187.583,363984
2024-08-05,187.534,187.624,180.096,184.186,455658
2024-08-06,184.156,187.1,182.806,183.21,407066
2024-08-07,183.072,188.084,182.973,186.207,369273
2024-08-08,186.122,187.88,184.477,187.757,372689
2024-08-09,187.616,188.419,186.473,187.021,315650
2024-08-12,187.076,189.33,187.046,187.887,266768
2024-08-13,187.814,189.518,187.587,188.882,282133
2024-08-14,188.812,189.439,187.865,188.927,282239
2024-08-15,188.932,192.006,188.754,191.874,240239
2024-08-16,191.786,192.008,190.37,191.052,230646
2024-08-19,190.842,191.631,188.239,190.445,285733
2024-08-20,190.325,191.269,189.228,189.328,281114
2024-08-21,189.307,191.492,188.938,190.173,306670
2024-08-22,189.982,191.94,189.637,191.508,255577
2024-08-23,191.405,192.032,190.272,190.799,276041
2024-08-26,190.516,190.789,189.502,190.573,247241
2024-08-27,190.49,191.923,190.239,190.89,233575
2024-08-28,190.838,191.45,190.356,190.711,247405
2024-08-29,190.7,191.546,190.254,190.91,279518
2024-08-30,190.88,192.014,190.488,191.851,234169
2024-09-02,191.726,193.487,191.328,193.129,161486
2024-09-03,193.068,193.36,190.323,190.773,272061
2024-09-04,190.686,190.85,188.935,188.975,274436
2024-09-05,188.929,189.78,188.066,189.071,279522
2024-09-06,188.906,189.469,186.518,186.816,300297
2024-09-09,186.664,188.127,186.426,187.149,270464
2024-09-10,187.174,188.101,185.726,186.315,249944
2024-09-11,186.304,186.377,183.715,185.677,311848
2024-09-12,185.55,186.733,185.287,186.127,297462
2024-09-13,186.044,186.212,184.369,184.823,279326
2024-09-16,184.664,186.046,183.768,185.813,247417
2024-09-17,185.79,187.451,185.288,187.382,262749
2024-09-18,187.403,188.059,185.825,187.969,284679
2024-09-19,187.985,190.396,187.428,189.476,339099
2024-09-20,189.44,191.994,188.702,191.648,314264
2024-09-23,191.642,192.446,190.135,191.668,273770
2024-09-24,191.639,193.325,191.334,192.097,275118
2024-09-25,191.944,193.268,191.761,192.839,277648
2024-09-26,192.848,194.359,192.511,194.246,279413
2024-09-27,194.262,195.968,190.008,190.093,320256
2024-09-30,190.122,192.318,189.565,192.112,295516
2024-10-01,191.963,193.367,189.86,190.709,317885
2024-10-02,190.72,194.426,190.417,194.301,277707
2024-10-03,194.298,195.176,192.132,192.851,300673
2024-10-04,192.638,195.53,191.733,195.051,274352
2024-10-07,194.996,195.623,193.345,193.852,286152
2024-10-08,193.76,194.374,192.889,194.209,276823
2024-10-09,194.181,195.25,193.591,195.183,219021
2024-10-10,195.125,195.5,193.576,194.02,248120
2024-10-11,193.844,195.236,193.795,194.893,182174
2024-10-14,194.535,195.714,194.535,195.569,155707
2024-10-15,195.549,195.73,194.646,195.083,208160
2024-10-16,195.039,195.283,193.705,194.375,198876
2024-10-17,194.362,195.604,193.834,195.455,207475
2024-10-18,195.418,196.052,194.756,195.078,190028
2024-10-21,194.936,195.891,194.567,195.853,191306
2024-10-22,195.672,196.517,195.099,196.184,208612
2024-10-23,196.142,198.44,195.872,197.375,222840
2024-10-24,197.367,197.637,196.426,197.019,233271
2024-10-25,196.988,197.783,196.384,197.415,206573
2024-10-28,198.668,199.358,197.799,198.82,227711
2024-10-29,198.84,199.715,198.042,199.596,225187
2024-10-30,199.581,199.806,198.205,198.85,239588
2024-10-31,198.834,198.909,195.371,196.105,276013
2024-11-01,196.091,198.382,195.777,197.529,244421
2024-11-04,197.415,197.77,196.495,197.099,239405
2024-11-05,197.107,197.874,196.922,197.723,192047
2024-11-06,197.722,199.527,197.332,199.146,428947
2024-11-07,198.972,199.563,198.324,198.569,286468
2024-11-08,198.544,198.927,196.742,197.185,249850
2024-11-11,197.08,198.464,196.88,197.835,181243
2024-11-12,197.68,198.059,196.885,197.105,232675
2024-11-13,196.958,197.812,196.655,197.571,239270
2024-11-14,197.547,198.244,197.078,197.939,249856
2024-11-15,197.906,198.45,194.294,194.817,271047
2024-11-18,194.806,196.151,194.362,196.087,257411
2024-11-19,196.057,196.218,193.567,196.137,264090
2024-11-20,196.115,197.789,195.9,196.649,220501
2024-11-21,196.578,196.63,194.369,194.544,263222
2024-11-22,194.414,194.812,192.851,194.0,263503
2024-11-25,194.046,194.628,193.269,193.762,262546
2024-11-26,193.781,193.808,192.042,192.438,279334
2024-11-27,192.423,192.627,190.689,191.575,262853
2024-11-28,191.44,192.477,191.288,192.252,161203
2024-11-29,192.219,192.296,190.15,190.62,278594
2024-12-02,190.374,191.29,188.477,189.281,276132
2024-12-03,189.228,190.383,188.082,189.566,234154
2024-12-04,189.565,191.529,189.358,191.285,248150
2024-12-05,191.228,192.22,190.339,191.521,209126
2024-12-06,191.398,192.375,190.724,191.173,208318
2024-12-09,190.994,193.418,190.603,192.824,186616
2024-12-10,192.684,194.113,192.453,194.095,196171
2024-12-11,194.049,194.801,192.528,194.396,216341
2024-12-12,194.359,194.996,192.929,193.456,224224
2024-12-13,193.41,194.461,192.856,193.951,185876
2024-12-16,193.743,195.885,193.546,195.513,169757
2024-12-17,195.406,195.9,194.658,195.076,191131
2024-12-18,194.922,195.776,194.077,194.656,211528
2024-12-19,194.516,198.955,194.06,196.789,287695
2024-12-20,196.784,197.304,195.754,196.603,258932
2024-12-23,196.386,197.076,196.266,196.989,171411
2024-12-24,196.85,197.617,196.598,196.848,119442
2024-12-26,197.352,198.01,197.014,197.942,128220
2024-12-27,197.784,198.709,197.215,198.378,161891
2024-12-30,198.322,198.951,196.323,196.861,165579
2024-12-31,196.74,197.194,195.743,196.65,174867
2025-01-02,196.658,197.522,194.198,195.019,213106
2025-01-03,194.83,195.547,194.644,195.391,161442
2025-01-06,195.196,197.415,195.096,197.359,219569
2025-01-07,197.204,198.256,196.873,197.205,213509
2025-01-08,197.199,197.547,195.127,195.767,216309
2025-01-09,195.725,195.819,193.484,194.585,178067
2025-01-10,194.5,194.777,192.206,192.54,232369
2025-01-13,192.508,192.76,190.079,192.152,228328
2025-01-14,192.074,192.997,191.493,192.987,231845
2025-01-15,192.876,193.0,191.097,191.557,210887
2025-01-16,191.404,191.546,189.779,189.827,226619
2025-01-17,189.848,190.606,189.332,190.211,190828
2025-01-20,190.088,192.018,189.891,191.844,197297
2025-01-21,191.72,192.199,190.479,192.09,246303
2025-01-22,191.99,193.011,191.706,192.773,199461
2025-01-23,192.66,193.015,192.277,192.773,154245
2025-01-24,192.747,194.754,192.069,194.667,152772
2025-01-27,193.861,194.649,192.157,193.125,169073
2025-01-28,193.036,194.028,192.712,193.507,144825
2025-01-29,193.438,193.761,192.487,193.264,144136
2025-01-30,193.177,193.293,191.385,191.552,150563
2025-01-31,191.52,193.031,191.191,192.226,158241
2025-02-03,190.212,192.834,190.03,192.678,215737
2025-02-04,192.654,193.171,191.776,192.627,156060
2025-02-05,192.579,192.773,190.298,190.796,156517
2025-02-06,190.824,190.966,188.07,188.327,147108
2025-02-07,188.16,189.576,187.052,187.781,156342
2025-02-10,187.181,189.151,187.054,187.955,131900
2025-02-11,187.96,189.925,187.248,189.8,121541
2025-02-12,189.772,192.681,189.528,192.123,153990
2025-02-13,192.137,193.059,191.174,192.006,160705
2025-02-14,191.999,192.5,191.475,191.68,133728
2025-02-17,191.418,191.747,190.633,191.274,111032
2025-02-18,191.242,191.946,190.834,191.808,133380
2025-02-19,191.777,192.134,190.45,190.628,149620
2025-02-20,190.629,190.633,188.688,189.542,161556
2025-02-21,189.546,190.943,188.149,188.59,166678
2025-02-24,188.444,189.581,188.226,188.996,175442
2025-02-25,188.987,189.746,188.158,188.747,187974
2025-02-26,188.701,189.863,188.408,188.985,179518
2025-02-27,188.919,190.111,188.565,188.744,184916
2025-02-28,188.751,190.319,187.683,189.373,188889
2025-03-03,189.572,191.981,188.824,189.875,200152
2025-03-04,189.867,191.776,188.245,191.656,238126
2025-03-05,191.56,192.321,190.876,191.985,226381
2025-03-06,191.958,192.544,189.883,190.613,227454
2025-03-07,190.549,191.434,189.663,191.265,215563
2025-03-10,191.078,191.09,189.182,189.636,198221
2025-03-11,189.596,191.682,188.797,191.351,219000
2025-03-12,191.28,193.11,191.1,192.175,173537
2025-03-13,192.072,192.347,190.745,191.413,171736
2025-03-14,191.312,192.753,191.222,192.279,158534
2025-03-17,192.152,193.966,191.968,193.815,142687
2025-03-18,193.803,194.907,193.619,194.072,136904
2025-03-19,194.043,194.708,193.244,193.337,136713
2025-03-20,193.309,193.594,192.061,192.907,132701
2025-03-21,192.89,193.59,192.025,192.779,129706
2025-03-24,192.502,194.777,192.466,194.732,128867
2025-03-25,194.731,195.006,193.635,194.036,119096
2025-03-26,194.022,194.79,193.471,194.084,127692
2025-03-27,194.065,195.98,193.5,195.574,145903
2025-03-28,195.569,195.724,193.731,193.861,139799
2025-03-31,193.675,193.999,192.741,193.703,169181
2025-04-01,193.708,193.933,192.211,193.346,156055
2025-04-02,193.329,195.77,192.984,194.116,151780
2025-04-03,194.021,194.07,191.133,191.333,246471
2025-04-04,191.31,191.756,187.529,189.327,281395
2025-04-07,186.786,190.086,186.097,188.033,320477
2025-04-08,187.9,188.951,186.546,186.713,268235
2025-04-09,186.718,189.822,184.375,189.41,298526
2025-04-10,189.414,189.448,186.36,187.338,262591
2025-04-11,187.21,188.206,186.025,187.677,257684
2025-04-14,188.289,189.207,186.58,188.608,199682
2025-04-15,188.532,189.577,188.386,189.526,158516
2025-04-16,189.373,189.65,187.569,187.716,166616
2025-04-17,187.725,189.354,187.46,188.964,154672
2025-04-18,188.75,189.14,188.62,188.956,372213
2025-04-21,188.576,188.843,188.006,188.445,142336
2025-04-22,188.408,188.869,187.465,188.769,155578
2025-04-23,188.623,190.313,188.219,190.104,190773
2025-04-24,190.05,190.39,189.301,190.232,135662
2025-04-25,190.159,191.725,189.949,191.299,135283
2025-04-28,190.973,191.555,190.663,190.9,124146
2025-04-29,190.782,191.344,190.401,190.848,124059
2025-04-30,190.73,191.261,189.983,190.686,133696
2025-05-01,190.678,193.463,190.343,193.052,124471
2025-05-02,192.892,193.754,191.479,192.288,146328
2025-05-05,191.8,192.311,191.026,191.045,118399
2025-05-06,190.971,191.353,190.324,190.362,124545
2025-05-07,190.239,191.669,190.239,191.14,144148
2025-05-08,191.117,193.502,190.919,193.242,148161
2025-05-09,193.265,193.472,192.352,193.33,115610
2025-05-12,193.837,195.805,193.635,195.604,157530
2025-05-13,195.58,196.385,194.784,196.198,130858
2025-05-14,196.188,196.41,194.239,194.536,141219
2025-05-15,194.394,194.73,193.435,193.822,128705
2025-05-16,193.724,193.836,193.04,193.414,115733
2025-05-19,192.635,194.071,192.634,193.518,131183
2025-05-20,193.508,194.21,192.922,193.521,127746
2025-05-21,193.526,193.526,192.58,192.786,140436
2025-05-22,192.792,193.588,191.897,193.238,142983
2025-05-23,193.245,193.562,192.074,192.96,132037
2025-05-26,192.626,194.042,192.586,193.724,84738
2025-05-27,193.661,195.629,193.062,194.971,121506
2025-05-28,194.865,195.405,194.387,195.123,122895
2025-05-29,195.006,196.315,194.291,194.513,141164
2025-05-30,194.451,194.663,193.392,193.808,136087
2025-06-02,193.561,193.9,193.004,193.255,130496
2025-06-03,193.209,194.786,192.73,194.637,117404
2025-06-04,194.508,195.239,193.419,193.431,118147
2025-06-05,193.434,195.499,193.262,194.821,132895
2025-06-06,194.688,196.191,194.546,195.926,122611
2025-06-09,195.846,196.149,195.446,195.921,96526
2025-06-10,195.806,196.454,194.779,195.569,116456
2025-06-11,195.469,196.239,195.298,195.885,120839
2025-06-12,195.734,195.789,194.716,195.33,133293
2025-06-13,195.275,195.978,193.767,195.59,155403
2025-06-16,195.138,196.694,194.966,196.559,138076
2025-06-17,196.444,196.849,194.91,195.085,146592
2025-06-18,194.996,195.348,194.34,194.742,138378
2025-06-19,194.71,195.957,194.017,195.882,111383
2025-06-20,195.658,196.702,195.589,196.454,126220
2025-06-23,196.526,198.202,196.094,197.638,165362
2025-06-24,197.564,197.693,196.944,197.265,144986
2025-06-25,197.218,198.582,197.047,198.45,120504
2025-06-26,198.352,198.597,197.71,198.194,142379
2025-06-27,198.148,198.81,197.942,198.416,134505
2025-06-30,197.707,198.455,197.213,197.777,135422
2025-07-01,197.7,197.765,196.278,197.122,134833
2025-07-02,197.048,197.552,195.358,195.839,128946
2025-07-03,195.766,198.103,195.74,197.864,117069
2025-07-04,197.866,197.908,196.904,197.156,116898
2025-07-07,197.042,199.006,196.786,198.657,126559
2025-07-08,198.574,199.471,198.502,199.193,127857
2025-07-09,199.13,199.83,198.737,198.761,116902
2025-07-10,198.745,199.254,198.373,198.583,108081
2025-07-11,198.524,199.443,198.238,198.883,123230
2025-07-14,198.444,198.989,198.101,198.351,115836
2025-07-15,198.277,199.521,198.21,199.201,113635
2025-07-16,199.138,199.743,197.924,198.419,139311
2025-07-17,198.339,199.558,198.214,199.382,124777
2025-07-18,199.276,199.973,199.179,199.534,111272
2025-07-21,198.46,199.425,198.328,198.774,113131
2025-07-22,198.732,199.292,197.434,198.45,111283
2025-07-23,198.324,199.081,197.749,198.904,133050
2025-07-24,198.884,199.017,198.136,198.546,130391
2025-07-25,198.5,199.085,198.131,198.313,126315
2025-07-28,198.267,199.218,198.213,198.361,131692
2025-07-29,198.292,198.521,197.73,198.191,125812
2025-07-30,198.126,198.425,197.447,197.921,142826
2025-07-31,197.82,199.521,196.968,199.046,148044
2025-08-01,198.994,199.305,195.331,195.698,172014
2025-08-04,195.557,196.534,195.029,195.383,157903
2025-08-05,195.335,196.46,195.029,196.255,143257
2025-08-06,196.229,197.094,196.032,196.817,132123
2025-08-07,196.702,198.022,196.236,197.8,149369
2025-08-08,197.722,198.831,197.375,198.616,135347
2025-08-11,198.363,199.067,198.182,198.971,117421
2025-08-12,198.971,200.083,198.776,199.59,144641
2025-08-13,199.543,200.285,199.394,200.088,127079
2025-08-14,200.033,200.161,198.592,199.891,142986
2025-08-15,199.859,200.013,198.912,199.473,119082
2025-08-18,199.358,200.27,199.312,199.636,118056
2025-08-19,199.663,199.866,198.82,199.23,122944
2025-08-20,199.177,199.449,197.857,198.185,127198
2025-08-21,198.238,199.228,198.067,198.997,128168
2025-08-22,198.943,199.534,198.318,198.715,132134
2025-08-25,198.502,199.297,198.326,198.74,117676
2025-08-26,198.736,199.051,198.275,198.684,144884
2025-08-27,198.558,199.184,198.438,198.976,125150
2025-08-28,198.98,199.137,198.388,198.52,127193
2025-08-29,198.511,198.665,197.936,198.486,126386
2025-09-01,198.37,199.565,198.232,199.323,100194
2025-09-02,199.311,200.269,198.319,198.673,155224
2025-09-03,198.61,199.727,198.472,199.135,137030
2025-09-04,198.968,199.824,198.77,199.462,130071
2025-09-05,199.45,199.796,198.673,199.048,141668
2025-09-08,199.922,200.352,199.36,199.795,136628
2025-09-09,199.684,199.875,198.793,199.387,135589
2025-09-10,199.376,199.804,199.144,199.516,127102
2025-09-11,199.476,200.078,199.234,199.803,131134
2025-09-12,199.772,200.48,199.64,200.187,123063
2025-09-15,200.03,200.75,199.904,200.441,123163
2025-09-16,200.333,200.72,199.786,199.826,126068
2025-09-17,199.829,200.357,199.48,200.226,108421
2025-09-18,200.192,201.264,200.046,200.558,133128
2025-09-19,200.563,200.616,199.213,199.328,154970
2025-09-22,199.12,199.791,199.034,199.606,128494
2025-09-23,199.571,199.967,199.148,199.688,143208
2025-09-24,199.565,200.241,199.442,200.229,126406
2025-09-25,200.192,200.346,199.61,199.85,144279
2025-09-26,199.825,200.513,199.66,200.329,129478
2025-09-29,200.15,200.422,199.336,199.558,126153
2025-09-30,199.443,199.773,198.58,198.868,136365
2025-10-01,198.793,199.222,197.911,198.178,148590
2025-10-02,198.14,198.614,197.489,197.882,124507
2025-10-03,197.81,198.868,197.722,198.751,120738
2025-10-06,200.814,202.813,200.222,202.753,164254
2025-10-07,202.74,204.065,202.114,203.871,135891
2025-10-08,203.798,205.324,203.761,204.653,149109
2025-10-09,204.594,204.885,203.308,203.621,162514
2025-10-10,203.55,203.754,201.786,201.836,177009
2025-10-13,202.642,203.244,202.32,203.054,155662
2025-10-14,202.964,203.514,201.334,202.178,186439
2025-10-15,202.154,202.719,201.59,202.454,158834
2025-10-16,202.399,203.439,201.714,202.097,172579
2025-10-17,202.057,202.238,200.681,202.187,172804
2025-10-20,201.958,203.11,201.734,202.06,128244
2025-10-21,202.038,203.528,201.819,203.109,151153
2025-10-22,203.096,203.256,201.922,202.957,147937
2025-10-23,202.922,203.793,202.77,203.32,113191
2025-10-24,203.251,203.991,203.085,203.464,126733
2025-10-27,203.488,204.243,203.456,203.848,121076
2025-10-28,203.848,203.848,201.668,201.831,139079
2025-10-29,201.814,201.974,200.564,201.509,149241
2025-10-30,201.484,203.263,200.988,202.691,157477
2025-10-31,202.593,202.922,201.846,202.483,123850
2025-11-03,202.2,202.805,201.935,202.596,101364
2025-11-04,202.613,202.682,199.874,200.05,131132
2025-11-05,200.079,201.244,199.064,201.128,128800
2025-11-06,201.104,201.38,200.3,201.058,126722
2025-11-07,201.009,202.096,200.651,201.899,138494
2025-11-10,202.005,203.237,201.75,203.045,128043
2025-11-11,203.049,203.276,202.327,202.691,120314
2025-11-12,202.666,203.572,202.51,203.3,120018
2025-11-13,203.257,204.072,202.965,203.804,148116
2025-11-14,203.767,203.953,202.345,203.495,155506
2025-11-17,203.25,204.527,203.135,204.215,120942
2025-11-18,204.149,204.745,203.692,204.418,157764
2025-11-19,204.321,205.367,203.982,205.215,149963
2025-11-20,205.189,206.859,204.801,205.832,162644
2025-11-21,205.813,206.051,204.292,204.813,175266
2025-11-24,204.744,205.911,204.744,205.611,129431
2025-11-25,205.498,205.99,205.003,205.458,137206
2025-11-26,205.389,207.199,205.256,207.172,148505
2025-11-27,207.108,207.199,206.436,206.918,90353
2025-11-28,206.846,207.205,206.163,206.694,231102
2025-12-01,206.354,206.762,205.198,205.408,133016
2025-12-02,205.321,206.257,205.263,205.911,103263
2025-12-03,205.822,207.343,205.616,207.246,103176
2025-12-04,207.217,207.361,206.35,206.704,111421
2025-12-05,206.595,207.296,206.19,207.079,111458
2025-12-08,206.75,207.806,206.589,207.707,125573
2025-12-09,207.682,208.946,207.521,208.627,126199
2025-12-10,208.5,208.882,208.237,208.739,127789
2025-12-11,208.642,208.817,207.902,208.248,140720
2025-12-12,208.205,208.75,207.88,208.278,123604
2025-12-15,208.374,208.445,207.092,207.61,116068
2025-12-16,207.512,208.002,206.775,207.608,150985
2025-12-17,207.558,208.407,207.055,208.224,135269
2025-12-18,208.172,209.016,207.778,208.149,133593
2025-12-19,208.081,211.035,207.947,210.983,136873
2025-12-22,210.85,211.591,210.552,211.386,126508
2025-12-23,211.36,211.396,210.289,211.138,144592
2025-12-24,210.994,211.11,210.04,210.458,148678
2025-12-26,210.881,211.51,210.277,211.237,121831
2025-12-29,211.034,211.353,210.439,210.845,131025
2025-12-30,210.77,211.098,210.431,210.666,115588
2025-12-31,210.57,211.218,210.258,211.071,112819
2026-01-02,210.983,211.445,210.747,211.081,103805
2026-01-05,210.742,211.843,210.509,211.794,136743
2026-01-06,211.634,212.152,211.312,211.519,127529
2026-01-07,211.424,211.755,210.927,210.931,115237
2026-01-08,210.915,211.159,210.303,210.815,110295
2026-01-09,210.727,212.065,210.544,211.578,127832
2026-01-12,211.732,213.014,211.584,212.95,116611
2026-01-13,212.79,214.293,212.663,213.609,125187
2026-01-14,213.513,214.109,212.553,213.01,121237
2026-01-15,212.878,213.315,211.995,212.251,110204
2026-01-16,212.156,212.301,211.387,211.493,104451
2026-01-19,210.73,212.392,210.624,212.275,96588
2026-01-20,212.136,213.494,211.853,212.565,137931
2026-01-21,212.482,212.763,211.59,212.577,135151
2026-01-22,212.47,213.965,212.38,213.879,124104
2026-01-23,213.7,214.855,212.089,212.474,140644
2026-01-26,211.253,212.078,209.604,210.917,170749
2026-01-27,210.784,211.761,209.8,210.695,160875
2026-01-28,210.637,212.029,210.07,211.794,172116
2026-01-29,211.713,212.167,210.044,211.427,177950
2026-01-30,211.274,212.472,211.102,211.809,192750
2026-02-02,212.046,212.685,211.289,212.668,189385
2026-02-03,212.612,213.467,212.358,213.375,157687
2026-02-04,213.24,215.006,213.164,214.134,145204
2026-02-05,214.083,214.299,211.786,212.446,169285
2026-02-06,212.355,214.058,211.605,213.948,138809
2026-02-09,214.186,214.433,212.124,213.483,160705
2026-02-10,213.379,213.729,210.488,210.603,134426
2026-02-11,210.598,210.751,208.176,208.862,154587
2026-02-12,208.821,209.552,207.56,208.046,163270
2026-02-13,208.035,209.329,207.855,208.452,150400
2026-02-16,208.286,209.685,208.116,209.214,83024
2026-02-17,209.052,209.492,207.233,207.962,140054
2026-02-18,207.918,209.214,207.607,208.882,112946
2026-02-19,208.805,209.54,208.084,208.655,128857
2026-02-20,208.632,209.685,208.386,208.995,145308
2026-02-23,208.75,209.225,208.141,208.646,129481
2026-02-24,208.566,210.841,208.428,210.278,129023
2026-02-25,210.132,212.119,210.008,212.012,120853
2026-02-26,211.91,212.028,210.265,210.492,127185
2026-02-27,210.431,210.833,209.799,210.386,131044
2026-03-02,209.116,211.381,208.971,210.928,187831
2026-03-03,210.932,211.363,209.218,210.589,206954
2026-03-04,210.536,210.694,209.487,209.965,181261
2026-03-05,209.936,210.623,209.186,210.427,192587
2026-03-06,210.352,211.586,209.988,211.556,185909
2026-03-09,210.722,212.183,210.608,211.906,222533
2026-03-10,211.739,212.415,211.593,212.053,189021
2026-03-11,212.015,213.303,211.957,213.194,154226
2026-03-12,213.153,213.153,212.406,212.616,153447
2026-03-13,212.574,212.879,211.071,211.153,164913
2026-03-16,211.416,212.117,210.809,211.822,142977
2026-03-17,211.774,212.482,211.634,212.332,128104
2026-03-18,212.297,212.73,211.884,211.934,147673
2026-03-19,211.864,212.354,210.798,211.797,187426
2026-03-20,211.772,212.773,211.65,212.454,157132
2026-03-23,211.937,213.308,211.578,212.665,226111
2026-03-24,212.681,212.983,212.258,212.813,192898
2026-03-25,212.736,213.211,212.484,213.121,141144
2026-03-26,213.095,213.308,212.704,212.906,129657
2026-03-27,212.941,213.1,212.231,212.604,126514
2026-03-30,212.42,212.632,210.199,210.574,133726
2026-03-31,210.546,211.221,209.617,209.908,148632
2026-04-01,209.94,211.441,209.827,211.209,134605
2026-04-02,211.118,211.282,210.344,211.029,142063
2026-04-03,210.962,211.306,210.332,210.474,58976
2026-04-06,210.46,211.543,210.279,211.363,112058
2026-04-07,211.311,212.3,211.159,212.134,134267
2026-04-08,212.042,213.152,211.989,212.358,169215
2026-04-09,212.267,213.848,212.267,213.605,116285
2026-04-10,213.485,214.583,213.437,214.386,100226
2026-04-13,213.638,215.361,213.53,215.325,115169
2026-04-14,215.324,215.787,214.91,215.398,104961
2026-04-15,215.295,215.906,215.193,215.549,115600
2026-04-16,215.541,215.721,215.119,215.249,112421
2026-04-17,215.203,215.692,214.005,214.377,121820
2026-04-20,214.001,215.088,213.993,214.914,124660
2026-04-21,214.845,215.419,214.603,215.297,124994
2026-04-22,215.138,215.663,214.922,215.31,110074
2026-04-23,215.203,215.733,214.945,215.102,133119
2026-04-24,215.007,215.775,214.873,215.613,111750
2026-04-27,215.448,216.053,215.319,215.727,105421
2026-04-28,215.731,215.831,214.949,215.738,119677
2026-04-29,215.634,216.281,215.485,216.188,122110
2026-04-30,216.033,216.597,210.42,213.034,174744
2026-05-01,212.891,214.042,211.802,213.185,130598
2026-05-04,212.998,213.624,211.786,212.745,140212
2026-05-05,212.676,214.073,212.507,213.737,109291
2026-05-06,213.714,214.229,210.771,212.525,156101
2026-05-07,212.459,213.122,212.269,212.616,132161
2026-05-08,212.63,213.69,212.335,213.551,108795
2026-05-11,212.062,214.423,212.048,213.959,105620
2026-05-12,213.877,214.204,212.741,213.406,126389
2026-05-13,213.321,213.698,212.861,213.505,109247
2026-05-14,213.372,213.707,211.878,212.24,114679
2026-05-15,212.2,212.27,211.292,211.508,140209
2026-05-18,211.32,213.548,211.21,213.379,140893
2026-05-19,213.306,213.51,212.652,213.068,128303
2026-05-20,213.021,213.622,212.593,213.495,138529
2026-05-21,213.416,213.825,213.286,213.496,133811
2026-05-22,213.405,214.043,213.284,213.801,107205
2026-05-25,213.593,214.681,213.579,214.635,68116
2026-05-26,214.496,214.679,214.077,214.195,99094
2026-05-27,214.169,214.481,213.99,214.176,102083
2026-05-28,214.141,214.217,213.329,214.069,115452
2026-05-29,214.057,214.634,213.585,214.257,106960
2026-06-01,214.328,215.003,214.168,214.822,108474
2026-06-02,214.732,215.524,214.638,215.318,90965
2026-06-03,215.28,215.378,214.424,214.777,104684
2026-06-04,214.659,215.159,214.35,214.798,105214
2026-06-05,214.761,215.612,213.526,213.717,116602
2026-06-08,213.491,214.045,212.929,213.627,130422
2026-06-09,213.515,214.797,213.496,214.532,118083
2026-06-10,214.448,215.235,214.269,214.615,130170
2026-06-11,214.549,214.942,213.871,214.588,133929
2026-06-12,214.392,215.024,214.233,214.731,130299
2026-06-15,214.575,215.373,214.213,215.046,100377
2026-06-16,215.014,215.56,214.524,215.439,99205
2026-06-17,215.261,215.445,213.22,213.563,106264
2026-06-18,213.444,214.06,212.388,213.117,127864
2026-06-19,212.931,213.563,212.459,213.258,99311
2026-06-22,212.568,214.677,212.557,214.12,117749
2026-06-23,213.996,214.208,212.98,213.319,111006
2026-06-24,213.192,213.505,212.54,213.048,114163
2026-06-25,212.87,213.729,212.756,213.412,116629
2026-06-26,213.397,213.815,213.215,213.39,115031
2026-06-29,213.46,214.772,213.256,214.706,84763
2026-06-30,214.655,215.777,214.211,215.585,114332
2026-07-01,215.384,215.94,215.111,215.853,108169
2026-07-02,215.791,216.073,214.632,215.033,142860
2026-07-03,214.974,215.537,214.737,215.383,108132
2026-07-06,215.198,217.156,215.144,217.019,98391
2026-07-07,217.022,217.214,216.381,216.547,105707
2026-07-08,216.526,217.831,216.255,217.731,126472
2026-07-09,217.638,218.011,217.354,217.731,96014
2026-07-10,217.6,217.802,216.458,216.629,121288
2026-07-13,216.378,217.313,216.372,216.808,137765
2026-07-14,216.734,217.381,216.675,217.274,135576
2026-07-15,217.123,219.608,216.926,219.571,112967
2026-07-16,219.568,219.568,218.674,218.845,98968
2026-07-17,218.822,218.945,217.996,218.491,102481
2026-07-20,218.41,218.834,218.041,218.235,86795
2026-07-21,218.233,218.726,217.525,218.254,88194
2026-07-22,218.216,218.417,217.836,218.215,98553
2026-07-23,218.147,218.626,217.963,218.156,112648
2026-07-24,218.088,218.479,217.912,218.251,103750
2026-07-27,217.962,218.525,217.474,217.578,119028
2026-07-28,217.546,217.993,217.449,217.754,102530
2026-07-29,217.686,218.561,217.163,218.48,128414
2026-07-30,218.405,218.687,212.355,214.794,156357
2026-07-31,214.767,216.317,212.356,212.478,178276
2026-08-03,211.939,212.986,209.572,211.114,151280
2026-08-04,211.012,212.33,210.925,212.185,126847
2026-08-05,212.003,212.559,211.7,212.467,127026
2026-08-06,212.414,213.302,212.17,213.166,104902
2026-08-07,213.078,213.264,211.458,212.879,117249
2026-08-10,212.745,215.242,212.552,215.176,106039
2026-08-11,214.876,215.228,214.76,215.158,95826
2026-08-12,215.006,215.387,214.534,215.137,103195
2026-08-13,215.108,215.183,214.785,215.123,99522
2026-08-14,214.978,215.899,214.88,215.591,107256
2026-08-17,215.615,216.157,215.408,215.949,105378
2026-08-18,215.926,216.221,215.733,215.996,103070
2026-08-19,215.799,216.074,214.829,215.165,135987
2026-08-20,215.17,216.904,214.96,216.807,135206
2026-08-21,216.777,217.11,216.457,216.875,124152
2026-08-24,216.587,217.173,216.189,216.849,117954
2026-08-25,216.782,217.47,216.678,217.267,101271
2026-08-26,217.205,217.339,216.539,216.604,94165
2026-08-27,216.519,216.77,216.267,216.643,96349
2026-08-28,216.624,217.057,216.341,216.606,97144
2026-08-31,216.468,216.846,216.079,216.41,105994
2026-09-01,216.395,216.835,216.321,216.51,103740
2026-09-02,216.465,216.585,213.707,214.012,134304
2026-09-03,213.987,214.322,209.966,210.699,154513
2026-09-04,210.633,211.816,209.771,211.151,134554
2026-09-07,210.708,211.216,208.648,208.98,97216
2026-09-08,208.972,209.049,207.097,208.495,139220
2026-09-09,208.478,208.478,207.392,208.007,134754
2026-09-10,207.891,208.885,207.761,208.708,128750
2026-09-11,208.631,208.916,207.304,207.61,147601
2026-09-14,207.594,208.768,207.293,208.35,138095
2026-09-15,208.233,209.232,208.209,209.021,117657
2026-09-16,208.875,209.471,208.352,209.121,126269
2026-09-17,208.984,209.109,207.869,208.336,126255
2026-09-18,208.322,211.279,208.132,210.096,132308
2026-09-21,209.859,210.766,209.686,210.376,111763
2026-09-22,210.287,210.894,209.517,210.012,124660
2026-09-23,209.932,210.182,209.425,209.633,118442
2026-09-24,209.542,210.146,208.773,209.97,140986
2026-09-25,209.806,210.013,208.007,208.296,132612
2026-09-28,207.839,208.991,207.679,208.574,136647
2026-09-29,208.558,208.761,207.874,208.092,129349
2026-09-30,208.095,208.909,206.876,208.764,142985
2026-10-01,208.762,209.997,207.59,208.58,151316
2026-10-02,208.572,209.108,207.71,208.95,146997
