time,open,high,low,close,volume
2015-01-02,1.5544,1.55467,1.5324200000000001,1.53244,70780
2015-01-05,1.52995,1.5318399999999999,1.51718,1.5248300000000001,108979
2015-01-06,1.52482,1.52729,1.51404,1.51485,107006
2015-01-07,1.51485,1.51546,1.50543,1.51084,111304
2015-01-08,1.51083,1.51166,1.50336,1.50882,94075
2015-01-09,1.50882,1.51738,1.5076399999999999,1.51571,104093
2015-01-12,1.51768,1.51929,1.50982,1.51694,93714
2015-01-13,1.5169700000000002,1.51908,1.50769,1.51582,110581
2015-01-14,1.51582,1.52678,1.51443,1.5232,114133
2015-01-15,1.52321,1.52665,1.51494,1.5180500000000001,127237
2015-01-16,1.51813,1.52336,1.50745,1.5145,125329
2015-01-19,1.51274,1.5178,1.51079,1.51098,51772
2015-01-20,1.5110700000000001,1.51985,1.50577,1.51417,40874
2015-01-21,1.5142099999999998,1.51779,1.50751,1.51399,50415
2015-01-22,1.51397,1.52114,1.49714,1.50076,57253
2015-01-23,1.50087,1.50346,1.49503,1.4987599999999999,59924
2015-01-26,1.5007899999999998,1.5102600000000002,1.49858,1.50758,47625
2015-01-27,1.50751,1.52227,1.5059,1.51958,70437
2015-01-28,1.51919,1.5218500000000001,1.51302,1.51364,83169
2015-01-29,1.51349,1.51616,1.50176,1.5064199999999999,46843
2015-01-30,1.5062600000000002,1.5095,1.49882,1.5061900000000001,47062
2015-02-02,1.5093299999999998,1.50982,1.50048,1.50373,77250
2015-02-03,1.5038,1.51969,1.4988299999999999,1.5165,86690
2015-02-04,1.5165,1.5249899999999998,1.51382,1.5180099999999999,73098
2015-02-05,1.5180500000000001,1.53427,1.51642,1.53264,81400
2015-02-06,1.5326300000000002,1.5351599999999999,1.52103,1.5225,70972
2015-02-09,1.52265,1.5266199999999999,1.52,1.52136,73909
2015-02-10,1.52134,1.52746,1.51959,1.5253,73791
2015-02-11,1.5253,1.52988,1.52184,1.52358,72072
2015-02-12,1.52351,1.54127,1.52088,1.5382500000000001,79397
2015-02-13,1.53824,1.54215,1.53705,1.53928,73170
2015-02-16,1.5417800000000002,1.54396,1.5338500000000002,1.53613,70974
2015-02-17,1.53607,1.54013,1.53156,1.53518,73475
2015-02-18,1.53517,1.5477699999999999,1.5341,1.54344,78140
2015-02-19,1.54345,1.54649,1.5404,1.54134,70165
2015-02-20,1.5412400000000002,1.54333,1.5343,1.53983,76045
2015-02-23,1.53953,1.54739,1.53321,1.54558,63625
2015-02-24,1.54554,1.54733,1.5403799999999999,1.54515,65712
2015-02-25,1.54527,1.5537999999999998,1.5446499999999999,1.55273,64527
2015-02-26,1.55279,1.5551599999999999,1.5394,1.54051,70077
2015-02-27,1.5405,1.5457999999999998,1.5384,1.54365,70621
2015-03-02,1.5415100000000002,1.54281,1.53513,1.53636,64072
2015-03-03,1.53648,1.5396999999999998,1.53442,1.5358800000000001,61215
2015-03-04,1.5359,1.5371299999999999,1.52515,1.52638,66344
2015-03-05,1.5264,1.5269,1.52149,1.5238800000000001,67554
2015-03-06,1.524,1.52554,1.5031400000000001,1.50333,69856
2015-03-09,1.50345,1.51366,1.50328,1.5127199999999998,66438
2015-03-10,1.5127000000000002,1.5128,1.50284,1.50534,86182
2015-03-11,1.5053800000000002,1.50959,1.48928,1.49281,95567
2015-03-12,1.49284,1.5026000000000002,1.48495,1.48845,88081
2015-03-13,1.48842,1.48962,1.46988,1.47397,85528
2015-03-16,1.47342,1.48529,1.47342,1.4825300000000001,84136
2015-03-17,1.48231,1.48447,1.4723600000000001,1.47428,86285
2015-03-18,1.47433,1.51648,1.46347,1.49574,99161
2015-03-19,1.4956,1.50094,1.46876,1.47543,108127
2015-03-20,1.47541,1.4988000000000001,1.47215,1.4945,91424
2015-03-23,1.49723,1.49729,1.48377,1.49535,92693
2015-03-24,1.4953400000000001,1.49835,1.48411,1.48428,98379
2015-03-25,1.48438,1.49533,1.48303,1.48844,78715
2015-03-26,1.48841,1.49933,1.48062,1.48499,91846
2015-03-27,1.48501,1.4921,1.47959,1.487,86753
2015-03-30,1.48826,1.49003,1.47527,1.48092,76570
2015-03-31,1.48082,1.4870999999999999,1.47545,1.48164,79845
2015-04-01,1.48174,1.4870700000000001,1.4739,1.48224,79563
2015-04-02,1.48227,1.48678,1.47756,1.48268,75990
2015-04-03,1.48267,1.49445,1.48095,1.49179,55162
2015-04-06,1.49179,1.49806,1.48696,1.48785,41574
2015-04-07,1.4877,1.49197,1.48021,1.48069,77935
2015-04-08,1.48068,1.4972699999999999,1.4806599999999999,1.48662,77993
2015-04-09,1.48651,1.48855,1.46847,1.47111,74435
2015-04-10,1.47113,1.47241,1.45865,1.4631,73860
2015-04-13,1.4631,1.4680900000000001,1.4565000000000001,1.46745,71071
2015-04-14,1.4674800000000001,1.48011,1.46029,1.47798,81043
2015-04-15,1.4779499999999999,1.48533,1.47004,1.4841199999999999,80617
2015-04-16,1.4841199999999999,1.4969000000000001,1.48114,1.4932,100135
2015-04-17,1.4932,1.5052699999999999,1.49154,1.4959500000000001,88033
2015-04-20,1.4959500000000001,1.49831,1.4887299999999999,1.49075,76220
2015-04-21,1.49075,1.4972400000000001,1.48557,1.49251,94903
2015-04-22,1.49251,1.50792,1.49127,1.50399,105696
2015-04-23,1.50399,1.5069599999999999,1.49593,1.50584,102206
2015-04-24,1.50584,1.51868,1.50268,1.5185499999999998,101526
2015-04-27,1.5174699999999999,1.52614,1.51065,1.5234100000000002,92943
2015-04-28,1.5229599999999999,1.53424,1.51719,1.53395,107603
2015-04-29,1.53384,1.54977,1.53274,1.5437699999999999,128457
2015-04-30,1.5436999999999999,1.54918,1.53033,1.53524,149116
2015-05-01,1.5348899999999999,1.53965,1.5114100000000001,1.5147300000000001,106499
2015-05-04,1.51432,1.51742,1.5089700000000001,1.51203,69783
2015-05-05,1.5120200000000001,1.52172,1.50899,1.51807,24244
2015-05-06,1.5179,1.52898,1.51508,1.5241500000000001,43336
2015-05-07,1.5241,1.5274299999999998,1.51647,1.5243600000000002,18854
2015-05-08,1.5247000000000002,1.55207,1.5245,1.54426,34842
2015-05-11,1.54484,1.5612,1.53925,1.55847,68349
2015-05-12,1.55843,1.57096,1.55565,1.56681,105687
2015-05-13,1.5668,1.57683,1.56333,1.57436,82150
2015-05-14,1.5744,1.5813899999999999,1.57283,1.57747,94140
2015-05-15,1.57752,1.5807600000000002,1.57005,1.57271,84612
2015-05-18,1.5738400000000001,1.57446,1.56372,1.56515,82942
2015-05-19,1.5651899999999999,1.56689,1.54451,1.55099,115886
2015-05-20,1.5511599999999999,1.5587,1.54718,1.55342,129773
2015-05-21,1.55339,1.5699100000000001,1.55241,1.5659999999999998,118719
2015-05-22,1.5659999999999998,1.56888,1.54595,1.5495700000000001,114775
2015-05-25,1.54759,1.55069,1.54555,1.5467499999999998,74320
2015-05-26,1.54683,1.5474700000000001,1.53532,1.53819,120644
2015-05-27,1.53819,1.54364,1.53006,1.53499,115885
2015-05-28,1.53529,1.53847,1.52596,1.53119,118310
2015-05-29,1.53128,1.53413,1.52356,1.5284200000000001,107611
2015-06-01,1.52923,1.53038,1.51695,1.51989,130503
2015-06-02,1.51949,1.53666,1.5178500000000001,1.53424,176119
2015-06-03,1.53415,1.53743,1.52515,1.53383,98438
2015-06-04,1.53382,1.54405,1.5303900000000001,1.5360800000000001,53614
2015-06-05,1.53592,1.53688,1.51897,1.52711,181459
2015-06-08,1.52691,1.53632,1.52207,1.53471,147392
2015-06-09,1.5347300000000001,1.53884,1.5256699999999999,1.53837,168159
2015-06-10,1.53847,1.5552899999999998,1.53682,1.5528499999999998,190949
2015-06-11,1.55281,1.5533000000000001,1.5420099999999999,1.55157,145496
2015-06-12,1.55157,1.55975,1.54663,1.55571,124323
2015-06-15,1.55485,1.5613299999999999,1.5487,1.55995,108890
2015-06-16,1.5600800000000001,1.56536,1.55409,1.56461,134795
2015-06-17,1.56459,1.58464,1.5625200000000001,1.58303,175856
2015-06-18,1.5829900000000001,1.59292,1.5805500000000001,1.58769,164473
2015-06-19,1.58782,1.5895899999999998,1.58346,1.5876000000000001,123394
2015-06-22,1.58714,1.59093,1.58047,1.5822500000000002,128068
2015-06-23,1.5822500000000002,1.5830899999999999,1.57084,1.57286,147163
2015-06-24,1.57282,1.5802100000000001,1.56667,1.57031,139027
2015-06-25,1.5704,1.57698,1.56762,1.57455,129095
2015-06-26,1.5746799999999999,1.57663,1.57081,1.57455,118889
2015-06-29,1.5695999999999999,1.57878,1.56613,1.57352,178051
2015-06-30,1.5735999999999999,1.57755,1.56924,1.57065,159509
2015-07-01,1.57036,1.57322,1.5588,1.5614599999999998,143648
2015-07-02,1.5614400000000002,1.56394,1.55618,1.56068,126635
2015-07-03,1.56057,1.56433,1.55556,1.5577299999999998,110686
2015-07-06,1.55417,1.56278,1.55314,1.56016,130863
2015-07-07,1.56012,1.5609,1.54132,1.54609,161835
2015-07-08,1.5461200000000002,1.5466600000000001,1.5329700000000002,1.53606,152386
2015-07-09,1.5360200000000002,1.54199,1.53429,1.5379,135178
2015-07-10,1.5379,1.55501,1.53633,1.5512899999999998,138794
2015-07-13,1.5502799999999999,1.55884,1.54806,1.5484200000000001,139820
2015-07-14,1.54844,1.56384,1.54502,1.56348,139133
2015-07-15,1.56348,1.56744,1.55761,1.56365,143617
2015-07-16,1.5636299999999999,1.565,1.55596,1.56066,139086
2015-07-17,1.56056,1.56723,1.5552700000000002,1.56054,112037
2015-07-20,1.56002,1.56269,1.5537999999999998,1.5559500000000002,106655
2015-07-21,1.55589,1.5590000000000002,1.5528300000000002,1.55528,163222
2015-07-22,1.55515,1.56459,1.5544099999999998,1.56107,245776
2015-07-23,1.5608,1.56701,1.55006,1.5512899999999998,174514
2015-07-24,1.5514700000000001,1.5525600000000002,1.54663,1.5512700000000001,126885
2015-07-27,1.5509,1.55948,1.54902,1.55568,146634
2015-07-28,1.55571,1.56272,1.55277,1.56105,145125
2015-07-29,1.56113,1.56891,1.55872,1.5604200000000001,153730
2015-07-30,1.55995,1.56429,1.5562200000000002,1.55994,151221
2015-07-31,1.55966,1.56778,1.5548600000000001,1.56201,165980
2015-08-03,1.56289,1.56443,1.5564900000000002,1.55846,152249
2015-08-04,1.5582500000000001,1.56333,1.55572,1.55603,167560
2015-08-05,1.55589,1.56507,1.55253,1.55976,171399
2015-08-06,1.55972,1.5636299999999999,1.5466600000000001,1.55099,145070
2015-08-07,1.55071,1.5545,1.54243,1.54958,141089
2015-08-10,1.54841,1.56053,1.54579,1.55842,108001
2015-08-11,1.55896,1.56162,1.55548,1.55654,130739
2015-08-12,1.55704,1.5659399999999999,1.55336,1.5605799999999999,145525
2015-08-13,1.56088,1.5636299999999999,1.5572599999999999,1.5605799999999999,110876
2015-08-14,1.5605099999999998,1.56592,1.55881,1.56407,108039
2015-08-17,1.56507,1.56875,1.55783,1.5581,128345
2015-08-18,1.55802,1.57166,1.55617,1.56548,129141
2015-08-19,1.56581,1.5699999999999998,1.5635,1.5675,157707
2015-08-20,1.5674700000000001,1.5701100000000001,1.56057,1.56833,153235
2015-08-21,1.56847,1.5722800000000001,1.56574,1.56853,171418
2015-08-24,1.56764,1.5802800000000001,1.56299,1.57697,214072
2015-08-25,1.57731,1.58186,1.5680800000000001,1.5680800000000001,198211
2015-08-26,1.56853,1.57195,1.5452,1.5457800000000002,186870
2015-08-27,1.54575,1.55083,1.53696,1.53979,162348
2015-08-28,1.5398800000000001,1.54425,1.53348,1.53897,152379
2015-08-31,1.54104,1.5436299999999998,1.5339,1.53415,111228
2015-09-01,1.53384,1.54074,1.5299399999999999,1.53018,141849
2015-09-02,1.53015,1.53253,1.52637,1.52964,143596
2015-09-03,1.52949,1.53129,1.5218699999999998,1.52543,124522
2015-09-04,1.52525,1.52733,1.51643,1.51675,119699
2015-09-07,1.51752,1.52878,1.51707,1.52739,115085
2015-09-08,1.52719,1.54121,1.52692,1.53926,121761
2015-09-09,1.53874,1.5404,1.5349300000000001,1.53641,125800
2015-09-10,1.53644,1.54756,1.53383,1.5441,144820
2015-09-11,1.54393,1.5461200000000002,1.5399500000000002,1.5427,120495
2015-09-14,1.54263,1.54706,1.53723,1.54231,102103
2015-09-15,1.54219,1.54566,1.53293,1.5341200000000002,104950
2015-09-16,1.5341900000000002,1.55281,1.53296,1.5490300000000001,111791
2015-09-17,1.54879,1.5627499999999999,1.5485600000000002,1.55878,132880
2015-09-18,1.5587499999999999,1.56579,1.55139,1.55243,134294
2015-09-21,1.5523,1.55674,1.54803,1.5505499999999999,121151
2015-09-22,1.55043,1.55279,1.53399,1.53612,122247
2015-09-23,1.53633,1.53664,1.5220099999999999,1.52413,125816
2015-09-24,1.5241799999999999,1.52885,1.5200200000000001,1.52403,138395
2015-09-25,1.52373,1.526,1.51349,1.51773,130137
2015-09-28,1.51909,1.52406,1.5156800000000001,1.51716,116170
2015-09-29,1.51716,1.5204499999999999,1.51285,1.51483,130140
2015-09-30,1.51475,1.52132,1.51068,1.5126,126168
2015-10-01,1.5126,1.51796,1.51064,1.51282,117311
2015-10-02,1.51269,1.5237,1.51269,1.51768,129698
2015-10-05,1.51871,1.5244,1.51361,1.51431,136540
2015-10-06,1.5142799999999998,1.5242900000000001,1.5139399999999998,1.5223,110014
2015-10-07,1.52241,1.53391,1.5218,1.53148,123553
2015-10-08,1.53146,1.5371700000000001,1.5260799999999999,1.5345,124585
2015-10-09,1.5346,1.5382799999999999,1.52996,1.5323799999999999,125054
2015-10-12,1.5303900000000001,1.53728,1.5303900000000001,1.53465,99932
2015-10-13,1.53457,1.53872,1.5199799999999999,1.52462,126569
2015-10-14,1.5244900000000001,1.54939,1.5244900000000001,1.54762,132104
2015-10-15,1.54721,1.55081,1.54143,1.54511,129979
2015-10-16,1.5446,1.5486,1.54299,1.5435699999999999,118991
2015-10-19,1.54304,1.54966,1.54271,1.54646,106224
2015-10-20,1.5462,1.55058,1.54348,1.54409,108657
2015-10-21,1.54407,1.54769,1.5411899999999998,1.54183,107715
2015-10-22,1.54152,1.55088,1.53452,1.53931,137597
2015-10-23,1.5391,1.5418500000000002,1.53056,1.5312000000000001,134046
2015-10-26,1.53078,1.5381399999999998,1.53056,1.53488,114130
2015-10-27,1.53488,1.53583,1.5282200000000001,1.53041,112033
2015-10-28,1.53041,1.53467,1.5248300000000001,1.5266600000000001,121147
2015-10-29,1.52667,1.5321,1.5241799999999999,1.53113,117775
2015-10-30,1.5311599999999999,1.5467300000000002,1.53085,1.5427499999999998,123272
2015-11-02,1.5444900000000001,1.5497100000000001,1.54037,1.5415299999999998,104735
2015-11-03,1.54147,1.54447,1.53589,1.54215,117346
2015-11-04,1.54188,1.54446,1.53603,1.53831,121916
2015-11-05,1.53863,1.5401099999999999,1.52048,1.5205899999999999,130891
2015-11-06,1.5204499999999999,1.52189,1.50268,1.5043,129309
2015-11-09,1.50396,1.51278,1.50381,1.5112299999999999,118567
2015-11-10,1.5112100000000002,1.51449,1.50909,1.51179,119436
2015-11-11,1.51112,1.52204,1.51112,1.52115,119142
2015-11-12,1.5207600000000001,1.5246,1.51735,1.52317,140332
2015-11-13,1.52283,1.5264799999999998,1.5187,1.52299,118994
2015-11-16,1.5224199999999999,1.52308,1.51809,1.5199799999999999,109325
2015-11-17,1.52005,1.52381,1.5154,1.5211999999999999,116843
2015-11-18,1.52125,1.52481,1.5187300000000001,1.52311,117914
2015-11-19,1.5236,1.5335100000000002,1.52271,1.52914,132315
2015-11-20,1.5291000000000001,1.5309300000000001,1.51822,1.51892,118798
2015-11-23,1.51694,1.5195699999999999,1.51086,1.51228,125896
2015-11-24,1.5122,1.51551,1.5053,1.50786,129238
2015-11-25,1.508,1.51356,1.50556,1.5128599999999999,130618
2015-11-26,1.51186,1.5129899999999998,1.50654,1.51013,113892
2015-11-27,1.5099200000000002,1.51092,1.5029400000000002,1.50331,109561
2015-11-30,1.50317,1.5068000000000001,1.49932,1.50556,103607
2015-12-01,1.50534,1.51251,1.50501,1.50794,122016
2015-12-02,1.50803,1.50813,1.48945,1.49495,127463
2015-12-03,1.49416,1.51586,1.4904,1.51434,162013
2015-12-04,1.51407,1.51563,1.50773,1.5104899999999999,160409
2015-12-07,1.51065,1.5114100000000001,1.50441,1.50526,109142
2015-12-08,1.50534,1.50609,1.49562,1.50071,131245
2015-12-09,1.5005,1.51913,1.5004,1.51806,144230
2015-12-10,1.51752,1.5201500000000001,1.51105,1.51572,133041
2015-12-11,1.51583,1.5239099999999999,1.5124900000000001,1.52226,126796
2015-12-14,1.52245,1.5230000000000001,1.5107,1.5139399999999998,135733
2015-12-15,1.5140500000000001,1.51845,1.50288,1.5034999999999998,129933
2015-12-16,1.5034999999999998,1.50984,1.49588,1.4999799999999999,152539
2015-12-17,1.4996399999999999,1.50084,1.48645,1.48975,136514
2015-12-18,1.48933,1.49495,1.48851,1.48867,126414
2015-12-21,1.48905,1.49289,1.4877,1.48815,112885
2015-12-22,1.48808,1.49074,1.4805,1.4825599999999999,115406
2015-12-23,1.48228,1.49,1.48181,1.48693,107451
2015-12-24,1.48679,1.49438,1.48441,1.49406,68809
2015-12-28,1.49008,1.49339,1.48735,1.48785,73994
2015-12-29,1.48726,1.49127,1.47851,1.48125,90393
2015-12-30,1.48138,1.48482,1.47922,1.4812,100134
2015-12-31,1.48118,1.48438,1.47313,1.47317,79502
2016-01-04,1.47306,1.48152,1.4662600000000001,1.47167,137540
2016-01-05,1.47119,1.4725,1.46374,1.4672,125023
2016-01-06,1.46713,1.4681600000000001,1.4601600000000001,1.46295,145273
2016-01-07,1.4626299999999999,1.46398,1.45327,1.4615,155114
2016-01-08,1.46135,1.46444,1.45056,1.45156,152092
2016-01-11,1.45144,1.4604,1.44909,1.45395,119108
2016-01-12,1.45393,1.45599,1.43516,1.44456,139239
2016-01-13,1.44456,1.4475500000000001,1.43796,1.44051,142231
2016-01-14,1.44044,1.44447,1.4359600000000001,1.4409,146084
2016-01-15,1.44102,1.44272,1.42511,1.42543,141735
2016-01-18,1.42472,1.43227,1.42365,1.42414,125373
2016-01-19,1.42416,1.43396,1.41287,1.41557,152307
2016-01-20,1.4152,1.4218600000000001,1.41248,1.41897,155487
2016-01-21,1.41868,1.42485,1.4079,1.42198,167066
2016-01-22,1.42173,1.4362,1.42041,1.42645,148346
2016-01-25,1.42604,1.43092,1.42232,1.4246699999999999,136384
2016-01-26,1.4246699999999999,1.43666,1.41727,1.43487,145815
2016-01-27,1.4347699999999999,1.43547,1.42295,1.42327,159506
2016-01-28,1.42318,1.44069,1.4231500000000001,1.43581,166445
2016-01-29,1.43577,1.44128,1.4149,1.42422,184565
2016-02-01,1.42384,1.44444,1.42276,1.44308,147851
2016-02-02,1.44307,1.4445299999999999,1.43256,1.44069,145056
2016-02-03,1.44064,1.46486,1.43832,1.46017,163777
2016-02-04,1.45936,1.46679,1.45292,1.45866,177912
2016-02-05,1.45877,1.45905,1.44515,1.45001,148273
2016-02-08,1.44787,1.4546299999999999,1.43507,1.4429,177956
2016-02-09,1.4429,1.45149,1.43777,1.4471,204021
2016-02-10,1.44683,1.45778,1.44397,1.45187,188717
2016-02-11,1.45207,1.45632,1.43823,1.44751,216125
2016-02-12,1.4472800000000001,1.45696,1.44425,1.4492099999999999,188502
2016-02-15,1.44888,1.45349,1.44126,1.4429699999999999,155034
2016-02-16,1.44276,1.45154,1.42753,1.43018,159060
2016-02-17,1.42975,1.4338600000000001,1.42348,1.4289100000000001,173420
2016-02-18,1.42862,1.43939,1.42561,1.43322,179051
2016-02-19,1.43349,1.44075,1.4246400000000001,1.4402599999999999,168990
2016-02-22,1.42607,1.43059,1.4056899999999999,1.41489,192004
2016-02-23,1.41473,1.41557,1.4007100000000001,1.40191,179716
2016-02-24,1.40172,1.40269,1.38779,1.39231,190464
2016-02-25,1.39239,1.39959,1.38994,1.39595,168087
2016-02-26,1.3961299999999999,1.40421,1.38534,1.38594,175115
2016-02-29,1.38557,1.39458,1.38351,1.3912200000000001,174425
2016-03-01,1.39123,1.40184,1.3903699999999999,1.39507,182198
2016-03-02,1.39523,1.40927,1.39141,1.40785,179259
2016-03-03,1.40753,1.4193500000000001,1.4032200000000001,1.4173200000000001,181687
2016-03-04,1.4173499999999999,1.42479,1.41075,1.42293,176437
2016-03-07,1.42148,1.4283299999999999,1.41336,1.4262000000000001,141513
2016-03-08,1.42607,1.42748,1.4172799999999999,1.42143,140878
2016-03-09,1.42116,1.42404,1.41769,1.42134,139445
2016-03-10,1.42151,1.43166,1.41173,1.4280300000000001,163358
2016-03-11,1.42818,1.44361,1.42536,1.43791,134849
2016-03-14,1.4373,1.43887,1.42923,1.42985,121056
2016-03-15,1.42997,1.43045,1.41363,1.41512,136080
2016-03-16,1.41512,1.42737,1.40526,1.4249800000000001,159577
2016-03-17,1.42497,1.45028,1.42209,1.4473099999999999,155009
2016-03-18,1.44751,1.45139,1.44097,1.4469699999999999,114163
2016-03-21,1.44595,1.44673,1.4365,1.43681,118180
2016-03-22,1.43686,1.4396900000000001,1.41898,1.42126,135094
2016-03-23,1.42131,1.4227,1.40817,1.41171,116166
2016-03-24,1.4116900000000001,1.41822,1.40567,1.41521,118134
2016-03-25,1.41521,1.4156900000000001,1.41087,1.41238,32101
2016-03-28,1.413,1.42828,1.41197,1.42509,64943
2016-03-29,1.42517,1.44035,1.41941,1.43826,153036
2016-03-30,1.43768,1.44586,1.43602,1.43776,164077
2016-03-31,1.43739,1.44256,1.43254,1.43613,151476
2016-04-01,1.43584,1.43708,1.41703,1.42255,160043
2016-04-04,1.4218199999999999,1.43211,1.41904,1.42619,135473
2016-04-05,1.42564,1.42783,1.41211,1.4157899999999999,142711
2016-04-06,1.41567,1.41707,1.4004699999999999,1.41193,160172
2016-04-07,1.41191,1.41564,1.40484,1.40538,170416
2016-04-08,1.40541,1.41404,1.404,1.41139,137690
2016-04-11,1.41137,1.4285999999999999,1.41048,1.42379,140036
2016-04-12,1.42341,1.4347699999999999,1.41958,1.42721,159586
2016-04-13,1.42722,1.42786,1.41924,1.42011,160744
2016-04-14,1.42011,1.4207,1.40899,1.41499,138080
2016-04-15,1.41487,1.42415,1.41323,1.41981,119603
2016-04-18,1.4189,1.42902,1.41306,1.42746,121303
2016-04-19,1.42739,1.44186,1.42702,1.43961,138771
2016-04-20,1.43882,1.44102,1.43295,1.43308,152296
2016-04-21,1.43252,1.44395,1.4298899999999999,1.43214,154516
2016-04-22,1.43202,1.44512,1.4314,1.43955,146006
2016-04-25,1.4457900000000001,1.4518900000000001,1.4402300000000001,1.44788,147798
2016-04-26,1.4478,1.4638200000000001,1.4478,1.45785,150908
2016-04-27,1.45783,1.46212,1.4473099999999999,1.4539,156317
2016-04-28,1.45393,1.46225,1.45225,1.46059,157435
2016-04-29,1.46059,1.46706,1.4576,1.46102,163948
2016-05-02,1.4586299999999999,1.46957,1.45835,1.46718,138897
2016-05-03,1.46718,1.47691,1.45286,1.45342,181378
2016-05-04,1.4532,1.4571100000000001,1.4461,1.44919,164158
2016-05-05,1.4487700000000001,1.4528699999999999,1.44435,1.44842,139253
2016-05-06,1.44808,1.4546000000000001,1.44144,1.44247,146328
2016-05-09,1.4412099999999999,1.44795,1.43738,1.44072,136970
2016-05-10,1.44025,1.44775,1.43884,1.4442,135008
2016-05-11,1.44412,1.44875,1.43941,1.44446,119868
2016-05-12,1.44443,1.45304,1.44056,1.44496,133882
2016-05-13,1.44459,1.44544,1.43398,1.43584,141503
2016-05-16,1.43468,1.44142,1.4331800000000001,1.44009,111859
2016-05-17,1.43978,1.45235,1.43964,1.44596,139486
2016-05-18,1.44546,1.4634,1.44029,1.45973,162918
2016-05-19,1.45948,1.46631,1.45614,1.46093,158754
2016-05-20,1.46078,1.46125,1.44854,1.45037,129472
2016-05-23,1.4497499999999999,1.45484,1.44417,1.44818,132405
2016-05-24,1.44785,1.46414,1.44734,1.46316,146380
2016-05-25,1.46325,1.47285,1.46002,1.46971,144454
2016-05-26,1.46937,1.47391,1.46395,1.46688,140667
2016-05-27,1.46675,1.46882,1.4604300000000001,1.46182,134059
2016-05-30,1.4606,1.46411,1.45869,1.46384,98383
2016-05-31,1.46397,1.47241,1.44644,1.4479199999999999,162903
2016-06-01,1.44756,1.45072,1.43855,1.44133,163912
2016-06-02,1.44139,1.44723,1.4405700000000001,1.44219,144984
2016-06-03,1.4418199999999999,1.45813,1.43984,1.4514,154836
2016-06-06,1.4466999999999999,1.44815,1.43515,1.44379,164261
2016-06-07,1.4439600000000001,1.46593,1.44336,1.45425,140972
2016-06-08,1.45368,1.45999,1.4499900000000001,1.45032,139057
2016-06-09,1.45026,1.45265,1.44463,1.44531,138991
2016-06-10,1.44506,1.44719,1.4179300000000001,1.42512,142984
2016-06-13,1.42556,1.43276,1.4114499999999999,1.42672,178173
2016-06-14,1.4257,1.42618,1.40902,1.41087,160911
2016-06-15,1.41061,1.42172,1.40894,1.42044,150827
2016-06-16,1.42038,1.42532,1.40122,1.42004,170419
2016-06-17,1.4201,1.43872,1.41965,1.43558,157686
2016-06-20,1.44657,1.47192,1.44336,1.46833,167137
2016-06-21,1.46833,1.47828,1.46158,1.46533,162176
2016-06-22,1.46474,1.47733,1.46408,1.47006,150858
2016-06-23,1.47054,1.4946,1.46975,1.48705,187155
2016-06-24,1.4866,1.50171,1.3229,1.36303,285186
2016-06-27,1.34226,1.3483399999999999,1.31197,1.3225,206428
2016-06-28,1.32244,1.34181,1.32013,1.3339699999999999,145296
2016-06-29,1.3339400000000001,1.3532899999999999,1.32861,1.34294,150574
2016-06-30,1.3385500000000001,1.34961,1.32051,1.33091,172988
2016-07-01,1.33017,1.3348900000000001,1.32435,1.326,128561
2016-07-04,1.32403,1.33402,1.32348,1.32854,104318
2016-07-05,1.3281,1.32892,1.29992,1.302,147640
2016-07-06,1.30192,1.30266,1.2795,1.2929300000000001,178930
2016-07-07,1.29206,1.30466,1.28748,1.2904,154020
2016-07-08,1.29023,1.3017699999999999,1.28796,1.29444,140871
2016-07-11,1.29448,1.30175,1.28499,1.29969,127511
2016-07-12,1.29824,1.32946,1.29715,1.3244500000000001,180774
2016-07-13,1.3244,1.3336299999999999,1.31329,1.31464,178768
2016-07-14,1.31422,1.3476,1.31044,1.33406,188215
2016-07-15,1.33384,1.34801,1.31312,1.31857,172645
2016-07-18,1.31857,1.33144,1.31823,1.32538,147038
2016-07-19,1.32512,1.32741,1.30732,1.3106900000000001,139332
2016-07-20,1.31093,1.32264,1.30641,1.32012,132084
2016-07-21,1.3198699999999999,1.32744,1.31547,1.32308,153117
2016-07-22,1.32175,1.32904,1.3078400000000001,1.31086,154037
2016-07-25,1.31413,1.31641,1.30944,1.31388,118478
2016-07-26,1.31344,1.31749,1.30564,1.31289,109482
2016-07-27,1.31188,1.32342,1.30709,1.32239,120123
2016-07-28,1.32192,1.32473,1.31165,1.31626,109214
2016-07-29,1.3159,1.33011,1.31476,1.32224,119498
2016-08-01,1.3219,1.3271600000000001,1.31619,1.31754,106799
2016-08-02,1.3173,1.3365,1.31711,1.33534,118226
2016-08-03,1.33476,1.33712,1.32799,1.33229,112472
2016-08-04,1.33237,1.33457,1.3102,1.31054,128470
2016-08-05,1.3096700000000001,1.31744,1.30206,1.30646,112306
2016-08-08,1.30711,1.3096,1.3027,1.30413,90689
2016-08-09,1.30382,1.30472,1.2955,1.30009,99658
2016-08-10,1.3001,1.30932,1.29904,1.30054,107743
2016-08-11,1.30054,1.3027199999999999,1.29353,1.29544,106121
2016-08-12,1.29512,1.30342,1.29023,1.2916699999999999,102626
2016-08-15,1.29195,1.29443,1.2865,1.28803,84311
2016-08-16,1.28759,1.30506,1.28743,1.30441,123898
2016-08-17,1.30408,1.30853,1.29749,1.3039399999999999,115899
2016-08-18,1.30378,1.3172,1.3031,1.3166,119060
2016-08-19,1.31662,1.31843,1.30222,1.3072300000000001,108980
2016-08-22,1.30478,1.31566,1.30338,1.31356,107919
2016-08-23,1.31341,1.32099,1.3127900000000001,1.31962,104834
2016-08-24,1.31909,1.32724,1.31606,1.32304,108098
2016-08-25,1.32303,1.3263099999999999,1.31683,1.3189199999999999,89063
2016-08-26,1.31874,1.32786,1.3121399999999999,1.3127,124123
2016-08-29,1.31183,1.31384,1.3059,1.31029,90251
2016-08-30,1.3101,1.31193,1.30586,1.30793,110705
2016-08-31,1.30725,1.31574,1.30655,1.31369,115377
2016-09-01,1.31398,1.33173,1.31273,1.3266499999999999,119276
2016-09-02,1.32583,1.33518,1.32461,1.32895,123514
2016-09-05,1.32921,1.3375,1.32874,1.33005,86904
2016-09-06,1.32939,1.34445,1.32939,1.34408,114531
2016-09-07,1.34295,1.3437999999999999,1.33185,1.33385,118077
2016-09-08,1.33311,1.33748,1.32829,1.32919,118810
2016-09-09,1.3290199999999999,1.33355,1.32386,1.32637,111263
2016-09-12,1.3261,1.33465,1.32343,1.33349,112820
2016-09-13,1.33317,1.33404,1.31668,1.31904,139512
2016-09-14,1.3169,1.32397,1.3137699999999999,1.32329,125413
2016-09-15,1.32249,1.3278699999999999,1.31788,1.32382,139405
2016-09-16,1.32352,1.32469,1.29955,1.29955,117303
2016-09-19,1.29988,1.3090600000000001,1.29911,1.30273,111760
2016-09-20,1.30248,1.3064200000000001,1.29465,1.29865,124247
2016-09-21,1.2987,1.30463,1.29441,1.30315,143154
2016-09-22,1.30252,1.31204,1.30249,1.30738,123639
2016-09-23,1.30736,1.30868,1.29145,1.2959399999999999,127715
2016-09-26,1.29637,1.29859,1.29156,1.29727,100741
2016-09-27,1.29736,1.30261,1.29361,1.3020100000000001,121015
2016-09-28,1.30216,1.30311,1.29791,1.30148,122725
2016-09-29,1.30154,1.3057400000000001,1.29536,1.29664,138617
2016-09-30,1.2964,1.30222,1.29359,1.29735,152192
2016-10-03,1.2917100000000001,1.29459,1.28168,1.28386,124209
2016-10-04,1.2838,1.28596,1.27186,1.27271,150775
2016-10-05,1.27227,1.27708,1.26848,1.2746,130299
2016-10-06,1.27458,1.27593,1.26013,1.26143,135491
2016-10-07,1.26133,1.26216,1.14754,1.24235,233317
2016-10-10,1.23946,1.24434,1.2344,1.23609,131688
2016-10-11,1.23611,1.23725,1.20892,1.21244,178729
2016-10-12,1.21215,1.23243,1.21044,1.22037,192916
2016-10-13,1.22037,1.22717,1.2132100000000001,1.22504,142166
2016-10-14,1.22519,1.22608,1.21674,1.2168,144630
2016-10-17,1.21559,1.2201,1.2135,1.21814,115132
2016-10-18,1.2178200000000001,1.23244,1.21756,1.22961,127467
2016-10-19,1.2293,1.23318,1.22533,1.22862,116894
2016-10-20,1.2286,1.22976,1.22093,1.22511,116168
2016-10-21,1.22502,1.22599,1.21706,1.2227000000000001,101622
2016-10-24,1.22197,1.22487,1.21851,1.22355,89090
2016-10-25,1.22365,1.2242899999999999,1.20817,1.2189,128087
2016-10-26,1.21822,1.22487,1.2156,1.22456,107116
2016-10-27,1.22432,1.22708,1.21485,1.21589,135810
2016-10-28,1.21567,1.22121,1.21133,1.21686,157610
2016-10-31,1.21868,1.22487,1.21431,1.22381,137717
2016-11-01,1.22383,1.22803,1.22052,1.22427,127613
2016-11-02,1.22425,1.23532,1.22197,1.2301199999999999,136336
2016-11-03,1.23003,1.24939,1.22964,1.24637,151861
2016-11-04,1.24632,1.25568,1.24485,1.2509000000000001,124563
2016-11-07,1.24558,1.24967,1.23785,1.23964,121030
2016-11-08,1.23902,1.24392,1.23604,1.2382900000000001,118130
2016-11-09,1.23799,1.2546599999999999,1.23525,1.24042,250885
2016-11-10,1.2405599999999999,1.25839,1.2376800000000001,1.25507,174762
2016-11-11,1.25444,1.2673,1.2524899999999999,1.25773,165986
2016-11-14,1.25603,1.25898,1.24435,1.24851,161550
2016-11-15,1.2487,1.25286,1.23793,1.24539,162481
2016-11-16,1.24538,1.25018,1.24093,1.24395,156855
2016-11-17,1.2445,1.25044,1.24077,1.24163,161259
2016-11-18,1.2416,1.24358,1.23015,1.23337,180090
2016-11-21,1.23419,1.25112,1.23118,1.24876,188018
2016-11-22,1.24882,1.2511999999999999,1.2384,1.24219,169504
2016-11-23,1.24136,1.24681,1.23598,1.24336,149102
2016-11-24,1.24288,1.24941,1.24014,1.24464,147933
2016-11-25,1.24454,1.2481,1.24151,1.24673,150978
2016-11-28,1.24555,1.25309,1.23851,1.24147,139539
2016-11-29,1.24026,1.25251,1.23875,1.24888,133224
2016-11-30,1.24863,1.25228,1.24187,1.25041,148103
2016-12-01,1.25031,1.2695400000000001,1.2500499999999999,1.25874,134978
2016-12-02,1.25899,1.27362,1.25695,1.27203,117065
2016-12-05,1.26776,1.2744,1.26243,1.27273,139485
2016-12-06,1.27274,1.27742,1.2655699999999999,1.2675100000000001,97972
2016-12-07,1.2669000000000001,1.2682,1.25694,1.26247,89397
2016-12-08,1.26217,1.27041,1.25478,1.25817,119995
2016-12-09,1.25745,1.26202,1.25518,1.25656,94914
2016-12-12,1.25783,1.26994,1.25661,1.26732,96778
2016-12-13,1.26761,1.27275,1.26529,1.26553,114243
2016-12-14,1.2657,1.27221,1.25294,1.25636,127656
2016-12-15,1.25552,1.2567300000000001,1.23758,1.24167,165511
2016-12-16,1.24122,1.2509299999999999,1.23822,1.24847,141160
2016-12-19,1.24754,1.25014,1.23544,1.23937,122796
2016-12-20,1.23982,1.2414100000000001,1.23122,1.23665,115944
2016-12-21,1.23591,1.23902,1.23232,1.23503,101364
2016-12-22,1.23493,1.23777,1.22763,1.22811,101896
2016-12-23,1.22808,1.22982,1.22282,1.22501,83642
2016-12-26,1.22818,1.22963,1.19594,1.22783,6721
2016-12-27,1.22747,1.22861,1.22401,1.22681,79135
2016-12-28,1.2260900000000001,1.22964,1.22,1.22232,91707
2016-12-29,1.22197,1.2274,1.22077,1.2259,114472
2016-12-30,1.22569,1.23877,1.22448,1.23245,143008
2017-01-02,1.2326,1.23539,1.22627,1.22736,45965
2017-01-03,1.22672,1.23064,1.21988,1.22352,128054
2017-01-04,1.22295,1.2352400000000001,1.22204,1.23212,132832
2017-01-05,1.2318,1.24318,1.22695,1.2414,172773
2017-01-06,1.24084,1.24301,1.22606,1.22799,137117
2017-01-09,1.22484,1.22702,1.21237,1.2157,128673
2017-01-10,1.2157,1.21898,1.21067,1.21756,140449
2017-01-11,1.21729,1.22715,1.20374,1.22116,171672
2017-01-12,1.22022,1.2316,1.21517,1.21597,166604
2017-01-13,1.21536,1.22324,1.21203,1.21713,136762
2017-01-16,1.19905,1.2085,1.19864,1.20416,144547
2017-01-17,1.20415,1.24151,1.20164,1.24125,186319
2017-01-18,1.24086,1.24128,1.22534,1.22574,160682
2017-01-19,1.22573,1.23431,1.22491,1.23403,172537
2017-01-20,1.2338,1.23801,1.22601,1.23701,167700
2017-01-23,1.2371699999999999,1.25373,1.23684,1.25331,151194
2017-01-24,1.25331,1.25444,1.24179,1.2518799999999999,157457
2017-01-25,1.2518799999999999,1.26382,1.24906,1.26291,154321
2017-01-26,1.2633,1.26731,1.2556,1.25889,162377
2017-01-27,1.25902,1.2605,1.2516,1.25448,139211
2017-01-30,1.2576800000000001,1.26,1.24653,1.24838,132345
2017-01-31,1.24781,1.2596,1.24118,1.25753,163129
2017-02-01,1.25778,1.2679,1.2542200000000001,1.26543,154970
2017-02-02,1.26543,1.27057,1.25176,1.25243,153586
2017-02-03,1.25206,1.25376,1.24586,1.24774,143327
2017-02-06,1.24838,1.24982,1.24269,1.24625,126032
2017-02-07,1.24673,1.2546,1.2346300000000001,1.2506,146924
2017-02-08,1.2505899999999999,1.2549000000000001,1.24743,1.25392,139897
2017-02-09,1.25392,1.25817,1.2490700000000001,1.24936,132379
2017-02-10,1.24928,1.25206,1.24393,1.24773,130673
2017-02-13,1.24655,1.25391,1.24596,1.25234,121929
2017-02-14,1.2521,1.25477,1.24431,1.24655,146999
2017-02-15,1.2465,1.24803,1.23825,1.24573,144065
2017-02-16,1.24573,1.25232,1.24532,1.24876,128554
2017-02-17,1.2481200000000001,1.25105,1.23874,1.24017,120802
2017-02-20,1.24014,1.2482199999999999,1.24014,1.2456800000000001,105367
2017-02-21,1.24567,1.24803,1.24009,1.2471700000000001,126349
2017-02-22,1.24699,1.25076,1.24169,1.2449,136967
2017-02-23,1.24421,1.2561200000000001,1.2427,1.25539,120626
2017-02-24,1.25512,1.25692,1.24466,1.24493,115889
2017-02-27,1.24672,1.24784,1.23834,1.24419,125639
2017-02-28,1.24408,1.24703,1.23742,1.23805,114937
2017-03-01,1.23745,1.24041,1.22793,1.22928,133843
2017-03-02,1.2286,1.23071,1.22421,1.2269700000000001,116615
2017-03-03,1.22654,1.23001,1.22137,1.22857,128493
2017-03-06,1.22787,1.23001,1.22237,1.22343,114180
2017-03-07,1.22343,1.22523,1.2168700000000001,1.21975,115714
2017-03-08,1.21962,1.22134,1.21386,1.21649,119636
2017-03-09,1.21645,1.2195,1.21333,1.21637,145435
2017-03-10,1.2164,1.21881,1.21345,1.21527,134895
2017-03-13,1.2169,1.22505,1.21559,1.22173,132538
2017-03-14,1.22179,1.22207,1.21087,1.21537,122299
2017-03-15,1.2154,1.23087,1.21465,1.22858,139737
2017-03-16,1.22862,1.23764,1.22407,1.23584,152188
2017-03-17,1.23581,1.24044,1.23235,1.23893,119665
2017-03-20,1.23882,1.24353,1.23345,1.23569,111454
2017-03-21,1.23567,1.2494,1.234,1.24696,133277
2017-03-22,1.2474,1.2505600000000001,1.24224,1.24774,129854
2017-03-23,1.24775,1.2530700000000001,1.24625,1.25162,120367
2017-03-24,1.25162,1.25198,1.2459500000000001,1.2459500000000001,102501
2017-03-27,1.24895,1.26148,1.24867,1.2556,118542
2017-03-28,1.2552699999999999,1.2596,1.24406,1.2454399999999999,111860
2017-03-29,1.24425,1.2476,1.23761,1.2432,132349
2017-03-30,1.24297,1.2524,1.24023,1.24673,111673
2017-03-31,1.24667,1.25574,1.24328,1.25342,126665
2017-04-03,1.2542,1.2555399999999999,1.24651,1.24837,111885
2017-04-04,1.24796,1.2495,1.24184,1.24381,108879
2017-04-05,1.24368,1.24978,1.24224,1.24815,114098
2017-04-06,1.24808,1.25053,1.24496,1.24678,95051
2017-04-07,1.24677,1.24772,1.23581,1.23597,121493
2017-04-10,1.23784,1.2429000000000001,1.23652,1.24167,137062
2017-04-11,1.24115,1.24952,1.24033,1.24919,160656
2017-04-12,1.24903,1.25484,1.24802,1.25434,206661
2017-04-13,1.25367,1.25748,1.25004,1.25022,187529
2017-04-14,1.25003,1.2535,1.24973,1.25224,86941
2017-04-17,1.25272,1.25961,1.25228,1.25643,103030
2017-04-18,1.2564600000000001,1.29058,1.2515100000000001,1.28439,279286
2017-04-19,1.2840799999999999,1.28603,1.2770000000000001,1.27773,222991
2017-04-20,1.27736,1.28472,1.27725,1.28113,182267
2017-04-21,1.28094,1.28346,1.27561,1.28037,172167
2017-04-24,1.28352,1.2838,1.27719,1.27936,210044
2017-04-25,1.27952,1.2845900000000001,1.2775,1.28375,142901
2017-04-26,1.28403,1.28636,1.2805,1.28485,158296
2017-04-27,1.28477,1.29175,1.28393,1.29044,157664
2017-04-28,1.29034,1.2965499999999999,1.2888600000000001,1.29454,164358
2017-05-01,1.29334,1.29431,1.2882500000000001,1.28858,69828
2017-05-02,1.28834,1.29401,1.28643,1.29389,116793
2017-05-03,1.29385,1.2947600000000001,1.2866,1.28668,131414
2017-05-04,1.28664,1.29325,1.28308,1.29215,134571
2017-05-05,1.29216,1.2984200000000001,1.29001,1.29782,137036
2017-05-08,1.29818,1.2989600000000001,1.293,1.29406,130260
2017-05-09,1.29369,1.2961,1.29026,1.29345,144431
2017-05-10,1.2928899999999999,1.2988,1.29277,1.29383,237172
2017-05-11,1.29351,1.29486,1.28492,1.2888,303377
2017-05-12,1.2882799999999999,1.28999,1.28446,1.28848,299215
2017-05-15,1.28814,1.29407,1.28804,1.2894999999999999,289348
2017-05-16,1.28913,1.29575,1.28654,1.29187,327735
2017-05-17,1.29119,1.29907,1.29059,1.29718,362767
2017-05-18,1.29648,1.3047900000000001,1.28883,1.29419,440083
2017-05-19,1.29331,1.30401,1.29168,1.3035700000000001,290422
2017-05-22,1.29886,1.3043,1.29654,1.2999,283544
2017-05-23,1.30019,1.30337,1.29528,1.29617,357172
2017-05-24,1.29585,1.2999100000000001,1.29269,1.29752,319251
2017-05-25,1.29687,1.3014999999999999,1.29317,1.29424,291821
2017-05-26,1.29397,1.29471,1.27753,1.28037,345788
2017-05-29,1.2800500000000001,1.28503,1.27936,1.28397,187480
2017-05-30,1.28351,1.28882,1.2793999999999999,1.28577,284808
2017-05-31,1.28575,1.29213,1.27692,1.28909,352490
2017-06-01,1.28888,1.29158,1.28298,1.28799,299589
2017-06-02,1.288,1.29037,1.28457,1.2889599999999999,275140
2017-06-05,1.2857,1.2941099999999999,1.28548,1.29035,246691
2017-06-06,1.29051,1.29502,1.2872,1.29083,273708
2017-06-07,1.2906,1.297,1.28874,1.29608,302504
2017-06-08,1.29555,1.2977699999999999,1.2908,1.29516,349690
2017-06-09,1.29508,1.2960099999999999,1.26348,1.27429,652357
2017-06-12,1.27142,1.27695,1.26386,1.26611,310014
2017-06-13,1.2657,1.27567,1.26421,1.27519,307341
2017-06-14,1.27528,1.2818,1.27233,1.27524,416537
2017-06-15,1.27495,1.27958,1.2690299999999999,1.27552,381577
2017-06-16,1.27526,1.2806,1.27468,1.27749,327126
2017-06-19,1.276,1.28145,1.27231,1.2737,285753
2017-06-20,1.2736100000000001,1.27582,1.26028,1.26262,317031
2017-06-21,1.26296,1.27101,1.2589000000000001,1.2671700000000001,310038
2017-06-22,1.26679,1.26916,1.2653699999999999,1.26837,279154
2017-06-23,1.26824,1.27446,1.2675,1.27188,260301
2017-06-26,1.2733400000000001,1.2759800000000001,1.27062,1.2722,261373
2017-06-27,1.27199,1.2861099999999999,1.2716,1.28126,329665
2017-06-28,1.28115,1.2972000000000001,1.27939,1.29251,402807
2017-06-29,1.29258,1.30155,1.29181,1.30044,361573
2017-06-30,1.30049,1.30301,1.29448,1.30277,338221
2017-07-03,1.2999,1.3024499999999999,1.29318,1.29398,285297
2017-07-04,1.29346,1.2959,1.29123,1.29196,315847
2017-07-05,1.29162,1.2947899999999999,1.28935,1.29329,289396
2017-07-06,1.29332,1.29836,1.2919399999999999,1.29714,304417
2017-07-07,1.29681,1.2974700000000001,1.28668,1.28856,264379
2017-07-10,1.28758,1.2908,1.28541,1.28811,206331
2017-07-11,1.28803,1.29274,1.2831000000000001,1.28474,276518
2017-07-12,1.2842,1.29075,1.28117,1.28849,353549
2017-07-13,1.28824,1.2955,1.2868,1.29382,320085
2017-07-14,1.29376,1.31136,1.29348,1.3103099999999999,302168
2017-07-17,1.3093,1.31128,1.30467,1.30533,298728
2017-07-18,1.30505,1.31258,1.3005,1.30402,377540
2017-07-19,1.30385,1.30529,1.30106,1.30233,286286
2017-07-20,1.30207,1.30325,1.29329,1.29738,398943
2017-07-21,1.29679,1.30199,1.29534,1.29929,301749
2017-07-24,1.2986,1.3058,1.29857,1.30286,267671
2017-07-25,1.30274,1.30838,1.30075,1.30253,283769
2017-07-26,1.30229,1.31226,1.29988,1.31205,352413
2017-07-27,1.31193,1.31586,1.30518,1.30645,391388
2017-07-28,1.3065,1.31519,1.30618,1.31354,346559
2017-07-31,1.31175,1.32249,1.3096999999999999,1.3211300000000001,308432
2017-08-01,1.32151,1.32451,1.31907,1.32051,301895
2017-08-02,1.31983,1.32518,1.3191,1.3223500000000001,300924
2017-08-03,1.3220100000000001,1.32686,1.3112300000000001,1.31371,335748
2017-08-04,1.3136999999999999,1.31643,1.30237,1.30372,268342
2017-08-07,1.3032,1.3059,1.30136,1.3033299999999999,193448
2017-08-08,1.30344,1.30534,1.29524,1.29935,216661
2017-08-09,1.29905,1.30282,1.29681,1.30029,263039
2017-08-10,1.30022,1.30152,1.2951,1.29769,262983
2017-08-11,1.29756,1.30314,1.29395,1.30095,255935
2017-08-14,1.30015,1.30218,1.2956400000000001,1.29637,217361
2017-08-15,1.29645,1.297,1.2846,1.28685,285578
2017-08-16,1.28688,1.2903,1.28411,1.28915,323905
2017-08-17,1.28904,1.2909,1.28526,1.2868,358468
2017-08-18,1.28655,1.29183,1.28315,1.2871299999999999,325036
2017-08-21,1.28525,1.2916400000000001,1.2847,1.28983,234978
2017-08-22,1.28979,1.29087,1.28108,1.28232,257323
2017-08-23,1.2823,1.28333,1.27796,1.27985,289094
2017-08-24,1.27978,1.2837,1.27739,1.2801,299770
2017-08-25,1.27994,1.2889,1.2793,1.2877399999999999,379914
2017-08-28,1.29188,1.29427,1.28734,1.29331,273535
2017-08-29,1.29311,1.29789,1.29149,1.29187,402410
2017-08-30,1.29161,1.2938,1.28784,1.2924,355120
2017-08-31,1.2924,1.29348,1.28522,1.2932000000000001,373814
2017-09-01,1.2928899999999999,1.29953,1.29054,1.29548,350194
2017-09-04,1.2959800000000001,1.29661,1.29127,1.29297,285415
2017-09-05,1.29261,1.3042500000000001,1.29087,1.30317,377663
2017-09-06,1.3029600000000001,1.30822,1.3018399999999999,1.30429,362844
2017-09-07,1.30417,1.3115700000000001,1.3032599999999999,1.3100800000000001,401430
2017-09-08,1.30998,1.32241,1.30903,1.31954,395478
2017-09-11,1.31784,1.32223,1.3161100000000001,1.31644,310782
2017-09-12,1.3161100000000001,1.32983,1.3155000000000001,1.32828,360759
2017-09-13,1.32827,1.3329,1.3183799999999999,1.32091,355133
2017-09-14,1.3207900000000001,1.34056,1.31485,1.33956,411217
2017-09-15,1.33958,1.36166,1.33816,1.3587799999999999,443594
2017-09-18,1.35554,1.36188,1.3464800000000001,1.3498,364548
2017-09-19,1.34947,1.35516,1.34687,1.35128,392283
2017-09-20,1.34883,1.36571,1.34518,1.34948,464812
2017-09-21,1.34927,1.35866,1.34708,1.35822,411741
2017-09-22,1.35769,1.35961,1.3449900000000001,1.34952,411930
2017-09-25,1.34822,1.35708,1.34308,1.34699,398105
2017-09-26,1.34627,1.35145,1.34093,1.34582,413444
2017-09-27,1.34576,1.34615,1.33636,1.33871,442150
2017-09-28,1.3385,1.3455599999999999,1.33429,1.34415,403024
2017-09-29,1.34385,1.3443,1.33497,1.33965,373205
2017-10-02,1.33637,1.34026,1.32561,1.32765,352757
2017-10-03,1.32712,1.32877,1.32221,1.32402,351916
2017-10-04,1.32365,1.32922,1.32293,1.32476,338428
2017-10-05,1.3246,1.3250199999999999,1.31076,1.31175,328734
2017-10-06,1.31188,1.31208,1.30271,1.30667,371250
2017-10-09,1.3091,1.3183799999999999,1.3075,1.31425,246103
2017-10-10,1.31409,1.32259,1.31311,1.32031,312893
2017-10-11,1.32027,1.32344,1.31751,1.32249,306869
2017-10-12,1.32227,1.32905,1.3121399999999999,1.32651,409182
2017-10-13,1.32585,1.33379,1.32457,1.32873,310237
2017-10-16,1.32905,1.33115,1.32249,1.3250199999999999,226681
2017-10-17,1.32496,1.3287,1.31546,1.31934,273067
2017-10-18,1.31883,1.32122,1.31397,1.32033,260769
2017-10-19,1.3204799999999999,1.32283,1.31278,1.31589,309555
2017-10-20,1.3155299999999999,1.32004,1.30877,1.31887,330584
2017-10-23,1.31787,1.3227,1.31575,1.31962,250756
2017-10-24,1.31971,1.32279,1.31132,1.31317,267453
2017-10-25,1.3129,1.32718,1.31098,1.32625,341497
2017-10-26,1.32547,1.32791,1.31466,1.31616,309108
2017-10-27,1.31586,1.3162099999999999,1.30697,1.31284,310436
2017-10-30,1.31163,1.3215,1.3112,1.3207,242180
2017-10-31,1.32073,1.32885,1.31916,1.32827,253461
2017-11-01,1.32822,1.33208,1.32402,1.32452,286045
2017-11-02,1.3243,1.32992,1.3042799999999999,1.30587,344996
2017-11-03,1.30576,1.3130899999999999,1.30392,1.30758,263287
2017-11-06,1.30652,1.31748,1.3058100000000001,1.31727,235833
2017-11-07,1.31692,1.31776,1.31089,1.31664,257046
2017-11-08,1.31643,1.31757,1.30861,1.31158,244136
2017-11-09,1.3109899999999999,1.31654,1.3084799999999999,1.3146,304816
2017-11-10,1.3143799999999999,1.32294,1.3112,1.3188900000000001,276962
2017-11-13,1.31589,1.318,1.30618,1.31166,261708
2017-11-14,1.31143,1.31871,1.30718,1.31649,264056
2017-11-15,1.3165200000000001,1.32137,1.31304,1.317,359935
2017-11-16,1.31685,1.32076,1.31352,1.31933,311864
2017-11-17,1.31931,1.32602,1.31694,1.32161,335637
2017-11-20,1.32151,1.32795,1.31855,1.32333,152986
2017-11-21,1.32308,1.32674,1.32092,1.32379,130447
2017-11-22,1.32366,1.33293,1.32123,1.33227,132491
2017-11-23,1.33205,1.33371,1.32842,1.33077,89886
2017-11-24,1.33017,1.33599,1.3278400000000001,1.33291,118329
2017-11-27,1.3317,1.33832,1.33101,1.3319,127678
2017-11-28,1.33147,1.33874,1.32208,1.3339699999999999,192935
2017-11-29,1.33337,1.3448,1.33331,1.34089,184126
2017-11-30,1.3407,1.35488,1.3401399999999999,1.35281,196377
2017-12-01,1.35229,1.35495,1.34444,1.34722,214469
2017-12-04,1.34262,1.35386,1.34113,1.34799,178380
2017-12-05,1.34782,1.34818,1.33703,1.34418,151799
2017-12-06,1.34416,1.3443399999999999,1.3357700000000001,1.33924,138621
2017-12-07,1.33881,1.34851,1.33198,1.3473,139964
2017-12-08,1.34704,1.35201,1.33555,1.33926,159828
2017-12-11,1.33718,1.34314,1.3330600000000001,1.33395,119123
2017-12-12,1.3336999999999999,1.33799,1.3303,1.33173,129677
2017-12-13,1.33162,1.34294,1.33113,1.3416299999999999,144522
2017-12-14,1.34181,1.3464800000000001,1.33734,1.3430900000000001,171000
2017-12-15,1.34265,1.34475,1.33013,1.33191,150586
2017-12-18,1.3305500000000001,1.34186,1.3305500000000001,1.3382100000000001,123687
2017-12-19,1.33818,1.34021,1.3330899999999999,1.33853,139825
2017-12-20,1.3383099999999999,1.34202,1.33718,1.33754,127680
2017-12-21,1.33737,1.33874,1.33314,1.3385500000000001,119976
2017-12-22,1.33833,1.33975,1.33465,1.3357700000000001,140545
2017-12-26,1.33498,1.3389199999999999,1.33475,1.33745,86790
2017-12-27,1.33734,1.34296,1.3367499999999999,1.34002,144880
2017-12-28,1.3388,1.34567,1.33859,1.34424,139805
2017-12-29,1.34263,1.35443,1.34263,1.35038,151050
2018-01-02,1.35059,1.3600400000000001,1.34906,1.35933,172454
2018-01-03,1.35868,1.36127,1.34937,1.3517000000000001,161917
2018-01-04,1.35095,1.35598,1.35055,1.35514,157375
2018-01-05,1.35468,1.35823,1.35232,1.3565800000000001,162979
2018-01-08,1.35519,1.35855,1.35228,1.3567,136826
2018-01-09,1.35648,1.35823,1.35059,1.35396,146773
2018-01-10,1.35397,1.35621,1.34817,1.35072,215394
2018-01-11,1.35029,1.35549,1.3458,1.35398,204538
2018-01-12,1.3532,1.3744399999999999,1.3532,1.37305,245074
2018-01-15,1.3725,1.38199,1.37237,1.3795600000000001,192156
2018-01-16,1.37865,1.38058,1.37419,1.37908,200613
2018-01-17,1.37913,1.39426,1.37568,1.38275,260764
2018-01-18,1.38269,1.39132,1.38049,1.38933,233703
2018-01-19,1.38918,1.39452,1.38384,1.38477,238894
2018-01-22,1.3886,1.39906,1.3857,1.39877,200180
2018-01-23,1.3983400000000001,1.40276,1.39158,1.39993,230113
2018-01-24,1.39946,1.4263,1.39943,1.42351,297298
2018-01-25,1.42375,1.43454,1.4083,1.41391,415775
2018-01-26,1.4132500000000001,1.42866,1.41078,1.415,355440
2018-01-29,1.41288,1.41585,1.40251,1.40763,286115
2018-01-30,1.40732,1.41666,1.39799,1.4149,304595
2018-01-31,1.41436,1.42328,1.41216,1.41932,358381
2018-02-01,1.4187,1.42783,1.41588,1.42628,293125
2018-02-02,1.4254,1.42782,1.41014,1.41154,302542
2018-02-05,1.40992,1.41507,1.39547,1.39588,335644
2018-02-06,1.3952200000000001,1.39995,1.3836300000000001,1.39505,419702
2018-02-07,1.3943400000000001,1.39944,1.38486,1.3881000000000001,292332
2018-02-08,1.38717,1.40672,1.38457,1.39112,387598
2018-02-09,1.39114,1.39871,1.37646,1.38269,362010
2018-02-12,1.38036,1.3876,1.3795899999999999,1.38376,234585
2018-02-13,1.38342,1.39243,1.3832499999999999,1.38922,239282
2018-02-14,1.38901,1.4016600000000001,1.37999,1.3998300000000001,300828
2018-02-15,1.39939,1.41046,1.39939,1.4099300000000001,285796
2018-02-16,1.4098600000000001,1.4144999999999999,1.39966,1.4025400000000001,257224
2018-02-19,1.40106,1.40495,1.39588,1.39966,166155
2018-02-20,1.3994900000000001,1.40244,1.39313,1.39954,229447
2018-02-21,1.3992200000000001,1.40088,1.39042,1.39169,279410
2018-02-22,1.39171,1.3989099999999999,1.38567,1.39546,245425
2018-02-23,1.39507,1.40056,1.39042,1.39696,211605
2018-02-26,1.3982299999999999,1.407,1.3928099999999999,1.39662,213581
2018-02-27,1.39655,1.39964,1.38577,1.39087,261626
2018-02-28,1.3904,1.39166,1.37568,1.3759299999999999,257835
2018-03-01,1.37585,1.37857,1.37117,1.37756,298694
2018-03-02,1.37735,1.38167,1.37555,1.37985,278315
2018-03-05,1.37995,1.38775,1.37664,1.3848,254170
2018-03-06,1.38484,1.39295,1.38166,1.3888,246349
2018-03-07,1.38846,1.39127,1.38462,1.39038,258826
2018-03-08,1.38868,1.39101,1.37813,1.38126,264845
2018-03-09,1.38046,1.3889,1.3788,1.38493,248442
2018-03-12,1.3844400000000001,1.39177,1.38409,1.39052,178147
2018-03-13,1.39048,1.39946,1.38745,1.39618,220359
2018-03-14,1.39614,1.39958,1.39253,1.39621,215735
2018-03-15,1.39612,1.39885,1.39215,1.39358,223265
2018-03-16,1.39354,1.39806,1.38896,1.39416,202020
2018-03-19,1.39354,1.40883,1.3913,1.40241,255231
2018-03-20,1.40235,1.40665,1.3982700000000001,1.39984,223951
2018-03-21,1.39974,1.41505,1.3992499999999999,1.41407,275637
2018-03-22,1.41369,1.42185,1.40758,1.40953,281565
2018-03-23,1.40948,1.41718,1.4085,1.41329,265226
2018-03-26,1.41322,1.42448,1.4129800000000001,1.42305,209014
2018-03-27,1.42272,1.42444,1.40658,1.41585,240961
2018-03-28,1.4155,1.42004,1.40708,1.40764,246085
2018-03-29,1.40753,1.40963,1.40106,1.4020299999999999,219246
2018-03-30,1.40183,1.40598,1.40125,1.4025699999999999,72977
2018-04-02,1.40198,1.40777,1.40164,1.40434,131832
2018-04-03,1.40428,1.40888,1.40209,1.40588,208179
2018-04-04,1.40523,1.4096600000000001,1.40148,1.408,222310
2018-04-05,1.40763,1.40971,1.39655,1.4004400000000001,196436
2018-04-06,1.40015,1.41055,1.39831,1.4088,239241
2018-04-09,1.40889,1.41645,1.4078300000000001,1.41319,197891
2018-04-10,1.41279,1.4188,1.4120300000000001,1.4175,232474
2018-04-11,1.41741,1.42232,1.41604,1.4179,217819
2018-04-12,1.4173,1.42468,1.41451,1.42272,241082
2018-04-13,1.4224999999999999,1.42964,1.42207,1.42383,198912
2018-04-16,1.42401,1.43442,1.423,1.4338199999999999,187166
2018-04-17,1.43354,1.43766,1.42824,1.42906,197089
2018-04-18,1.4283299999999999,1.43145,1.4173,1.42042,210404
2018-04-19,1.42001,1.42462,1.40687,1.4081000000000001,236067
2018-04-20,1.40812,1.40911,1.40024,1.40033,222477
2018-04-23,1.4,1.40313,1.39261,1.39389,207002
2018-04-24,1.39388,1.39871,1.39181,1.3978,193665
2018-04-25,1.39747,1.39969,1.39233,1.3930500000000001,176246
2018-04-26,1.39264,1.3998,1.3895,1.39128,230561
2018-04-27,1.39126,1.39344,1.37472,1.3778299999999999,217474
2018-04-30,1.377,1.37924,1.37125,1.37647,199885
2018-05-01,1.37552,1.37726,1.35882,1.3614,203529
2018-05-02,1.36123,1.36659,1.35549,1.35707,271314
2018-05-03,1.3571,1.36296,1.35379,1.35755,264578
2018-05-04,1.35718,1.3586,1.34863,1.35333,212521
2018-05-07,1.35324,1.35755,1.35152,1.35571,190496
2018-05-08,1.35557,1.35929,1.34846,1.35477,244345
2018-05-09,1.35459,1.36071,1.3498999999999999,1.35466,241101
2018-05-10,1.3544,1.36177,1.346,1.35165,305760
2018-05-11,1.3516,1.35959,1.3502,1.35393,224644
2018-05-14,1.35415,1.36083,1.35375,1.35553,181177
2018-05-15,1.3555,1.3571900000000001,1.34512,1.3507,235410
2018-05-16,1.3502100000000001,1.3521,1.34559,1.34896,265198
2018-05-17,1.34835,1.3569499999999999,1.3474300000000001,1.35142,256723
2018-05-18,1.3514300000000001,1.35281,1.34548,1.34711,176181
2018-05-21,1.34592,1.3483,1.3390900000000001,1.34287,188377
2018-05-22,1.3422,1.34916,1.3412600000000001,1.3431899999999999,191643
2018-05-23,1.34284,1.34423,1.33052,1.33493,243515
2018-05-24,1.3341,1.34218,1.33366,1.3381,257558
2018-05-25,1.33783,1.33881,1.32935,1.3296999999999999,252504
2018-05-28,1.3315000000000001,1.33413,1.32964,1.33091,194317
2018-05-29,1.33072,1.33254,1.32043,1.32537,298898
2018-05-30,1.32455,1.33071,1.3242,1.3282,278822
2018-05-31,1.32816,1.33481,1.32773,1.3293,271691
2018-06-01,1.32948,1.33619,1.32537,1.33491,261711
2018-06-04,1.3341,1.33986,1.32949,1.33115,222306
2018-06-05,1.3312599999999999,1.34087,1.3302,1.33958,241502
2018-06-06,1.33886,1.34432,1.33791,1.3413,231682
2018-06-07,1.3409900000000001,1.34723,1.33713,1.34174,253152
2018-06-08,1.34209,1.34392,1.3354599999999999,1.34073,227281
2018-06-11,1.3411,1.34414,1.33448,1.33822,178520
2018-06-12,1.33725,1.3424800000000001,1.3342,1.33709,220967
2018-06-13,1.33713,1.33894,1.3308200000000001,1.3376299999999999,210185
2018-06-14,1.33734,1.34467,1.32568,1.32589,264793
2018-06-15,1.3258,1.32983,1.3211300000000001,1.32812,232548
2018-06-18,1.3261,1.32803,1.32259,1.32459,179588
2018-06-19,1.3244,1.32728,1.31507,1.3173599999999999,247305
2018-06-20,1.31721,1.32173,1.3146,1.31712,222732
2018-06-21,1.31684,1.327,1.31019,1.3241800000000001,289387
2018-06-22,1.32397,1.3315000000000001,1.32297,1.32626,244760
2018-06-25,1.32493,1.3290899999999999,1.32211,1.32805,225883
2018-06-26,1.32761,1.3292,1.3192,1.32225,235504
2018-06-27,1.32193,1.3234,1.3106499999999999,1.31137,262636
2018-06-28,1.31106,1.31205,1.30496,1.30773,265201
2018-06-29,1.30759,1.32139,1.30674,1.32057,284428
2018-07-02,1.31875,1.32085,1.30951,1.31425,191691
2018-07-03,1.31414,1.32067,1.31147,1.31925,186196
2018-07-04,1.3189,1.32495,1.31708,1.32275,143281
2018-07-05,1.32256,1.32747,1.32039,1.32196,221853
2018-07-06,1.32147,1.3290199999999999,1.32033,1.32824,165242
2018-07-09,1.33095,1.33627,1.3189199999999999,1.32579,210099
2018-07-10,1.32556,1.33012,1.32233,1.3271,177889
2018-07-11,1.3272,1.32854,1.31996,1.3204500000000001,208217
2018-07-12,1.32017,1.32449,1.31803,1.32046,170981
2018-07-13,1.32029,1.3238400000000001,1.31026,1.32372,173516
2018-07-16,1.32173,1.3293,1.32168,1.3235700000000001,142345
2018-07-17,1.32339,1.32691,1.30683,1.31155,189762
2018-07-18,1.31131,1.31169,1.30097,1.30685,167921
2018-07-19,1.30651,1.30834,1.29574,1.30141,206916
2018-07-20,1.30129,1.31407,1.2995,1.31296,202497
2018-07-23,1.31196,1.31583,1.3082099999999999,1.30994,133340
2018-07-24,1.30945,1.316,1.30716,1.3143,144298
2018-07-25,1.31407,1.32008,1.31326,1.31913,152163
2018-07-26,1.3185799999999999,1.3213300000000001,1.31053,1.31088,140627
2018-07-27,1.31046,1.3131,1.3082099999999999,1.31016,115205
2018-07-30,1.3109,1.31521,1.30956,1.31324,116419
2018-07-31,1.31303,1.3173,1.30897,1.31233,131628
2018-08-01,1.3118400000000001,1.31443,1.30952,1.31243,126954
2018-08-02,1.31262,1.31287,1.30144,1.30165,149892
2018-08-03,1.30136,1.30432,1.2975400000000001,1.3002099999999999,131539
2018-08-06,1.3005,1.30094,1.292,1.2943,90049
2018-08-07,1.29426,1.29736,1.29239,1.29379,93483
2018-08-08,1.29368,1.2960099999999999,1.28535,1.2883200000000001,111908
2018-08-09,1.28783,1.29117,1.2819099999999999,1.28239,112333
2018-08-10,1.28209,1.28368,1.27226,1.2771,229713
2018-08-13,1.2742200000000001,1.2791299999999999,1.2730000000000001,1.27657,194359
2018-08-14,1.27649,1.28278,1.27046,1.27191,171414
2018-08-15,1.2717,1.27356,1.26617,1.26974,174991
2018-08-16,1.2694,1.2754400000000001,1.26853,1.2711700000000001,177501
2018-08-17,1.27092,1.27528,1.26978,1.27508,157334
2018-08-20,1.2742200000000001,1.27993,1.27294,1.27953,118214
2018-08-21,1.27956,1.29247,1.27905,1.29041,153418
2018-08-22,1.2894999999999999,1.29362,1.28682,1.29135,151617
2018-08-23,1.2906900000000001,1.29184,1.28047,1.28149,144211
2018-08-24,1.2808,1.28812,1.27993,1.28488,148762
2018-08-27,1.28376,1.2901,1.28288,1.28935,79807
2018-08-28,1.28897,1.29318,1.28616,1.28705,91658
2018-08-29,1.28684,1.30324,1.28453,1.30275,118777
2018-08-30,1.30234,1.30432,1.29852,1.30109,104961
2018-08-31,1.30046,1.30287,1.2945,1.2956699999999999,118822
2018-09-03,1.2911000000000001,1.29336,1.2854999999999999,1.2871299999999999,72816
2018-09-04,1.28639,1.28756,1.28104,1.28529,95400
2018-09-05,1.28525,1.29828,1.27853,1.29053,119142
2018-09-06,1.29023,1.2962500000000001,1.28943,1.29257,108071
2018-09-07,1.29256,1.30284,1.29081,1.29159,126031
2018-09-10,1.29205,1.30518,1.28969,1.30264,88086
2018-09-11,1.30253,1.30873,1.29633,1.30311,103413
2018-09-12,1.30295,1.30831,1.29795,1.30476,99242
2018-09-13,1.30396,1.31234,1.30263,1.31058,102095
2018-09-14,1.31057,1.31437,1.30565,1.30689,89532
2018-09-17,1.30666,1.3165,1.3066,1.31581,86668
2018-09-18,1.31579,1.31723,1.31188,1.31473,103757
2018-09-19,1.3146900000000001,1.3215,1.30963,1.31447,103019
2018-09-20,1.3143,1.32984,1.31335,1.3269199999999999,112501
2018-09-21,1.32632,1.32766,1.30546,1.30831,118500
2018-09-24,1.30777,1.31671,1.3063,1.31166,99896
2018-09-25,1.3118699999999999,1.31938,1.30948,1.31815,109436
2018-09-26,1.31788,1.3217400000000001,1.31382,1.31662,106625
2018-09-27,1.31644,1.3178,1.30742,1.3078699999999999,116479
2018-09-28,1.30725,1.30901,1.30005,1.30282,106101
2018-10-01,1.3038,1.31154,1.3012000000000001,1.30398,102010
2018-10-02,1.30422,1.30485,1.2941,1.29783,121029
2018-10-03,1.29783,1.30232,1.29233,1.29387,144258
2018-10-04,1.29386,1.30414,1.2922,1.302,131616
2018-10-05,1.30215,1.31226,1.30034,1.31148,133565
2018-10-08,1.312,1.31332,1.30283,1.30926,112417
2018-10-09,1.30881,1.315,1.3033000000000001,1.31446,133191
2018-10-10,1.31417,1.32156,1.31311,1.31897,123782
2018-10-11,1.3189,1.32467,1.31823,1.32345,173936
2018-10-12,1.32291,1.32579,1.31467,1.31525,147376
2018-10-15,1.3083,1.31818,1.3083,1.31513,133417
2018-10-16,1.3152300000000001,1.32366,1.3140800000000001,1.31855,136597
2018-10-17,1.3183099999999999,1.31925,1.30994,1.31141,124249
2018-10-18,1.31145,1.31314,1.30158,1.30166,117649
2018-10-19,1.30172,1.31042,1.3011300000000001,1.30652,119689
2018-10-22,1.307,1.309,1.29563,1.29653,121843
2018-10-23,1.29634,1.30443,1.29372,1.29836,151352
2018-10-24,1.2983,1.29905,1.2867199999999999,1.28788,148190
2018-10-25,1.28793,1.29195,1.27972,1.28175,144936
2018-10-26,1.28155,1.28414,1.2777,1.28277,171093
2018-10-29,1.28203,1.28531,1.27918,1.27922,117160
2018-10-30,1.2792,1.28128,1.26958,1.27055,124594
2018-10-31,1.2701799999999999,1.28308,1.2694,1.27654,114774
2018-11-01,1.27651,1.30346,1.27604,1.2997,143673
2018-11-02,1.30008,1.30407,1.29515,1.29661,120632
2018-11-05,1.30207,1.30556,1.29645,1.30427,95978
2018-11-06,1.30354,1.3107,1.3021,1.31045,115221
2018-11-07,1.30962,1.31747,1.3073299999999999,1.31272,144716
2018-11-08,1.31257,1.31498,1.3044799999999999,1.3060399999999999,137700
2018-11-09,1.3060800000000001,1.30701,1.29583,1.2972000000000001,131171
2018-11-12,1.29148,1.29467,1.28273,1.28498,135665
2018-11-13,1.2846899999999999,1.30474,1.2837,1.2968199999999999,157401
2018-11-14,1.29696,1.30715,1.28808,1.29895,189571
2018-11-15,1.29862,1.30302,1.2723200000000001,1.27706,214750
2018-11-16,1.27722,1.28776,1.276,1.28247,145659
2018-11-19,1.28438,1.28841,1.2793700000000001,1.28514,101835
2018-11-20,1.28458,1.2883,1.27765,1.27864,111943
2018-11-21,1.27868,1.28196,1.27643,1.27771,104083
2018-11-22,1.27743,1.29274,1.27678,1.28759,102907
2018-11-23,1.2875,1.28827,1.27979,1.28049,108949
2018-11-26,1.28228,1.28641,1.27952,1.2808,107256
2018-11-27,1.28031,1.28197,1.27254,1.2741500000000001,153293
2018-11-28,1.27396,1.2847,1.27321,1.28236,129390
2018-11-29,1.28238,1.28498,1.27554,1.2784,129299
2018-11-30,1.2785,1.28095,1.27349,1.2753700000000001,130490
2018-12-03,1.27645,1.28248,1.2698800000000001,1.27236,122201
2018-12-04,1.27227,1.28397,1.26582,1.27152,154755
2018-12-05,1.27111,1.27981,1.26719,1.27328,107708
2018-12-06,1.2732,1.28119,1.26993,1.2784,158147
2018-12-07,1.2775400000000001,1.27901,1.27106,1.27337,135499
2018-12-10,1.27035,1.27594,1.2506599999999999,1.25599,169923
2018-12-11,1.2555,1.26384,1.248,1.2488,145797
2018-12-12,1.2482,1.26712,1.2477,1.2625600000000001,189984
2018-12-13,1.2625,1.26867,1.26059,1.26579,127635
2018-12-14,1.26594,1.2663,1.25298,1.25852,136140
2018-12-17,1.25998,1.26468,1.25658,1.26143,132747
2018-12-18,1.2610299999999999,1.27058,1.26099,1.264,130828
2018-12-19,1.26359,1.26792,1.26064,1.2610700000000001,159206
2018-12-20,1.26095,1.27072,1.26074,1.26587,168498
2018-12-21,1.26526,1.26978,1.26177,1.26365,168564
2018-12-24,1.26448,1.27385,1.2634699999999999,1.26969,112584
2018-12-26,1.26748,1.27189,1.26306,1.26342,77836
2018-12-27,1.26323,1.2674699999999999,1.26155,1.2643900000000001,197024
2018-12-28,1.26394,1.2707600000000001,1.2635100000000001,1.26956,104304
2018-12-31,1.26942,1.28149,1.26802,1.2739500000000001,90140
2019-01-02,1.27469,1.27729,1.25811,1.26099,134890
2019-01-03,1.26054,1.26475,1.23964,1.26373,155936
2019-01-04,1.26284,1.27446,1.26159,1.27253,137158
2019-01-07,1.27215,1.27869,1.27105,1.27743,95574
2019-01-08,1.278,1.2797399999999999,1.27066,1.27142,94557
2019-01-09,1.27124,1.28037,1.27082,1.27887,139160
2019-01-10,1.27875,1.28012,1.27278,1.27509,118631
2019-01-11,1.27467,1.28659,1.27098,1.28358,129613
2019-01-14,1.28504,1.29308,1.28183,1.28685,115100
2019-01-15,1.28663,1.29157,1.2668300000000001,1.28597,165932
2019-01-16,1.28571,1.28975,1.2824900000000001,1.28789,125703
2019-01-17,1.28784,1.30009,1.28322,1.29857,154430
2019-01-18,1.29843,1.29932,1.28567,1.28729,103466
2019-01-21,1.28761,1.29108,1.28307,1.28912,79764
2019-01-22,1.28902,1.29753,1.28553,1.29568,100783
2019-01-23,1.29563,1.3081,1.29426,1.30684,112150
2019-01-24,1.30674,1.30941,1.30122,1.3063,123180
2019-01-25,1.30636,1.32179,1.30584,1.31983,134404
2019-01-28,1.31836,1.32117,1.3136999999999999,1.31558,94173
2019-01-29,1.31552,1.31999,1.30559,1.3066200000000001,151091
2019-01-30,1.3066200000000001,1.31453,1.30545,1.31147,118310
2019-01-31,1.31163,1.31603,1.30976,1.31107,106639
2019-02-01,1.31051,1.31149,1.30433,1.30824,99075
2019-02-04,1.30685,1.31034,1.30289,1.30373,86863
2019-02-05,1.30338,1.30517,1.29249,1.29505,77167
2019-02-06,1.29497,1.29792,1.29246,1.2928600000000001,86190
2019-02-07,1.2929300000000001,1.29966,1.28543,1.29513,96800
2019-02-08,1.2947600000000001,1.29762,1.29213,1.2941099999999999,72089
2019-02-11,1.2933,1.2939,1.28449,1.28604,87531
2019-02-12,1.28568,1.29095,1.28324,1.28945,81226
2019-02-13,1.2892000000000001,1.29588,1.2845,1.28453,97464
2019-02-14,1.28441,1.28777,1.2772999999999999,1.27994,102904
2019-02-15,1.27984,1.28983,1.27848,1.28881,94690
2019-02-18,1.2904200000000001,1.29386,1.2891599999999999,1.2922500000000001,86320
2019-02-19,1.29184,1.3073000000000001,1.28958,1.3063500000000001,93627
2019-02-20,1.30598,1.3109199999999999,1.3012000000000001,1.305,108871
2019-02-21,1.30492,1.30954,1.30261,1.30359,116131
2019-02-22,1.30362,1.308,1.2968199999999999,1.30552,100142
2019-02-25,1.30701,1.31141,1.30488,1.30961,98911
2019-02-26,1.30958,1.32881,1.30946,1.3250600000000001,143413
2019-02-27,1.32504,1.33501,1.32331,1.33087,132722
2019-02-28,1.3305799999999999,1.33192,1.32534,1.32616,113553
2019-03-01,1.32619,1.32864,1.31719,1.3208199999999999,109730
2019-03-04,1.32435,1.3254299999999999,1.31664,1.31813,76986
2019-03-05,1.31738,1.31985,1.30979,1.31788,85536
2019-03-06,1.3176700000000001,1.31813,1.3124,1.317,78013
2019-03-07,1.31685,1.31849,1.30681,1.30812,80881
2019-03-08,1.3082799999999999,1.31082,1.2989899999999999,1.30164,88514
2019-03-11,1.29676,1.31705,1.29604,1.31503,94617
2019-03-12,1.31506,1.3288,1.3005,1.30714,116740
2019-03-13,1.3071,1.33813,1.30598,1.33378,96108
2019-03-14,1.33361,1.33378,1.32076,1.32408,98533
2019-03-15,1.32407,1.32999,1.32029,1.32925,83389
2019-03-18,1.32952,1.33002,1.31843,1.3253,74666
2019-03-19,1.32534,1.33109,1.32412,1.32638,75295
2019-03-20,1.32664,1.32727,1.31463,1.31901,95822
2019-03-21,1.31891,1.32271,1.30038,1.31053,106013
2019-03-22,1.3104,1.3223799999999999,1.30811,1.32115,107573
2019-03-25,1.32151,1.32461,1.31598,1.31982,89273
2019-03-26,1.319,1.32614,1.31575,1.32053,93816
2019-03-27,1.32006,1.32694,1.31662,1.31859,108229
2019-03-28,1.31863,1.32116,1.30345,1.3039100000000001,104510
2019-03-29,1.30402,1.31357,1.2977400000000001,1.30294,99663
2019-04-01,1.30379,1.3149600000000001,1.30095,1.31046,85903
2019-04-02,1.31,1.3149600000000001,1.30135,1.31337,99586
2019-04-03,1.31317,1.31962,1.31211,1.31568,90651
2019-04-04,1.3152599999999999,1.31911,1.30602,1.30745,86655
2019-04-05,1.3073299999999999,1.3122,1.2986900000000001,1.30337,75706
2019-04-08,1.30354,1.30743,1.3022,1.30619,69924
2019-04-09,1.30557,1.31212,1.30305,1.30523,71793
2019-04-10,1.30496,1.31201,1.30422,1.3087,77529
2019-04-11,1.30851,1.31089,1.30502,1.30526,66744
2019-04-12,1.30525,1.31327,1.30505,1.30712,66523
2019-04-15,1.3075,1.3119100000000001,1.30685,1.30992,59232
2019-04-16,1.30962,1.31015,1.30427,1.3047900000000001,68592
2019-04-17,1.30446,1.30674,1.30287,1.3039399999999999,65096
2019-04-18,1.30366,1.30525,1.29789,1.2983799999999999,84485
2019-04-19,1.29827,1.3008899999999999,1.2980800000000001,1.29886,107751
2019-04-22,1.2992,1.29992,1.2975400000000001,1.29795,34021
2019-04-23,1.2981500000000001,1.30194,1.2928,1.29371,72083
2019-04-24,1.29369,1.29636,1.28876,1.28992,79677
2019-04-25,1.29019,1.29166,1.28658,1.28975,73073
2019-04-26,1.2897,1.2943500000000001,1.28758,1.29141,79512
2019-04-29,1.2918,1.2946900000000001,1.2905,1.29306,57531
2019-04-30,1.29317,1.30488,1.2924,1.3035700000000001,75786
2019-05-01,1.30282,1.31022,1.3027199999999999,1.30481,60134
2019-05-02,1.30475,1.30806,1.30182,1.30322,72963
2019-05-03,1.30275,1.31768,1.29888,1.31752,77058
2019-05-06,1.31458,1.31708,1.30813,1.3094299999999999,70402
2019-05-07,1.30955,1.3131300000000001,1.30397,1.3073299999999999,73397
2019-05-08,1.30709,1.30803,1.2987,1.30067,83280
2019-05-09,1.3002799999999999,1.3035999999999999,1.29673,1.30038,79348
2019-05-10,1.30103,1.30475,1.29912,1.30033,76666
2019-05-13,1.29946,1.30406,1.29413,1.29584,67560
2019-05-14,1.29552,1.29701,1.29038,1.29048,64254
2019-05-15,1.29034,1.2923200000000001,1.28263,1.28417,70362
2019-05-16,1.28413,1.28518,1.27877,1.27956,58375
2019-05-17,1.27925,1.2798,1.27132,1.27175,65773
2019-05-20,1.27328,1.27573,1.27148,1.27214,51697
2019-05-21,1.2720799999999999,1.28142,1.26853,1.2706,75682
2019-05-22,1.27047,1.27194,1.26243,1.26607,69543
2019-05-23,1.2657,1.26838,1.26052,1.26579,74785
2019-05-24,1.26553,1.27328,1.26475,1.2711700000000001,74515
2019-05-27,1.27249,1.27478,1.26671,1.26785,57298
2019-05-28,1.2677800000000001,1.2702,1.26505,1.26523,76486
2019-05-29,1.26531,1.26714,1.26117,1.2625899999999999,71280
2019-05-30,1.26209,1.2640799999999999,1.25806,1.26091,59473
2019-05-31,1.2603900000000001,1.26446,1.2559,1.26302,75088
2019-06-03,1.26267,1.26742,1.26105,1.26633,75463
2019-06-04,1.2662900000000001,1.27145,1.26422,1.2699500000000001,85257
2019-06-05,1.26962,1.27438,1.2680500000000001,1.2681200000000001,83522
2019-06-06,1.26836,1.27421,1.26689,1.26916,88498
2019-06-07,1.26894,1.27629,1.26864,1.27374,80893
2019-06-10,1.27352,1.27423,1.2652999999999999,1.2686,76532
2019-06-11,1.26837,1.2732299999999999,1.26703,1.27226,89610
2019-06-12,1.27185,1.27587,1.2681499999999999,1.26884,90534
2019-06-13,1.26864,1.2707899999999999,1.26621,1.26737,77955
2019-06-14,1.26737,1.26819,1.25801,1.25902,81726
2019-06-17,1.2581,1.26058,1.25322,1.25327,57906
2019-06-18,1.25331,1.2564600000000001,1.25061,1.25571,85683
2019-06-19,1.25564,1.26738,1.25426,1.2643,83618
2019-06-20,1.26406,1.2726899999999999,1.26284,1.27032,102819
2019-06-21,1.27039,1.27465,1.26424,1.27459,92029
2019-06-24,1.27328,1.2766600000000001,1.27081,1.27392,68665
2019-06-25,1.27366,1.27838,1.26721,1.26884,78102
2019-06-26,1.2683,1.27074,1.26628,1.26854,93233
2019-06-27,1.26837,1.27248,1.26615,1.26701,85008
2019-06-28,1.26662,1.27348,1.26596,1.26958,78478
2019-07-01,1.26948,1.27057,1.2631999999999999,1.2637399999999999,78028
2019-07-02,1.26371,1.26479,1.2584,1.25931,72736
2019-07-03,1.25909,1.26002,1.25571,1.25724,62984
2019-07-04,1.25704,1.25913,1.25629,1.25776,47516
2019-07-05,1.25766,1.25876,1.2481200000000001,1.25198,64626
2019-07-08,1.25255,1.2539799999999999,1.24999,1.25167,50696
2019-07-09,1.25165,1.2521900000000001,1.24396,1.246,56599
2019-07-10,1.24587,1.2521,1.24438,1.25048,77399
2019-07-11,1.2497,1.25714,1.24959,1.2526,76399
2019-07-12,1.25235,1.25794,1.25182,1.25769,73574
2019-07-15,1.25522,1.25778,1.25103,1.25162,51352
2019-07-16,1.25161,1.25203,1.23964,1.24062,65320
2019-07-17,1.24066,1.24564,1.2382,1.24321,62208
2019-07-18,1.24309,1.2558500000000001,1.24243,1.25469,71741
2019-07-19,1.25449,1.25563,1.24759,1.25052,61402
2019-07-22,1.24902,1.25172,1.24555,1.24754,53047
2019-07-23,1.24725,1.24817,1.2417799999999999,1.24394,62228
2019-07-24,1.2438,1.25224,1.24264,1.24837,59032
2019-07-25,1.24829,1.2517800000000001,1.24369,1.24543,69717
2019-07-26,1.24498,1.24597,1.23761,1.23836,54117
2019-07-29,1.23749,1.23837,1.22125,1.22176,58221
2019-07-30,1.22166,1.22259,1.21183,1.21491,77044
2019-07-31,1.21512,1.22498,1.2134,1.2161,88905
2019-08-01,1.21526,1.21714,1.20796,1.21298,100117
2019-08-02,1.21241,1.21696,1.20904,1.21593,101365
2019-08-05,1.21344,1.21882,1.2101600000000001,1.21396,99295
2019-08-06,1.214,1.22094,1.2135799999999999,1.2168700000000001,95942
2019-08-07,1.21677,1.21908,1.21211,1.21425,92977
2019-08-08,1.21417,1.21828,1.20949,1.21346,74376
2019-08-09,1.21337,1.2152,1.20238,1.20255,69941
2019-08-12,1.20486,1.21066,1.20146,1.20747,94422
2019-08-13,1.20757,1.2098,1.20419,1.20597,99754
2019-08-14,1.2059199999999999,1.21009,1.20448,1.2057,98161
2019-08-15,1.20567,1.21507,1.20507,1.20922,106084
2019-08-16,1.2082,1.21757,1.20747,1.2146,85990
2019-08-19,1.21546,1.21727,1.21047,1.21244,64107
2019-08-20,1.21259,1.21794,1.20641,1.21706,78465
2019-08-21,1.21684,1.2175,1.21122,1.21208,66906
2019-08-22,1.21222,1.2273,1.21086,1.2256,86822
2019-08-23,1.22527,1.22933,1.21943,1.22836,89752
2019-08-26,1.22649,1.22858,1.22081,1.2218,107501
2019-08-27,1.2217500000000001,1.23099,1.2209,1.22873,81552
2019-08-28,1.22856,1.22911,1.21561,1.22101,98794
2019-08-29,1.22049,1.22327,1.21723,1.2183,81976
2019-08-30,1.21794,1.22262,1.21395,1.21622,81407
2019-09-02,1.21556,1.21746,1.20358,1.20627,72873
2019-09-03,1.2062,1.21056,1.19585,1.2085,97322
2019-09-04,1.2071399999999999,1.22566,1.2071399999999999,1.22554,91480
2019-09-05,1.22522,1.23538,1.22101,1.23298,94866
2019-09-06,1.23264,1.23435,1.22793,1.22838,77817
2019-09-09,1.22696,1.23849,1.22335,1.23443,67287
2019-09-10,1.23458,1.23798,1.23071,1.23573,63499
2019-09-11,1.23413,1.2371,1.23126,1.23276,59880
2019-09-12,1.23291,1.2367,1.22833,1.23302,82917
2019-09-13,1.23312,1.25049,1.23273,1.24977,70578
2019-09-16,1.24655,1.25028,1.23991,1.24282,64465
2019-09-17,1.24253,1.2527300000000001,1.23925,1.24992,62437
2019-09-18,1.24996,1.2511999999999999,1.24393,1.2469000000000001,67114
2019-09-19,1.24712,1.25603,1.2438,1.25226,70431
2019-09-20,1.25217,1.2582200000000001,1.24592,1.2469000000000001,71979
2019-09-23,1.24615,1.24908,1.24131,1.24337,60459
2019-09-24,1.24329,1.25033,1.24142,1.24943,63316
2019-09-25,1.24893,1.24978,1.23475,1.2349700000000001,64925
2019-09-26,1.23455,1.23806,1.23028,1.23226,62519
2019-09-27,1.23236,1.23364,1.22712,1.22905,60365
2019-09-30,1.2294,1.2346300000000001,1.22753,1.22965,57864
2019-10-01,1.22904,1.23397,1.22049,1.23038,70880
2019-10-02,1.22998,1.23241,1.22268,1.22982,67673
2019-10-03,1.22988,1.2413,1.22657,1.23284,79199
2019-10-04,1.2328000000000001,1.23568,1.22761,1.23335,64437
2019-10-07,1.23096,1.23366,1.22872,1.22886,51544
2019-10-08,1.22897,1.23026,1.21952,1.22195,73907
2019-10-09,1.22184,1.22916,1.21981,1.22035,66757
2019-10-10,1.22046,1.24691,1.22024,1.24411,98657
2019-10-11,1.24348,1.27069,1.24078,1.26471,117830
2019-10-14,1.2624,1.2649599999999999,1.2516,1.26021,83295
2019-10-15,1.26082,1.27997,1.26009,1.27837,115140
2019-10-16,1.27801,1.28776,1.26559,1.28275,118752
2019-10-17,1.28251,1.29894,1.2749,1.28907,120649
2019-10-18,1.28913,1.29653,1.28396,1.29614,91654
2019-10-21,1.29473,1.30127,1.28739,1.29589,84476
2019-10-22,1.29587,1.3000099999999999,1.28621,1.2872,92554
2019-10-23,1.28694,1.29218,1.28413,1.29118,88838
2019-10-24,1.29144,1.29497,1.27884,1.2851,78247
2019-10-25,1.28504,1.28629,1.28043,1.28294,61207
2019-10-28,1.28099,1.2876400000000001,1.28099,1.28533,57737
2019-10-29,1.28574,1.29048,1.28067,1.28661,70836
2019-10-30,1.28694,1.2907600000000001,1.28453,1.28986,68655
2019-10-31,1.28971,1.2976,1.28939,1.29419,76132
2019-11-01,1.29401,1.29728,1.2924,1.29382,68431
2019-11-04,1.2928,1.29428,1.28762,1.28819,55788
2019-11-05,1.28827,1.29175,1.2859,1.28827,69052
2019-11-06,1.28839,1.28974,1.28441,1.2856,54683
2019-11-07,1.28528,1.2878,1.27939,1.28145,74118
2019-11-08,1.28136,1.28227,1.27688,1.27801,58610
2019-11-11,1.27926,1.2898100000000001,1.27856,1.2852299999999999,52693
2019-11-12,1.28525,1.2873999999999999,1.28158,1.28447,63970
2019-11-13,1.28453,1.28625,1.28219,1.28513,61371
2019-11-14,1.28492,1.28884,1.28251,1.28819,57844
2019-11-15,1.28813,1.29192,1.28675,1.29025,49106
2019-11-18,1.29212,1.29854,1.29095,1.29519,56896
2019-11-19,1.29529,1.29698,1.29104,1.29266,59849
2019-11-20,1.29254,1.29305,1.28875,1.29227,58541
2019-11-21,1.29229,1.29702,1.28931,1.29067,57442
2019-11-22,1.29052,1.29283,1.28234,1.28284,59771
2019-11-25,1.28508,1.29119,1.28411,1.28969,53466
2019-11-26,1.28986,1.29038,1.28352,1.2863,55437
2019-11-27,1.28655,1.29172,1.28274,1.29114,60554
2019-11-28,1.29202,1.2951,1.28993,1.29096,55457
2019-11-29,1.2910300000000001,1.2942,1.28792,1.2932000000000001,54929
2019-12-02,1.29094,1.29492,1.28964,1.29414,56063
2019-12-03,1.29399,1.30114,1.29299,1.29922,57553
2019-12-04,1.29914,1.31208,1.29828,1.31036,65990
2019-12-05,1.31036,1.31664,1.31021,1.3159100000000001,55495
2019-12-06,1.31566,1.3165499999999999,1.3100800000000001,1.31376,54961
2019-12-09,1.31338,1.31809,1.31318,1.31426,53835
2019-12-10,1.31387,1.3215,1.31327,1.31559,57342
2019-12-11,1.3153000000000001,1.3213599999999999,1.31073,1.3195299999999999,66250
2019-12-12,1.31955,1.32294,1.30506,1.3173300000000001,89941
2019-12-13,1.31642,1.35147,1.31642,1.33335,117954
2019-12-16,1.33376,1.34223,1.3321100000000001,1.33338,73777
2019-12-17,1.33291,1.33351,1.30993,1.31288,85013
2019-12-18,1.31302,1.3134299999999999,1.30599,1.30785,84095
2019-12-19,1.30776,1.31329,1.299,1.30057,76428
2019-12-20,1.30087,1.30795,1.2978100000000001,1.29947,61411
2019-12-23,1.29988,1.30319,1.29046,1.29365,64387
2019-12-24,1.29342,1.29711,1.29219,1.29582,49911
2019-12-26,1.2956400000000001,1.3016,1.2956400000000001,1.29961,41657
2019-12-27,1.2991,1.31172,1.2968199999999999,1.3084,66886
2019-12-30,1.3087,1.31504,1.30639,1.31093,64715
2019-12-31,1.31125,1.32843,1.3105,1.3252,58043
2020-01-02,1.3250600000000001,1.32663,1.31154,1.31356,76814
2020-01-03,1.31356,1.31603,1.30537,1.3075,83444
2020-01-06,1.3082099999999999,1.31748,1.30643,1.3168,68227
2020-01-07,1.31668,1.32125,1.30952,1.31207,74267
2020-01-08,1.31188,1.31697,1.30803,1.30961,85025
2020-01-09,1.30926,1.31238,1.3013,1.30676,73762
2020-01-10,1.30661,1.30971,1.30426,1.30605,63126
2020-01-13,1.30347,1.3045,1.29611,1.2988,62682
2020-01-14,1.29882,1.30332,1.29543,1.30192,83224
2020-01-15,1.3018100000000001,1.30424,1.29843,1.3038,64171
2020-01-16,1.30377,1.30832,1.30255,1.30772,63876
2020-01-17,1.3079,1.3118699999999999,1.3006,1.3006,63862
2020-01-20,1.2990300000000001,1.30137,1.29622,1.30092,43919
2020-01-21,1.30083,1.30837,1.29954,1.30473,54981
2020-01-22,1.30492,1.3153000000000001,1.30348,1.31402,66023
2020-01-23,1.31379,1.31509,1.30971,1.31258,53098
2020-01-24,1.31234,1.31705,1.3057,1.30714,61035
2020-01-27,1.30779,1.31049,1.30402,1.30575,52839
2020-01-28,1.30517,1.30651,1.29752,1.30275,49866
2020-01-29,1.3027199999999999,1.30287,1.29893,1.30192,44095
2020-01-30,1.30172,1.311,1.29778,1.30914,62379
2020-01-31,1.30936,1.32094,1.30814,1.32054,62730
2020-02-03,1.31759,1.31837,1.29828,1.29988,59255
2020-02-04,1.2993000000000001,1.30467,1.29413,1.30314,63156
2020-02-05,1.30294,1.30701,1.29563,1.30006,59852
2020-02-06,1.30006,1.30017,1.29211,1.29276,50150
2020-02-07,1.29274,1.2959399999999999,1.28814,1.28856,60397
2020-02-10,1.28846,1.29462,1.28719,1.29138,55857
2020-02-11,1.2915,1.2968,1.28945,1.2953299999999999,57866
2020-02-12,1.2950300000000001,1.29915,1.29484,1.29565,56536
2020-02-13,1.29588,1.30693,1.29441,1.30405,69711
2020-02-14,1.30404,1.3063500000000001,1.30011,1.30463,53109
2020-02-17,1.30302,1.30538,1.29984,1.3003,42769
2020-02-18,1.3002799999999999,1.30488,1.2971,1.29966,57870
2020-02-19,1.2996699999999999,1.3023500000000001,1.29075,1.29219,60232
2020-02-20,1.29176,1.29285,1.28492,1.28814,68749
2020-02-21,1.28817,1.2981099999999999,1.28746,1.29565,70993
2020-02-24,1.29448,1.29546,1.2886600000000001,1.29312,73078
2020-02-25,1.29247,1.3018,1.29142,1.30031,87806
2020-02-26,1.3005,1.3008,1.28949,1.28953,81693
2020-02-27,1.28961,1.29464,1.286,1.2885,98746
2020-02-28,1.28838,1.29197,1.27257,1.28148,115837
2020-03-02,1.27726,1.28508,1.27397,1.27532,121543
2020-03-03,1.27523,1.28442,1.27406,1.28145,121423
2020-03-04,1.28114,1.28729,1.27701,1.28727,85426
2020-03-05,1.28709,1.29684,1.2860800000000001,1.29521,74855
2020-03-06,1.29466,1.30523,1.2944200000000001,1.3047,121391
2020-03-09,1.30758,1.32004,1.30344,1.31138,176844
2020-03-10,1.31257,1.3128,1.28815,1.29135,160793
2020-03-11,1.29095,1.29764,1.2804,1.28186,120130
2020-03-12,1.28173,1.28488,1.24906,1.25614,147542
2020-03-13,1.25652,1.26244,1.2261,1.22729,167825
2020-03-16,1.22678,1.24215,1.22021,1.2273100000000001,176122
2020-03-17,1.22701,1.22737,1.20018,1.2052100000000001,190930
2020-03-18,1.20525,1.21296,1.145,1.1628,183234
2020-03-19,1.15863,1.17932,1.14698,1.14801,189310
2020-03-20,1.14851,1.19339,1.14097,1.16422,175837
2020-03-23,1.16648,1.17145,1.14463,1.15433,180202
2020-03-24,1.15396,1.17992,1.14806,1.1756199999999999,170965
2020-03-25,1.1757,1.19734,1.16389,1.1882,168952
2020-03-26,1.18595,1.22294,1.17755,1.22007,185910
2020-03-27,1.22017,1.24856,1.21313,1.2457799999999999,191272
2020-03-30,1.24312,1.24667,1.23178,1.2416800000000001,135219
2020-03-31,1.24102,1.2473,1.22422,1.2413,152535
2020-04-01,1.2414100000000001,1.24439,1.23303,1.23657,119832
2020-04-02,1.23737,1.24753,1.23486,1.23966,117033
2020-04-03,1.23957,1.24048,1.22056,1.22703,106368
2020-04-06,1.22327,1.23268,1.22096,1.22314,92380
2020-04-07,1.22312,1.23845,1.21643,1.23387,103013
2020-04-08,1.23274,1.24196,1.2288000000000001,1.23823,83731
2020-04-09,1.2380200000000001,1.24838,1.23608,1.24632,101803
2020-04-10,1.24558,1.24863,1.24428,1.24482,29445
2020-04-13,1.24493,1.2537,1.24493,1.2504,53151
2020-04-14,1.25012,1.2647599999999999,1.25012,1.26246,81167
2020-04-15,1.26174,1.26309,1.24367,1.25226,82889
2020-04-16,1.25143,1.25269,1.24082,1.2457,86993
2020-04-17,1.24564,1.25223,1.2407,1.2493400000000001,81849
2020-04-20,1.24967,1.2499500000000001,1.24164,1.2433,66269
2020-04-21,1.24328,1.24443,1.22472,1.22938,87185
2020-04-22,1.22909,1.2386,1.22746,1.2334,69080
2020-04-23,1.23327,1.2415,1.23078,1.23451,88015
2020-04-24,1.23438,1.23771,1.22981,1.2365,71380
2020-04-27,1.2363,1.24548,1.23582,1.24312,63250
2020-04-28,1.24274,1.25183,1.24037,1.24236,70789
2020-04-29,1.24237,1.24854,1.23893,1.24702,71884
2020-04-30,1.24674,1.26438,1.24291,1.25931,91809
2020-05-01,1.25899,1.26004,1.24832,1.24931,69952
2020-05-04,1.24839,1.24856,1.24053,1.2442,70753
2020-05-05,1.24437,1.24839,1.2420499999999999,1.24344,74081
2020-05-06,1.24332,1.24503,1.2335099999999999,1.23418,68555
2020-05-07,1.2342,1.2417799999999999,1.22661,1.23617,78896
2020-05-08,1.2355800000000001,1.24671,1.23508,1.24069,57308
2020-05-11,1.2399499999999999,1.24377,1.22833,1.23335,75526
2020-05-12,1.23318,1.23775,1.22555,1.22599,87621
2020-05-13,1.22586,1.23398,1.221,1.22365,97161
2020-05-14,1.2227999999999999,1.22417,1.21654,1.22312,88296
2020-05-15,1.22259,1.22389,1.2101,1.2101899999999999,83724
2020-05-18,1.20824,1.22275,1.20752,1.21951,80226
2020-05-19,1.21934,1.22962,1.2184,1.22483,80648
2020-05-20,1.22516,1.22877,1.22214,1.22376,75844
2020-05-21,1.22394,1.22496,1.21857,1.22229,70647
2020-05-22,1.22182,1.22337,1.21616,1.21647,69256
2020-05-25,1.21733,1.22036,1.2164,1.2184,52184
2020-05-26,1.21848,1.23631,1.21792,1.23377,76741
2020-05-27,1.23315,1.23541,1.22046,1.22601,99161
2020-05-28,1.22596,1.23446,1.22337,1.23224,92824
2020-05-29,1.23183,1.23939,1.22905,1.2346300000000001,111600
2020-06-01,1.23237,1.2506599999999999,1.23236,1.24887,86007
2020-06-02,1.24908,1.25762,1.24785,1.2551700000000001,91506
2020-06-03,1.25499,1.26153,1.25446,1.25751,99703
2020-06-04,1.25735,1.26333,1.25007,1.2596,99517
2020-06-05,1.25969,1.27312,1.2583,1.26671,100925
2020-06-08,1.26794,1.27358,1.2628,1.27237,76589
2020-06-09,1.27227,1.27556,1.26178,1.27276,84312
2020-06-10,1.27278,1.2812999999999999,1.27062,1.27458,106601
2020-06-11,1.27468,1.27545,1.25862,1.26017,139994
2020-06-12,1.26017,1.2653400000000001,1.24736,1.25415,141586
2020-06-15,1.2511700000000001,1.2606600000000001,1.24542,1.26062,132804
2020-06-16,1.2604600000000001,1.2687599999999999,1.25526,1.25722,132461
2020-06-17,1.25712,1.25888,1.25111,1.2555,109787
2020-06-18,1.25557,1.2566899999999999,1.24017,1.24211,111827
2020-06-19,1.24244,1.24563,1.23441,1.23509,94290
2020-06-22,1.2345,1.24768,1.23353,1.2469999999999999,83984
2020-06-23,1.24682,1.25319,1.2432,1.2521,109961
2020-06-24,1.25191,1.25427,1.2414399999999999,1.24203,105093
2020-06-25,1.24183,1.24644,1.23888,1.24186,92291
2020-06-26,1.24182,1.24368,1.23144,1.23368,80718
2020-06-29,1.2335,1.23896,1.22517,1.22976,75397
2020-06-30,1.22978,1.24018,1.22579,1.24006,79074
2020-07-01,1.24009,1.24905,1.23593,1.24747,82497
2020-07-02,1.24747,1.25298,1.24563,1.24681,74065
2020-07-03,1.24674,1.24867,1.2438,1.2483,65117
2020-07-06,1.24613,1.25198,1.24603,1.24921,69128
2020-07-07,1.24916,1.25922,1.24623,1.25433,83172
2020-07-08,1.25406,1.26231,1.25085,1.26099,78515
2020-07-09,1.26094,1.26695,1.25961,1.26062,84119
2020-07-10,1.2606,1.26641,1.25668,1.2623,72278
2020-07-13,1.26254,1.26663,1.25504,1.25536,69890
2020-07-14,1.25541,1.2563900000000001,1.24799,1.2554400000000001,86129
2020-07-15,1.2553,1.26498,1.2546599999999999,1.2588599999999999,80117
2020-07-16,1.25872,1.26247,1.25201,1.25541,70350
2020-07-17,1.25528,1.25744,1.25119,1.25665,55068
2020-07-20,1.25531,1.26654,1.2518099999999999,1.26612,72174
2020-07-21,1.26618,1.2768,1.26502,1.2732999999999999,92828
2020-07-22,1.27311,1.27436,1.2644,1.27352,104613
2020-07-23,1.27336,1.276,1.26729,1.27404,107081
2020-07-24,1.27405,1.28036,1.27169,1.27946,94295
2020-07-27,1.27889,1.29029,1.2776399999999999,1.28796,103227
2020-07-28,1.28814,1.29528,1.28384,1.2932000000000001,103473
2020-07-29,1.29314,1.30136,1.2912,1.29956,101515
2020-07-30,1.29963,1.31029,1.2944499999999999,1.30945,113127
2020-07-31,1.30952,1.31704,1.30704,1.30842,140418
2020-08-03,1.30769,1.31129,1.30048,1.30761,116433
2020-08-04,1.30748,1.3108,1.29813,1.30713,96868
2020-08-05,1.3072,1.31617,1.30544,1.31137,97721
2020-08-06,1.3114,1.31859,1.31115,1.31421,121405
2020-08-07,1.31414,1.31481,1.30095,1.3051,113161
2020-08-10,1.30535,1.3103500000000001,1.30189,1.30731,79305
2020-08-11,1.30717,1.3132,1.30416,1.30475,105318
2020-08-12,1.30473,1.30676,1.30051,1.30317,106946
2020-08-13,1.3032599999999999,1.3125,1.30256,1.3067199999999999,87895
2020-08-14,1.30667,1.31426,1.3048199999999999,1.3084799999999999,82269
2020-08-17,1.30922,1.31219,1.30742,1.31046,72134
2020-08-18,1.3103,1.325,1.30932,1.32386,90081
2020-08-19,1.32298,1.32674,1.3094000000000001,1.30994,105676
2020-08-20,1.30948,1.32247,1.30646,1.32141,117594
2020-08-21,1.3214299999999999,1.32552,1.3059,1.30893,112267
2020-08-24,1.30804,1.3149,1.30536,1.30631,83703
2020-08-25,1.30633,1.31704,1.30552,1.31507,90931
2020-08-26,1.31512,1.3219,1.31172,1.32108,84070
2020-08-27,1.32092,1.32846,1.31612,1.31988,126246
2020-08-28,1.32,1.33565,1.31863,1.33506,119145
2020-08-31,1.3332,1.33957,1.33013,1.33661,94368
2020-09-01,1.33691,1.34823,1.33564,1.33836,123633
2020-09-02,1.33835,1.34026,1.32835,1.33511,109962
2020-09-03,1.33507,1.33585,1.32425,1.32809,120824
2020-09-04,1.32802,1.33191,1.3176,1.32822,117698
2020-09-07,1.32516,1.32756,1.31405,1.3166,63285
2020-09-08,1.3165499999999999,1.31735,1.29803,1.29814,115052
2020-09-09,1.2981,1.30237,1.28851,1.2999399999999999,103303
2020-09-10,1.30016,1.30352,1.27733,1.28098,118975
2020-09-11,1.2805,1.28658,1.27625,1.27956,98242
2020-09-14,1.278,1.29192,1.27657,1.28455,82723
2020-09-15,1.28397,1.29263,1.28146,1.28888,84994
2020-09-16,1.28888,1.30072,1.28749,1.29674,108670
2020-09-17,1.29687,1.29989,1.28648,1.29732,123367
2020-09-18,1.29732,1.29996,1.29128,1.29161,98716
2020-09-21,1.29299,1.29668,1.2775699999999999,1.28162,109392
2020-09-22,1.2816,1.2867600000000001,1.2711000000000001,1.27366,110322
2020-09-23,1.2729599999999999,1.27772,1.26753,1.27263,109603
2020-09-24,1.27236,1.2781,1.26906,1.27442,115284
2020-09-25,1.27508,1.28056,1.2687599999999999,1.27432,94055
2020-09-28,1.2757100000000001,1.2929599999999999,1.27451,1.28318,96030
2020-09-29,1.28296,1.2903,1.28224,1.28528,92001
2020-09-30,1.28606,1.29425,1.28053,1.29044,105680
2020-10-01,1.29156,1.29786,1.28196,1.28869,112949
2020-10-02,1.28882,1.29539,1.28366,1.2934700000000001,124306
2020-10-05,1.29278,1.29914,1.28999,1.29824,77132
2020-10-06,1.2974700000000001,1.30074,1.28671,1.28738,96317
2020-10-07,1.2870599999999999,1.29298,1.28452,1.29183,91304
2020-10-08,1.29125,1.29706,1.2891599999999999,1.2934700000000001,81562
2020-10-09,1.2933,1.30496,1.2916,1.3045900000000001,75114
2020-10-12,1.30228,1.30826,1.3005200000000001,1.30651,62899
2020-10-13,1.30633,1.3068,1.29218,1.29346,89569
2020-10-14,1.29331,1.30644,1.28627,1.30114,88504
2020-10-15,1.3011599999999999,1.3029899999999999,1.28904,1.29033,95389
2020-10-16,1.28999,1.29614,1.28647,1.29093,95823
2020-10-19,1.28932,1.30248,1.28926,1.29495,86643
2020-10-20,1.2942,1.298,1.2911299999999999,1.29478,86235
2020-10-21,1.29436,1.31771,1.29358,1.3146900000000001,97836
2020-10-22,1.314,1.31518,1.30708,1.3082500000000001,88891
2020-10-23,1.30778,1.31226,1.30192,1.3043,77884
2020-10-26,1.3056,1.30749,1.29925,1.30234,82818
2020-10-27,1.30198,1.30796,1.30009,1.3047,69803
2020-10-28,1.30407,1.30636,1.29165,1.29827,101227
2020-10-29,1.29828,1.30257,1.28806,1.29283,104556
2020-10-30,1.29251,1.2988,1.28987,1.29481,101265
2020-11-02,1.29245,1.29427,1.28542,1.29186,78833
2020-11-03,1.2917100000000001,1.30789,1.2907600000000001,1.3063500000000001,72056
2020-11-04,1.30534,1.31399,1.29144,1.29853,169550
2020-11-05,1.29828,1.31547,1.29297,1.31509,126620
2020-11-06,1.31445,1.31771,1.30924,1.31497,117282
2020-11-09,1.31581,1.32084,1.31182,1.31637,139857
2020-11-10,1.31631,1.32786,1.3157,1.32739,130087
2020-11-11,1.32693,1.3311,1.31918,1.32242,96568
2020-11-12,1.32223,1.32285,1.31066,1.31226,89889
2020-11-13,1.31129,1.32006,1.31095,1.31996,73945
2020-11-16,1.31664,1.32424,1.3165499999999999,1.32005,79076
2020-11-17,1.31921,1.32724,1.31877,1.32486,79150
2020-11-18,1.3246,1.3312300000000001,1.32401,1.32672,73523
2020-11-19,1.3268,1.32792,1.31958,1.3262399999999999,81445
2020-11-20,1.32564,1.32974,1.32446,1.32876,72638
2020-11-23,1.32927,1.33979,1.32641,1.33236,79508
2020-11-24,1.33236,1.33806,1.32932,1.33623,80763
2020-11-25,1.33566,1.33937,1.33046,1.33871,81287
2020-11-26,1.33724,1.3397999999999999,1.33222,1.33558,51114
2020-11-27,1.33552,1.33819,1.32874,1.33026,67823
2020-11-30,1.33288,1.33843,1.32949,1.33224,84944
2020-12-01,1.3322,1.34426,1.33149,1.34225,81574
2020-12-02,1.3413599999999999,1.3441,1.32876,1.3362,90379
2020-12-03,1.33618,1.35,1.33464,1.34525,81305
2020-12-04,1.34436,1.35392,1.34116,1.3436,88573
2020-12-07,1.3409,1.34378,1.32244,1.33789,90644
2020-12-08,1.33765,1.33936,1.3289900000000001,1.33565,98873
2020-12-09,1.3351199999999999,1.34784,1.3345099999999999,1.34061,82369
2020-12-10,1.33966,1.34105,1.32458,1.32917,95214
2020-12-11,1.32938,1.33246,1.31346,1.3223,90910
2020-12-14,1.33616,1.34454,1.32898,1.33301,81299
2020-12-15,1.33176,1.34697,1.32801,1.34603,91198
2020-12-16,1.34538,1.3553899999999999,1.34342,1.35087,86744
2020-12-17,1.35038,1.36242,1.34904,1.3584399999999999,81136
2020-12-18,1.35856,1.35898,1.3471199999999999,1.35233,73675
2020-12-21,1.33976,1.34985,1.31878,1.34636,120859
2020-12-22,1.34643,1.347,1.33044,1.3363,102205
2020-12-23,1.33575,1.3571,1.33484,1.34977,103819
2020-12-24,1.34905,1.36193,1.34889,1.35341,66624
2020-12-28,1.35522,1.3576,1.34293,1.34576,78126
2020-12-29,1.34448,1.35227,1.34415,1.35005,87116
2020-12-30,1.34966,1.36256,1.34893,1.36245,86227
2020-12-31,1.3621400000000001,1.36864,1.36006,1.36589,79081
2021-01-04,1.3643,1.37038,1.35416,1.3571,103261
2021-01-05,1.35659,1.36418,1.35542,1.36269,99160
2021-01-06,1.36236,1.3671,1.35381,1.36071,126148
2021-01-07,1.36073,1.3632900000000001,1.35321,1.3564,102941
2021-01-08,1.35632,1.36356,1.3538299999999999,1.35637,111090
2021-01-11,1.3554599999999999,1.35742,1.34508,1.35086,95747
2021-01-12,1.35101,1.3670200000000001,1.35002,1.36658,86310
2021-01-13,1.36673,1.37016,1.36118,1.36354,87857
2021-01-14,1.3637000000000001,1.37108,1.36166,1.3687,97307
2021-01-15,1.36843,1.36982,1.3572600000000001,1.35849,89265
2021-01-18,1.3599999999999999,1.3599999999999999,1.35195,1.3584800000000001,69706
2021-01-19,1.35846,1.3636300000000001,1.35733,1.3635,76356
2021-01-20,1.36279,1.37188,1.36232,1.3659,82959
2021-01-21,1.36536,1.37459,1.36477,1.37335,83730
2021-01-22,1.37276,1.3736,1.36355,1.36823,74854
2021-01-25,1.36762,1.37236,1.3649,1.36758,84813
2021-01-26,1.36744,1.37445,1.36096,1.37359,76934
2021-01-27,1.37314,1.3759000000000001,1.36594,1.3689,98503
2021-01-28,1.36849,1.3746,1.36303,1.3725,107374
2021-01-29,1.37203,1.37518,1.36572,1.36993,112730
2021-02-01,1.37038,1.37577,1.36562,1.36632,96480
2021-02-02,1.36621,1.37103,1.3611,1.36674,85412
2021-02-03,1.36664,1.36832,1.36193,1.3642699999999999,76347
2021-02-04,1.36428,1.36978,1.35648,1.36707,81886
2021-02-05,1.3671,1.37399,1.36578,1.3738299999999999,73745
2021-02-08,1.3707,1.3749500000000001,1.36804,1.37419,68110
2021-02-09,1.37395,1.38202,1.37333,1.38133,70985
2021-02-10,1.38131,1.3866,1.3802400000000001,1.38344,71841
2021-02-11,1.38318,1.38591,1.38003,1.38159,60968
2021-02-12,1.38157,1.38624,1.37756,1.38514,62724
2021-02-15,1.38392,1.39192,1.38392,1.39024,55860
2021-02-16,1.39022,1.39516,1.3869500000000001,1.39018,79527
2021-02-17,1.39024,1.39069,1.38299,1.38642,82693
2021-02-18,1.38504,1.39862,1.38398,1.3973499999999999,85579
2021-02-19,1.39726,1.40365,1.3951500000000001,1.40038,78442
2021-02-22,1.40128,1.40862,1.3980299999999999,1.40617,90354
2021-02-23,1.40634,1.41167,1.4054,1.41157,80378
2021-02-24,1.411,1.42363,1.4082,1.41401,108031
2021-02-25,1.41408,1.41818,1.39998,1.40092,131768
2021-02-26,1.40134,1.40259,1.38877,1.3927,157854
2021-03-01,1.39248,1.39991,1.3904,1.39256,113322
2021-03-02,1.39257,1.39772,1.3859,1.39544,109598
2021-03-03,1.39512,1.40064,1.39209,1.39475,108870
2021-03-04,1.39496,1.40177,1.38803,1.38929,135591
2021-03-05,1.3894,1.3906800000000001,1.37781,1.3824,135711
2021-03-08,1.38124,1.38657,1.38001,1.3820999999999999,126080
2021-03-09,1.38181,1.39254,1.38014,1.3888,113884
2021-03-10,1.38898,1.39377,1.38453,1.39349,109658
2021-03-11,1.39295,1.39954,1.3918599999999999,1.39923,102889
2021-03-12,1.39858,1.40048,1.38633,1.3918599999999999,103981
2021-03-15,1.39144,1.39496,1.38531,1.39028,97840
2021-03-16,1.38934,1.39063,1.38089,1.38933,91512
2021-03-17,1.38916,1.39712,1.38511,1.39632,94129
2021-03-18,1.39655,1.40016,1.38975,1.39282,113984
2021-03-19,1.39197,1.39594,1.38306,1.38648,93197
2021-03-22,1.38347,1.38766,1.3817599999999999,1.38638,68620
2021-03-23,1.38623,1.38643,1.37405,1.3753199999999999,86571
2021-03-24,1.37492,1.37573,1.36738,1.36814,79658
2021-03-25,1.36815,1.37453,1.36703,1.3732199999999999,84132
2021-03-26,1.37338,1.38122,1.37239,1.37894,67955
2021-03-29,1.37899,1.3847,1.3755899999999999,1.37611,76512
2021-03-30,1.37587,1.37836,1.37062,1.37404,71902
2021-03-31,1.3738000000000001,1.3812,1.3716300000000001,1.3783,76789
2021-04-01,1.37768,1.38369,1.37462,1.38335,83580
2021-04-02,1.38304,1.38525,1.38099,1.38255,70295
2021-04-05,1.38205,1.39138,1.38132,1.39045,45779
2021-04-06,1.3900000000000001,1.39188,1.38021,1.38243,76303
2021-04-07,1.38212,1.38402,1.37246,1.37382,86088
2021-04-08,1.37361,1.37828,1.37187,1.37348,69741
2021-04-09,1.37325,1.37508,1.36701,1.37042,68972
2021-04-12,1.37058,1.37768,1.36688,1.3744,63581
2021-04-13,1.3732,1.37687,1.3694,1.37506,74767
2021-04-14,1.37497,1.38086,1.37445,1.37758,69228
2021-04-15,1.37741,1.3809,1.37614,1.37794,72402
2021-04-16,1.3780999999999999,1.3841,1.37158,1.38404,73067
2021-04-19,1.38282,1.39928,1.38098,1.39855,62928
2021-04-20,1.39816,1.40093,1.39264,1.39374,49834
2021-04-21,1.39354,1.39499,1.38857,1.39285,46093
2021-04-22,1.39267,1.3949799999999999,1.3823699999999999,1.38399,51119
2021-04-23,1.38318,1.38957,1.38318,1.38779,45698
2021-04-26,1.38697,1.3929,1.38608,1.39012,45891
2021-04-27,1.38894,1.39237,1.38583,1.3908,42153
2021-04-28,1.3908800000000001,1.39504,1.3860999999999999,1.39419,50973
2021-04-29,1.39285,1.39761,1.39285,1.3939599999999999,54509
2021-04-30,1.39382,1.39581,1.3802400000000001,1.381,52719
2021-05-03,1.38106,1.39318,1.38012,1.39085,43048
2021-05-04,1.39069,1.39136,1.38385,1.38858,55918
2021-05-05,1.3881999999999999,1.39263,1.38763,1.39067,43570
2021-05-06,1.38982,1.39411,1.38575,1.38923,48206
2021-05-07,1.3883,1.40058,1.3883,1.3989099999999999,52108
2021-05-10,1.40048,1.41581,1.39928,1.4116,53995
2021-05-11,1.41168,1.41663,1.41039,1.4139599999999999,55793
2021-05-12,1.4136199999999999,1.4153,1.4050099999999999,1.40539,57565
2021-05-13,1.40504,1.40778,1.40054,1.40488,62925
2021-05-14,1.4047,1.4110800000000001,1.40358,1.40916,53491
2021-05-17,1.40976,1.4147,1.40775,1.41388,48627
2021-05-18,1.41248,1.422,1.41248,1.41885,49794
2021-05-19,1.4187400000000001,1.42009,1.40995,1.41117,68260
2021-05-20,1.41103,1.41928,1.41013,1.41904,54558
2021-05-21,1.41896,1.4233799999999999,1.41407,1.41495,56106
2021-05-24,1.41526,1.41718,1.4111,1.41533,54209
2021-05-25,1.41526,1.42106,1.41154,1.41489,58280
2021-05-26,1.41477,1.4175900000000001,1.41121,1.41167,54776
2021-05-27,1.41122,1.42188,1.40914,1.41992,61767
2021-05-28,1.42014,1.4208,1.4135900000000001,1.4188,65061
2021-05-31,1.41798,1.42178,1.4163999999999999,1.42062,39278
2021-06-01,1.42053,1.42486,1.41464,1.41482,62794
2021-06-02,1.41452,1.41835,1.4111799999999999,1.41697,56026
2021-06-03,1.41649,1.4203299999999999,1.4086400000000001,1.40999,60103
2021-06-04,1.41002,1.4200599999999999,1.40834,1.41567,58456
2021-06-07,1.41541,1.41909,1.41114,1.41763,52430
2021-06-08,1.41798,1.41845,1.41212,1.41528,51981
2021-06-09,1.41536,1.41892,1.41102,1.41135,42775
2021-06-10,1.41154,1.41784,1.40734,1.41763,61018
2021-06-11,1.41758,1.41856,1.4095900000000001,1.41074,54598
2021-06-14,1.41014,1.41238,1.40701,1.4106,52010
2021-06-15,1.41078,1.41287,1.40341,1.40835,50903
2021-06-16,1.40758,1.41326,1.39824,1.39838,61439
2021-06-17,1.39843,1.40086,1.38956,1.3926,74141
2021-06-18,1.39166,1.39441,1.37915,1.3793199999999999,77440
2021-06-21,1.3798,1.39371,1.37865,1.3933900000000001,72365
2021-06-22,1.39316,1.39638,1.38606,1.39484,64659
2021-06-23,1.39438,1.40015,1.39242,1.39608,60053
2021-06-24,1.39592,1.39867,1.38897,1.39211,61427
2021-06-25,1.39174,1.39355,1.38716,1.38782,57987
2021-06-28,1.38833,1.39395,1.38706,1.38794,55205
2021-06-29,1.38794,1.38822,1.3813900000000001,1.38416,55113
2021-06-30,1.38358,1.3872499999999999,1.3798300000000001,1.38324,63045
2021-07-01,1.38226,1.38343,1.3752499999999999,1.37623,58456
2021-07-02,1.37656,1.38445,1.3731499999999999,1.38327,64281
2021-07-05,1.3824100000000001,1.38621,1.38069,1.384,40027
2021-07-06,1.38352,1.38988,1.3773,1.37947,66642
2021-07-07,1.37974,1.38422,1.37541,1.3798599999999999,68412
2021-07-08,1.3796599999999999,1.3805100000000001,1.3742,1.37896,72193
2021-07-09,1.37818,1.3901,1.3755600000000001,1.38984,67859
2021-07-12,1.38832,1.39096,1.38391,1.38803,56104
2021-07-13,1.38726,1.39052,1.37998,1.38105,60105
2021-07-14,1.38077,1.3892,1.38011,1.38575,64415
2021-07-15,1.38544,1.38985,1.38046,1.38244,67411
2021-07-16,1.38248,1.3862,1.37607,1.37643,57935
2021-07-19,1.3761999999999999,1.37744,1.3655,1.36756,78090
2021-07-20,1.36708,1.36897,1.3572,1.36284,70223
2021-07-21,1.3624,1.37235,1.35913,1.37085,63332
2021-07-22,1.37086,1.37873,1.36906,1.37677,59485
2021-07-23,1.37538,1.37802,1.37202,1.3747500000000001,55829
2021-07-26,1.3750200000000001,1.38334,1.37367,1.38186,58349
2021-07-27,1.38144,1.38937,1.37667,1.38777,56204
2021-07-28,1.38744,1.3911,1.38423,1.38993,54137
2021-07-29,1.38982,1.39819,1.38922,1.39612,40844
2021-07-30,1.39558,1.39832,1.38879,1.39009,43768
2021-08-02,1.38936,1.39324,1.38755,1.38867,42000
2021-08-03,1.38754,1.39386,1.38739,1.39136,42771
2021-08-04,1.39101,1.39578,1.38857,1.3888099999999999,42138
2021-08-05,1.38873,1.39489,1.38721,1.3928,42824
2021-08-06,1.3927100000000001,1.39328,1.38609,1.3873,36182
2021-08-09,1.38704,1.38948,1.38411,1.38459,39332
2021-08-10,1.38443,1.38726,1.38278,1.38382,31945
2021-08-11,1.38401,1.3888,1.38028,1.38643,35783
2021-08-12,1.38602,1.38787,1.37951,1.38072,33014
2021-08-13,1.38001,1.38753,1.37908,1.38696,28342
2021-08-16,1.38666,1.38784,1.38276,1.38408,31617
2021-08-17,1.3847,1.3847,1.3726099999999999,1.37361,40575
2021-08-18,1.3735,1.3786100000000001,1.37238,1.37518,34764
2021-08-19,1.3751,1.37581,1.36308,1.3631,45392
2021-08-20,1.3643,1.36433,1.3602,1.36226,38087
2021-08-23,1.36212,1.37323,1.36084,1.3721700000000001,36128
2021-08-24,1.37096,1.37478,1.36939,1.3726099999999999,30273
2021-08-25,1.37234,1.3767,1.36968,1.37637,34566
2021-08-26,1.37544,1.37679,1.36896,1.36991,41173
2021-08-27,1.36926,1.3780999999999999,1.3679999999999999,1.37609,47337
2021-08-30,1.37609,1.3775,1.37339,1.3756599999999999,30665
2021-08-31,1.37546,1.38074,1.37428,1.37547,45785
2021-09-01,1.37488,1.37982,1.37308,1.3769,41048
2021-09-02,1.37659,1.38396,1.37659,1.38327,36462
2021-09-03,1.38328,1.38916,1.38178,1.38548,40566
2021-09-06,1.38574,1.38679,1.38183,1.38348,30157
2021-09-07,1.38313,1.3856600000000001,1.37677,1.37828,46443
2021-09-08,1.3783400000000001,1.37903,1.37263,1.37699,46853
2021-09-09,1.37675,1.3862700000000001,1.37531,1.38362,50205
2021-09-10,1.38348,1.38884,1.3826100000000001,1.38292,42750
2021-09-13,1.3832900000000001,1.3851200000000001,1.37972,1.38423,45825
2021-09-14,1.38334,1.39134,1.38038,1.3808500000000001,48332
2021-09-15,1.38064,1.3854,1.37926,1.38381,47039
2021-09-16,1.38372,1.38526,1.37647,1.37879,45206
2021-09-17,1.3789799999999999,1.38129,1.37274,1.3729,45520
2021-09-20,1.37372,1.37483,1.36406,1.3651200000000001,45769
2021-09-21,1.3651,1.36927,1.3641,1.36596,52324
2021-09-22,1.36534,1.36894,1.36094,1.3616,57674
2021-09-23,1.36186,1.3750499999999999,1.36105,1.37196,57945
2021-09-24,1.3716599999999999,1.37364,1.36578,1.36672,47324
2021-09-27,1.36653,1.37292,1.36568,1.36962,50950
2021-09-28,1.36928,1.37173,1.35208,1.3534,60395
2021-09-29,1.35336,1.3555,1.3412,1.34253,66027
2021-09-30,1.34192,1.3517700000000001,1.3415599999999999,1.34747,57616
2021-10-01,1.34681,1.35758,1.34337,1.35456,70487
2021-10-04,1.35591,1.3639999999999999,1.35317,1.36076,56311
2021-10-05,1.36044,1.36478,1.35843,1.36255,55887
2021-10-06,1.36242,1.3631,1.35438,1.35819,66662
2021-10-07,1.35744,1.36382,1.35703,1.36124,49823
2021-10-08,1.36162,1.36575,1.35834,1.36169,51108
2021-10-11,1.3615300000000001,1.36738,1.35845,1.35942,45948
2021-10-12,1.35951,1.36376,1.35689,1.3585099999999999,56711
2021-10-13,1.35866,1.36651,1.35759,1.3660700000000001,57584
2021-10-14,1.36536,1.3734600000000001,1.36534,1.36745,47613
2021-10-15,1.36699,1.37735,1.36676,1.37458,47646
2021-10-18,1.37544,1.37652,1.3709,1.37282,46051
2021-10-19,1.37223,1.38337,1.37206,1.37908,45529
2021-10-20,1.37928,1.38343,1.37423,1.38233,46668
2021-10-21,1.3820999999999999,1.38331,1.37762,1.3792900000000001,47359
2021-10-22,1.37897,1.38148,1.3736,1.37558,56617
2021-10-25,1.3743,1.37919,1.37417,1.37643,56319
2021-10-26,1.37657,1.38296,1.37568,1.3764,54018
2021-10-27,1.3765,1.37811,1.37093,1.37385,61586
2021-10-28,1.37396,1.38151,1.3721999999999999,1.37946,69761
2021-10-29,1.37877,1.3804,1.36681,1.36938,63860
2021-11-01,1.36748,1.3693,1.36419,1.3664100000000001,55449
2021-11-02,1.36604,1.36727,1.36053,1.3616,53429
2021-11-03,1.36144,1.3692,1.36075,1.36853,59415
2021-11-04,1.3685,1.36985,1.34711,1.35009,56728
2021-11-05,1.34966,1.3509,1.34243,1.3495300000000001,54919
2021-11-08,1.34776,1.35798,1.34501,1.35662,48554
2021-11-09,1.35595,1.36067,1.35241,1.3556599999999999,54742
2021-11-10,1.35564,1.35648,1.34009,1.34024,64907
2021-11-11,1.34024,1.3433,1.3358400000000001,1.33658,46019
2021-11-12,1.33694,1.34263,1.33532,1.3413,44209
2021-11-15,1.34071,1.34494,1.3403,1.34119,46172
2021-11-16,1.34227,1.34728,1.34045,1.34283,57873
2021-11-17,1.3427,1.34964,1.33962,1.34923,60145
2021-11-18,1.3479999999999999,1.3513600000000001,1.34638,1.34996,50978
2021-11-19,1.34844,1.35098,1.34073,1.3443399999999999,60876
2021-11-22,1.34481,1.3454,1.33846,1.3395000000000001,68675
2021-11-23,1.33966,1.3409499999999999,1.33422,1.33786,63583
2021-11-24,1.33745,1.33899,1.33159,1.33279,65125
2021-11-25,1.3323800000000001,1.33535,1.33051,1.3321,46992
2021-11-26,1.33215,1.33623,1.3278400000000001,1.33322,76300
2021-11-29,1.33328,1.3363,1.3287499999999999,1.33135,51128
2021-11-30,1.33132,1.33703,1.31948,1.33016,81802
2021-12-01,1.32959,1.33517,1.32614,1.32722,78138
2021-12-02,1.32744,1.33229,1.3269,1.3299400000000001,49166
2021-12-03,1.32935,1.33097,1.32088,1.32304,73086
2021-12-06,1.32172,1.32863,1.32164,1.3264,59179
2021-12-07,1.32623,1.32894,1.32091,1.3242099999999999,53289
2021-12-08,1.32405,1.32612,1.3161,1.3202099999999999,64259
2021-12-09,1.32005,1.32226,1.31708,1.32185,53075
2021-12-10,1.32195,1.32757,1.31874,1.32629,51095
2021-12-13,1.3246,1.32687,1.32073,1.32117,44982
2021-12-14,1.32116,1.32564,1.31909,1.32273,41614
2021-12-15,1.32301,1.32827,1.31718,1.32589,53010
2021-12-16,1.32569,1.33745,1.32415,1.33226,67008
2021-12-17,1.3318699999999999,1.33392,1.32307,1.32343,53084
2021-12-20,1.32397,1.32447,1.31734,1.32093,52918
2021-12-21,1.3205,1.32708,1.31976,1.32691,43154
2021-12-22,1.32513,1.33631,1.32403,1.3349199999999999,43393
2021-12-23,1.33473,1.3437700000000001,1.33406,1.34112,35905
2021-12-24,1.34062,1.34196,1.33846,1.3392,50070
2021-12-27,1.34016,1.34451,1.33894,1.34429,24698
2021-12-28,1.34402,1.34616,1.34148,1.3429,24594
2021-12-29,1.34293,1.34996,1.34087,1.3487,31103
2021-12-30,1.3486799999999999,1.35217,1.34544,1.35023,32720
2021-12-31,1.34936,1.35504,1.34654,1.3541699999999999,32026
2022-01-03,1.35306,1.35334,1.34308,1.34772,36983
2022-01-04,1.34752,1.35574,1.3459400000000001,1.35282,44137
2022-01-05,1.35275,1.35986,1.35224,1.35556,44731
2022-01-06,1.35514,1.35588,1.3490199999999999,1.35345,50532
2022-01-07,1.35274,1.35975,1.35271,1.35917,43130
2022-01-10,1.35804,1.36037,1.35323,1.35751,46142
2022-01-11,1.35758,1.3636300000000001,1.35616,1.36334,49234
2022-01-12,1.36328,1.37141,1.36208,1.37002,45789
2022-01-13,1.36964,1.37489,1.36964,1.37021,47280
2022-01-14,1.37074,1.37428,1.36534,1.3683,53597
2022-01-17,1.3674,1.369,1.3637299999999999,1.36449,37548
2022-01-18,1.36423,1.36616,1.3573,1.35977,67246
2022-01-19,1.35917,1.36487,1.35865,1.3612199999999999,61272
2022-01-20,1.361,1.3662,1.3587099999999999,1.35984,59679
2022-01-21,1.35992,1.36023,1.35458,1.3553,65529
2022-01-24,1.35507,1.35654,1.34405,1.34898,70715
2022-01-25,1.3484,1.35188,1.34362,1.35001,68370
2022-01-26,1.34932,1.35247,1.34445,1.3464800000000001,67134
2022-01-27,1.34607,1.3467799999999999,1.33579,1.3381,73069
2022-01-28,1.33786,1.34329,1.33652,1.3395000000000001,67715
2022-01-31,1.33931,1.34603,1.33868,1.34448,61453
2022-02-01,1.34433,1.35281,1.34279,1.3524,55110
2022-02-02,1.3516,1.35869,1.35151,1.35761,48066
2022-02-03,1.35738,1.3627799999999999,1.35379,1.35987,67183
2022-02-04,1.35956,1.36148,1.35047,1.35272,68504
2022-02-07,1.3532600000000001,1.35508,1.34905,1.35355,59497
2022-02-08,1.35348,1.35639,1.35076,1.3547799999999999,48138
2022-02-09,1.35381,1.35894,1.3527,1.35343,40776
2022-02-10,1.35338,1.36437,1.3523100000000001,1.35614,70440
2022-02-11,1.35527,1.3609499999999999,1.3514,1.35595,84142
2022-02-14,1.35484,1.3571900000000001,1.34951,1.3532600000000001,77666
2022-02-15,1.3519,1.35671,1.3486500000000001,1.35402,65561
2022-02-16,1.35335,1.36009,1.3525800000000001,1.35794,62072
2022-02-17,1.35819,1.36381,1.35557,1.36142,71930
2022-02-18,1.36137,1.36428,1.35732,1.3595,63873
2022-02-21,1.35881,1.36386,1.35853,1.3599999999999999,51090
2022-02-22,1.35995,1.36049,1.35384,1.35856,72106
2022-02-23,1.35741,1.36205,1.35359,1.35471,59897
2022-02-24,1.35406,1.35493,1.32729,1.33768,118934
2022-02-25,1.3372600000000001,1.34388,1.33667,1.34089,74161
2022-02-28,1.3309199999999999,1.3431600000000001,1.3309199999999999,1.34196,86037
2022-03-01,1.34166,1.34375,1.33023,1.3324099999999999,71702
2022-03-02,1.33181,1.3406799999999999,1.32715,1.34045,79722
2022-03-03,1.34035,1.34179,1.33176,1.33487,69091
2022-03-04,1.3344,1.33523,1.32024,1.32308,79233
2022-03-07,1.32214,1.32432,1.31019,1.3103099999999999,102075
2022-03-08,1.31032,1.31446,1.3082099999999999,1.30995,98270
2022-03-09,1.30992,1.31897,1.30881,1.31866,71113
2022-03-10,1.31753,1.31946,1.30814,1.30836,72280
2022-03-11,1.30832,1.31249,1.30276,1.30359,73891
2022-03-14,1.30386,1.3079100000000001,1.30005,1.30007,65267
2022-03-15,1.29996,1.30887,1.29993,1.3042099999999999,73343
2022-03-16,1.30393,1.31566,1.30304,1.31474,76637
2022-03-17,1.3146200000000001,1.32111,1.30874,1.31493,67609
2022-03-18,1.31474,1.31967,1.31107,1.31795,58269
2022-03-21,1.31688,1.321,1.31268,1.31677,58415
2022-03-22,1.3165499999999999,1.32738,1.31199,1.3262399999999999,70357
2022-03-23,1.32614,1.32987,1.3175,1.32053,59116
2022-03-24,1.3204500000000001,1.32142,1.3157,1.31869,69877
2022-03-25,1.31867,1.32249,1.31592,1.31817,62050
2022-03-28,1.31787,1.31842,1.30673,1.30934,72717
2022-03-29,1.30892,1.31598,1.30511,1.30937,85911
2022-03-30,1.30921,1.31826,1.3082099999999999,1.31352,77063
2022-03-31,1.3129,1.31756,1.31056,1.3143,77989
2022-04-01,1.31318,1.31516,1.30865,1.31135,63644
2022-04-04,1.30926,1.31371,1.3084799999999999,1.31151,55113
2022-04-05,1.3112300000000001,1.31667,1.30667,1.3072,55703
2022-04-06,1.30692,1.31083,1.30453,1.30684,73982
2022-04-07,1.30663,1.31067,1.30518,1.30739,66314
2022-04-08,1.30722,1.30824,1.2982,1.3035999999999999,57389
2022-04-11,1.3026499999999999,1.30568,1.29891,1.30282,66159
2022-04-12,1.30305,1.30538,1.29938,1.30011,72424
2022-04-13,1.29992,1.31173,1.29728,1.31161,62901
2022-04-14,1.31166,1.31474,1.3033299999999999,1.3079399999999999,63881
2022-04-15,1.30656,1.30777,1.30438,1.30569,77619
2022-04-18,1.30462,1.30646,1.30048,1.30108,45069
2022-04-19,1.30118,1.30408,1.29806,1.29989,70625
2022-04-20,1.29955,1.30709,1.29873,1.30679,68461
2022-04-21,1.30658,1.30903,1.30222,1.3027,71420
2022-04-22,1.30288,1.30353,1.2823,1.28369,74280
2022-04-25,1.28289,1.28388,1.26973,1.27414,86850
2022-04-26,1.27358,1.27725,1.25711,1.25749,83654
2022-04-27,1.25732,1.26019,1.25024,1.25455,76540
2022-04-28,1.25383,1.25699,1.24115,1.24536,86905
2022-04-29,1.24545,1.26146,1.24475,1.25708,72038
2022-05-02,1.25787,1.25973,1.24729,1.24918,67818
2022-05-03,1.2488299999999999,1.2567,1.24704,1.2495,72812
2022-05-04,1.24972,1.2638,1.24513,1.26355,75765
2022-05-05,1.26273,1.26342,1.23252,1.23578,93436
2022-05-06,1.2361,1.23804,1.2276,1.23361,109772
2022-05-09,1.23483,1.24059,1.2261,1.23294,94642
2022-05-10,1.23309,1.23756,1.22918,1.23159,99625
2022-05-11,1.23129,1.24,1.22374,1.2247,98275
2022-05-12,1.22529,1.22531,1.2165300000000001,1.21948,112615
2022-05-13,1.21995,1.2261199999999999,1.21554,1.22606,76250
2022-05-16,1.22352,1.23295,1.2217500000000001,1.232,73369
2022-05-17,1.2311,1.2499,1.2311,1.24928,82155
2022-05-18,1.24854,1.25008,1.23298,1.23418,76131
2022-05-19,1.23379,1.25247,1.23333,1.2471,104250
2022-05-20,1.24655,1.2499500000000001,1.24375,1.2494,85547
2022-05-23,1.24744,1.2601,1.24744,1.2587,75244
2022-05-24,1.25865,1.25984,1.24714,1.25346,78704
2022-05-25,1.2530999999999999,1.25909,1.24809,1.2576800000000001,81668
2022-05-26,1.25681,1.26207,1.25518,1.26081,72352
2022-05-27,1.25876,1.26666,1.2585899999999999,1.26316,72683
2022-05-30,1.26174,1.2659799999999999,1.26143,1.2650299999999999,57533
2022-05-31,1.2652999999999999,1.26553,1.25602,1.2602,91786
2022-06-01,1.26029,1.26166,1.24583,1.24836,80926
2022-06-02,1.2484,1.25866,1.24694,1.25748,66369
2022-06-03,1.25782,1.25897,1.24853,1.24872,67711
2022-06-06,1.24935,1.25776,1.24767,1.25297,69268
2022-06-07,1.25318,1.25995,1.24303,1.25892,84552
2022-06-08,1.25894,1.25976,1.25132,1.25358,87165
2022-06-09,1.2538,1.25587,1.2487,1.24956,101614
2022-06-10,1.2493,1.25179,1.2301,1.23132,101069
2022-06-13,1.23179,1.23214,1.21069,1.21323,124212
2022-06-14,1.21356,1.22079,1.19339,1.1997,126913
2022-06-15,1.19956,1.22049,1.19871,1.21731,127609
2022-06-16,1.21793,1.24068,1.2041,1.23518,140981
2022-06-17,1.23544,1.23652,1.21727,1.22155,123808
2022-06-20,1.22235,1.22803,1.21989,1.22476,98798
2022-06-21,1.22503,1.23239,1.2236,1.22791,102105
2022-06-22,1.22708,1.23146,1.21608,1.22621,118600
2022-06-23,1.22586,1.22946,1.21698,1.2261,129983
2022-06-24,1.2256,1.23206,1.22407,1.22733,108207
2022-06-27,1.22712,1.23326,1.22378,1.22664,100747
2022-06-28,1.2264599999999999,1.2291400000000001,1.21803,1.21836,104185
2022-06-29,1.21838,1.22129,1.21057,1.2121,117395
2022-06-30,1.21222,1.21885,1.2092,1.21787,107406
2022-07-01,1.21742,1.2178,1.1976,1.20914,103112
2022-07-04,1.21064,1.2165,1.20843,1.2101899999999999,77052
2022-07-05,1.21081,1.21253,1.18987,1.19552,118880
2022-07-06,1.19377,1.19893,1.18758,1.19211,133385
2022-07-07,1.19158,1.20297,1.19087,1.20234,117193
2022-07-08,1.20219,1.20558,1.19192,1.20317,116834
2022-07-11,1.20146,1.20371,1.18666,1.1891,105459
2022-07-12,1.18889,1.19158,1.1807400000000001,1.18882,115708
2022-07-13,1.18827,1.19675,1.18272,1.18897,120357
2022-07-14,1.18891,1.18936,1.176,1.18244,129879
2022-07-15,1.1819600000000001,1.1874500000000001,1.18045,1.18678,107418
2022-07-18,1.18643,1.20334,1.18604,1.19497,98539
2022-07-19,1.19471,1.20454,1.19249,1.19974,87283
2022-07-20,1.1987,1.20374,1.19532,1.19788,83617
2022-07-21,1.19626,1.20038,1.189,1.19998,94649
2022-07-22,1.20026,1.20639,1.19164,1.20051,96194
2022-07-25,1.1992,1.20864,1.1960600000000001,1.20461,84242
2022-07-26,1.20365,1.20903,1.19639,1.20263,80218
2022-07-27,1.20201,1.21863,1.20184,1.21552,84665
2022-07-28,1.2151,1.21914,1.21033,1.21774,96025
2022-07-29,1.21759,1.22455,1.20631,1.21803,96677
2022-08-01,1.2163,1.22932,1.2157,1.22537,82487
2022-08-02,1.22462,1.2279,1.21582,1.21619,103296
2022-08-03,1.21608,1.22076,1.20998,1.21468,92836
2022-08-04,1.21431,1.2217,1.2065299999999999,1.21583,82369
2022-08-05,1.21556,1.2169,1.20032,1.2070400000000001,82749
2022-08-08,1.20636,1.21378,1.20473,1.20771,68512
2022-08-09,1.20697,1.21302,1.20629,1.20749,65538
2022-08-10,1.20753,1.22765,1.20645,1.22138,77034
2022-08-11,1.22101,1.22492,1.21822,1.22,82092
2022-08-12,1.21995,1.22163,1.20998,1.2136,75333
2022-08-15,1.21234,1.21481,1.205,1.20539,65348
2022-08-16,1.20498,1.21179,1.20076,1.20972,71572
2022-08-17,1.20915,1.21423,1.20282,1.20486,88199
2022-08-18,1.20418,1.20796,1.19229,1.19318,89094
2022-08-19,1.19246,1.19359,1.17921,1.18296,82931
2022-08-22,1.18214,1.18367,1.17419,1.17651,76691
2022-08-23,1.17636,1.1877900000000001,1.17172,1.18309,91295
2022-08-24,1.1831800000000001,1.18378,1.17557,1.17919,84612
2022-08-25,1.17929,1.18644,1.17835,1.18349,86783
2022-08-26,1.18298,1.1901,1.17334,1.17389,91555
2022-08-29,1.17255,1.17441,1.1648399999999999,1.17058,85799
2022-08-30,1.17059,1.17605,1.16214,1.1654,106055
2022-08-31,1.1653,1.1694,1.15993,1.16226,102637
2022-09-01,1.1621299999999999,1.16222,1.14993,1.15441,102897
2022-09-02,1.15433,1.15887,1.1496,1.15128,96436
2022-09-05,1.14745,1.15219,1.14434,1.15219,77488
2022-09-06,1.1514199999999999,1.16095,1.14941,1.15202,115140
2022-09-07,1.15183,1.15396,1.14053,1.15364,110009
2022-09-08,1.1520299999999999,1.15604,1.14606,1.15025,118399
2022-09-09,1.15008,1.16479,1.14972,1.15886,100807
2022-09-12,1.16401,1.17105,1.16005,1.16825,93404
2022-09-13,1.16811,1.17382,1.14924,1.14924,95948
2022-09-14,1.14909,1.15897,1.14798,1.15402,109650
2022-09-15,1.15422,1.15494,1.14617,1.1466,85981
2022-09-16,1.14617,1.14802,1.13506,1.14228,95563
2022-09-19,1.14123,1.14424,1.13552,1.14338,63819
2022-09-20,1.14288,1.14608,1.13573,1.13811,85640
2022-09-21,1.13769,1.13848,1.12368,1.12663,104410
2022-09-22,1.12621,1.13643,1.1212,1.12527,116031
2022-09-23,1.12551,1.1274,1.08394,1.08481,112925
2022-09-26,1.07965,1.09306,1.03644,1.06855,168789
2022-09-27,1.06847,1.08378,1.06548,1.07328,132270
2022-09-28,1.07296,1.09165,1.05392,1.08888,147077
2022-09-29,1.08797,1.11186,1.07618,1.11161,133007
2022-09-30,1.11144,1.12346,1.1025,1.11614,136116
2022-10-03,1.11599,1.13346,1.10857,1.13206,112012
2022-10-04,1.13229,1.14897,1.12803,1.14753,124854
2022-10-05,1.14728,1.14954,1.1227,1.13296,118540
2022-10-06,1.1325,1.13835,1.1113,1.11575,130060
2022-10-07,1.11589,1.12249,1.10553,1.10929,119112
2022-10-10,1.10786,1.11111,1.10196,1.10553,106916
2022-10-11,1.1054599999999999,1.11798,1.09523,1.0967,127678
2022-10-12,1.09637,1.11336,1.09237,1.10994,131465
2022-10-13,1.1096,1.13806,1.10572,1.13209,126109
2022-10-14,1.13172,1.13666,1.11516,1.11788,135337
2022-10-17,1.12334,1.14397,1.12074,1.13612,121984
2022-10-18,1.13509,1.14105,1.12554,1.13197,129827
2022-10-19,1.13116,1.1357599999999999,1.11852,1.12171,117609
2022-10-20,1.12141,1.13366,1.11712,1.12372,142116
2022-10-21,1.1219999999999999,1.13148,1.1061,1.12946,145079
2022-10-24,1.13951,1.14085,1.12574,1.12794,141345
2022-10-25,1.12774,1.14994,1.12706,1.14688,121694
2022-10-26,1.14656,1.16388,1.14303,1.163,133529
2022-10-27,1.16071,1.1645,1.15489,1.1561,141125
2022-10-28,1.15574,1.16236,1.15039,1.1612,125795
2022-10-31,1.15714,1.16133,1.146,1.14657,105674
2022-11-01,1.14788,1.15662,1.14371,1.14814,113607
2022-11-02,1.14775,1.15645,1.13878,1.13895,124175
2022-11-03,1.13891,1.14218,1.11515,1.11574,118138
2022-11-04,1.11543,1.13821,1.11467,1.13729,134000
2022-11-07,1.13045,1.15416,1.12902,1.1513,115833
2022-11-08,1.1513200000000001,1.15993,1.14297,1.15439,105039
2022-11-09,1.15361,1.15673,1.13338,1.13575,130176
2022-11-10,1.13569,1.17316,1.13499,1.17126,139367
2022-11-11,1.17154,1.18545,1.16471,1.1832799999999999,142140
2022-11-14,1.17917,1.18291,1.17102,1.17572,130140
2022-11-15,1.17498,1.20284,1.1740599999999999,1.18658,140552
2022-11-16,1.18542,1.1942,1.18313,1.19143,133191
2022-11-17,1.19122,1.19577,1.17624,1.1864,125907
2022-11-18,1.18617,1.19508,1.1857199999999999,1.18814,111098
2022-11-21,1.18929,1.18967,1.17788,1.18231,115572
2022-11-22,1.18214,1.19029,1.18185,1.18846,108692
2022-11-23,1.18847,1.20808,1.18723,1.20539,107170
2022-11-24,1.2052,1.21534,1.20462,1.21133,95976
2022-11-25,1.21057,1.21277,1.2058,1.20911,104103
2022-11-28,1.2059,1.2118,1.19402,1.19518,120109
2022-11-29,1.19497,1.2064300000000001,1.19444,1.19527,128291
2022-11-30,1.19508,1.2086999999999999,1.19004,1.20568,122383
2022-12-01,1.20502,1.23103,1.20455,1.22552,123704
2022-12-02,1.22512,1.23,1.21344,1.2291400000000001,107346
2022-12-05,1.22684,1.23444,1.21618,1.21946,118367
2022-12-06,1.21734,1.22694,1.21274,1.2133099999999999,110814
2022-12-07,1.21326,1.22344,1.21062,1.22094,118068
2022-12-08,1.21997,1.22474,1.21546,1.2236,105353
2022-12-09,1.22281,1.23224,1.22024,1.22634,113346
2022-12-12,1.22475,1.22988,1.2207,1.2265,99794
2022-12-13,1.2263,1.24439,1.22486,1.23651,122191
2022-12-14,1.23572,1.24463,1.23418,1.24274,125565
2022-12-15,1.24208,1.2428,1.2156500000000001,1.21783,125443
2022-12-16,1.2177,1.22231,1.21198,1.21432,118128
2022-12-19,1.21488,1.22417,1.21209,1.21454,94783
2022-12-20,1.21469,1.22234,1.20855,1.2184300000000001,134683
2022-12-21,1.2175,1.21918,1.2055,1.20825,105385
2022-12-22,1.20759,1.21474,1.19924,1.20397,105676
2022-12-23,1.20259,1.20902,1.20184,1.20517,97234
2022-12-27,1.20516,1.21126,1.20023,1.2028699999999999,86581
2022-12-28,1.20261,1.21256,1.20021,1.20187,92153
2022-12-29,1.20141,1.20788,1.20112,1.20547,78291
2022-12-30,1.20512,1.21076,1.20098,1.20808,92403
2023-01-02,1.20723,1.21054,1.20351,1.20457,18265
2023-01-03,1.20454,1.20848,1.19002,1.19674,111909
2023-01-04,1.19684,1.20872,1.19577,1.2056499999999999,116255
2023-01-05,1.20525,1.20772,1.18736,1.1911100000000001,114058
2023-01-06,1.19048,1.20993,1.18411,1.2092,116391
2023-01-09,1.2083599999999999,1.2209699999999999,1.20832,1.2185,113278
2023-01-10,1.21786,1.21982,1.21098,1.2151399999999999,111766
2023-01-11,1.21522,1.21784,1.21004,1.21481,95275
2023-01-12,1.2139,1.22469,1.20853,1.22121,120675
2023-01-13,1.22065,1.22488,1.21505,1.22333,109012
2023-01-16,1.2217,1.22889,1.21713,1.21962,77308
2023-01-17,1.21909,1.23004,1.21689,1.22884,104596
2023-01-18,1.2282,1.24356,1.22544,1.23442,119338
2023-01-19,1.2342,1.23973,1.2313,1.23912,100599
2023-01-20,1.23893,1.24045,1.2335099999999999,1.2399,87142
2023-01-23,1.24004,1.24479,1.23234,1.23784,85044
2023-01-24,1.23766,1.24137,1.2263,1.23393,83241
2023-01-25,1.23262,1.24041,1.2283,1.2401,84179
2023-01-26,1.23972,1.24307,1.2345,1.24114,79906
2023-01-27,1.24066,1.2419,1.23454,1.23983,71027
2023-01-30,1.23838,1.24174,1.23367,1.23505,83841
2023-01-31,1.23471,1.23713,1.2284,1.23182,79062
2023-02-01,1.23194,1.23936,1.2272,1.23724,85774
2023-02-02,1.2374100000000001,1.24021,1.22223,1.2223600000000001,103616
2023-02-03,1.22238,1.22656,1.20477,1.20532,96007
2023-02-06,1.2028699999999999,1.20774,1.20056,1.20215,86304
2023-02-07,1.2015500000000001,1.20949,1.19611,1.20482,95835
2023-02-08,1.2046000000000001,1.21097,1.20347,1.20713,78256
2023-02-09,1.20701,1.2194,1.20566,1.21181,83406
2023-02-10,1.21174,1.21396,1.20472,1.20544,86026
2023-02-13,1.20659,1.21519,1.20306,1.21398,73734
2023-02-14,1.2132100000000001,1.227,1.21169,1.21751,103889
2023-02-15,1.217,1.21816,1.19896,1.20339,91275
2023-02-16,1.20256,1.20742,1.19652,1.1988,99296
2023-02-17,1.19943,1.20495,1.19149,1.20406,94329
2023-02-20,1.2024,1.20568,1.20145,1.20407,72151
2023-02-21,1.20345,1.21476,1.19859,1.21111,98588
2023-02-22,1.21119,1.21354,1.20347,1.20454,95809
2023-02-23,1.20441,1.2075,1.19919,1.20156,90814
2023-02-24,1.20079,1.2042,1.19281,1.19394,101390
2023-02-27,1.19499,1.20661,1.19223,1.2062599999999999,88661
2023-02-28,1.20636,1.21436,1.20176,1.2022599999999999,85798
2023-03-01,1.20203,1.20889,1.1965,1.20268,102020
2023-03-02,1.20263,1.20366,1.19245,1.1948,92986
2023-03-03,1.19416,1.20487,1.19412,1.2043,79294
2023-03-06,1.20283,1.20487,1.19926,1.20262,76217
2023-03-07,1.20184,1.20651,1.18211,1.18264,91893
2023-03-08,1.1826,1.18592,1.18025,1.18439,77714
2023-03-09,1.18392,1.19388,1.18317,1.19234,77083
2023-03-10,1.19245,1.21136,1.19075,1.20315,116969
2023-03-13,1.20817,1.21999,1.20463,1.21825,146346
2023-03-14,1.21814,1.22036,1.2135799999999999,1.21586,122759
2023-03-15,1.21567,1.2181899999999999,1.201,1.20545,130581
2023-03-16,1.2057,1.21278,1.20269,1.21106,119193
2023-03-17,1.21078,1.22008,1.20953,1.21772,97156
2023-03-20,1.22069,1.22848,1.21668,1.22789,99229
2023-03-21,1.22775,1.22827,1.21787,1.22173,65798
2023-03-22,1.22152,1.23348,1.22085,1.22683,78728
2023-03-23,1.22622,1.23432,1.22605,1.22868,91247
2023-03-24,1.22833,1.22923,1.21903,1.22295,85518
2023-03-27,1.22231,1.22932,1.22184,1.22877,71359
2023-03-28,1.22805,1.23493,1.22782,1.23404,64231
2023-03-29,1.23414,1.23616,1.23026,1.23156,71027
2023-03-30,1.23129,1.23928,1.22936,1.23888,70350
2023-03-31,1.23835,1.24233,1.23241,1.2328999999999999,70500
2023-04-03,1.23275,1.24234,1.22744,1.2417799999999999,73253
2023-04-04,1.24081,1.25252,1.23949,1.2500200000000001,73557
2023-04-05,1.25014,1.25145,1.24326,1.24614,68071
2023-04-06,1.24619,1.2487,1.24124,1.24382,53628
2023-04-07,1.24399,1.24559,1.23891,1.24163,37225
2023-04-10,1.24207,1.24428,1.23445,1.23824,49904
2023-04-11,1.23821,1.24566,1.23776,1.24255,61543
2023-04-12,1.2424,1.24952,1.23983,1.24836,65537
2023-04-13,1.24846,1.25375,1.24754,1.25231,63546
2023-04-14,1.25226,1.25468,1.23992,1.24138,67226
2023-04-17,1.24054,1.24383,1.23533,1.2377,62204
2023-04-18,1.23713,1.24499,1.23675,1.24247,57447
2023-04-19,1.24243,1.24745,1.23923,1.24395,61697
2023-04-20,1.24374,1.24676,1.24047,1.24432,61064
2023-04-21,1.2443,1.24482,1.23669,1.24418,59977
2023-04-24,1.24359,1.24862,1.24106,1.24861,62416
2023-04-25,1.24845,1.25073,1.23867,1.24102,59021
2023-04-26,1.24063,1.25156,1.24026,1.24676,71097
2023-04-27,1.24631,1.24997,1.2436,1.24978,68118
2023-04-28,1.24947,1.25842,1.24466,1.25662,79381
2023-05-01,1.2555,1.2570299999999999,1.24806,1.24954,56719
2023-05-02,1.2494399999999999,1.25123,1.24353,1.24675,69085
2023-05-03,1.24648,1.25902,1.246,1.25655,70576
2023-05-04,1.25553,1.2599,1.25481,1.25724,83121
2023-05-05,1.25704,1.26524,1.25583,1.26309,61802
2023-05-08,1.26262,1.26689,1.2612999999999999,1.2618800000000001,47323
2023-05-09,1.2615,1.26397,1.25782,1.26208,54719
2023-05-10,1.26189,1.268,1.26024,1.26247,55516
2023-05-11,1.26243,1.26409,1.24965,1.25121,65656
2023-05-12,1.25104,1.25408,1.24447,1.2448,54303
2023-05-15,1.24526,1.25348,1.2443,1.2528000000000001,45401
2023-05-16,1.2527599999999999,1.2546599999999999,1.24654,1.24852,54998
2023-05-17,1.2489,1.25105,1.24217,1.24868,56301
2023-05-18,1.24863,1.24929,1.23917,1.24082,54718
2023-05-19,1.2408,1.24838,1.2392400000000001,1.24463,63769
2023-05-22,1.24356,1.24723,1.24137,1.24368,57382
2023-05-23,1.24366,1.24465,1.2373,1.24145,62727
2023-05-24,1.24106,1.24695,1.23578,1.2364600000000001,68073
2023-05-25,1.23644,1.23868,1.23081,1.23218,63247
2023-05-26,1.23215,1.23954,1.23109,1.23457,60156
2023-05-29,1.23362,1.2372,1.23334,1.23542,29665
2023-05-30,1.2349700000000001,1.24466,1.23271,1.24121,61989
2023-05-31,1.24101,1.2444,1.2348,1.24409,65601
2023-06-01,1.24395,1.25399,1.2401200000000001,1.25261,63295
2023-06-02,1.2524,1.25448,1.24415,1.24506,56657
2023-06-05,1.24489,1.24496,1.23684,1.24332,57554
2023-06-06,1.24283,1.24592,1.23918,1.24234,53830
2023-06-07,1.24223,1.25,1.23952,1.24382,53957
2023-06-08,1.2435100000000001,1.2561,1.24309,1.25601,56908
2023-06-09,1.25579,1.25905,1.2534100000000001,1.2579500000000001,50250
2023-06-12,1.25586,1.25997,1.24869,1.25121,46666
2023-06-13,1.2509700000000001,1.2625,1.25076,1.26114,62242
2023-06-14,1.26118,1.2699099999999999,1.2600799999999999,1.26619,62593
2023-06-15,1.26614,1.27857,1.26295,1.27847,58191
2023-06-16,1.27812,1.28482,1.27681,1.28228,62026
2023-06-19,1.28125,1.2837100000000001,1.27705,1.2793,43227
2023-06-20,1.27894,1.2806600000000001,1.27136,1.27646,70072
2023-06-21,1.2763,1.28023,1.26912,1.27674,74301
2023-06-22,1.2765,1.28418,1.27259,1.27478,71700
2023-06-23,1.27475,1.27497,1.26852,1.27159,70548
2023-06-26,1.27072,1.2748599999999999,1.2688,1.27109,59501
2023-06-27,1.27089,1.27593,1.2703,1.2748,64939
2023-06-28,1.27484,1.27522,1.26065,1.26353,65248
2023-06-29,1.26349,1.26668,1.25909,1.26121,61440
2023-06-30,1.26128,1.27276,1.25991,1.26979,61912
2023-07-03,1.26899,1.2723200000000001,1.26585,1.26907,53925
2023-07-04,1.26922,1.2739500000000001,1.26824,1.2713,36352
2023-07-05,1.27105,1.27355,1.26881,1.2704,52274
2023-07-06,1.27032,1.27812,1.26738,1.27392,69140
2023-07-07,1.2739500000000001,1.2849599999999999,1.27258,1.2839800000000001,61981
2023-07-10,1.28315,1.28684,1.27506,1.28607,56134
2023-07-11,1.28606,1.2934700000000001,1.2851,1.2931599999999999,56894
2023-07-12,1.29324,1.30006,1.2904,1.29884,65450
2023-07-13,1.29874,1.3141,1.29804,1.31352,67480
2023-07-14,1.31336,1.31421,1.30896,1.30923,65720
2023-07-17,1.3092,1.3109199999999999,1.3050899999999999,1.30731,56233
2023-07-18,1.30727,1.31256,1.3028,1.30345,67949
2023-07-19,1.30353,1.3041,1.28675,1.29397,73193
2023-07-20,1.2935699999999999,1.29648,1.28396,1.28675,61457
2023-07-21,1.28665,1.29041,1.2816100000000001,1.28518,58481
2023-07-24,1.28455,1.28839,1.27978,1.28238,66522
2023-07-25,1.28257,1.2904499999999999,1.28095,1.29025,60970
2023-07-26,1.29022,1.29603,1.28753,1.29419,68215
2023-07-27,1.2938100000000001,1.29956,1.2781799999999999,1.27953,79726
2023-07-28,1.27932,1.2887,1.27628,1.2846600000000001,78099
2023-07-31,1.28399,1.28728,1.2828300000000001,1.2834699999999999,61854
2023-08-01,1.28346,1.28415,1.27412,1.2776100000000001,59519
2023-08-02,1.2777,1.28049,1.26804,1.27102,72495
2023-08-03,1.27106,1.27283,1.26204,1.2708599999999999,70575
2023-08-04,1.27081,1.2792,1.26836,1.27501,66693
2023-08-07,1.2747600000000001,1.27892,1.27128,1.27839,53566
2023-08-08,1.27832,1.27854,1.2684199999999999,1.2748300000000001,59756
2023-08-09,1.27467,1.2782200000000001,1.2711999999999999,1.27173,53474
2023-08-10,1.27185,1.28186,1.26696,1.26749,65155
2023-08-11,1.26737,1.27386,1.26657,1.26978,59941
2023-08-14,1.26913,1.27149,1.26166,1.26867,64705
2023-08-15,1.26748,1.27525,1.26748,1.27037,68800
2023-08-16,1.27032,1.27665,1.26868,1.27318,61830
2023-08-17,1.27295,1.27874,1.27029,1.27472,69199
2023-08-18,1.2745600000000001,1.2766199999999999,1.26892,1.27315,62856
2023-08-21,1.2727,1.27668,1.27105,1.27569,62010
2023-08-22,1.27539,1.28003,1.27186,1.27316,56082
2023-08-23,1.27321,1.27646,1.26145,1.27243,63912
2023-08-24,1.27206,1.27284,1.25912,1.2601,58393
2023-08-25,1.2598500000000001,1.26541,1.25479,1.25773,62352
2023-08-28,1.2578,1.26108,1.25654,1.26026,50425
2023-08-29,1.26013,1.26551,1.25627,1.2643499999999999,64524
2023-08-30,1.26427,1.27461,1.2618800000000001,1.27211,63182
2023-08-31,1.27207,1.27346,1.2652700000000001,1.26725,61732
2023-09-01,1.2673,1.27129,1.25772,1.25869,62090
2023-09-04,1.2586,1.26428,1.25844,1.2628599999999999,34546
2023-09-05,1.26183,1.26321,1.25279,1.25659,59890
2023-09-06,1.25634,1.2588,1.24817,1.25064,58993
2023-09-07,1.25034,1.25083,1.24458,1.2471,57799
2023-09-08,1.24716,1.25143,1.24512,1.24619,55806
2023-09-11,1.24923,1.2548,1.24628,1.25086,56265
2023-09-12,1.25089,1.25299,1.24596,1.24927,52025
2023-09-13,1.24863,1.25119,1.24343,1.249,63381
2023-09-14,1.24871,1.25062,1.23963,1.24098,59928
2023-09-15,1.2408299999999999,1.24459,1.23787,1.23833,54642
2023-09-18,1.23762,1.24105,1.23702,1.23852,40817
2023-09-19,1.23798,1.24247,1.23699,1.23915,43649
2023-09-20,1.23916,1.24216,1.2332,1.23442,56445
2023-09-21,1.23411,1.23464,1.22316,1.22944,54843
2023-09-22,1.22946,1.2296,1.22305,1.22359,50847
2023-09-25,1.22472,1.22502,1.21936,1.22101,50091
2023-09-26,1.22116,1.22155,1.21522,1.2156500000000001,51112
2023-09-27,1.21588,1.21642,1.21103,1.2135,53540
2023-09-28,1.21343,1.22244,1.212,1.22036,61008
2023-09-29,1.21981,1.22717,1.21804,1.22029,57931
2023-10-02,1.21791,1.222,1.20861,1.20866,55194
2023-10-03,1.20871,1.2101600000000001,1.20524,1.20767,61543
2023-10-04,1.20684,1.21769,1.20373,1.21353,57861
2023-10-05,1.21342,1.2196,1.21075,1.21925,54936
2023-10-06,1.2191,1.22613,1.2106,1.22376,62086
2023-10-09,1.22011,1.22442,1.21628,1.22372,52352
2023-10-10,1.22364,1.22916,1.22116,1.22854,60448
2023-10-11,1.22859,1.23374,1.22678,1.23127,62459
2023-10-12,1.23131,1.23316,1.21718,1.21749,58896
2023-10-13,1.21725,1.22251,1.21227,1.21386,57074
2023-10-16,1.21302,1.22195,1.21253,1.2217,51939
2023-10-17,1.22049,1.22164,1.21332,1.21829,60377
2023-10-18,1.21813,1.22111,1.21372,1.21407,64571
2023-10-19,1.21397,1.2192,1.20899,1.21429,73673
2023-10-20,1.21431,1.21705,1.20933,1.21638,63738
2023-10-23,1.21502,1.22588,1.21434,1.22468,56618
2023-10-24,1.22455,1.22888,1.21534,1.21606,60421
2023-10-25,1.21593,1.21761,1.21062,1.21113,55566
2023-10-26,1.2110400000000001,1.21396,1.20695,1.21273,60954
2023-10-27,1.21283,1.2162600000000001,1.21055,1.2116500000000001,58460
2023-10-30,1.21269,1.2174800000000001,1.20902,1.21692,51309
2023-10-31,1.21655,1.22007,1.21196,1.21472,58808
2023-11-01,1.21537,1.21646,1.20959,1.21518,69191
2023-11-02,1.21499,1.22258,1.21339,1.2204,62773
2023-11-03,1.22013,1.23898,1.21848,1.23792,62566
2023-11-06,1.23623,1.24286,1.23382,1.23441,51423
2023-11-07,1.23442,1.2347299999999999,1.22625,1.22992,54366
2023-11-08,1.22998,1.23017,1.2241900000000001,1.2285,57036
2023-11-09,1.22815,1.23089,1.22128,1.22227,66486
2023-11-10,1.22211,1.2238,1.21873,1.22262,55120
2023-11-13,1.2205300000000001,1.22802,1.2205300000000001,1.22782,44363
2023-11-14,1.22783,1.2506,1.22642,1.24981,55398
2023-11-15,1.24976,1.24996,1.24038,1.24163,58911
2023-11-16,1.24161,1.2456,1.23764,1.2414399999999999,53840
2023-11-17,1.24132,1.2465,1.2374,1.24622,56221
2023-11-20,1.24432,1.25177,1.24395,1.2505,55201
2023-11-21,1.25042,1.25594,1.24956,1.25381,58854
2023-11-22,1.25365,1.25497,1.24493,1.24941,59564
2023-11-23,1.24913,1.2563,1.2483,1.25335,39299
2023-11-24,1.25309,1.26154,1.25244,1.26027,47037
2023-11-27,1.2598500000000001,1.26441,1.25911,1.26273,52355
2023-11-28,1.26255,1.2715,1.26067,1.26962,60804
2023-11-29,1.26925,1.2733400000000001,1.26648,1.26941,64496
2023-11-30,1.2694,1.27108,1.26033,1.26234,67977
2023-12-01,1.26211,1.27161,1.26111,1.27119,66896
2023-12-04,1.26848,1.27246,1.2603900000000001,1.2631999999999999,70191
2023-12-05,1.2628599999999999,1.26518,1.25775,1.2595100000000001,66811
2023-12-06,1.25899,1.26138,1.25519,1.25594,58640
2023-12-07,1.25583,1.26128,1.25446,1.2593,68206
2023-12-08,1.25875,1.26016,1.25024,1.2545899999999999,71501
2023-12-11,1.25266,1.25908,1.2523900000000001,1.25556,53063
2023-12-12,1.25536,1.26152,1.25141,1.25622,57149
2023-12-13,1.25624,1.2634699999999999,1.2500200000000001,1.26186,64596
2023-12-14,1.26143,1.27942,1.26119,1.27651,86442
2023-12-15,1.27656,1.2790300000000001,1.2668599999999999,1.26702,72550
2023-12-18,1.2681499999999999,1.27042,1.2629000000000001,1.2646600000000001,60303
2023-12-19,1.26437,1.2762,1.26295,1.27319,60734
2023-12-20,1.27308,1.27342,1.2625199999999999,1.26391,62837
2023-12-21,1.26364,1.2696100000000001,1.26123,1.26902,68420
2023-12-22,1.26882,1.27444,1.26707,1.26972,70872
2023-12-26,1.26888,1.27304,1.26845,1.2723900000000001,43999
2023-12-27,1.2713,1.28025,1.26986,1.27986,50268
2023-12-28,1.2798,1.28277,1.27124,1.27304,56822
2023-12-29,1.2726199999999999,1.27728,1.27004,1.27306,61054
2024-01-02,1.2720500000000001,1.27602,1.26108,1.2619,68802
2024-01-03,1.26144,1.26766,1.2610999999999999,1.26639,74446
2024-01-04,1.26618,1.2730000000000001,1.26572,1.26825,66921
2024-01-05,1.26801,1.27712,1.26114,1.27175,78339
2024-01-08,1.2698,1.27672,1.26736,1.2747899999999999,65099
2024-01-09,1.27403,1.27652,1.2689599999999999,1.27096,66881
2024-01-10,1.27089,1.27442,1.26863,1.2742,60990
2024-01-11,1.27261,1.27742,1.2690299999999999,1.27624,88598
2024-01-12,1.27482,1.27858,1.27196,1.27503,80222
2024-01-15,1.27252,1.27654,1.2713,1.27255,53043
2024-01-16,1.2726,1.27287,1.26194,1.26356,90430
2024-01-17,1.26279,1.2696399999999999,1.25966,1.2676,87367
2024-01-18,1.2671999999999999,1.27082,1.26484,1.27058,81579
2024-01-19,1.27043,1.27148,1.26613,1.27013,67407
2024-01-22,1.26776,1.2732999999999999,1.26776,1.27088,58823
2024-01-23,1.27004,1.27472,1.26494,1.26864,61374
2024-01-24,1.26701,1.2775,1.26701,1.27245,69385
2024-01-25,1.2716,1.27428,1.26817,1.27078,68951
2024-01-26,1.26972,1.27586,1.26757,1.27027,59098
2024-01-29,1.2695699999999999,1.2719,1.2662200000000001,1.27093,58803
2024-01-30,1.27031,1.27212,1.26403,1.26999,59987
2024-01-31,1.26947,1.27508,1.26582,1.26863,88257
2024-02-01,1.2663,1.27558,1.26253,1.27437,85780
2024-02-02,1.27392,1.2772299999999999,1.26142,1.26333,73497
2024-02-05,1.26228,1.26326,1.2518500000000001,1.25353,68966
2024-02-06,1.25275,1.26031,1.25256,1.25976,66328
2024-02-07,1.25922,1.26418,1.25854,1.26279,62294
2024-02-08,1.26193,1.26388,1.25718,1.26166,61709
2024-02-09,1.2616399999999999,1.26429,1.25993,1.26306,56091
2024-02-12,1.2618800000000001,1.26548,1.26062,1.26275,46446
2024-02-13,1.2622,1.26864,1.25733,1.25926,63421
2024-02-14,1.25827,1.26112,1.25355,1.2566,64566
2024-02-15,1.2557,1.26022,1.25419,1.26,58867
2024-02-16,1.25874,1.26245,1.25508,1.26004,61123
2024-02-19,1.25956,1.26296,1.25836,1.25962,42419
2024-02-20,1.25841,1.2668599999999999,1.25793,1.26221,65161
2024-02-21,1.26163,1.26419,1.26026,1.2637800000000001,66528
2024-02-22,1.26325,1.27097,1.26116,1.26608,68563
2024-02-23,1.26549,1.2701500000000001,1.26484,1.2671299999999999,65875
2024-02-26,1.26719,1.26997,1.2656800000000001,1.26855,54154
2024-02-27,1.2674400000000001,1.2697,1.26604,1.26859,63345
2024-02-28,1.26849,1.26868,1.26218,1.26611,62163
2024-02-29,1.2650299999999999,1.2682,1.2612700000000001,1.26243,80044
2024-03-01,1.2612700000000001,1.2664,1.25999,1.2653400000000001,72989
2024-03-04,1.26523,1.27065,1.26436,1.26914,63647
2024-03-05,1.26861,1.2735,1.2671299999999999,1.2705199999999999,68822
2024-03-06,1.2698,1.27615,1.2690299999999999,1.27317,72498
2024-03-07,1.2729,1.28111,1.27218,1.28082,74668
2024-03-08,1.28025,1.28939,1.28011,1.2858100000000001,80512
2024-03-11,1.2852700000000001,1.2862,1.27952,1.28133,85895
2024-03-12,1.28,1.28237,1.27461,1.27935,92545
2024-03-13,1.27823,1.28114,1.27746,1.27969,82003
2024-03-14,1.2793,1.2823,1.27307,1.2753,88088
2024-03-15,1.27496,1.27588,1.27253,1.27348,81742
2024-03-18,1.27243,1.27469,1.2718099999999999,1.27286,59102
2024-03-19,1.27267,1.27329,1.26678,1.27213,80369
2024-03-20,1.2717,1.27872,1.26844,1.27865,83282
2024-03-21,1.27806,1.28036,1.26506,1.26575,97501
2024-03-22,1.26542,1.26753,1.25753,1.26003,81188
2024-03-25,1.25907,1.26525,1.25899,1.26363,63990
2024-03-26,1.26333,1.2668,1.26221,1.26277,64986
2024-03-27,1.2623,1.26411,1.26055,1.26403,72118
2024-03-28,1.26403,1.26545,1.2585899999999999,1.26234,70712
2024-03-29,1.26181,1.26445,1.26092,1.26217,26719
2024-04-01,1.25715,1.26421,1.25397,1.25509,66271
2024-04-02,1.25482,1.25786,1.25396,1.25773,68068
2024-04-03,1.25708,1.26559,1.25627,1.26519,72565
2024-04-04,1.26452,1.26836,1.2635399999999999,1.26425,68082
2024-04-05,1.26329,1.26486,1.25744,1.2637,81543
2024-04-08,1.26217,1.26641,1.26136,1.26548,69658
2024-04-09,1.26547,1.27095,1.26394,1.2677,70194
2024-04-10,1.2666,1.27082,1.25203,1.254,90418
2024-04-11,1.25207,1.25788,1.25109,1.25531,94942
2024-04-12,1.25477,1.25589,1.24268,1.24492,93494
2024-04-15,1.2435100000000001,1.24987,1.24299,1.24449,107487
2024-04-16,1.24251,1.2472,1.2405599999999999,1.24265,106165
2024-04-17,1.24158,1.24818,1.24158,1.24546,98301
2024-04-18,1.24415,1.24847,1.24337,1.24365,86376
2024-04-19,1.24258,1.24683,1.23669,1.23692,117054
2024-04-22,1.23728,1.2392400000000001,1.22997,1.23499,75964
2024-04-23,1.23282,1.24586,1.23282,1.245,83035
2024-04-24,1.24321,1.24701,1.24227,1.24638,71931
2024-04-25,1.2461,1.25264,1.24396,1.2513,91292
2024-04-26,1.25084,1.25411,1.24493,1.24922,86979
2024-04-29,1.2476,1.25696,1.24736,1.25614,91683
2024-04-30,1.25625,1.2564199999999999,1.249,1.24912,89427
2024-05-01,1.24917,1.25503,1.24664,1.25292,91374
2024-05-02,1.25261,1.25446,1.24719,1.25347,100299
2024-05-03,1.25338,1.2634699999999999,1.2522,1.25473,98003
2024-05-06,1.25365,1.25945,1.25345,1.2562,67831
2024-05-07,1.2559,1.25709,1.2501,1.25079,71985
2024-05-08,1.2508,1.25122,1.24678,1.24973,65341
2024-05-09,1.24973,1.25268,1.24459,1.25235,73250
2024-05-10,1.25232,1.25416,1.25027,1.25234,67300
2024-05-13,1.25135,1.25689,1.25084,1.2559,65162
2024-05-14,1.25587,1.2593,1.25095,1.25918,74026
2024-05-15,1.25889,1.26864,1.25826,1.26863,74698
2024-05-16,1.26852,1.27009,1.26434,1.26705,68211
2024-05-17,1.26689,1.27119,1.2645,1.27006,59373
2024-05-20,1.2682,1.27257,1.2682,1.2705199999999999,55509
2024-05-21,1.27058,1.2726899999999999,1.26863,1.27088,63394
2024-05-22,1.2708300000000001,1.27615,1.27003,1.27169,72723
2024-05-23,1.27165,1.27467,1.26855,1.26985,84550
2024-05-24,1.26969,1.2751000000000001,1.26753,1.27367,72101
2024-05-27,1.27317,1.27778,1.27288,1.27683,42321
2024-05-28,1.2768,1.2800799999999999,1.27542,1.27615,73515
2024-05-29,1.27613,1.27719,1.2699,1.27001,83484
2024-05-30,1.26986,1.27472,1.2681,1.27319,82475
2024-05-31,1.2731,1.2766199999999999,1.27003,1.27426,90406
2024-06-03,1.27314,1.28087,1.26946,1.28074,87546
2024-06-04,1.28072,1.28176,1.27429,1.2769300000000001,93754
2024-06-05,1.27699,1.27954,1.27554,1.2787,75927
2024-06-06,1.27861,1.28092,1.27626,1.27909,72621
2024-06-07,1.2788300000000001,1.28119,1.2716,1.2721,87783
2024-06-10,1.27277,1.27374,1.26881,1.27306,75158
2024-06-11,1.27301,1.27518,1.2705899999999999,1.2739099999999999,76438
2024-06-12,1.27398,1.28606,1.27308,1.27977,96128
2024-06-13,1.27975,1.28077,1.2738399999999999,1.2763200000000001,83510
2024-06-14,1.27622,1.27636,1.2657,1.2687,97226
2024-06-17,1.26841,1.27098,1.2659099999999999,1.27042,66592
2024-06-18,1.27044,1.27211,1.26692,1.27082,87054
2024-06-19,1.2708300000000001,1.27401,1.26973,1.27183,54655
2024-06-20,1.27159,1.2724,1.26547,1.26567,76293
2024-06-21,1.26567,1.26743,1.2622200000000001,1.26386,69284
2024-06-24,1.26385,1.2698,1.26328,1.26862,75903
2024-06-25,1.26816,1.2702499999999999,1.26704,1.2686,74966
2024-06-26,1.26844,1.26936,1.26157,1.26218,85341
2024-06-27,1.26214,1.26708,1.2612999999999999,1.26399,79615
2024-06-28,1.26391,1.26634,1.26197,1.26438,90464
2024-07-01,1.2647599999999999,1.27093,1.26309,1.26499,81009
2024-07-02,1.26498,1.2688,1.26157,1.26852,75077
2024-07-03,1.26848,1.27773,1.26752,1.27424,65276
2024-07-04,1.27408,1.27677,1.2737,1.27584,44887
2024-07-05,1.27584,1.28172,1.27538,1.28147,73421
2024-07-08,1.27953,1.28458,1.27872,1.28065,63435
2024-07-09,1.28054,1.2825199999999999,1.27779,1.27864,66834
2024-07-10,1.27858,1.28488,1.2778800000000001,1.2848,61918
2024-07-11,1.28479,1.29495,1.28465,1.2913700000000001,78429
2024-07-12,1.29143,1.29909,1.29022,1.29882,84271
2024-07-15,1.29626,1.29949,1.2962,1.29677,82275
2024-07-16,1.2967,1.298,1.29382,1.2973,75202
2024-07-17,1.29736,1.30446,1.29609,1.30081,87076
2024-07-18,1.30084,1.3013,1.29404,1.2943,90495
2024-07-19,1.2941500000000001,1.29516,1.29012,1.29122,79619
2024-07-22,1.2916,1.29425,1.29055,1.29336,83077
2024-07-23,1.2932299999999999,1.29351,1.28879,1.2906900000000001,77624
2024-07-24,1.2907,1.29375,1.28775,1.29065,86069
2024-07-25,1.29062,1.29136,1.28495,1.2849599999999999,111233
2024-07-26,1.28504,1.28781,1.28479,1.2865,78877
2024-07-29,1.28556,1.28883,1.2807,1.2861,81876
2024-07-30,1.28616,1.28663,1.28201,1.28356,82771
2024-07-31,1.28352,1.28644,1.28211,1.2855400000000001,111514
2024-08-01,1.28541,1.2863,1.2727,1.27386,110355
2024-08-02,1.27371,1.2840500000000001,1.27073,1.28049,119767
2024-08-05,1.28007,1.28171,1.27102,1.27762,192239
2024-08-06,1.27733,1.2803200000000001,1.26727,1.26917,152530
2024-08-07,1.26908,1.2736,1.26809,1.26924,120524
2024-08-08,1.26908,1.27524,1.26651,1.27484,119929
2024-08-09,1.27434,1.27739,1.27263,1.27579,92389
2024-08-12,1.27624,1.27941,1.27469,1.27652,86188
2024-08-13,1.27612,1.28731,1.27594,1.28629,91484
2024-08-14,1.28594,1.28685,1.28164,1.28254,89930
2024-08-15,1.28257,1.28718,1.27987,1.28533,81690
2024-08-16,1.28505,1.2946,1.2848600000000001,1.2945,62387
2024-08-19,1.29346,1.29974,1.29304,1.29907,77711
2024-08-20,1.2986900000000001,1.30525,1.29744,1.30337,82385
2024-08-21,1.30332,1.31196,1.30111,1.3090899999999999,94586
2024-08-22,1.30839,1.31294,1.30768,1.30917,88688
2024-08-23,1.30865,1.32303,1.30815,1.32164,93866
2024-08-26,1.3199,1.32224,1.3180100000000001,1.3187,80292
2024-08-27,1.31854,1.3266499999999999,1.3180100000000001,1.32609,86301
2024-08-28,1.32593,1.32622,1.31677,1.31904,90589
2024-08-29,1.31903,1.3227,1.31456,1.3168199999999999,95503
2024-08-30,1.31659,1.32,1.31098,1.31297,89572
2024-09-02,1.3128600000000001,1.31551,1.31197,1.3146200000000001,49721
2024-09-03,1.3141,1.3149600000000001,1.30877,1.31148,92822
2024-09-04,1.31128,1.31754,1.3101099999999999,1.3148,88172
2024-09-05,1.31449,1.31855,1.31365,1.31803,86834
2024-09-06,1.3177400000000001,1.32388,1.31101,1.31312,111457
2024-09-09,1.31167,1.31434,1.30678,1.30727,76069
2024-09-10,1.30736,1.31077,1.30496,1.30792,80448
2024-09-11,1.30798,1.31112,1.3002,1.30431,100511
2024-09-12,1.30426,1.31271,1.30322,1.31256,89930
2024-09-13,1.31237,1.31579,1.3115,1.3123,86208
2024-09-16,1.31212,1.32183,1.31182,1.32153,77211
2024-09-17,1.32158,1.32298,1.3146200000000001,1.31593,89155
2024-09-18,1.31606,1.32979,1.31508,1.32123,112454
2024-09-19,1.32134,1.33142,1.31537,1.3284500000000001,125144
2024-09-20,1.32828,1.33404,1.3268499999999999,1.33205,104369
2024-09-23,1.3311,1.33594,1.32485,1.33479,93194
2024-09-24,1.33464,1.34158,1.33319,1.3413,99009
2024-09-25,1.34124,1.34298,1.3312599999999999,1.33226,105614
2024-09-26,1.33217,1.3434300000000001,1.33127,1.34152,110315
2024-09-27,1.34149,1.34277,1.336,1.33712,108652
2024-09-30,1.33686,1.34233,1.33501,1.33761,103201
2024-10-01,1.33742,1.33894,1.32373,1.3284500000000001,128449
2024-10-02,1.32855,1.33056,1.32459,1.32666,100406
2024-10-03,1.32666,1.32724,1.30922,1.31231,127607
2024-10-04,1.31237,1.3175,1.30698,1.31198,113180
2024-10-07,1.31171,1.31346,1.30594,1.3082500000000001,97974
2024-10-08,1.30826,1.31135,1.30643,1.31049,92983
2024-10-09,1.31022,1.31047,1.30559,1.30722,82363
2024-10-10,1.30695,1.30939,1.3022,1.30587,94475
2024-10-11,1.3057699999999999,1.30832,1.3041800000000001,1.30692,65425
2024-10-14,1.30566,1.3072,1.30302,1.30597,66306
2024-10-15,1.30587,1.31029,1.30355,1.30741,76069
2024-10-16,1.30731,1.30774,1.2977,1.29891,77298
2024-10-17,1.29892,1.30232,1.2974,1.30107,82527
2024-10-18,1.30105,1.30713,1.3,1.30493,71228
2024-10-21,1.30415,1.30582,1.2977,1.2984,64253
2024-10-22,1.2984499999999999,1.30154,1.29446,1.29849,71579
2024-10-23,1.29833,1.29951,1.29075,1.29205,70522
2024-10-24,1.29213,1.29882,1.29093,1.29771,78068
2024-10-25,1.29731,1.29987,1.2955999999999999,1.29614,64317
2024-10-28,1.29708,1.30015,1.29399,1.29697,68670
2024-10-29,1.29721,1.30148,1.29582,1.3014299999999999,77293
2024-10-30,1.30145,1.30434,1.29371,1.29623,92003
2024-10-31,1.29613,1.2999800000000001,1.28438,1.28992,97331
2024-11-01,1.28985,1.29805,1.28846,1.29195,83581
2024-11-04,1.2966,1.2999,1.29343,1.29563,89000
2024-11-05,1.29566,1.30424,1.29477,1.30416,72597
2024-11-06,1.30412,1.3048,1.28342,1.2879,239009
2024-11-07,1.28788,1.30093,1.28717,1.29871,134988
2024-11-08,1.29855,1.2989,1.2883499999999999,1.29196,110924
2024-11-11,1.2908,1.29258,1.2856,1.28693,84752
2024-11-12,1.2868,1.28735,1.27191,1.27472,115977
2024-11-13,1.2747600000000001,1.27694,1.26864,1.2708,120814
2024-11-14,1.27075,1.2720099999999999,1.26299,1.26663,128171
2024-11-15,1.2665600000000001,1.26971,1.25972,1.26184,128695
2024-11-18,1.26163,1.2686600000000001,1.26048,1.26772,101030
2024-11-19,1.26776,1.26894,1.26133,1.26827,113999
2024-11-20,1.26817,1.2714699999999999,1.26309,1.26528,97939
2024-11-21,1.26509,1.26603,1.25763,1.25892,108192
2024-11-22,1.25892,1.25942,1.24872,1.2533,129071
2024-11-25,1.2591999999999999,1.26135,1.25416,1.25682,117630
2024-11-26,1.25677,1.26165,1.2507,1.25689,141206
2024-11-27,1.25688,1.26945,1.25665,1.26791,119752
2024-11-28,1.26787,1.26911,1.26451,1.26863,74254
2024-11-29,1.26846,1.27497,1.2671700000000001,1.27328,115682
2024-12-02,1.27189,1.27339,1.2617099999999999,1.26539,134927
2024-12-03,1.2649599999999999,1.26997,1.26365,1.26725,107750
2024-12-04,1.26727,1.27214,1.26298,1.26999,116910
2024-12-05,1.2701799999999999,1.27709,1.26928,1.2760500000000001,90947
2024-12-06,1.27582,1.28111,1.27211,1.27416,102469
2024-12-09,1.27306,1.27989,1.2717100000000001,1.2751000000000001,87035
2024-12-10,1.27501,1.2778,1.2723900000000001,1.27719,90064
2024-12-11,1.27673,1.27817,1.27131,1.27505,107232
2024-12-12,1.27497,1.2787899999999999,1.26667,1.26735,112918
2024-12-13,1.26724,1.26793,1.26082,1.2619500000000001,89741
2024-12-16,1.26112,1.26989,1.26081,1.2683,80838
2024-12-17,1.26818,1.27286,1.2666,1.27126,86636
2024-12-18,1.27088,1.27241,1.25622,1.25723,113401
2024-12-19,1.25731,1.26668,1.24951,1.25006,137383
2024-12-20,1.25008,1.26141,1.24753,1.25672,113064
2024-12-23,1.25607,1.2588300000000001,1.25099,1.25356,78103
2024-12-24,1.25306,1.25747,1.25187,1.2539,57147
2024-12-26,1.25488,1.2551999999999999,1.25011,1.25267,57356
2024-12-27,1.25183,1.25926,1.2505,1.25721,77545
2024-12-30,1.25722,1.26071,1.2506300000000001,1.25515,78157
2024-12-31,1.25411,1.25692,1.25054,1.25119,82093
2025-01-02,1.25125,1.2540499999999999,1.23521,1.23805,101244
2025-01-03,1.23713,1.24341,1.23658,1.24219,76795
2025-01-06,1.2418,1.25511,1.2410700000000001,1.25199,114424
2025-01-07,1.25144,1.25759,1.2477,1.2477,101517
2025-01-08,1.24767,1.24942,1.23207,1.23631,111610
2025-01-09,1.23605,1.23662,1.22383,1.23071,95835
2025-01-10,1.23035,1.2322,1.21912,1.22064,124019
2025-01-13,1.22016,1.22103,1.20995,1.2203,120274
2025-01-14,1.21981,1.22504,1.21371,1.22155,123906
2025-01-15,1.22102,1.23062,1.21596,1.22434,108178
2025-01-16,1.22343,1.22604,1.21747,1.22378,118288
2025-01-17,1.22362,1.22442,1.21605,1.21695,98630
2025-01-20,1.21656,1.23445,1.21607,1.2327,108577
2025-01-21,1.23203,1.23601,1.22292,1.23537,134936
2025-01-22,1.23468,1.23762,1.2307299999999999,1.23159,104715
2025-01-23,1.23104,1.23757,1.22934,1.23521,87246
2025-01-24,1.23513,1.25019,1.23467,1.24815,84768
2025-01-27,1.24664,1.25233,1.24259,1.24993,94542
2025-01-28,1.24951,1.24978,1.24145,1.24421,84440
2025-01-29,1.24399,1.24633,1.23932,1.24491,92162
2025-01-30,1.24462,1.24769,1.24077,1.2416800000000001,83918
2025-01-31,1.2413,1.24718,1.23861,1.23879,96299
2025-02-03,1.2282,1.24546,1.22496,1.24494,141707
2025-02-04,1.24497,1.24932,1.23793,1.24809,89389
2025-02-05,1.2478,1.255,1.24633,1.25039,78064
2025-02-06,1.25047,1.25098,1.23604,1.24345,76186
2025-02-07,1.24322,1.24921,1.23759,1.24005,83591
2025-02-10,1.23663,1.24224,1.23631,1.23663,67760
2025-02-11,1.23665,1.24548,1.23326,1.24466,63246
2025-02-12,1.24455,1.24838,1.23754,1.24432,86059
2025-02-13,1.24433,1.2568,1.2436,1.25659,92782
2025-02-14,1.25653,1.26305,1.25487,1.2585600000000001,71945
2025-02-17,1.25698,1.26349,1.25698,1.26254,56655
2025-02-18,1.26241,1.26244,1.25824,1.26135,68866
2025-02-19,1.26122,1.26387,1.25631,1.25852,78699
2025-02-20,1.2585600000000001,1.26715,1.25762,1.2669000000000001,81121
2025-02-21,1.26684,1.26787,1.2625,1.26314,83583
2025-02-24,1.26244,1.26908,1.2612,1.26244,89105
2025-02-25,1.26239,1.26776,1.26059,1.26662,91755
2025-02-26,1.26627,1.27159,1.2635399999999999,1.26767,85865
2025-02-27,1.26726,1.26887,1.2597800000000001,1.26006,91217
2025-02-28,1.25996,1.26219,1.25593,1.2577,92169
2025-03-03,1.2581,1.27245,1.25594,1.27011,102963
2025-03-04,1.27002,1.27997,1.26788,1.2795,119002
2025-03-05,1.27946,1.29009,1.27677,1.2895699999999999,122693
2025-03-06,1.28934,1.29239,1.28658,1.28815,122390
2025-03-07,1.28776,1.29448,1.28722,1.29214,106970
2025-03-10,1.29165,1.29466,1.28616,1.28781,101918
2025-03-11,1.2875,1.29657,1.28726,1.29497,107425
2025-03-12,1.29458,1.29871,1.29134,1.29626,91146
2025-03-13,1.29582,1.29736,1.2921,1.29505,83763
2025-03-14,1.2944,1.29588,1.2911000000000001,1.29363,87634
2025-03-17,1.292,1.29988,1.29168,1.29901,65295
2025-03-18,1.29893,1.30098,1.29514,1.30012,70227
2025-03-19,1.30007,1.30112,1.2955,1.30031,72928
2025-03-20,1.3001800000000001,1.30151,1.2936,1.29664,68856
2025-03-21,1.29653,1.29706,1.28879,1.29119,65541
2025-03-24,1.2891599999999999,1.29743,1.28876,1.2922500000000001,74777
2025-03-25,1.29224,1.29668,1.2901799999999999,1.2944499999999999,63810
2025-03-26,1.29433,1.29495,1.28744,1.28881,67145
2025-03-27,1.2889,1.29921,1.28709,1.29489,66263
2025-03-28,1.29481,1.29683,1.2922500000000001,1.29421,58102
2025-03-31,1.29129,1.29727,1.28864,1.2916400000000001,68728
2025-04-01,1.29178,1.29407,1.2879399999999999,1.2923,67618
2025-04-02,1.2922799999999999,1.30248,1.29004,1.30102,68218
2025-04-03,1.29975,1.3207200000000001,1.29725,1.31009,138401
2025-04-04,1.30992,1.31137,1.28532,1.28922,167108
2025-04-07,1.28118,1.29339,1.2708,1.2723,197010
2025-04-08,1.27153,1.2814999999999999,1.27148,1.2765,141338
2025-04-09,1.27653,1.28641,1.27432,1.28248,179322
2025-04-10,1.2824200000000001,1.2995999999999999,1.28007,1.29697,143795
2025-04-11,1.29614,1.31451,1.29614,1.3078699999999999,169327
2025-04-14,1.30942,1.32012,1.3063,1.319,107371
2025-04-15,1.31891,1.3252,1.31639,1.3231,82858
2025-04-16,1.32297,1.32922,1.3212,1.32402,88639
2025-04-17,1.32398,1.32732,1.32028,1.32678,81423
2025-04-18,1.32648,1.32989,1.3245,1.32948,303517
2025-04-21,1.3272,1.3422100000000001,1.32681,1.33798,74180
2025-04-22,1.33775,1.34239,1.3326,1.33316,85093
2025-04-23,1.3328,1.33391,1.32336,1.32538,104207
2025-04-24,1.32508,1.3348900000000001,1.3243800000000001,1.33384,65595
2025-04-25,1.33369,1.3339699999999999,1.32739,1.33099,62835
2025-04-28,1.32806,1.3444,1.328,1.34425,63583
2025-04-29,1.3431899999999999,1.34435,1.33803,1.3406799999999999,62179
2025-04-30,1.34036,1.34149,1.33091,1.33304,73470
2025-05-01,1.33258,1.3345500000000001,1.3260399999999999,1.32779,67187
2025-05-02,1.32728,1.33308,1.3259400000000001,1.32709,79574
2025-05-05,1.3259400000000001,1.33365,1.32566,1.32966,64235
2025-05-06,1.32957,1.34028,1.32602,1.33685,69179
2025-05-07,1.33599,1.33782,1.32801,1.3290899999999999,78791
2025-05-08,1.32895,1.33563,1.32365,1.3244799999999999,82650
2025-05-09,1.32452,1.33227,1.32121,1.33006,59235
2025-05-12,1.32576,1.32993,1.314,1.31761,86141
2025-05-13,1.31746,1.33161,1.31668,1.33039,71039
2025-05-14,1.33035,1.3360400000000001,1.32534,1.3259699999999999,82061
2025-05-15,1.32528,1.33199,1.32523,1.33041,75181
2025-05-16,1.33012,1.33328,1.32507,1.3283,69055
2025-05-19,1.3264,1.3404,1.32615,1.3361,77878
2025-05-20,1.33598,1.3395000000000001,1.33349,1.33932,75734
2025-05-21,1.33924,1.34691,1.33778,1.34192,85136
2025-05-22,1.34193,1.3441100000000001,1.3390900000000001,1.34179,81758
2025-05-23,1.34185,1.35394,1.34081,1.35375,75007
2025-05-26,1.35209,1.35934,1.35209,1.3563100000000001,51535
2025-05-27,1.35589,1.35869,1.35004,1.3507,69229
2025-05-28,1.3502399999999999,1.35226,1.34501,1.34697,70613
2025-05-29,1.34652,1.35072,1.3415599999999999,1.34913,83821
2025-05-30,1.34866,1.3511199999999999,1.3448,1.3455,78015
2025-06-02,1.34628,1.35598,1.34479,1.35439,72932
2025-06-03,1.3543,1.35595,1.3492,1.35181,67392
2025-06-04,1.35147,1.35801,1.3501,1.35529,69840
2025-06-05,1.35521,1.36168,1.35408,1.35698,75433
2025-06-06,1.3568,1.35847,1.35077,1.3526099999999999,72699
2025-06-09,1.3516599999999999,1.35815,1.35162,1.3550200000000001,51475
2025-06-10,1.3544,1.35644,1.34564,1.34978,67702
2025-06-11,1.3496000000000001,1.35674,1.34644,1.35474,69687
2025-06-12,1.3541,1.36235,1.35228,1.3612600000000001,79481
2025-06-13,1.36116,1.36327,1.35164,1.35736,90464
2025-06-16,1.35613,1.36224,1.35344,1.35764,77019
2025-06-17,1.35725,1.35835,1.34154,1.3428200000000001,83553
2025-06-18,1.34236,1.34766,1.3400699999999999,1.34205,83487
2025-06-19,1.34174,1.347,1.33827,1.34676,67871
2025-06-20,1.34584,1.35111,1.34401,1.34463,73166
2025-06-23,1.34005,1.35309,1.33704,1.3523800000000001,97004
2025-06-24,1.35219,1.36483,1.35128,1.3614600000000001,82313
2025-06-25,1.36113,1.36714,1.35907,1.36636,66112
2025-06-26,1.3661699999999999,1.37708,1.36482,1.37274,83003
2025-06-27,1.37248,1.37526,1.36829,1.37204,76126
2025-06-30,1.36938,1.37406,1.36742,1.37341,73486
2025-07-01,1.3729,1.37887,1.37036,1.3746,74521
2025-07-02,1.37417,1.37526,1.35629,1.36334,72243
2025-07-03,1.36315,1.36757,1.35858,1.36539,68315
2025-07-04,1.36538,1.36815,1.36351,1.3642400000000001,72314
2025-07-07,1.3644,1.36578,1.3575300000000001,1.36007,70563
2025-07-08,1.35988,1.36464,1.35257,1.35922,72173
2025-07-09,1.3588,1.36198,1.35608,1.35856,64230
2025-07-10,1.35842,1.36196,1.35331,1.35795,58298
2025-07-11,1.3576,1.35855,1.34813,1.3489,72911
2025-07-14,1.34811,1.3504399999999999,1.34244,1.34267,64058
2025-07-15,1.3426,1.34673,1.33789,1.33843,67361
2025-07-16,1.33789,1.34857,1.3365,1.34195,81602
2025-07-17,1.34173,1.34209,1.33741,1.34176,66407
2025-07-18,1.34141,1.34752,1.34053,1.34059,57843
2025-07-21,1.3413599999999999,1.35107,1.34021,1.34915,58717
2025-07-22,1.34881,1.35337,1.34615,1.35335,60296
2025-07-23,1.35284,1.35839,1.35152,1.35797,71449
2025-07-24,1.358,1.35889,1.35026,1.35068,69450
2025-07-25,1.3504399999999999,1.35126,1.3416299999999999,1.34313,70036
2025-07-28,1.34184,1.3452899999999999,1.33514,1.33542,74587
2025-07-29,1.3351199999999999,1.3364,1.33078,1.335,74476
2025-07-30,1.3348200000000001,1.3385799999999999,1.32276,1.32367,84838
2025-07-31,1.32338,1.32821,1.31857,1.32031,81390
2025-08-01,1.32027,1.33108,1.31414,1.32764,99701
2025-08-04,1.32781,1.33308,1.3253599999999999,1.32839,88457
2025-08-05,1.32815,1.33164,1.32595,1.33005,81658
2025-08-06,1.3296000000000001,1.33684,1.3281100000000001,1.33569,72845
2025-08-07,1.33506,1.34482,1.3345799999999999,1.34426,81625
2025-08-08,1.34406,1.3458700000000001,1.34179,1.34473,69045
2025-08-11,1.34358,1.34767,1.33991,1.3431600000000001,61056
2025-08-12,1.3431199999999999,1.3523800000000001,1.3418999999999999,1.34994,81982
2025-08-13,1.34975,1.3585,1.34917,1.35768,65965
2025-08-14,1.35738,1.35948,1.35209,1.3529499999999999,74028
2025-08-15,1.35281,1.3575,1.3522,1.35548,58561
2025-08-18,1.3545,1.35653,1.35018,1.3503,58060
2025-08-19,1.35026,1.35312,1.34778,1.34921,61270
2025-08-20,1.3489900000000001,1.35095,1.34477,1.34545,67668
2025-08-21,1.34559,1.34829,1.34057,1.3413,67910
2025-08-22,1.34105,1.35442,1.33906,1.35282,75119
2025-08-25,1.35095,1.35274,1.3446,1.34518,64050
2025-08-26,1.34524,1.34931,1.34348,1.34772,82501
2025-08-27,1.34776,1.3502100000000001,1.34166,1.34982,67937
2025-08-28,1.34952,1.35307,1.34829,1.35115,68007
2025-08-29,1.3511600000000001,1.35169,1.34464,1.35,71516
2025-09-01,1.34881,1.355,1.34875,1.35439,54829
2025-09-02,1.35429,1.35496,1.33403,1.3394,91198
2025-09-03,1.33884,1.34585,1.3333300000000001,1.34456,78058
2025-09-04,1.34435,1.34592,1.34164,1.34352,70637
2025-09-05,1.34327,1.35548,1.34212,1.35047,83313
2025-09-08,1.34955,1.35564,1.34824,1.3544,74575
2025-09-09,1.3544399999999999,1.35906,1.3518,1.35269,75608
2025-09-10,1.35255,1.35647,1.35131,1.35305,76269
2025-09-11,1.35276,1.35829,1.34938,1.3572,79438
2025-09-12,1.35708,1.35806,1.35243,1.35569,75573
2025-09-15,1.35465,1.36199,1.35412,1.35977,76202
2025-09-16,1.35986,1.36719,1.35944,1.36449,73016
2025-09-17,1.36452,1.37265,1.36196,1.36229,69233
2025-09-18,1.36232,1.36606,1.35341,1.35524,82686
2025-09-19,1.35526,1.35595,1.34631,1.34704,92547
2025-09-22,1.34632,1.3520400000000001,1.34531,1.35119,78103
2025-09-23,1.35122,1.35366,1.3487,1.35245,93413
2025-09-24,1.35241,1.35286,1.34266,1.3447,79267
2025-09-25,1.34457,1.3467,1.33236,1.33418,92397
2025-09-26,1.33406,1.34131,1.33293,1.33997,80909
2025-09-29,1.3385799999999999,1.3457,1.33857,1.34306,76826
2025-09-30,1.34238,1.3467,1.3413599999999999,1.34439,80347
2025-10-01,1.34442,1.35275,1.34348,1.34762,93421
2025-10-02,1.34754,1.35104,1.34009,1.34384,75556
2025-10-03,1.34372,1.34866,1.34289,1.34781,73301
2025-10-06,1.3431,1.349,1.34166,1.34844,93780
2025-10-07,1.34849,1.34872,1.33921,1.34225,79482
2025-10-08,1.34186,1.34386,1.3371,1.34029,85084
2025-10-09,1.34024,1.3419400000000001,1.32797,1.33017,95790
2025-10-10,1.3299699999999999,1.33704,1.32617,1.33488,100637
2025-10-13,1.3344,1.3366500000000001,1.33151,1.3333,89486
2025-10-14,1.33317,1.33527,1.32486,1.3318400000000001,106059
2025-10-15,1.33152,1.34078,1.3314599999999999,1.34029,88788
2025-10-16,1.34003,1.34547,1.33876,1.34353,96762
2025-10-17,1.34327,1.34717,1.33911,1.34241,86383
2025-10-20,1.34254,1.34433,1.34001,1.34036,62372
2025-10-21,1.3404,1.3416299999999999,1.33612,1.3369,78593
2025-10-22,1.33683,1.33872,1.3305799999999999,1.33555,75474
2025-10-23,1.33537,1.336,1.33079,1.33254,53882
2025-10-24,1.33249,1.33592,1.32876,1.33101,72817
2025-10-27,1.33162,1.33533,1.33105,1.33344,61635
2025-10-28,1.33351,1.337,1.3247499999999999,1.32694,71952
2025-10-29,1.32686,1.3280699999999999,1.31405,1.31941,84633
2025-10-30,1.31937,1.32191,1.31165,1.31491,80110
2025-10-31,1.31443,1.31651,1.30971,1.31486,63122
2025-11-03,1.31258,1.31625,1.31083,1.31385,56977
2025-11-04,1.31391,1.3140399999999999,1.30102,1.30196,65658
2025-11-05,1.3020399999999999,1.30544,1.30103,1.3051599999999999,59690
2025-11-06,1.30496,1.31427,1.30414,1.31368,66674
2025-11-07,1.3134299999999999,1.31748,1.30948,1.3161100000000001,65901
2025-11-10,1.3145,1.31912,1.31365,1.3174000000000001,66273
2025-11-11,1.31731,1.31846,1.31168,1.3149,68551
2025-11-12,1.3149,1.316,1.3084500000000001,1.31326,62005
2025-11-13,1.31325,1.32158,1.31006,1.3189899999999999,78461
2025-11-14,1.31868,1.32007,1.31081,1.3168199999999999,81386
2025-11-17,1.31475,1.31933,1.3136,1.31534,62921
2025-11-18,1.31532,1.31771,1.3134000000000001,1.31447,77106
2025-11-19,1.31424,1.31558,1.30437,1.3058100000000001,75560
2025-11-20,1.30572,1.31241,1.30381,1.30721,75853
2025-11-21,1.30714,1.31087,1.3038699999999999,1.31005,91565
2025-11-24,1.30941,1.31179,1.30808,1.3104,72925
2025-11-25,1.31042,1.32144,1.30957,1.31644,77722
2025-11-26,1.31647,1.3243800000000001,1.31244,1.32428,89298
2025-11-27,1.32376,1.3268499999999999,1.32102,1.32389,53371
2025-11-28,1.32356,1.32546,1.32012,1.32364,136636
2025-12-01,1.32243,1.3275299999999999,1.32056,1.3212,86911
2025-12-02,1.32118,1.32218,1.3179699999999999,1.32119,61764
2025-12-03,1.32063,1.33534,1.3197999999999999,1.33525,62433
2025-12-04,1.3351600000000001,1.33852,1.33208,1.3326500000000001,61310
2025-12-05,1.33234,1.33624,1.33159,1.3329900000000001,61749
2025-12-08,1.3321,1.33469,1.3305799999999999,1.33213,66578
2025-12-09,1.33205,1.33562,1.32871,1.32977,71465
2025-12-10,1.32934,1.33888,1.32926,1.338,79676
2025-12-11,1.33811,1.34383,1.3354599999999999,1.33862,77359
2025-12-12,1.33837,1.33999,1.33422,1.3367200000000001,71795
2025-12-15,1.33712,1.34015,1.3354300000000001,1.33768,65894
2025-12-16,1.33732,1.3456000000000001,1.3355299999999999,1.34193,91936
2025-12-17,1.34172,1.34271,1.33117,1.33746,78694
2025-12-18,1.33753,1.34464,1.33378,1.33816,81211
2025-12-19,1.3378999999999999,1.33942,1.33571,1.33737,75734
2025-12-22,1.3377,1.34776,1.33716,1.3462100000000001,73247
2025-12-23,1.34592,1.35236,1.3446799999999999,1.35168,79744
2025-12-24,1.35135,1.35341,1.3491900000000001,1.35031,87327
2025-12-26,1.35221,1.35273,1.34774,1.34947,79242
2025-12-29,1.34835,1.35155,1.34691,1.35131,80249
2025-12-30,1.35094,1.35307,1.3449499999999999,1.3467799999999999,63797
2025-12-31,1.34662,1.34837,1.34016,1.34729,71923
2026-01-02,1.34643,1.3502,1.3433899999999999,1.3458700000000001,65587
2026-01-05,1.34455,1.35484,1.34141,1.35419,82680
2026-01-06,1.35409,1.35678,1.34916,1.3501699999999999,75175
2026-01-07,1.34998,1.3517000000000001,1.3455599999999999,1.34566,71943
2026-01-08,1.34549,1.34656,1.34157,1.34399,67520
2026-01-09,1.34348,1.3451,1.33925,1.3397700000000001,81092
2026-01-12,1.3394300000000001,1.34859,1.33906,1.34641,71624
2026-01-13,1.34595,1.34947,1.34206,1.3421,71596
2026-01-14,1.3421,1.34643,1.34185,1.34467,63700
2026-01-15,1.34381,1.3445,1.33627,1.33816,63778
2026-01-16,1.33768,1.34132,1.33661,1.33756,60147
2026-01-19,1.33441,1.3435000000000001,1.33404,1.3425,58640
2026-01-20,1.34192,1.34916,1.3409,1.34419,82674
2026-01-21,1.3436,1.34592,1.34013,1.34301,81179
2026-01-22,1.34246,1.35071,1.34013,1.3501,73791
2026-01-23,1.3493,1.36457,1.34824,1.36419,83689
2026-01-26,1.36612,1.37131,1.36429,1.36776,93120
2026-01-27,1.36756,1.38692,1.3664,1.38473,101291
2026-01-28,1.3841999999999999,1.38476,1.3749500000000001,1.38065,109548
2026-01-29,1.3801700000000001,1.38476,1.37424,1.3809,120266
2026-01-30,1.3801,1.38145,1.36794,1.36841,128608
2026-02-02,1.36876,1.37153,1.3623,1.36681,125918
2026-02-03,1.36624,1.37072,1.36506,1.36977,101951
2026-02-04,1.3691499999999999,1.37332,1.3642400000000001,1.36521,95291
2026-02-05,1.36504,1.36631,1.35176,1.35296,115504
2026-02-06,1.35248,1.36234,1.35086,1.3609200000000001,83322
2026-02-09,1.3593199999999999,1.37003,1.35862,1.3694899999999999,90828
2026-02-10,1.36925,1.36968,1.36376,1.36414,77500
2026-02-11,1.36411,1.37124,1.36096,1.36279,95447
2026-02-12,1.36266,1.36715,1.36046,1.3622,92482
2026-02-13,1.36222,1.36592,1.35904,1.36536,87671
2026-02-16,1.3639000000000001,1.36619,1.36246,1.36286,46156
2026-02-17,1.36257,1.3633,1.34958,1.35669,78463
2026-02-18,1.35626,1.35821,1.34909,1.3491900000000001,63963
2026-02-19,1.34901,1.35167,1.3434,1.34622,73420
2026-02-20,1.34625,1.3515,1.3435000000000001,1.34784,93935
2026-02-23,1.34882,1.35351,1.34756,1.34904,80471
2026-02-24,1.34914,1.35366,1.34699,1.3488,75529
2026-02-25,1.3483,1.35659,1.3483,1.35591,69456
2026-02-26,1.3558,1.35751,1.34453,1.34826,77361
2026-02-27,1.34808,1.35079,1.34396,1.34786,82403
2026-03-02,1.34122,1.34559,1.3314300000000001,1.34049,129662
2026-03-03,1.34039,1.34252,1.32531,1.33552,151594
2026-03-04,1.33508,1.34032,1.33036,1.33705,131087
2026-03-05,1.33704,1.33871,1.32975,1.33562,140407
2026-03-06,1.33538,1.34096,1.33114,1.34081,137648
2026-03-09,1.33362,1.3446,1.32831,1.34414,166276
2026-03-10,1.34299,1.34832,1.3412,1.34162,134349
2026-03-11,1.34167,1.34575,1.33934,1.34123,111189
2026-03-12,1.34104,1.3412899999999999,1.33381,1.33429,111292
2026-03-13,1.3342,1.33696,1.32184,1.3220100000000001,112906
2026-03-16,1.32496,1.33399,1.32196,1.33189,98392
2026-03-17,1.33189,1.33646,1.32735,1.3354599999999999,88287
2026-03-18,1.3354,1.33746,1.32523,1.32561,103478
2026-03-19,1.32549,1.34672,1.32459,1.34302,138398
2026-03-20,1.34294,1.34425,1.32988,1.3343,114946
2026-03-23,1.3304,1.34792,1.32569,1.34239,181513
2026-03-24,1.34256,1.34454,1.33522,1.34097,150153
2026-03-25,1.34077,1.3436,1.33582,1.33647,102405
2026-03-26,1.3363,1.3378,1.33102,1.33285,93776
2026-03-27,1.3326500000000001,1.33474,1.326,1.32679,93046
2026-03-30,1.32566,1.32826,1.31738,1.3183,96461
2026-03-31,1.31843,1.32641,1.31592,1.3225500000000001,112580
2026-04-01,1.32307,1.33463,1.32196,1.3306,98940
2026-04-02,1.32995,1.33209,1.31816,1.3226200000000001,106953
2026-04-03,1.32205,1.32428,1.31863,1.31976,31800
2026-04-06,1.31887,1.32686,1.31781,1.32369,77510
2026-04-07,1.32333,1.3300100000000001,1.32115,1.32926,102725
2026-04-08,1.32859,1.34844,1.32842,1.33941,130996
2026-04-09,1.33901,1.34585,1.33809,1.34355,83184
2026-04-10,1.3433,1.34792,1.34106,1.34605,67474
2026-04-13,1.33859,1.35087,1.3381,1.35053,80650
2026-04-14,1.35049,1.35896,1.3493,1.35645,69980
2026-04-15,1.35632,1.35794,1.35435,1.35603,77223
2026-04-16,1.35567,1.35947,1.35165,1.35259,73956
2026-04-17,1.35254,1.35993,1.35046,1.35165,85950
2026-04-20,1.34803,1.3544399999999999,1.34727,1.35324,85080
2026-04-21,1.35239,1.35397,1.34753,1.35079,89527
2026-04-22,1.35012,1.35355,1.3491900000000001,1.35027,72666
2026-04-23,1.34991,1.35182,1.34476,1.34659,92872
2026-04-24,1.3466,1.35368,1.34534,1.35327,75905
2026-04-27,1.35036,1.35761,1.35005,1.35324,69447
2026-04-28,1.3532600000000001,1.35413,1.3463,1.35169,79206
2026-04-29,1.35134,1.3528,1.34576,1.3475,81804
2026-04-30,1.34729,1.36123,1.34541,1.36025,118865
2026-05-01,1.36017,1.36579,1.35682,1.35736,80239
2026-05-04,1.35898,1.36035,1.35124,1.35304,92234
2026-05-05,1.3529499999999999,1.3578299999999999,1.35137,1.35378,73746
2026-05-06,1.35379,1.3643399999999999,1.35338,1.35931,100116
2026-05-07,1.35911,1.36324,1.35464,1.35492,89525
2026-05-08,1.3553,1.3636300000000001,1.3546,1.36301,73991
2026-05-11,1.35495,1.3653,1.35494,1.3609200000000001,74557
2026-05-12,1.3609,1.361,1.35004,1.35405,90527
2026-05-13,1.35375,1.35513,1.34847,1.3523100000000001,81458
2026-05-14,1.35208,1.35327,1.3395000000000001,1.34006,75901
2026-05-15,1.3400699999999999,1.34039,1.33152,1.3322,99335
2026-05-18,1.33186,1.34497,1.3302399999999999,1.34329,104786
2026-05-19,1.34317,1.34374,1.33784,1.3394,93627
2026-05-20,1.33938,1.34634,1.3373300000000001,1.34335,104510
2026-05-21,1.34321,1.34546,1.33887,1.34288,100325
2026-05-22,1.34283,1.34629,1.3413300000000001,1.34311,79320
2026-05-25,1.34536,1.35091,1.34476,1.35061,46648
2026-05-26,1.3501,1.35054,1.3434599999999999,1.34463,73953
2026-05-27,1.34453,1.3458999999999999,1.3416299999999999,1.34268,75483
2026-05-28,1.34118,1.34511,1.3367499999999999,1.34428,86908
2026-05-29,1.34429,1.34854,1.34084,1.34539,79790
2026-06-01,1.34516,1.3476,1.3406799999999999,1.34545,78985
2026-06-02,1.34513,1.34816,1.3449900000000001,1.34634,67546
2026-06-03,1.34646,1.3472,1.34119,1.34165,75585
2026-06-04,1.3415300000000001,1.34623,1.34108,1.34233,74625
2026-06-05,1.34225,1.34833,1.3330199999999999,1.33337,88851
2026-06-08,1.33271,1.33697,1.33059,1.33375,98825
2026-06-09,1.33385,1.34108,1.33308,1.33782,89986
2026-06-10,1.33737,1.34234,1.33625,1.33673,104122
2026-06-11,1.3366799999999999,1.34336,1.33246,1.3415,107040
2026-06-12,1.3415,1.34265,1.33836,1.34035,97432
2026-06-15,1.34021,1.34611,1.33992,1.34115,69733
2026-06-16,1.3412,1.34432,1.33905,1.34264,67794
2026-06-17,1.3425500000000001,1.3433899999999999,1.32622,1.32935,77959
2026-06-18,1.32882,1.33249,1.31932,1.32043,91450
2026-06-19,1.31972,1.32405,1.31631,1.32245,66001
2026-06-22,1.31853,1.32733,1.31834,1.32497,78666
2026-06-23,1.32467,1.32531,1.31823,1.32026,76874
2026-06-24,1.3203,1.3209,1.3140100000000001,1.31674,84148
2026-06-25,1.31653,1.32191,1.31513,1.31898,85348
2026-06-26,1.31895,1.3231899999999999,1.31803,1.3194,84966
2026-06-29,1.32013,1.32625,1.31887,1.3259,60689
2026-06-30,1.32562,1.32766,1.32119,1.32609,74653
2026-07-01,1.32522,1.32919,1.3219,1.3275299999999999,74300
2026-07-02,1.3274,1.3384800000000001,1.32652,1.33468,92373
2026-07-03,1.3345099999999999,1.33812,1.33347,1.3349,66139
2026-07-06,1.33441,1.33969,1.33287,1.33891,62315
2026-07-07,1.33869,1.34018,1.33488,1.3358400000000001,66670
2026-07-08,1.33587,1.3410199999999999,1.33221,1.33881,91725
2026-07-09,1.33874,1.3430900000000001,1.33798,1.34083,62795
2026-07-10,1.34063,1.34517,1.33922,1.33974,71322
2026-07-13,1.3385,1.34116,1.3342399999999999,1.3346,93907
2026-07-14,1.33443,1.34425,1.33415,1.33906,95940
2026-07-15,1.33842,1.3558,1.33749,1.35385,78201
2026-07-16,1.35384,1.3544800000000001,1.3459699999999999,1.34789,71598
2026-07-17,1.34762,1.3480699999999999,1.34262,1.34545,77529
2026-07-20,1.34481,1.34811,1.34127,1.34302,65574
2026-07-21,1.34307,1.34555,1.33599,1.33741,64527
2026-07-22,1.33748,1.3395000000000001,1.3355000000000001,1.33747,70816
2026-07-23,1.33758,1.33932,1.32988,1.33138,81829
2026-07-24,1.33124,1.33488,1.33002,1.33206,70930
2026-07-27,1.33253,1.33637,1.32843,1.3287900000000001,84316
2026-07-28,1.32877,1.33112,1.32735,1.32889,69910
2026-07-29,1.32885,1.33874,1.3278699999999999,1.33679,89122
2026-07-30,1.33684,1.34768,1.33331,1.34639,100589
2026-07-31,1.3465,1.34943,1.34003,1.34818,103731
2026-08-03,1.34909,1.3506,1.34173,1.34334,87174
2026-08-04,1.34211,1.34561,1.34196,1.34523,76241
2026-08-05,1.34505,1.3486099999999999,1.34401,1.34676,75339
2026-08-06,1.34671,1.34793,1.34485,1.34535,66076
2026-08-07,1.34525,1.35089,1.3434300000000001,1.3491900000000001,74943
2026-08-10,1.34928,1.35303,1.34794,1.3507500000000001,61481
2026-08-11,1.35072,1.35158,1.34921,1.35077,59669
2026-08-12,1.35002,1.35443,1.34878,1.3495,63545
2026-08-13,1.34945,1.3513,1.34744,1.34864,61585
2026-08-14,1.34849,1.35618,1.34798,1.35323,65283
2026-08-17,1.35378,1.35713,1.35285,1.35419,64154
2026-08-18,1.35436,1.35541,1.35195,1.35314,65687
2026-08-19,1.35325,1.36304,1.35236,1.36056,83995
2026-08-20,1.36055,1.36594,1.35947,1.3630200000000001,83748
2026-08-21,1.363,1.36756,1.36184,1.36422,79658
2026-08-24,1.3624100000000001,1.36561,1.36211,1.3630200000000001,76977
2026-08-25,1.363,1.36547,1.3622,1.36474,65706
2026-08-26,1.36473,1.36502,1.35831,1.3596599999999999,57531
2026-08-27,1.35924,1.36026,1.35708,1.35926,63473
2026-08-28,1.35921,1.35985,1.35271,1.35318,66333
2026-08-31,1.3531,1.35653,1.35279,1.3548200000000001,67478
2026-09-01,1.35474,1.35596,1.35061,1.35156,70350
2026-09-02,1.3515,1.35189,1.34747,1.34835,84323
2026-09-03,1.34837,1.35481,1.34784,1.35237,91338
2026-09-04,1.35247,1.35492,1.34829,1.35148,79876
2026-09-07,1.35128,1.35477,1.35054,1.35402,50935
2026-09-08,1.35398,1.3562,1.35215,1.35393,72406
2026-09-09,1.35407,1.3568,1.35304,1.35463,74765
2026-09-10,1.35411,1.35602,1.34913,1.3510900000000001,79345
2026-09-11,1.35104,1.35348,1.34818,1.35257,93084
2026-09-14,1.35216,1.35286,1.3464,1.35001,82297
2026-09-15,1.34967,1.3504800000000001,1.34642,1.3476,65282
2026-09-16,1.34768,1.34949,1.33723,1.33795,76631
2026-09-17,1.33778,1.34063,1.33364,1.33582,72364
2026-09-18,1.3357700000000001,1.33983,1.33356,1.33929,67101
2026-09-21,1.33846,1.34002,1.33652,1.33676,59274
2026-09-22,1.3366,1.33872,1.33215,1.33435,75141
2026-09-23,1.33423,1.3345799999999999,1.32236,1.32397,74121
2026-09-24,1.32368,1.32559,1.32044,1.32181,87633
2026-09-25,1.3218,1.32636,1.32084,1.32422,75126
2026-09-28,1.32216,1.328,1.3219400000000001,1.3254299999999999,82822
2026-09-29,1.3254299999999999,1.32581,1.32023,1.32308,80224
2026-09-30,1.32311,1.33109,1.3222800000000001,1.3263099999999999,84188
2026-10-01,1.3262800000000001,1.32727,1.31809,1.31949,101362
2026-10-02,1.31932,1.32559,1.31815,1.32368,94375
