time,open,high,low,close,volume
2015-01-02,0.77566,0.7763,0.76876,0.76931,50578
2015-01-05,0.7683,0.77181,0.76174,0.76821,81526
2015-01-06,0.76821,0.78084,0.7677,0.77574,88798
2015-01-07,0.77573,0.7793,0.77123,0.77794,85349
2015-01-08,0.77788,0.78279,0.77608,0.782,80293
2015-01-09,0.782,0.78473,0.77879,0.78293,82389
2015-01-12,0.78467,0.78634,0.77358,0.77787,78119
2015-01-13,0.77788,0.77991,0.77109,0.7734,89381
2015-01-14,0.77338,0.77776,0.76886,0.77118,96795
2015-01-15,0.77118,0.78883,0.76953,0.78196,106429
2015-01-16,0.78195,0.78545,0.77455,0.77818,82785
2015-01-19,0.77806,0.7807,0.77676,0.77757,49101
2015-01-20,0.7778,0.778,0.76209,0.76329,41405
2015-01-21,0.76342,0.7707,0.75482,0.75491,51347
2015-01-22,0.75514,0.75818,0.74786,0.74985,50352
2015-01-23,0.75001,0.75256,0.74301,0.74455,49076
2015-01-26,0.7436,0.74678,0.73964,0.74224,39099
2015-01-27,0.74235,0.74769,0.74067,0.74478,47265
2015-01-28,0.74441,0.74933,0.73125,0.7313,57380
2015-01-29,0.73142,0.73458,0.72318,0.72597,41521
2015-01-30,0.72629,0.72935,0.72138,0.72491,34696
2015-02-02,0.72504,0.73228,0.72434,0.73014,56754
2015-02-03,0.73023,0.74364,0.71754,0.7357,76948
2015-02-04,0.73562,0.74481,0.72874,0.73629,66763
2015-02-05,0.7363,0.74264,0.73408,0.73933,66451
2015-02-06,0.73921,0.74432,0.73322,0.7359,58927
2015-02-09,0.73571,0.74387,0.73402,0.74079,57851
2015-02-10,0.74078,0.74387,0.73834,0.74006,61509
2015-02-11,0.74007,0.74457,0.73508,0.73638,54630
2015-02-12,0.73637,0.74847,0.73131,0.74226,69398
2015-02-13,0.74226,0.74714,0.74112,0.74527,53757
2015-02-16,0.74777,0.75281,0.74693,0.74977,64185
2015-02-17,0.74978,0.75531,0.74812,0.75358,68979
2015-02-18,0.75357,0.75641,0.75015,0.75414,67101
2015-02-19,0.7542,0.75719,0.75063,0.75156,62122
2015-02-20,0.75158,0.75531,0.75118,0.75219,58883
2015-02-23,0.75254,0.75468,0.74867,0.75214,57498
2015-02-24,0.75215,0.75343,0.74219,0.74888,61541
2015-02-25,0.74895,0.75622,0.74741,0.75539,60144
2015-02-26,0.75525,0.76127,0.75155,0.75317,60729
2015-02-27,0.75318,0.757,0.75144,0.75603,57588
2015-03-02,0.75495,0.75616,0.75027,0.75059,50625
2015-03-03,0.75061,0.7573,0.75011,0.75467,52823
2015-03-04,0.75451,0.76093,0.75416,0.75863,53920
2015-03-05,0.75859,0.75959,0.74533,0.74783,56814
2015-03-06,0.74781,0.75135,0.73567,0.73601,55252
2015-03-09,0.73691,0.73898,0.7322,0.73523,46540
2015-03-10,0.73523,0.73579,0.72531,0.72704,70779
2015-03-11,0.72697,0.73056,0.71876,0.72754,68389
2015-03-12,0.72757,0.74424,0.72725,0.73857,69526
2015-03-13,0.73864,0.74076,0.7312,0.73185,56008
2015-03-16,0.73253,0.74091,0.73164,0.73677,56700
2015-03-17,0.73681,0.74037,0.72999,0.73172,57743
2015-03-18,0.73162,0.75467,0.72744,0.74679,65002
2015-03-19,0.74681,0.75374,0.73717,0.74114,84103
2015-03-20,0.74111,0.7591,0.74097,0.75642,62473
2015-03-23,0.75882,0.76742,0.75478,0.76523,68677
2015-03-24,0.76519,0.76957,0.76113,0.76392,63070
2015-03-25,0.76392,0.76909,0.75858,0.76076,56834
2015-03-26,0.7608,0.7663,0.75546,0.75917,77859
2015-03-27,0.75919,0.75976,0.75424,0.75652,67545
2015-03-30,0.75515,0.75655,0.74858,0.74947,61003
2015-03-31,0.7507,0.75097,0.74554,0.74664,53951
2015-04-01,0.74635,0.74897,0.73904,0.74511,57957
2015-04-02,0.74503,0.75158,0.74238,0.75068,64946
2015-04-03,0.75066,0.7629,0.74957,0.76082,32688
2015-04-06,0.76082,0.7622,0.75169,0.75375,29076
2015-04-07,0.75383,0.75595,0.74858,0.74917,57948
2015-04-08,0.74877,0.76074,0.74857,0.75505,62744
2015-04-09,0.75653,0.76069,0.75256,0.75633,55980
2015-04-10,0.75634,0.75974,0.75134,0.75374,51053
2015-04-13,0.75374,0.75374,0.74213,0.74523,54434
2015-04-14,0.74517,0.75528,0.74376,0.75178,63805
2015-04-15,0.7518,0.76177,0.74866,0.75945,65760
2015-04-16,0.75945,0.76973,0.75779,0.76702,83791
2015-04-17,0.76702,0.77395,0.76447,0.76807,73754
2015-04-20,0.76807,0.77232,0.76417,0.76631,59826
2015-04-21,0.76631,0.77122,0.76338,0.76644,80207
2015-04-22,0.76644,0.77368,0.76564,0.76667,89045
2015-04-23,0.76667,0.76667,0.75358,0.75926,99581
2015-04-24,0.75926,0.76092,0.75422,0.75945,88899
2015-04-27,0.75844,0.76651,0.75807,0.76411,83262
2015-04-28,0.76422,0.77403,0.76157,0.77177,99899
2015-04-29,0.77188,0.77435,0.76705,0.7691,115314
2015-04-30,0.76445,0.76445,0.75743,0.76112,128101
2015-05-01,0.76152,0.76237,0.7506,0.75364,89281
2015-05-04,0.75267,0.75565,0.75072,0.75343,47137
2015-05-05,0.75286,0.7577,0.74896,0.75586,18240
2015-05-06,0.7557,0.7567,0.74591,0.7494,34158
2015-05-07,0.7495,0.7527,0.74248,0.74465,16397
2015-05-08,0.74459,0.74995,0.7421,0.74878,20767
2015-05-11,0.74523,0.74576,0.73315,0.7332,50151
2015-05-12,0.73326,0.7401,0.73276,0.73596,81474
2015-05-13,0.73593,0.75052,0.7317,0.74813,85593
2015-05-14,0.74811,0.75632,0.74746,0.74946,102509
2015-05-15,0.74945,0.75011,0.74285,0.74605,73870
2015-05-18,0.74494,0.74574,0.73695,0.73869,60506
2015-05-19,0.73877,0.74426,0.73355,0.73422,95657
2015-05-20,0.73422,0.73701,0.72803,0.73041,107042
2015-05-21,0.73043,0.73478,0.72909,0.73472,97461
2015-05-22,0.73477,0.73936,0.72955,0.73024,96408
2015-05-25,0.73092,0.73144,0.7291,0.7307,66650
2015-05-26,0.73072,0.73204,0.72199,0.72243,94071
2015-05-27,0.72266,0.72669,0.72107,0.7263,94601
2015-05-28,0.72655,0.72695,0.71271,0.7174,115196
2015-05-29,0.71715,0.71931,0.70798,0.70986,98299
2015-06-01,0.70845,0.71482,0.70809,0.70854,95135
2015-06-02,0.70851,0.72003,0.70841,0.71792,152929
2015-06-03,0.71795,0.7191,0.71169,0.71505,95774
2015-06-04,0.71493,0.71677,0.71029,0.71286,30201
2015-06-05,0.7128,0.71475,0.70241,0.70444,129348
2015-06-08,0.70436,0.71563,0.70393,0.71424,106613
2015-06-09,0.71331,0.71791,0.70862,0.713,122864
2015-06-10,0.71315,0.72309,0.71064,0.7194,152035
2015-06-11,0.71972,0.71972,0.69652,0.70095,122874
2015-06-12,0.70097,0.70262,0.69416,0.69842,44133
2015-06-15,0.69841,0.7008,0.69591,0.69965,65200
2015-06-16,0.69977,0.70079,0.69718,0.69855,82579
2015-06-17,0.69852,0.70113,0.6878,0.69852,111962
2015-06-18,0.69841,0.69899,0.68794,0.69251,123024
2015-06-19,0.6924,0.6938,0.68891,0.69083,89449
2015-06-22,0.69022,0.69294,0.68614,0.68618,91241
2015-06-23,0.68616,0.68738,0.68143,0.68514,101523
2015-06-24,0.68515,0.69065,0.68446,0.68873,103104
2015-06-25,0.68842,0.69233,0.68764,0.69029,99196
2015-06-26,0.69077,0.69081,0.68172,0.68364,89975
2015-06-29,0.68204,0.68816,0.6784,0.68489,115368
2015-06-30,0.68486,0.68513,0.67469,0.67631,111467
2015-07-01,0.67622,0.68096,0.6729,0.67325,98535
2015-07-02,0.67323,0.67349,0.6662,0.67181,95898
2015-07-03,0.67178,0.67311,0.66764,0.66829,77586
2015-07-06,0.66641,0.67134,0.6647,0.66845,81675
2015-07-07,0.66846,0.66846,0.66189,0.6646,107828
2015-07-08,0.66459,0.67491,0.66211,0.67258,122257
2015-07-09,0.67257,0.67534,0.66975,0.67375,89223
2015-07-10,0.67381,0.67703,0.66831,0.67102,80948
2015-07-13,0.67008,0.67517,0.66795,0.66906,104134
2015-07-14,0.66902,0.67414,0.66658,0.67076,82134
2015-07-15,0.6708,0.67217,0.65817,0.65875,108413
2015-07-16,0.65875,0.66012,0.64969,0.65106,104942
2015-07-17,0.65106,0.65549,0.65059,0.65259,84697
2015-07-20,0.65147,0.66001,0.65036,0.65613,101755
2015-07-21,0.65611,0.66534,0.65547,0.66228,155913
2015-07-22,0.66259,0.66442,0.65594,0.65742,201939
2015-07-23,0.65739,0.6694,0.65606,0.66057,153287
2015-07-24,0.66047,0.66233,0.65543,0.65729,108255
2015-07-27,0.65667,0.66382,0.65653,0.66025,115953
2015-07-28,0.66022,0.67076,0.6596,0.66895,129089
2015-07-29,0.66885,0.67379,0.66556,0.66637,136220
2015-07-30,0.66589,0.66675,0.65653,0.6602,130199
2015-07-31,0.6598,0.66728,0.65343,0.6591,138198
2015-08-03,0.66009,0.66123,0.65564,0.65617,131609
2015-08-04,0.65623,0.66153,0.65241,0.65376,150905
2015-08-05,0.65357,0.65643,0.64898,0.65095,137950
2015-08-06,0.65047,0.6557,0.65046,0.6552,127847
2015-08-07,0.6546,0.66361,0.65282,0.6619,109784
2015-08-10,0.66126,0.66259,0.65556,0.66121,68143
2015-08-11,0.66138,0.66319,0.65191,0.6528,88455
2015-08-12,0.65303,0.66486,0.64666,0.66141,100982
2015-08-13,0.66143,0.66402,0.65497,0.65637,80624
2015-08-14,0.65655,0.65715,0.65131,0.6532,92807
2015-08-17,0.65325,0.6583,0.65258,0.65653,116959
2015-08-18,0.65658,0.66043,0.65555,0.65956,129979
2015-08-19,0.65952,0.66228,0.65491,0.65944,147415
2015-08-20,0.66013,0.6646,0.65778,0.66208,136544
2015-08-21,0.66233,0.67075,0.66059,0.66832,133603
2015-08-24,0.66585,0.66852,0.6084,0.64708,149457
2015-08-25,0.64707,0.65604,0.64282,0.6465,127059
2015-08-26,0.64657,0.6512,0.64082,0.64256,113777
2015-08-27,0.64267,0.64893,0.64236,0.64613,113799
2015-08-28,0.64618,0.65046,0.64351,0.64567,91860
2015-08-31,0.64598,0.64663,0.6319,0.63381,92901
2015-09-01,0.63315,0.63884,0.63154,0.63284,113098
2015-09-02,0.63302,0.63683,0.63109,0.63457,102163
2015-09-03,0.63449,0.64136,0.63294,0.63971,114117
2015-09-04,0.63938,0.6402,0.62687,0.62814,99663
2015-09-07,0.62995,0.62997,0.62432,0.62551,86568
2015-09-08,0.62577,0.63547,0.62566,0.634,90060
2015-09-09,0.63371,0.64241,0.63363,0.63871,100772
2015-09-10,0.63295,0.6351,0.6255,0.62875,112204
2015-09-11,0.6281,0.63263,0.6281,0.6313,78603
2015-09-14,0.63041,0.63435,0.62971,0.63292,79958
2015-09-15,0.63269,0.63682,0.62919,0.63545,82475
2015-09-16,0.63566,0.63778,0.63323,0.63646,88419
2015-09-17,0.63618,0.64449,0.63107,0.63478,101794
2015-09-18,0.63443,0.64566,0.6337,0.63947,102253
2015-09-21,0.63892,0.63993,0.62982,0.6315,91672
2015-09-22,0.63132,0.63313,0.62706,0.62912,80470
2015-09-23,0.62894,0.63042,0.62354,0.62722,85193
2015-09-24,0.6276,0.63729,0.62619,0.63526,93272
2015-09-25,0.63508,0.63894,0.62957,0.63812,85567
2015-09-28,0.63598,0.64017,0.63241,0.63241,101016
2015-09-29,0.63247,0.63925,0.6288,0.63452,102945
2015-09-30,0.63399,0.6406,0.63388,0.63964,98068
2015-10-01,0.63966,0.64487,0.63851,0.63965,99123
2015-10-02,0.63957,0.64548,0.63826,0.64432,98374
2015-10-05,0.64573,0.65305,0.64363,0.64883,119235
2015-10-06,0.64856,0.65553,0.64777,0.65404,110306
2015-10-07,0.65414,0.66465,0.6535,0.66069,104599
2015-10-08,0.66076,0.66986,0.65845,0.66667,112409
2015-10-09,0.66652,0.67205,0.66547,0.66918,112043
2015-10-12,0.66778,0.67393,0.66714,0.67153,86954
2015-10-13,0.67149,0.67153,0.66177,0.66398,99650
2015-10-14,0.66389,0.68138,0.66174,0.67851,113164
2015-10-15,0.67855,0.68965,0.67825,0.68503,113406
2015-10-16,0.68501,0.68704,0.67833,0.6803,110755
2015-10-19,0.67984,0.6819,0.67817,0.67876,89437
2015-10-20,0.67866,0.6845,0.67347,0.67517,85962
2015-10-21,0.67517,0.6758,0.66973,0.67045,95749
2015-10-22,0.67024,0.68205,0.66998,0.67917,104254
2015-10-23,0.67884,0.68645,0.67347,0.67488,103501
2015-10-26,0.67449,0.68046,0.67395,0.6773,103729
2015-10-27,0.6773,0.68118,0.67552,0.6767,99726
2015-10-28,0.67668,0.67753,0.66208,0.66824,112558
2015-10-29,0.66827,0.67125,0.66474,0.66914,108733
2015-10-30,0.66916,0.67909,0.66886,0.67719,110241
2015-11-02,0.67341,0.67847,0.67237,0.67431,107658
2015-11-03,0.67416,0.67781,0.66508,0.66583,123082
2015-11-04,0.66567,0.66669,0.65727,0.65915,127340
2015-11-05,0.65895,0.66415,0.65799,0.66093,126825
2015-11-06,0.6608,0.66245,0.64976,0.65206,129738
2015-11-09,0.65115,0.65659,0.65115,0.65321,94155
2015-11-10,0.65308,0.65552,0.64997,0.65313,86467
2015-11-11,0.65266,0.65871,0.65183,0.65552,88979
2015-11-12,0.65545,0.65771,0.64995,0.65396,114240
2015-11-13,0.654,0.6553,0.65082,0.65333,81489
2015-11-16,0.65424,0.65465,0.6468,0.64927,82937
2015-11-17,0.64898,0.64949,0.64515,0.64686,93616
2015-11-18,0.64681,0.64891,0.64278,0.64709,97006
2015-11-19,0.64693,0.65919,0.64647,0.65632,110931
2015-11-20,0.65637,0.66043,0.65504,0.65606,105360
2015-11-23,0.65557,0.65604,0.64922,0.65182,97597
2015-11-24,0.65189,0.65582,0.6502,0.65537,98182
2015-11-25,0.65511,0.65818,0.65458,0.65773,107509
2015-11-26,0.65776,0.65955,0.65615,0.65699,81147
2015-11-27,0.65687,0.65772,0.65198,0.65293,85323
2015-11-30,0.65342,0.65899,0.65135,0.65823,84343
2015-12-01,0.65841,0.66871,0.65809,0.6675,120169
2015-12-02,0.66733,0.66792,0.66123,0.66383,125628
2015-12-03,0.66363,0.67048,0.66071,0.66862,143812
2015-12-04,0.66861,0.67865,0.6634,0.67442,136123
2015-12-07,0.67376,0.67405,0.66263,0.66398,108351
2015-12-08,0.66384,0.66572,0.66105,0.66414,105800
2015-12-09,0.66297,0.67585,0.65744,0.67192,113834
2015-12-10,0.67082,0.67811,0.67078,0.6752,126276
2015-12-11,0.6746,0.67807,0.67021,0.67132,98465
2015-12-14,0.67034,0.67891,0.66903,0.67551,102447
2015-12-15,0.67551,0.68247,0.67399,0.67632,116364
2015-12-16,0.67616,0.68338,0.67132,0.6795,125315
2015-12-17,0.67876,0.67995,0.66871,0.66995,115923
2015-12-18,0.66944,0.67514,0.66802,0.67246,102675
2015-12-21,0.67211,0.67791,0.67197,0.67592,60581
2015-12-22,0.67596,0.68352,0.67569,0.6805,84519
2015-12-23,0.68031,0.68281,0.67607,0.6792,73247
2015-12-24,0.67701,0.68409,0.67689,0.68357,33450
2015-12-28,0.68287,0.68521,0.68233,0.68441,37742
2015-12-29,0.68446,0.68821,0.68375,0.68674,51961
2015-12-30,0.68664,0.68712,0.68291,0.68375,66821
2015-12-31,0.68378,0.68662,0.68301,0.6838,51490
2016-01-04,0.68278,0.68343,0.67183,0.67491,86945
2016-01-05,0.67475,0.67567,0.66758,0.67028,86357
2016-01-06,0.67016,0.67072,0.66249,0.66366,110449
2016-01-07,0.66377,0.66657,0.65896,0.66231,117921
2016-01-08,0.66231,0.66779,0.65392,0.65427,113602
2016-01-11,0.65179,0.65789,0.65084,0.65573,96606
2016-01-12,0.65555,0.65676,0.65141,0.65322,101678
2016-01-13,0.65308,0.65899,0.65101,0.65107,99298
2016-01-14,0.65133,0.65145,0.64179,0.6471,113709
2016-01-15,0.64681,0.64904,0.63803,0.64612,116693
2016-01-18,0.64007,0.64788,0.64007,0.64489,100088
2016-01-19,0.64497,0.65126,0.64009,0.64076,124250
2016-01-20,0.64038,0.64363,0.63462,0.64284,125512
2016-01-21,0.64246,0.65578,0.64101,0.65281,125851
2016-01-22,0.65259,0.65499,0.64655,0.64862,99712
2016-01-25,0.64863,0.65321,0.64488,0.6452,102169
2016-01-26,0.64505,0.65108,0.6424,0.64963,103405
2016-01-27,0.64962,0.65302,0.6416,0.64298,139377
2016-01-28,0.64281,0.65129,0.64172,0.64802,128259
2016-01-29,0.64788,0.65424,0.64576,0.64774,125806
2016-02-01,0.64824,0.65571,0.64476,0.65446,102196
2016-02-02,0.65447,0.65531,0.64613,0.65124,112238
2016-02-03,0.65114,0.66966,0.65058,0.666,126906
2016-02-04,0.66596,0.67465,0.66403,0.67206,121269
2016-02-05,0.672,0.67523,0.66144,0.66206,110156
2016-02-08,0.66144,0.66584,0.65917,0.66248,103045
2016-02-09,0.66247,0.66678,0.65622,0.66332,133592
2016-02-10,0.66318,0.6694,0.6604,0.66835,133217
2016-02-11,0.66781,0.67335,0.65843,0.67139,147008
2016-02-12,0.6715,0.67379,0.66111,0.66122,117846
2016-02-15,0.66078,0.66754,0.66078,0.66458,134159
2016-02-16,0.66446,0.66746,0.65441,0.65764,133755
2016-02-17,0.65768,0.66486,0.65522,0.6628,125969
2016-02-18,0.66279,0.66674,0.6605,0.66408,124023
2016-02-19,0.66421,0.66455,0.65641,0.66271,106510
2016-02-22,0.66425,0.67246,0.66211,0.6697,121506
2016-02-23,0.66925,0.67136,0.66367,0.66403,111177
2016-02-24,0.66384,0.66732,0.65855,0.66547,98869
2016-02-25,0.66547,0.67292,0.66412,0.67197,119135
2016-02-26,0.67197,0.67735,0.66168,0.66256,103068
2016-02-29,0.65866,0.66194,0.65642,0.6589,121833
2016-03-01,0.65871,0.6639,0.65702,0.66235,134545
2016-03-02,0.66211,0.66773,0.65921,0.66741,158269
2016-03-03,0.66712,0.67552,0.6654,0.6721,132716
2016-03-04,0.672,0.6819,0.67133,0.68188,126506
2016-03-07,0.67806,0.68141,0.67488,0.67985,113820
2016-03-08,0.68,0.68011,0.67333,0.67437,108242
2016-03-09,0.6742,0.68087,0.66407,0.66515,119067
2016-03-10,0.66506,0.67089,0.66178,0.66655,139086
2016-03-11,0.66388,0.67724,0.66272,0.67419,115568
2016-03-14,0.67297,0.67544,0.66565,0.66684,114296
2016-03-15,0.66685,0.66836,0.65862,0.66062,118674
2016-03-16,0.66063,0.67804,0.65743,0.67599,115078
2016-03-17,0.676,0.6858,0.67249,0.68335,153397
2016-03-18,0.68337,0.68727,0.67824,0.67906,92445
2016-03-21,0.67863,0.67909,0.67455,0.67665,116383
2016-03-22,0.67665,0.67753,0.67198,0.6747,119326
2016-03-23,0.67471,0.67695,0.66818,0.67063,82489
2016-03-24,0.67065,0.67211,0.66702,0.66977,80127
2016-03-25,0.66983,0.67142,0.66736,0.66785,38990
2016-03-28,0.66754,0.67348,0.66668,0.67207,44546
2016-03-29,0.67189,0.68655,0.67152,0.68454,115714
2016-03-30,0.68454,0.69643,0.684,0.69171,141820
2016-03-31,0.69173,0.69653,0.68805,0.69067,125683
2016-04-01,0.69059,0.69357,0.68344,0.69027,118362
2016-04-04,0.68823,0.6903,0.68284,0.68311,102601
2016-04-05,0.68297,0.68341,0.6758,0.68013,122777
2016-04-06,0.68013,0.68434,0.67727,0.68187,127043
2016-04-07,0.68177,0.68616,0.67615,0.67743,128304
2016-04-08,0.67744,0.68288,0.67689,0.6779,95587
2016-04-11,0.68009,0.68776,0.67902,0.68566,121972
2016-04-12,0.68565,0.69249,0.68501,0.6922,116808
2016-04-13,0.69218,0.69514,0.68969,0.69174,123955
2016-04-14,0.69164,0.69189,0.68228,0.68409,121908
2016-04-15,0.68444,0.69263,0.68399,0.69163,106152
2016-04-18,0.68747,0.69564,0.68429,0.69472,103168
2016-04-19,0.69468,0.7053,0.6946,0.70417,99210
2016-04-20,0.7041,0.70485,0.69711,0.69744,100637
2016-04-21,0.6974,0.69824,0.68989,0.69103,106915
2016-04-22,0.69092,0.69353,0.6834,0.68468,91008
2016-04-25,0.68364,0.68768,0.68352,0.68524,70367
2016-04-26,0.68517,0.69092,0.6851,0.6897,81319
2016-04-27,0.68923,0.69052,0.68058,0.68273,97363
2016-04-28,0.68902,0.69888,0.6865,0.69581,96488
2016-04-29,0.6957,0.69977,0.695,0.69772,86330
2016-05-02,0.69738,0.70233,0.69709,0.70179,79107
2016-05-03,0.70176,0.70527,0.69096,0.69104,113383
2016-05-04,0.69106,0.69399,0.68588,0.68794,117930
2016-05-05,0.68794,0.69162,0.68704,0.68814,98151
2016-05-06,0.68811,0.689,0.6806,0.68351,97837
2016-05-09,0.68227,0.68469,0.67629,0.67657,82662
2016-05-10,0.67663,0.67774,0.6715,0.67564,91648
2016-05-11,0.67554,0.68447,0.67508,0.68156,92565
2016-05-12,0.68158,0.68467,0.68037,0.68178,94731
2016-05-13,0.68156,0.68293,0.67545,0.67653,96314
2016-05-16,0.67581,0.68082,0.67452,0.6788,77429
2016-05-17,0.67871,0.68418,0.67778,0.68087,94588
2016-05-18,0.681,0.68104,0.67274,0.67379,103110
2016-05-19,0.67365,0.6764,0.67093,0.67418,98686
2016-05-20,0.67391,0.67803,0.67354,0.67363,74299
2016-05-23,0.67611,0.68058,0.67471,0.67603,79647
2016-05-24,0.67595,0.67667,0.67042,0.67359,85856
2016-05-25,0.67357,0.6772,0.67245,0.67392,91335
2016-05-26,0.67361,0.67652,0.66912,0.67389,89699
2016-05-27,0.67376,0.67572,0.66862,0.66912,77305
2016-05-30,0.66897,0.6705,0.66743,0.66914,63062
2016-05-31,0.66913,0.67751,0.6687,0.67614,102555
2016-06-01,0.67616,0.68286,0.67592,0.6815,113877
2016-06-02,0.68144,0.68331,0.67781,0.68076,106221
2016-06-03,0.68067,0.69595,0.68,0.69519,111019
2016-06-06,0.69426,0.69496,0.69026,0.69198,99533
2016-06-07,0.69163,0.69809,0.68918,0.69764,96877
2016-06-08,0.69755,0.70266,0.69435,0.70179,97259
2016-06-09,0.70851,0.71469,0.70716,0.71004,114050
2016-06-10,0.71012,0.71218,0.70391,0.70411,95228
2016-06-13,0.70497,0.70805,0.70302,0.70586,100338
2016-06-14,0.70543,0.7061,0.69911,0.69911,103632
2016-06-15,0.69926,0.70703,0.69623,0.70326,105171
2016-06-16,0.70307,0.70927,0.69675,0.70409,121424
2016-06-17,0.70424,0.70713,0.70254,0.70254,98622
2016-06-20,0.70686,0.71295,0.70493,0.71178,85565
2016-06-21,0.71157,0.71682,0.71008,0.71198,85984
2016-06-22,0.71176,0.71874,0.71172,0.71562,82237
2016-06-23,0.71539,0.72536,0.71538,0.7239,94835
2016-06-24,0.7233,0.72915,0.69704,0.7098,117478
2016-06-27,0.7067,0.71121,0.69791,0.69937,123140
2016-06-28,0.69912,0.70843,0.69751,0.70458,95772
2016-06-29,0.70409,0.71352,0.70385,0.71106,97795
2016-06-30,0.71076,0.71402,0.70563,0.71339,111564
2016-07-01,0.71162,0.71965,0.71162,0.71699,83281
2016-07-04,0.71576,0.72396,0.71575,0.72212,74335
2016-07-05,0.72238,0.72328,0.71381,0.71517,98693
2016-07-06,0.71384,0.71552,0.70783,0.713,120480
2016-07-07,0.71202,0.7235,0.71149,0.72241,105793
2016-07-08,0.72243,0.73056,0.72109,0.73018,94245
2016-07-11,0.72901,0.73033,0.7215,0.72181,74779
2016-07-12,0.72165,0.73238,0.72096,0.72991,106388
2016-07-13,0.72938,0.73164,0.72373,0.72733,109715
2016-07-14,0.72718,0.72932,0.7174,0.71963,119651
2016-07-15,0.71946,0.72007,0.71059,0.71084,106572
2016-07-18,0.71351,0.7153,0.70676,0.71146,84976
2016-07-19,0.71125,0.71142,0.70092,0.70502,85986
2016-07-20,0.70506,0.70669,0.70146,0.70226,80143
2016-07-21,0.6987,0.70214,0.69506,0.69933,96360
2016-07-22,0.69926,0.70154,0.69729,0.69983,80914
2016-07-25,0.69914,0.70151,0.69555,0.69953,75264
2016-07-26,0.69936,0.7085,0.69826,0.70516,77706
2016-07-27,0.70502,0.70845,0.70032,0.70761,95943
2016-07-28,0.70716,0.71204,0.70613,0.70721,82520
2016-07-29,0.70653,0.7228,0.70571,0.72078,89959
2016-08-01,0.71998,0.72287,0.71659,0.7172,68301
2016-08-02,0.71674,0.72555,0.71558,0.72404,101305
2016-08-03,0.72341,0.72449,0.71398,0.71557,92148
2016-08-04,0.71556,0.71998,0.71455,0.71692,97151
2016-08-05,0.71706,0.72182,0.71206,0.71362,89111
2016-08-08,0.71318,0.71433,0.7086,0.71365,71444
2016-08-09,0.71351,0.7179,0.71096,0.71626,77367
2016-08-10,0.71626,0.72638,0.71569,0.71828,95227
2016-08-11,0.71826,0.73422,0.71747,0.72059,97021
2016-08-12,0.72067,0.72535,0.71844,0.71939,95902
2016-08-15,0.7182,0.72255,0.71637,0.72072,66563
2016-08-16,0.72101,0.73031,0.71979,0.72774,100755
2016-08-17,0.72788,0.73212,0.72018,0.72485,103887
2016-08-18,0.7248,0.73098,0.72461,0.72852,104460
2016-08-19,0.72838,0.72905,0.72401,0.72719,88836
2016-08-22,0.72424,0.72927,0.72082,0.72681,87027
2016-08-23,0.72638,0.73434,0.72609,0.72868,89275
2016-08-24,0.72868,0.73338,0.72679,0.73094,95435
2016-08-25,0.73096,0.73351,0.72852,0.72978,75682
2016-08-26,0.72895,0.73794,0.72192,0.72192,110593
2016-08-29,0.72248,0.72632,0.72091,0.72493,90535
2016-08-30,0.72512,0.7264,0.72032,0.72169,91481
2016-08-31,0.72133,0.72646,0.72131,0.72481,90608
2016-09-01,0.72456,0.7294,0.72261,0.72791,97272
2016-09-02,0.72779,0.73588,0.72664,0.72664,106003
2016-09-05,0.72781,0.73423,0.72764,0.73019,70394
2016-09-06,0.73029,0.7421,0.73004,0.74155,93896
2016-09-07,0.74149,0.74843,0.73961,0.74483,92740
2016-09-08,0.74459,0.74812,0.73827,0.7396,107803
2016-09-09,0.73977,0.74124,0.72969,0.72969,100640
2016-09-12,0.7317,0.73556,0.729,0.73514,113003
2016-09-13,0.73509,0.7363,0.7234,0.72499,125692
2016-09-14,0.72493,0.73118,0.72364,0.7279,117749
2016-09-15,0.72744,0.73239,0.72399,0.73122,144198
2016-09-16,0.73122,0.73299,0.72529,0.72633,111797
2016-09-19,0.72531,0.73245,0.72513,0.72909,93344
2016-09-20,0.72883,0.73573,0.7285,0.73126,97588
2016-09-21,0.73112,0.73646,0.72773,0.73531,131169
2016-09-22,0.73685,0.73685,0.72912,0.73107,103008
2016-09-23,0.73125,0.7314,0.72224,0.72418,100442
2016-09-26,0.72448,0.72862,0.72198,0.72728,87627
2016-09-27,0.72728,0.73292,0.72587,0.72978,110367
2016-09-28,0.72972,0.73039,0.72317,0.72832,102929
2016-09-29,0.72828,0.73021,0.72353,0.72503,126467
2016-09-30,0.72502,0.72967,0.72278,0.72842,115234
2016-10-03,0.72717,0.72895,0.72524,0.72708,81787
2016-10-04,0.7269,0.73097,0.71968,0.72063,110799
2016-10-05,0.72064,0.72068,0.71472,0.71704,98180
2016-10-06,0.71704,0.71781,0.71342,0.71632,92802
2016-10-07,0.71626,0.71992,0.71088,0.71616,126168
2016-10-10,0.71774,0.71805,0.71207,0.71354,81290
2016-10-11,0.71325,0.71409,0.7046,0.70545,107564
2016-10-12,0.70497,0.70937,0.70433,0.70587,109730
2016-10-13,0.70597,0.71009,0.70335,0.70932,96540
2016-10-14,0.7092,0.71318,0.70622,0.70622,101058
2016-10-17,0.70917,0.71401,0.70759,0.71321,81366
2016-10-18,0.71291,0.72169,0.71269,0.71889,81573
2016-10-19,0.7187,0.72479,0.71865,0.72298,85175
2016-10-20,0.72219,0.7265,0.71809,0.71912,100216
2016-10-21,0.71904,0.71935,0.71424,0.71604,78236
2016-10-24,0.7156,0.71752,0.71235,0.71356,68540
2016-10-25,0.71313,0.71718,0.71081,0.71626,80572
2016-10-26,0.7159,0.71826,0.71456,0.71508,79757
2016-10-27,0.71487,0.7166,0.71071,0.71197,93773
2016-10-28,0.71192,0.71659,0.71125,0.71401,107478
2016-10-31,0.71574,0.71654,0.71365,0.71483,83887
2016-11-01,0.71484,0.72203,0.71468,0.72063,96605
2016-11-02,0.72066,0.73092,0.71989,0.7286,108958
2016-11-03,0.72858,0.7339,0.72773,0.73339,100622
2016-11-04,0.7334,0.73376,0.7298,0.73006,109414
2016-11-07,0.73379,0.7347,0.72895,0.73439,101222
2016-11-08,0.73391,0.7402,0.73165,0.7385,99106
2016-11-09,0.73819,0.73918,0.72637,0.72724,190699
2016-11-10,0.72751,0.73055,0.71755,0.72087,142502
2016-11-11,0.72048,0.72274,0.71052,0.71052,148606
2016-11-14,0.71391,0.71403,0.70689,0.71161,124308
2016-11-15,0.71152,0.71434,0.707,0.70959,123735
2016-11-16,0.70968,0.71133,0.70343,0.70687,119999
2016-11-17,0.70682,0.71092,0.70121,0.70233,135573
2016-11-18,0.70233,0.70597,0.69838,0.69838,129842
2016-11-21,0.699,0.70762,0.69832,0.7061,123766
2016-11-22,0.70586,0.70847,0.70308,0.70598,114953
2016-11-23,0.70588,0.70786,0.69932,0.70011,108715
2016-11-24,0.70021,0.70102,0.69701,0.69965,94730
2016-11-25,0.69959,0.70612,0.6983,0.70396,103694
2016-11-28,0.70402,0.71007,0.7032,0.70736,106973
2016-11-29,0.70707,0.71311,0.70649,0.71256,112320
2016-11-30,0.71253,0.71687,0.70689,0.70808,129323
2016-12-01,0.70792,0.7104,0.70423,0.70874,99643
2016-12-02,0.70869,0.71475,0.70818,0.713,84642
2016-12-05,0.71075,0.71559,0.70682,0.71402,106297
2016-12-06,0.71356,0.71598,0.70928,0.71185,82546
2016-12-07,0.7118,0.71665,0.71002,0.71614,67237
2016-12-08,0.71603,0.72216,0.71453,0.71719,98446
2016-12-09,0.71712,0.71878,0.71243,0.7133,72966
2016-12-12,0.71222,0.72061,0.71137,0.71924,91040
2016-12-13,0.71852,0.72314,0.71792,0.72009,98354
2016-12-14,0.71995,0.72376,0.71038,0.71158,118842
2016-12-15,0.71137,0.71214,0.7009,0.7036,147220
2016-12-16,0.70335,0.70491,0.69298,0.6941,108742
2016-12-19,0.69611,0.6988,0.69248,0.6927,101194
2016-12-20,0.6928,0.69317,0.68816,0.69152,84254
2016-12-21,0.69131,0.69464,0.68867,0.68958,86120
2016-12-22,0.6896,0.69244,0.6887,0.69,86678
2016-12-23,0.68976,0.69115,0.6861,0.68747,52233
2016-12-26,0.68877,0.69263,0.68201,0.68939,10408
2016-12-27,0.68931,0.69033,0.68777,0.68895,53236
2016-12-28,0.68838,0.69294,0.68782,0.69169,68499
2016-12-29,0.69153,0.69695,0.6911,0.69599,90458
2016-12-30,0.6959,0.69777,0.68993,0.68993,96694
2017-01-02,0.69162,0.69501,0.68915,0.69076,50421
2017-01-03,0.69171,0.69735,0.68838,0.69156,99416
2017-01-04,0.69157,0.69738,0.6889,0.69641,117860
2017-01-05,0.69652,0.70356,0.69513,0.70227,148317
2017-01-06,0.70221,0.70423,0.6953,0.69564,123492
2017-01-09,0.69602,0.70313,0.69479,0.70144,102873
2017-01-10,0.70141,0.70467,0.69576,0.69869,120344
2017-01-11,0.69854,0.70867,0.696,0.70547,148165
2017-01-12,0.70494,0.71434,0.7045,0.70932,135379
2017-01-13,0.7084,0.71383,0.70701,0.71278,132532
2017-01-16,0.71035,0.71469,0.70752,0.70975,80384
2017-01-17,0.70975,0.72186,0.7088,0.72102,140917
2017-01-18,0.72085,0.72148,0.71209,0.71227,109963
2017-01-19,0.71201,0.71995,0.71159,0.7185,144398
2017-01-20,0.71897,0.72241,0.71281,0.71676,142572
2017-01-23,0.71591,0.72371,0.71533,0.72312,122311
2017-01-24,0.72322,0.72759,0.72077,0.72469,107851
2017-01-25,0.72441,0.7306,0.72226,0.72961,114202
2017-01-26,0.72951,0.7311,0.72213,0.72425,105561
2017-01-27,0.72301,0.72836,0.72271,0.7258,104291
2017-01-30,0.72687,0.72949,0.72354,0.72824,108499
2017-01-31,0.72791,0.7349,0.72691,0.73084,124167
2017-02-01,0.73078,0.73091,0.7238,0.72778,111119
2017-02-02,0.72772,0.73364,0.72416,0.72844,120837
2017-02-03,0.72837,0.73297,0.72404,0.72947,110345
2017-02-06,0.73041,0.7326,0.7284,0.73192,98424
2017-02-07,0.73181,0.73748,0.72777,0.72997,103213
2017-02-08,0.72992,0.73324,0.72436,0.72632,112185
2017-02-09,0.72612,0.7263,0.71721,0.71829,101185
2017-02-10,0.71825,0.7209,0.71701,0.71761,96383
2017-02-13,0.71984,0.72174,0.71551,0.71736,82705
2017-02-14,0.71697,0.71967,0.71333,0.7166,101759
2017-02-15,0.71648,0.72293,0.71452,0.72217,99408
2017-02-16,0.7221,0.72414,0.7204,0.7204,106915
2017-02-17,0.72077,0.72191,0.71569,0.71569,90310
2017-02-20,0.71838,0.71943,0.71688,0.71855,59209
2017-02-21,0.71855,0.71859,0.71288,0.71587,80943
2017-02-22,0.7155,0.71982,0.71442,0.71897,89769
2017-02-23,0.71836,0.72457,0.71725,0.72267,91997
2017-02-24,0.72267,0.72369,0.71727,0.71727,83137
2017-02-27,0.7197,0.72269,0.71859,0.71886,80186
2017-02-28,0.71886,0.72362,0.71761,0.7191,84841
2017-03-01,0.71906,0.71921,0.70991,0.71394,114010
2017-03-02,0.71378,0.71492,0.70491,0.70608,94998
2017-03-03,0.70604,0.70652,0.70013,0.70138,103206
2017-03-06,0.70178,0.70445,0.699,0.69921,80292
2017-03-07,0.69916,0.70173,0.69508,0.69527,81927
2017-03-08,0.69496,0.69768,0.69038,0.69135,90341
2017-03-09,0.69133,0.69163,0.68888,0.68985,93095
2017-03-10,0.68992,0.69467,0.689,0.6918,89689
2017-03-13,0.69321,0.69486,0.69123,0.69216,76790
2017-03-14,0.69217,0.6939,0.68927,0.69204,77826
2017-03-15,0.69201,0.70476,0.69185,0.70097,98608
2017-03-16,0.70099,0.70415,0.69674,0.6983,99805
2017-03-17,0.6983,0.70393,0.69743,0.70163,73979
2017-03-20,0.7016,0.70726,0.70149,0.7053,72070
2017-03-21,0.70532,0.7089,0.70312,0.7041,87334
2017-03-22,0.7041,0.70719,0.70152,0.70405,94429
2017-03-23,0.70405,0.70545,0.70221,0.70279,88014
2017-03-24,0.70279,0.7042,0.69935,0.70042,79818
2017-03-27,0.70296,0.7067,0.70222,0.70433,82064
2017-03-28,0.70441,0.70483,0.70056,0.70129,76250
2017-03-29,0.70082,0.70378,0.69914,0.70289,67855
2017-03-30,0.70289,0.70431,0.69903,0.69903,68498
2017-03-31,0.69915,0.7016,0.69751,0.69818,70205
2017-04-03,0.69893,0.70145,0.69845,0.70133,60021
2017-04-04,0.70115,0.70218,0.69685,0.69715,65720
2017-04-05,0.69695,0.6983,0.69382,0.6962,69760
2017-04-06,0.69589,0.6989,0.69572,0.69683,71929
2017-04-07,0.6968,0.69923,0.69258,0.69258,82933
2017-04-10,0.69295,0.69644,0.69197,0.69597,63357
2017-04-11,0.69576,0.6968,0.69291,0.69574,67669
2017-04-12,0.69554,0.69739,0.69083,0.69641,75936
2017-04-13,0.69605,0.70145,0.69595,0.69967,79000
2017-04-14,0.69916,0.7009,0.69522,0.69779,45227
2017-04-17,0.69871,0.70353,0.69775,0.70054,60505
2017-04-18,0.69941,0.70419,0.69936,0.70409,77544
2017-04-19,0.70406,0.70517,0.69953,0.7002,66954
2017-04-20,0.70005,0.70509,0.69983,0.7009,70970
2017-04-21,0.70089,0.70348,0.69824,0.7007,58697
2017-04-24,0.70439,0.70462,0.70092,0.70133,60580
2017-04-25,0.701,0.70155,0.694,0.69476,65577
2017-04-26,0.69452,0.69554,0.6871,0.68893,83224
2017-04-27,0.68855,0.69194,0.68471,0.68738,72178
2017-04-28,0.68711,0.68896,0.68506,0.68613,65262
2017-05-01,0.68548,0.69224,0.68506,0.69084,50476
2017-05-02,0.69021,0.69397,0.69014,0.69344,60272
2017-05-03,0.69325,0.69676,0.68661,0.6877,71077
2017-05-04,0.68759,0.68926,0.68382,0.68677,75299
2017-05-05,0.68699,0.69273,0.68601,0.68923,75851
2017-05-08,0.69046,0.69446,0.68871,0.69064,69239
2017-05-09,0.69057,0.69256,0.68791,0.6894,76073
2017-05-10,0.68939,0.69497,0.68884,0.69397,71043
2017-05-11,0.69397,0.69397,0.68168,0.68472,77930
2017-05-12,0.68472,0.68695,0.68256,0.68658,69003
2017-05-15,0.68531,0.69171,0.68505,0.68785,63729
2017-05-16,0.68768,0.69054,0.68616,0.68804,67084
2017-05-17,0.68795,0.69439,0.68734,0.69383,83812
2017-05-18,0.6938,0.69487,0.68856,0.68983,101742
2017-05-19,0.68955,0.69382,0.68801,0.69216,70002
2017-05-22,0.69204,0.69971,0.6909,0.69935,62771
2017-05-23,0.69928,0.70457,0.6987,0.70076,66115
2017-05-24,0.70074,0.70575,0.69875,0.70438,67306
2017-05-25,0.70487,0.70536,0.70152,0.70221,63158
2017-05-26,0.70218,0.70761,0.70058,0.7046,68177
2017-05-29,0.70432,0.70876,0.70368,0.70549,41872
2017-05-30,0.70528,0.71006,0.7034,0.7091,56048
2017-05-31,0.7091,0.7121,0.70764,0.70807,66232
2017-06-01,0.70804,0.70886,0.70573,0.70589,63459
2017-06-02,0.70579,0.71456,0.70557,0.71336,60329
2017-06-05,0.71284,0.71484,0.71128,0.71358,41814
2017-06-06,0.71303,0.72042,0.71252,0.71816,59425
2017-06-07,0.71774,0.72056,0.71681,0.71959,58714
2017-06-08,0.71901,0.72219,0.71863,0.72125,54719
2017-06-09,0.72011,0.72195,0.71891,0.7205,51527
2017-06-12,0.72017,0.72123,0.71699,0.71969,48674
2017-06-13,0.71926,0.72266,0.71825,0.72192,40640
2017-06-14,0.72192,0.73183,0.71976,0.72691,72083
2017-06-15,0.72621,0.72673,0.71844,0.72071,66967
2017-06-16,0.72071,0.7258,0.71908,0.72399,46934
2017-06-19,0.72458,0.72973,0.72256,0.72272,47991
2017-06-20,0.72225,0.72664,0.72187,0.72389,45376
2017-06-21,0.72367,0.72493,0.72052,0.72142,45797
2017-06-22,0.72142,0.72731,0.72142,0.72628,42838
2017-06-23,0.72593,0.72959,0.72484,0.728,35741
2017-06-26,0.72788,0.73097,0.72608,0.72869,41149
2017-06-27,0.72835,0.73432,0.72646,0.72672,50690
2017-06-28,0.72649,0.73131,0.72525,0.73022,62725
2017-06-29,0.73004,0.73309,0.72747,0.72964,56274
2017-06-30,0.72973,0.73458,0.72912,0.7325,61632
2017-07-03,0.73222,0.73443,0.72717,0.72935,46577
2017-07-04,0.72903,0.72982,0.72612,0.72869,50688
2017-07-05,0.72835,0.72961,0.72534,0.72894,52061
2017-07-06,0.72866,0.72911,0.72431,0.72733,49543
2017-07-07,0.72701,0.73092,0.72596,0.72706,53688
2017-07-10,0.72715,0.72822,0.72607,0.72739,40023
2017-07-11,0.72704,0.72749,0.72006,0.7223,54675
2017-07-12,0.72218,0.72796,0.72151,0.72592,61392
2017-07-13,0.72535,0.73676,0.72454,0.73211,60613
2017-07-14,0.73137,0.73645,0.72983,0.7345,59681
2017-07-17,0.73391,0.73594,0.73101,0.73192,63529
2017-07-18,0.7317,0.73718,0.72616,0.73503,81831
2017-07-19,0.73518,0.73868,0.73395,0.73546,56153
2017-07-20,0.73538,0.74139,0.73328,0.73995,76631
2017-07-21,0.73941,0.74576,0.73928,0.74508,71679
2017-07-24,0.74311,0.74552,0.74209,0.74353,67067
2017-07-25,0.74361,0.74498,0.74003,0.74145,75351
2017-07-26,0.7422,0.75275,0.74085,0.75162,93178
2017-07-27,0.7514,0.75573,0.74789,0.74859,87453
2017-07-28,0.7483,0.75238,0.74595,0.75134,80290
2017-07-31,0.74933,0.75215,0.74669,0.75097,65998
2017-08-01,0.75107,0.75231,0.74607,0.74669,72932
2017-08-02,0.74655,0.74732,0.74094,0.74288,66572
2017-08-03,0.7426,0.74503,0.73898,0.7434,63576
2017-08-04,0.7432,0.7454,0.73915,0.74124,65649
2017-08-07,0.73987,0.74155,0.73469,0.73598,56005
2017-08-08,0.73585,0.73691,0.73172,0.73265,60767
2017-08-09,0.73273,0.73377,0.73074,0.73327,66645
2017-08-10,0.73327,0.73669,0.72507,0.7274,72207
2017-08-11,0.7274,0.73269,0.72513,0.73169,67459
2017-08-14,0.73058,0.73295,0.72801,0.72839,54660
2017-08-15,0.7285,0.73109,0.72283,0.72327,55968
2017-08-16,0.72318,0.73172,0.72222,0.73096,62021
2017-08-17,0.73083,0.73341,0.72795,0.72805,63602
2017-08-18,0.72806,0.7334,0.72745,0.73057,66567
2017-08-21,0.731,0.73361,0.73016,0.73256,43330
2017-08-22,0.73263,0.73341,0.7272,0.7278,47003
2017-08-23,0.7278,0.72821,0.71963,0.72213,60870
2017-08-24,0.72197,0.72352,0.71907,0.72064,54959
2017-08-25,0.72063,0.72575,0.71959,0.72345,64866
2017-08-28,0.72374,0.72622,0.72297,0.72549,48897
2017-08-29,0.72549,0.72976,0.72169,0.72546,77475
2017-08-30,0.72488,0.72768,0.71882,0.7198,67609
2017-08-31,0.71969,0.72089,0.71308,0.71771,73849
2017-09-01,0.71771,0.72062,0.71462,0.71547,72565
2017-09-04,0.71474,0.71815,0.71448,0.7161,54137
2017-09-05,0.7161,0.72624,0.71568,0.72338,82306
2017-09-06,0.72296,0.72602,0.71856,0.71988,80733
2017-09-07,0.71974,0.72409,0.71713,0.72305,80817
2017-09-08,0.72293,0.73364,0.72264,0.72611,99642
2017-09-11,0.72539,0.72933,0.72239,0.7253,67243
2017-09-12,0.72521,0.73201,0.72159,0.72849,113268
2017-09-13,0.72849,0.73035,0.72202,0.72392,99644
2017-09-14,0.72392,0.72626,0.71835,0.72178,111748
2017-09-15,0.72178,0.73103,0.72118,0.72732,103849
2017-09-18,0.72775,0.73436,0.72474,0.72603,86353
2017-09-19,0.72603,0.73267,0.72551,0.73139,95872
2017-09-20,0.73139,0.7434,0.73029,0.7355,115504
2017-09-21,0.7355,0.7363,0.72983,0.73064,104273
2017-09-22,0.73064,0.7344,0.728,0.73152,86831
2017-09-25,0.72991,0.73275,0.72517,0.72644,100156
2017-09-26,0.72644,0.72774,0.71677,0.7205,102817
2017-09-27,0.7205,0.72393,0.71771,0.71999,126158
2017-09-28,0.72,0.7239,0.71665,0.72336,96667
2017-09-29,0.72339,0.72441,0.7198,0.72017,81068
2017-10-02,0.721,0.72261,0.71673,0.7194,78082
2017-10-03,0.7194,0.71977,0.71478,0.71583,90356
2017-10-04,0.71583,0.72054,0.71464,0.71666,77801
2017-10-05,0.71666,0.71671,0.71108,0.71112,70139
2017-10-06,0.71112,0.7118,0.70587,0.70837,84326
2017-10-09,0.70615,0.70854,0.70572,0.70645,47811
2017-10-10,0.70645,0.7088,0.70557,0.7066,73502
2017-10-11,0.7066,0.70989,0.70624,0.70755,68744
2017-10-12,0.70755,0.71458,0.70729,0.71149,76563
2017-10-13,0.71149,0.71966,0.71145,0.71726,77057
2017-10-16,0.717,0.71958,0.7162,0.7167,60542
2017-10-17,0.7167,0.72039,0.71471,0.71705,70490
2017-10-18,0.71705,0.71783,0.71191,0.71505,62818
2017-10-19,0.71505,0.71715,0.70093,0.70296,90974
2017-10-20,0.70296,0.7036,0.69538,0.69568,82138
2017-10-23,0.69501,0.69897,0.69315,0.69638,60874
2017-10-24,0.69638,0.70042,0.68861,0.68938,72281
2017-10-25,0.68938,0.69123,0.68609,0.68873,78067
2017-10-26,0.68873,0.69035,0.68332,0.68337,57857
2017-10-27,0.68337,0.68756,0.6818,0.68743,62576
2017-10-30,0.68758,0.68856,0.68329,0.68751,43584
2017-10-31,0.68751,0.68814,0.6831,0.68455,48260
2017-11-01,0.68462,0.69305,0.6824,0.68859,67947
2017-11-02,0.6886,0.69419,0.68827,0.69123,57931
2017-11-03,0.69124,0.69503,0.68977,0.69062,52256
2017-11-06,0.69038,0.69578,0.68749,0.69444,49042
2017-11-07,0.69444,0.69537,0.6891,0.68939,54107
2017-11-08,0.68939,0.69733,0.6893,0.6961,50021
2017-11-09,0.6961,0.69798,0.6933,0.69466,57720
2017-11-10,0.69466,0.69575,0.69209,0.69245,44745
2017-11-13,0.69134,0.69372,0.68935,0.69016,36929
2017-11-14,0.69016,0.69019,0.68442,0.68749,48941
2017-11-15,0.68749,0.69187,0.68617,0.68758,57187
2017-11-16,0.68758,0.68772,0.68356,0.68501,48010
2017-11-17,0.68501,0.68831,0.67804,0.68131,57970
2017-11-20,0.68042,0.68397,0.67934,0.68068,43313
2017-11-21,0.68069,0.68402,0.6789,0.68254,41714
2017-11-22,0.68243,0.68935,0.68201,0.688,41338
2017-11-23,0.688,0.69053,0.68661,0.6888,36999
2017-11-24,0.68878,0.6894,0.68477,0.68691,33426
2017-11-27,0.68777,0.6926,0.68531,0.69112,40394
2017-11-28,0.69112,0.69454,0.68959,0.68973,49398
2017-11-29,0.68973,0.69294,0.68763,0.68798,55907
2017-11-30,0.68798,0.68909,0.683,0.68308,66702
2017-12-01,0.68303,0.6912,0.68165,0.68883,83253
2017-12-04,0.68601,0.68707,0.68396,0.68552,60341
2017-12-05,0.68552,0.69074,0.68511,0.68724,67066
2017-12-06,0.68724,0.69169,0.68693,0.68804,60728
2017-12-07,0.68808,0.68886,0.68234,0.68261,56664
2017-12-08,0.68261,0.68699,0.68224,0.68376,55046
2017-12-11,0.6837,0.69304,0.68344,0.69093,59290
2017-12-12,0.69093,0.6953,0.6901,0.69327,52091
2017-12-13,0.69327,0.70277,0.69304,0.7023,65927
2017-12-14,0.7023,0.70232,0.69782,0.69827,78434
2017-12-15,0.69824,0.70338,0.69786,0.69883,64510
2017-12-18,0.69957,0.70279,0.69913,0.69931,58440
2017-12-19,0.69929,0.70188,0.69663,0.69691,61549
2017-12-20,0.69697,0.70142,0.69539,0.70109,63590
2017-12-21,0.70109,0.70195,0.69863,0.70131,59320
2017-12-22,0.70131,0.70273,0.70019,0.70212,48901
2017-12-26,0.70293,0.70424,0.70097,0.70379,24654
2017-12-27,0.70379,0.70762,0.70283,0.70538,44813
2017-12-28,0.70519,0.70984,0.70515,0.70778,40634
2017-12-29,0.70791,0.71237,0.70758,0.70978,45337
2018-01-02,0.70815,0.71311,0.70539,0.70999,49980
2018-01-03,0.70999,0.71108,0.70731,0.70899,66626
2018-01-04,0.70899,0.71632,0.70729,0.71522,62716
2018-01-05,0.71522,0.71864,0.71444,0.71698,77067
2018-01-08,0.71544,0.71841,0.71494,0.71729,59378
2018-01-09,0.71729,0.71968,0.71584,0.71592,75919
2018-01-10,0.71598,0.72295,0.71395,0.71959,107553
2018-01-11,0.71959,0.7262,0.7182,0.726,105563
2018-01-12,0.72603,0.72761,0.72193,0.72474,112051
2018-01-15,0.72373,0.73144,0.72357,0.72969,90104
2018-01-16,0.72969,0.7307,0.72589,0.72649,86673
2018-01-17,0.72649,0.73311,0.72346,0.72699,118523
2018-01-18,0.72699,0.73206,0.72456,0.72991,109677
2018-01-19,0.72992,0.73232,0.72688,0.72709,102818
2018-01-22,0.72745,0.73293,0.72673,0.73269,76745
2018-01-23,0.73265,0.73646,0.73058,0.73514,97457
2018-01-24,0.73517,0.7437,0.73329,0.73346,116264
2018-01-25,0.73346,0.73923,0.73136,0.73219,181837
2018-01-26,0.73219,0.73745,0.72887,0.73476,147870
2018-01-29,0.73366,0.73637,0.73011,0.73189,112524
2018-01-30,0.73189,0.73551,0.72793,0.73273,116962
2018-01-31,0.73273,0.74197,0.73254,0.73629,141590
2018-02-01,0.73629,0.74032,0.73336,0.7394,122177
2018-02-02,0.7394,0.74054,0.72948,0.7303,132439
2018-02-05,0.72859,0.73304,0.72599,0.72609,132222
2018-02-06,0.72609,0.73508,0.72566,0.73387,185792
2018-02-07,0.73387,0.73458,0.7209,0.72347,118650
2018-02-08,0.72347,0.72425,0.71764,0.7214,147658
2018-02-09,0.72145,0.72589,0.71983,0.72584,140495
2018-02-12,0.72433,0.7277,0.72318,0.72612,78968
2018-02-13,0.72612,0.73148,0.7247,0.72709,88847
2018-02-14,0.72709,0.73793,0.72397,0.73639,139386
2018-02-15,0.73639,0.74115,0.7363,0.74049,111591
2018-02-16,0.74049,0.7437,0.73737,0.73891,97508
2018-02-19,0.73697,0.74092,0.7353,0.73688,62608
2018-02-20,0.73688,0.7374,0.73359,0.73459,93606
2018-02-21,0.73461,0.73854,0.73162,0.7317,109522
2018-02-22,0.7317,0.73646,0.73072,0.73379,90105
2018-02-23,0.73414,0.73454,0.72706,0.73008,78175
2018-02-26,0.7291,0.73449,0.72765,0.73013,71004
2018-02-27,0.73013,0.73052,0.7231,0.72334,97049
2018-02-28,0.72335,0.72424,0.72059,0.72068,90015
2018-03-01,0.72066,0.72634,0.71859,0.72465,111489
2018-03-02,0.72465,0.72793,0.72187,0.72418,109887
2018-03-05,0.7234,0.72451,0.72027,0.7224,89448
2018-03-06,0.72231,0.73108,0.72212,0.72869,102438
2018-03-07,0.72862,0.73001,0.72541,0.72716,104981
2018-03-08,0.72716,0.72972,0.7245,0.7259,100660
2018-03-09,0.7259,0.72976,0.72492,0.72807,89255
2018-03-12,0.72886,0.7323,0.72852,0.72944,58603
2018-03-13,0.72949,0.73549,0.72919,0.7325,84809
2018-03-14,0.7325,0.73536,0.7303,0.73067,78650
2018-03-15,0.73055,0.73341,0.72671,0.7275,90212
2018-03-16,0.7275,0.72785,0.72078,0.72159,76289
2018-03-19,0.72158,0.72601,0.71957,0.72393,83735
2018-03-20,0.72393,0.72489,0.71669,0.71734,75359
2018-03-21,0.71734,0.72455,0.71533,0.72251,109604
2018-03-22,0.72251,0.72625,0.72016,0.72075,125521
2018-03-23,0.72073,0.72735,0.72042,0.7234,107483
2018-03-26,0.72284,0.73006,0.72284,0.72972,58922
2018-03-27,0.72972,0.73031,0.72579,0.72669,64029
2018-03-28,0.72661,0.72742,0.7203,0.72105,89887
2018-03-29,0.72107,0.72339,0.71879,0.72292,59876
2018-03-30,0.72319,0.72471,0.72197,0.7239,98848
2018-04-02,0.72235,0.72402,0.71871,0.72097,54348
2018-04-03,0.72075,0.72705,0.71947,0.72548,61038
2018-04-04,0.72545,0.73108,0.72525,0.73033,46099
2018-04-05,0.73005,0.7322,0.7262,0.72715,42702
2018-04-06,0.72715,0.72819,0.72409,0.72714,62888
2018-04-09,0.72633,0.7324,0.72622,0.73057,46711
2018-04-10,0.73046,0.73763,0.73029,0.73589,49648
2018-04-11,0.73561,0.73783,0.73443,0.73562,44266
2018-04-12,0.73564,0.73891,0.73483,0.73719,45287
2018-04-13,0.73721,0.7395,0.73451,0.73576,35980
2018-04-16,0.73528,0.73709,0.73331,0.73623,31932
2018-04-17,0.73609,0.73721,0.73262,0.73399,32192
2018-04-18,0.73391,0.73442,0.73033,0.73133,35970
2018-04-19,0.73103,0.73419,0.72598,0.72679,48460
2018-04-20,0.72655,0.72709,0.72005,0.72085,44906
2018-04-23,0.7213,0.72177,0.71454,0.71468,34792
2018-04-24,0.71499,0.71576,0.71053,0.71169,46698
2018-04-25,0.71161,0.71193,0.70577,0.70662,46337
2018-04-26,0.70666,0.70949,0.70557,0.70611,57343
2018-04-27,0.70596,0.70959,0.70382,0.70848,50248
2018-04-30,0.70766,0.7089,0.70332,0.70341,47180
2018-05-01,0.70341,0.7041,0.69901,0.70033,45061
2018-05-02,0.70033,0.70314,0.69847,0.69944,70117
2018-05-03,0.69944,0.7047,0.69857,0.70405,62052
2018-05-04,0.70398,0.70527,0.69939,0.70193,49890
2018-05-07,0.70177,0.70411,0.69944,0.70104,38508
2018-05-08,0.70104,0.70308,0.69532,0.69675,58594
2018-05-09,0.69666,0.69967,0.69487,0.69779,48790
2018-05-10,0.69779,0.69779,0.69025,0.69609,71611
2018-05-11,0.69609,0.69869,0.6954,0.69668,45792
2018-05-14,0.69552,0.69742,0.69111,0.69112,37577
2018-05-15,0.69112,0.69245,0.68539,0.686,55384
2018-05-16,0.686,0.6917,0.68508,0.68947,57652
2018-05-17,0.68944,0.69375,0.68703,0.68745,55067
2018-05-18,0.68761,0.69219,0.68728,0.69187,51510
2018-05-21,0.69148,0.69499,0.68838,0.69448,48246
2018-05-22,0.69448,0.69743,0.69202,0.69296,49966
2018-05-23,0.69311,0.69444,0.68841,0.69125,72632
2018-05-24,0.69122,0.69371,0.69059,0.69203,60059
2018-05-25,0.69203,0.69382,0.69055,0.69169,47287
2018-05-28,0.69087,0.69592,0.69087,0.69385,41668
2018-05-29,0.6939,0.69488,0.68892,0.68994,55637
2018-05-30,0.68991,0.6998,0.68823,0.69834,62530
2018-05-31,0.69835,0.70235,0.69682,0.69967,60445
2018-06-01,0.69956,0.70202,0.69597,0.69829,47132
2018-06-04,0.69741,0.70482,0.6971,0.70219,34276
2018-06-05,0.70204,0.70443,0.69969,0.70194,43908
2018-06-06,0.70184,0.70598,0.70107,0.70323,38943
2018-06-07,0.70331,0.70563,0.70221,0.70248,40604
2018-06-08,0.70234,0.70423,0.7008,0.70333,37926
2018-06-11,0.70146,0.70534,0.70145,0.70154,26804
2018-06-12,0.70196,0.70459,0.69965,0.70062,38819
2018-06-13,0.70038,0.70526,0.6974,0.70206,44890
2018-06-14,0.70177,0.70444,0.69712,0.69725,49344
2018-06-15,0.69708,0.69755,0.69274,0.69398,44233
2018-06-18,0.69278,0.69556,0.69198,0.69318,30312
2018-06-19,0.69286,0.69435,0.68848,0.68945,51748
2018-06-20,0.68972,0.69168,0.68585,0.68586,47768
2018-06-21,0.68692,0.68828,0.68256,0.68577,53978
2018-06-22,0.68577,0.69208,0.68489,0.69091,44788
2018-06-25,0.69099,0.69213,0.6885,0.68945,37842
2018-06-26,0.68945,0.69014,0.68445,0.68445,39608
2018-06-27,0.68451,0.68594,0.6778,0.67791,55667
2018-06-28,0.67903,0.68101,0.67459,0.67557,56991
2018-06-29,0.67557,0.67839,0.67359,0.67764,50223
2018-07-02,0.6787,0.6789,0.66893,0.67137,37887
2018-07-03,0.67143,0.67589,0.66876,0.67505,41512
2018-07-04,0.67493,0.6783,0.67356,0.67576,31874
2018-07-05,0.67576,0.67975,0.67502,0.67795,36347
2018-07-06,0.67765,0.68442,0.67765,0.68373,37341
2018-07-09,0.68325,0.68588,0.68293,0.68293,27463
2018-07-10,0.68322,0.68556,0.68059,0.68347,31506
2018-07-11,0.68327,0.68341,0.67526,0.67571,44221
2018-07-12,0.67547,0.67859,0.67465,0.67766,38347
2018-07-13,0.6772,0.67862,0.67251,0.67665,38619
2018-07-16,0.6758,0.67928,0.67567,0.67752,32657
2018-07-17,0.67761,0.68404,0.67546,0.67796,49131
2018-07-18,0.67807,0.6805,0.67423,0.67906,39933
2018-07-19,0.67906,0.68054,0.67135,0.67362,54484
2018-07-20,0.67359,0.68171,0.67195,0.68076,60585
2018-07-23,0.67902,0.6823,0.67749,0.67811,30887
2018-07-24,0.6781,0.6817,0.67674,0.67951,34657
2018-07-25,0.6795,0.68407,0.6784,0.68346,36995
2018-07-26,0.68341,0.68491,0.67794,0.67795,35931
2018-07-27,0.67786,0.67989,0.67608,0.67913,29872
2018-07-30,0.67914,0.68331,0.67898,0.6815,21978
2018-07-31,0.681,0.68305,0.67994,0.68106,32858
2018-08-01,0.68104,0.68184,0.67803,0.67903,28983
2018-08-02,0.6789,0.67966,0.6736,0.6736,23467
2018-08-03,0.67365,0.67646,0.67188,0.67451,32116
2018-08-06,0.67399,0.67541,0.67228,0.67313,20956
2018-08-07,0.67307,0.67538,0.67234,0.67329,23628
2018-08-08,0.67416,0.67612,0.67209,0.67417,25355
2018-08-09,0.67244,0.67312,0.66102,0.66109,34109
2018-08-10,0.66105,0.66201,0.65688,0.65755,45153
2018-08-13,0.65636,0.65933,0.65605,0.6578,37796
2018-08-14,0.658,0.66083,0.65666,0.65677,33156
2018-08-15,0.65674,0.65753,0.65429,0.65618,36807
2018-08-16,0.65598,0.66069,0.65541,0.65824,42104
2018-08-17,0.6583,0.66357,0.6578,0.66357,33634
2018-08-20,0.66343,0.66474,0.66092,0.66354,27657
2018-08-21,0.66321,0.66995,0.66321,0.66881,39014
2018-08-22,0.66901,0.672,0.668,0.66956,38589
2018-08-23,0.6695,0.67015,0.6629,0.66333,37768
2018-08-24,0.66387,0.66949,0.66186,0.66864,42606
2018-08-27,0.66774,0.67013,0.66685,0.66951,31465
2018-08-28,0.66906,0.67256,0.66753,0.67024,34703
2018-08-29,0.67024,0.67178,0.66835,0.67115,45355
2018-08-30,0.67096,0.67154,0.66327,0.66533,45789
2018-08-31,0.66513,0.66602,0.66055,0.66193,50191
2018-09-03,0.66126,0.662,0.65918,0.65981,28807
2018-09-04,0.65981,0.66054,0.65386,0.65559,37438
2018-09-05,0.65536,0.65976,0.65287,0.65886,41797
2018-09-06,0.65831,0.66146,0.65706,0.65855,45681
2018-09-07,0.65843,0.65921,0.65265,0.65307,45917
2018-09-10,0.65299,0.65456,0.65109,0.65241,31877
2018-09-11,0.6524,0.65394,0.64994,0.65233,34207
2018-09-12,0.65231,0.65639,0.65009,0.65577,35784
2018-09-13,0.65609,0.65883,0.65402,0.65649,39474
2018-09-14,0.65631,0.6594,0.65416,0.65442,35731
2018-09-17,0.65494,0.65889,0.6537,0.65696,31468
2018-09-18,0.65697,0.66064,0.656,0.65791,54085
2018-09-19,0.6578,0.66211,0.65712,0.66143,47289
2018-09-20,0.66135,0.66915,0.65998,0.66804,46113
2018-09-21,0.66642,0.66976,0.66642,0.66779,42077
2018-09-24,0.66671,0.66871,0.66392,0.66436,36194
2018-09-25,0.66397,0.66572,0.66284,0.66445,37599
2018-09-26,0.66471,0.66944,0.66331,0.66495,44251
2018-09-27,0.66642,0.6675,0.66086,0.66086,49084
2018-09-28,0.66097,0.6638,0.65969,0.66126,36643
2018-10-01,0.66078,0.66269,0.65981,0.66101,34247
2018-10-02,0.66051,0.66125,0.65737,0.65885,37944
2018-10-03,0.65868,0.65919,0.65091,0.65113,41633
2018-10-04,0.6509,0.6518,0.64725,0.64761,38079
2018-10-05,0.64761,0.64844,0.64308,0.64364,38758
2018-10-08,0.64373,0.64531,0.64228,0.64473,31316
2018-10-09,0.64445,0.64753,0.64258,0.64714,39618
2018-10-10,0.64675,0.64954,0.64406,0.64427,44210
2018-10-11,0.64427,0.65302,0.64426,0.65165,67885
2018-10-12,0.65179,0.65318,0.64984,0.65076,50444
2018-10-15,0.64983,0.6555,0.64929,0.65496,50148
2018-10-16,0.65484,0.65954,0.65388,0.65848,51406
2018-10-17,0.65706,0.66,0.65443,0.65447,58369
2018-10-18,0.65456,0.65764,0.65327,0.65417,62108
2018-10-19,0.65414,0.66058,0.6522,0.6588,59749
2018-10-22,0.66075,0.6609,0.65421,0.655,56217
2018-10-23,0.65584,0.65675,0.65334,0.65458,64665
2018-10-24,0.65457,0.65659,0.65166,0.65197,63090
2018-10-25,0.65195,0.65431,0.65008,0.65148,62704
2018-10-26,0.65201,0.65314,0.64634,0.6521,78113
2018-10-29,0.65202,0.6554,0.6513,0.65212,52790
2018-10-30,0.65212,0.65715,0.65196,0.6552,50761
2018-10-31,0.6552,0.65693,0.65116,0.6517,47837
2018-11-01,0.65182,0.66612,0.65178,0.66389,58890
2018-11-02,0.66388,0.66882,0.66324,0.66444,60615
2018-11-05,0.66321,0.66744,0.66225,0.66624,45705
2018-11-06,0.66624,0.67391,0.66444,0.6736,49424
2018-11-07,0.67369,0.68189,0.67107,0.67812,68053
2018-11-08,0.67827,0.67953,0.67397,0.67509,61758
2018-11-09,0.67502,0.67639,0.6726,0.67364,64648
2018-11-12,0.67259,0.67558,0.67041,0.67087,59700
2018-11-13,0.67093,0.67663,0.67059,0.67613,66681
2018-11-14,0.67589,0.68075,0.67506,0.67905,70855
2018-11-15,0.67936,0.68383,0.67857,0.68235,76012
2018-11-16,0.68235,0.68824,0.67971,0.68742,50755
2018-11-19,0.68632,0.68722,0.68149,0.68364,34266
2018-11-20,0.68364,0.68679,0.67825,0.67826,46158
2018-11-21,0.67824,0.68522,0.678,0.68314,41148
2018-11-22,0.68311,0.68324,0.67874,0.68125,33848
2018-11-23,0.68124,0.68189,0.67634,0.67725,38761
2018-11-26,0.67565,0.68145,0.67535,0.67697,37392
2018-11-27,0.67697,0.68088,0.67521,0.67861,43999
2018-11-28,0.67851,0.68855,0.67824,0.68688,43403
2018-11-29,0.68686,0.68826,0.68365,0.68572,44958
2018-11-30,0.6857,0.68846,0.68501,0.68794,43429
2018-12-03,0.69153,0.69387,0.68874,0.6926,41098
2018-12-04,0.69255,0.69681,0.69161,0.69283,55380
2018-12-05,0.69273,0.69427,0.68878,0.68973,37600
2018-12-06,0.68963,0.69,0.68548,0.68754,62887
2018-12-07,0.68771,0.68969,0.68448,0.68576,51862
2018-12-10,0.68652,0.69032,0.68391,0.68695,57216
2018-12-11,0.68695,0.691,0.68607,0.68741,51812
2018-12-12,0.68723,0.68989,0.6823,0.68564,52980
2018-12-13,0.68554,0.68779,0.68405,0.68556,41685
2018-12-14,0.6856,0.6861,0.67775,0.6794,39870
2018-12-17,0.6794,0.68162,0.67831,0.68033,37803
2018-12-18,0.68028,0.68784,0.67962,0.68461,50424
2018-12-19,0.68457,0.68688,0.67614,0.67649,59863
2018-12-20,0.67653,0.67891,0.67232,0.6773,69549
2018-12-21,0.67731,0.67886,0.67042,0.67065,57318
2018-12-24,0.67047,0.67427,0.67047,0.6722,48757
2018-12-26,0.67301,0.67446,0.67143,0.67289,18696
2018-12-27,0.67296,0.67393,0.66914,0.66974,58687
2018-12-28,0.66971,0.67186,0.6691,0.67011,41948
2018-12-31,0.67081,0.67206,0.66898,0.67104,47287
2019-01-02,0.6686,0.672,0.66507,0.66521,52231
2019-01-03,0.6652,0.66982,0.65773,0.66913,80481
2019-01-04,0.66912,0.67502,0.6669,0.67326,64101
2019-01-07,0.67385,0.67656,0.67244,0.67513,39811
2019-01-08,0.67512,0.67559,0.67058,0.67203,47767
2019-01-09,0.67202,0.68089,0.672,0.67874,52476
2019-01-10,0.67867,0.6794,0.67708,0.67799,48009
2019-01-11,0.67787,0.68423,0.67746,0.68291,48081
2019-01-14,0.68226,0.6831,0.67949,0.6821,34083
2019-01-15,0.6821,0.68472,0.67984,0.68152,41027
2019-01-16,0.68145,0.68288,0.67537,0.67744,34118
2019-01-17,0.67747,0.6785,0.67262,0.67615,40251
2019-01-18,0.67615,0.67828,0.67353,0.67421,32569
2019-01-21,0.67478,0.67478,0.67118,0.67294,27069
2019-01-22,0.67293,0.67545,0.67052,0.6749,43308
2019-01-23,0.67462,0.67968,0.67408,0.67868,50925
2019-01-24,0.67869,0.68049,0.67546,0.67615,63251
2019-01-25,0.67609,0.68491,0.67454,0.68357,51767
2019-01-28,0.68255,0.68708,0.68245,0.68276,38793
2019-01-29,0.68279,0.68605,0.6814,0.68318,48435
2019-01-30,0.68305,0.691,0.68193,0.6894,56873
2019-01-31,0.6888,0.69373,0.68834,0.69135,50711
2019-02-01,0.69171,0.69403,0.68885,0.68889,52041
2019-02-04,0.68909,0.69043,0.68685,0.68817,39752
2019-02-05,0.68816,0.69044,0.68695,0.68919,40152
2019-02-06,0.68916,0.69035,0.67645,0.67734,45687
2019-02-07,0.67732,0.67765,0.67427,0.6747,42996
2019-02-08,0.67476,0.6765,0.6728,0.67404,41996
2019-02-11,0.67389,0.67718,0.67255,0.67304,29160
2019-02-12,0.67306,0.67425,0.6718,0.67335,37556
2019-02-13,0.67354,0.68504,0.67231,0.67944,44150
2019-02-14,0.67957,0.68544,0.67913,0.68353,49176
2019-02-15,0.68362,0.68728,0.68078,0.6861,39819
2019-02-18,0.6852,0.68918,0.68378,0.68456,34789
2019-02-19,0.68459,0.6887,0.68132,0.68809,39619
2019-02-20,0.6883,0.68833,0.68484,0.68534,43614
2019-02-21,0.68535,0.68754,0.67955,0.67991,57754
2019-02-22,0.67997,0.68522,0.67557,0.68378,47899
2019-02-25,0.68599,0.69005,0.6851,0.68806,49516
2019-02-26,0.68818,0.69016,0.68694,0.68857,46793
2019-02-27,0.68856,0.69003,0.68332,0.68432,49567
2019-02-28,0.6845,0.68518,0.67945,0.68056,55489
2019-03-01,0.68073,0.68376,0.67924,0.67944,45497
2019-03-04,0.68183,0.68261,0.67946,0.68155,48339
2019-03-05,0.68246,0.68255,0.67671,0.6795,41080
2019-03-06,0.67958,0.67998,0.67515,0.67664,45895
2019-03-07,0.67669,0.67912,0.67432,0.67522,50700
2019-03-08,0.67519,0.68089,0.67431,0.68022,50466
2019-03-11,0.67938,0.68343,0.67886,0.68315,37113
2019-03-12,0.6831,0.68713,0.68248,0.68581,40379
2019-03-13,0.68581,0.68613,0.68275,0.68534,35585
2019-03-14,0.68533,0.68637,0.6807,0.68319,42844
2019-03-15,0.68319,0.68572,0.68295,0.68454,35496
2019-03-18,0.68438,0.68727,0.6838,0.68483,33537
2019-03-19,0.68484,0.68699,0.6839,0.68494,38702
2019-03-20,0.68494,0.69166,0.68262,0.69165,46475
2019-03-21,0.69163,0.69369,0.68555,0.68781,57348
2019-03-22,0.6878,0.6896,0.68637,0.68725,61426
2019-03-25,0.68829,0.69173,0.68706,0.69077,53803
2019-03-26,0.69077,0.6923,0.68929,0.6901,48802
2019-03-27,0.69008,0.69127,0.67853,0.6796,66193
2019-03-28,0.67958,0.68275,0.6773,0.67741,57245
2019-03-29,0.67741,0.68219,0.67724,0.68032,48566
2019-04-01,0.68187,0.68358,0.68022,0.68035,41331
2019-04-02,0.68036,0.68036,0.67371,0.67545,46533
2019-04-03,0.6755,0.67985,0.67419,0.67752,38415
2019-04-04,0.67764,0.67981,0.67466,0.67507,35491
2019-04-05,0.67512,0.67638,0.67169,0.67292,36806
2019-04-08,0.6725,0.67521,0.67205,0.67383,30843
2019-04-09,0.67391,0.67569,0.6735,0.67396,34963
2019-04-10,0.6741,0.67723,0.67364,0.67616,41804
2019-04-11,0.67624,0.67697,0.67212,0.67255,45700
2019-04-12,0.67255,0.67801,0.6712,0.67596,39716
2019-04-15,0.67545,0.67812,0.67489,0.67599,31848
2019-04-16,0.67612,0.67679,0.67396,0.67609,41529
2019-04-17,0.67625,0.67747,0.66645,0.67253,39099
2019-04-18,0.67266,0.67292,0.66711,0.66793,31174
2019-04-19,0.66803,0.66928,0.66735,0.66826,14264
2019-04-22,0.66826,0.66881,0.66713,0.66777,15311
2019-04-23,0.66774,0.66836,0.66278,0.66546,24257
2019-04-24,0.66551,0.66557,0.65801,0.65892,36812
2019-04-25,0.65897,0.66282,0.65788,0.66231,30475
2019-04-26,0.66238,0.66804,0.66121,0.6657,36932
2019-04-29,0.66538,0.66792,0.66495,0.66655,21582
2019-04-30,0.66664,0.66834,0.66532,0.66734,30607
2019-05-01,0.66747,0.66766,0.66146,0.66192,31609
2019-05-02,0.6619,0.66378,0.66065,0.66143,29745
2019-05-03,0.66139,0.66515,0.66044,0.6642,34712
2019-05-06,0.66031,0.66278,0.65994,0.66083,37373
2019-05-07,0.66096,0.66277,0.65866,0.65986,43098
2019-05-08,0.65983,0.66035,0.65243,0.65744,47913
2019-05-09,0.65745,0.65962,0.65677,0.65882,41549
2019-05-10,0.6587,0.66129,0.65814,0.65965,60623
2019-05-13,0.65893,0.66014,0.65623,0.65648,41162
2019-05-14,0.6565,0.65899,0.65627,0.6572,34527
2019-05-15,0.65721,0.65767,0.65491,0.65618,36604
2019-05-16,0.65619,0.6581,0.65305,0.65329,35223
2019-05-17,0.65338,0.65455,0.65122,0.65134,34797
2019-05-20,0.65261,0.65449,0.65189,0.65311,35893
2019-05-21,0.65309,0.65416,0.64988,0.65039,41592
2019-05-22,0.65041,0.65091,0.64904,0.64919,30437
2019-05-23,0.64928,0.65247,0.64801,0.6518,44365
2019-05-24,0.65189,0.65541,0.65107,0.65491,39249
2019-05-27,0.65504,0.65578,0.65386,0.65414,20296
2019-05-28,0.65415,0.6557,0.65383,0.65402,40312
2019-05-29,0.65409,0.65508,0.65027,0.65092,42057
2019-05-30,0.65092,0.6526,0.64934,0.65082,32881
2019-05-31,0.6508,0.65462,0.6496,0.65323,53521
2019-06-03,0.65281,0.66028,0.65244,0.6595,50533
2019-06-04,0.65951,0.66179,0.65738,0.66058,57727
2019-06-05,0.66073,0.6665,0.66017,0.66147,57151
2019-06-06,0.6614,0.66426,0.66093,0.66197,55427
2019-06-07,0.66208,0.66799,0.66126,0.66602,44214
2019-06-10,0.66545,0.66602,0.66028,0.6606,42373
2019-06-11,0.66065,0.66104,0.6567,0.65798,47292
2019-06-12,0.65811,0.65911,0.65645,0.65703,50688
2019-06-13,0.65704,0.65862,0.65543,0.65667,45976
2019-06-14,0.65671,0.65718,0.64867,0.64889,45222
2019-06-17,0.649,0.65132,0.64894,0.64928,29754
2019-06-18,0.64927,0.65362,0.64888,0.65279,41330
2019-06-19,0.65278,0.65614,0.65122,0.6536,39483
2019-06-20,0.65369,0.65943,0.65326,0.6584,46101
2019-06-21,0.65839,0.66026,0.65526,0.65875,36299
2019-06-24,0.65835,0.66249,0.65829,0.66182,27046
2019-06-25,0.66182,0.66598,0.66108,0.6639,45318
2019-06-26,0.6639,0.66913,0.65918,0.66817,40525
2019-06-27,0.66806,0.67012,0.66697,0.66982,38599
2019-06-28,0.66983,0.67195,0.66884,0.6715,32070
2019-07-01,0.67147,0.67253,0.66631,0.66721,36781
2019-07-02,0.6672,0.66797,0.66548,0.66707,33832
2019-07-03,0.6671,0.67182,0.66652,0.67064,33044
2019-07-04,0.67035,0.67186,0.66756,0.66851,16453
2019-07-05,0.66854,0.66929,0.66006,0.66218,35715
2019-07-08,0.66235,0.66525,0.6619,0.66217,14206
2019-07-09,0.66223,0.66312,0.66003,0.66039,26318
2019-07-10,0.6604,0.66566,0.65661,0.66447,42007
2019-07-11,0.66451,0.66885,0.66401,0.66605,39151
2019-07-12,0.66608,0.66981,0.66534,0.66936,37949
2019-07-15,0.66822,0.67341,0.668,0.67171,28836
2019-07-16,0.67168,0.67377,0.66952,0.66989,31987
2019-07-17,0.66988,0.67461,0.66953,0.67295,26971
2019-07-18,0.67293,0.67864,0.67197,0.6782,34624
2019-07-19,0.67821,0.67902,0.67578,0.67596,36957
2019-07-22,0.67625,0.67867,0.67564,0.67598,23597
2019-07-23,0.67598,0.67598,0.67024,0.67029,25337
2019-07-24,0.67027,0.6723,0.66913,0.67042,22493
2019-07-25,0.67041,0.6707,0.66535,0.66654,34697
2019-07-26,0.66627,0.66686,0.66255,0.66316,23807
2019-07-29,0.66297,0.66413,0.66156,0.66305,13139
2019-07-30,0.66307,0.6634,0.66019,0.66124,21041
2019-07-31,0.66124,0.66186,0.65425,0.65573,44010
2019-08-01,0.65577,0.65772,0.65336,0.65509,47003
2019-08-02,0.65509,0.65615,0.65049,0.65335,60801
2019-08-05,0.65213,0.65442,0.64881,0.65273,57319
2019-08-06,0.65191,0.6589,0.65079,0.65234,63326
2019-08-07,0.65232,0.65571,0.63772,0.64422,75276
2019-08-08,0.64441,0.64911,0.6433,0.64784,52645
2019-08-09,0.64789,0.64981,0.64594,0.64614,40542
2019-08-12,0.64653,0.64747,0.64381,0.64465,46325
2019-08-13,0.64475,0.64708,0.64212,0.64502,56265
2019-08-14,0.64506,0.64684,0.64206,0.6432,56028
2019-08-15,0.64323,0.64586,0.6427,0.64465,55581
2019-08-16,0.64472,0.64475,0.64222,0.64232,48412
2019-08-19,0.64242,0.64417,0.64027,0.64072,32366
2019-08-20,0.64083,0.64296,0.64027,0.64142,41928
2019-08-21,0.64136,0.64223,0.63943,0.64019,32183
2019-08-22,0.64019,0.64075,0.63609,0.63639,37505
2019-08-23,0.63649,0.64094,0.63603,0.63906,59429
2019-08-26,0.63805,0.64031,0.63415,0.63916,88387
2019-08-27,0.63886,0.63971,0.63572,0.63602,43378
2019-08-28,0.63601,0.63661,0.63255,0.63343,46679
2019-08-29,0.63344,0.6347,0.63038,0.63093,45892
2019-08-30,0.63089,0.63199,0.62826,0.63083,50695
2019-09-02,0.62957,0.63181,0.62874,0.63067,39706
2019-09-03,0.63067,0.6338,0.62687,0.63356,48596
2019-09-04,0.63365,0.6364,0.63242,0.6359,35278
2019-09-05,0.63588,0.6395,0.63514,0.63723,36124
2019-09-06,0.63723,0.64435,0.63632,0.64255,32899
2019-09-09,0.64131,0.64441,0.64122,0.64221,31917
2019-09-10,0.64215,0.64413,0.64089,0.64231,20534
2019-09-11,0.6423,0.64388,0.64067,0.641,25282
2019-09-12,0.64108,0.645,0.63987,0.64046,28098
2019-09-13,0.64045,0.6409,0.63717,0.63747,19314
2019-09-16,0.6375,0.63913,0.63407,0.63415,23382
2019-09-17,0.63417,0.63586,0.63214,0.63572,23736
2019-09-18,0.63572,0.63618,0.62995,0.6318,26584
2019-09-19,0.63159,0.63323,0.62975,0.62994,31539
2019-09-20,0.63001,0.63069,0.62545,0.62566,31186
2019-09-23,0.62626,0.62987,0.62576,0.62914,29109
2019-09-24,0.62917,0.6331,0.6287,0.63236,33899
2019-09-25,0.63228,0.63483,0.62658,0.62708,33912
2019-09-26,0.62708,0.63267,0.62639,0.62956,38127
2019-09-27,0.62958,0.63095,0.62786,0.62937,35211
2019-09-30,0.62805,0.62943,0.62489,0.62599,31921
2019-10-01,0.62599,0.62716,0.62034,0.62395,41139
2019-10-02,0.62396,0.62716,0.62185,0.62656,37038
2019-10-03,0.62654,0.63156,0.62548,0.63022,35528
2019-10-04,0.62989,0.6337,0.62952,0.63122,35379
2019-10-07,0.62992,0.63215,0.62829,0.62859,37028
2019-10-08,0.62853,0.63267,0.62841,0.6296,33096
2019-10-09,0.62957,0.63246,0.6288,0.62898,28093
2019-10-10,0.62898,0.63348,0.62766,0.63154,31727
2019-10-11,0.63155,0.63536,0.63154,0.6336,34236
2019-10-14,0.63265,0.63347,0.62807,0.62966,23894
2019-10-15,0.62965,0.63142,0.62582,0.62902,28272
2019-10-16,0.62899,0.63186,0.62402,0.62887,29810
2019-10-17,0.62886,0.63547,0.62789,0.63454,29955
2019-10-18,0.63456,0.63899,0.63423,0.63835,21442
2019-10-21,0.63742,0.64159,0.63699,0.64038,21472
2019-10-22,0.64035,0.64354,0.63952,0.64038,25751
2019-10-23,0.6403,0.64261,0.63855,0.64204,20535
2019-10-24,0.64203,0.64243,0.63739,0.63796,26231
2019-10-25,0.63798,0.63831,0.6347,0.63478,22439
2019-10-28,0.63504,0.63597,0.63338,0.63478,19795
2019-10-29,0.63481,0.63749,0.63384,0.63553,24709
2019-10-30,0.63552,0.64037,0.63327,0.63992,33409
2019-10-31,0.63992,0.64325,0.63914,0.64135,35101
2019-11-01,0.64137,0.64561,0.64065,0.64258,29919
2019-11-04,0.64316,0.64653,0.63895,0.64005,24487
2019-11-05,0.64007,0.64308,0.63689,0.63725,35166
2019-11-06,0.63725,0.63887,0.63594,0.63668,25581
2019-11-07,0.63662,0.63859,0.63415,0.63639,30722
2019-11-08,0.63639,0.63816,0.63216,0.63229,25048
2019-11-11,0.6316,0.63719,0.6316,0.6356,17638
2019-11-12,0.63558,0.63676,0.63245,0.63283,26181
2019-11-13,0.63285,0.64188,0.63265,0.64105,29404
2019-11-14,0.64105,0.64183,0.63584,0.63796,24438
2019-11-15,0.63796,0.64096,0.63717,0.63993,21587
2019-11-18,0.63994,0.64115,0.63895,0.63967,21245
2019-11-19,0.63967,0.64314,0.63814,0.64295,22839
2019-11-20,0.64301,0.64354,0.64035,0.64156,24743
2019-11-21,0.64156,0.64368,0.63968,0.64,27653
2019-11-22,0.63996,0.6425,0.63977,0.64017,23630
2019-11-25,0.64072,0.64272,0.63941,0.64159,22448
2019-11-26,0.64154,0.64308,0.64052,0.64247,26015
2019-11-27,0.64243,0.64329,0.64127,0.64181,22380
2019-11-28,0.64179,0.64299,0.64019,0.6415,20283
2019-11-29,0.64151,0.64378,0.64086,0.64147,22924
2019-12-02,0.64297,0.65106,0.64237,0.65017,24836
2019-12-03,0.65017,0.6533,0.64931,0.65181,26154
2019-12-04,0.65183,0.65399,0.65028,0.65274,26297
2019-12-05,0.65273,0.65616,0.65193,0.65415,24116
2019-12-06,0.65413,0.65757,0.65394,0.65657,26290
2019-12-09,0.65548,0.6567,0.65444,0.65458,34368
2019-12-10,0.65458,0.65675,0.65281,0.65433,34350
2019-12-11,0.65433,0.6603,0.65218,0.65838,34838
2019-12-12,0.65838,0.65997,0.65737,0.65949,42046
2019-12-13,0.65949,0.66346,0.65813,0.65897,58596
2019-12-16,0.66001,0.66138,0.65876,0.65961,31784
2019-12-17,0.65956,0.66048,0.6564,0.65706,35423
2019-12-18,0.65699,0.66126,0.65537,0.65873,29390
2019-12-19,0.65873,0.66084,0.65722,0.66061,32883
2019-12-20,0.66061,0.66134,0.65881,0.66033,30505
2019-12-23,0.66004,0.66385,0.65962,0.66351,34484
2019-12-24,0.66358,0.66482,0.662,0.66373,30295
2019-12-26,0.66466,0.66764,0.66425,0.66672,9007
2019-12-27,0.66672,0.67101,0.66651,0.67025,33733
2019-12-30,0.67013,0.67359,0.6693,0.67265,29890
2019-12-31,0.67266,0.67552,0.67089,0.67304,29123
2020-01-02,0.67216,0.67247,0.6684,0.66967,26057
2020-01-03,0.66966,0.66999,0.66437,0.66608,33939
2020-01-06,0.66565,0.66797,0.66437,0.66727,30539
2020-01-07,0.66727,0.66787,0.66245,0.66392,27173
2020-01-08,0.66384,0.66718,0.66168,0.6644,42712
2020-01-09,0.66432,0.66578,0.65995,0.66134,26129
2020-01-10,0.66134,0.66444,0.66011,0.66337,28060
2020-01-13,0.66369,0.66523,0.66199,0.66287,25031
2020-01-14,0.66287,0.66334,0.66029,0.66102,25432
2020-01-15,0.66103,0.66202,0.65832,0.66153,23889
2020-01-16,0.66155,0.66647,0.66119,0.66335,25569
2020-01-17,0.66336,0.665,0.66067,0.6609,20905
2020-01-20,0.66102,0.66238,0.65916,0.66053,15219
2020-01-21,0.66052,0.66147,0.65871,0.65945,24712
2020-01-22,0.65944,0.66101,0.65807,0.6587,19393
2020-01-23,0.65882,0.66221,0.65805,0.66153,24854
2020-01-24,0.66154,0.66286,0.65981,0.66077,20227
2020-01-27,0.65815,0.65956,0.65417,0.65431,23499
2020-01-28,0.65431,0.65497,0.65203,0.65441,18870
2020-01-29,0.65441,0.65537,0.65052,0.65248,19124
2020-01-30,0.65248,0.65295,0.64795,0.64837,22424
2020-01-31,0.64837,0.64946,0.64531,0.64628,32624
2020-02-03,0.64671,0.64765,0.64521,0.64596,37058
2020-02-04,0.64594,0.65013,0.6449,0.6485,35810
2020-02-05,0.64849,0.65024,0.64688,0.64726,33275
2020-02-06,0.64727,0.64834,0.64535,0.64563,28297
2020-02-07,0.64551,0.64634,0.63966,0.64012,32957
2020-02-10,0.64026,0.64169,0.63815,0.63827,37781
2020-02-11,0.63827,0.64206,0.63776,0.63995,35375
2020-02-12,0.63995,0.64871,0.63982,0.64646,35543
2020-02-13,0.64629,0.64659,0.64278,0.64361,36467
2020-02-14,0.64364,0.64439,0.64227,0.64327,25095
2020-02-17,0.64443,0.64472,0.64198,0.64316,22698
2020-02-18,0.64311,0.64412,0.63808,0.63834,28010
2020-02-19,0.63834,0.64102,0.63699,0.63838,26945
2020-02-20,0.63838,0.63943,0.63243,0.63297,34928
2020-02-21,0.63297,0.63564,0.6303,0.6351,35475
2020-02-24,0.63139,0.63556,0.63031,0.63377,41511
2020-02-25,0.63378,0.63583,0.63105,0.63189,39918
2020-02-26,0.63189,0.63221,0.62862,0.62878,44943
2020-02-27,0.62872,0.63342,0.62828,0.63047,52561
2020-02-28,0.63049,0.63181,0.6191,0.62457,71921
2020-03-02,0.61966,0.62783,0.61965,0.62599,40962
2020-03-03,0.62599,0.6325,0.62462,0.6274,43141
2020-03-04,0.62728,0.63049,0.62629,0.6297,29393
2020-03-05,0.62964,0.63336,0.62798,0.62947,26404
2020-03-06,0.62907,0.63721,0.62898,0.63559,39245
2020-03-09,0.6316,0.64463,0.60004,0.63303,80210
2020-03-10,0.63304,0.63577,0.62408,0.62581,70590
2020-03-11,0.62583,0.63417,0.62565,0.6271,48007
2020-03-12,0.62711,0.6276,0.60774,0.61255,112183
2020-03-13,0.61245,0.61602,0.60173,0.60627,72331
2020-03-16,0.60942,0.61302,0.59828,0.60406,79321
2020-03-17,0.60406,0.60956,0.59151,0.5958,63994
2020-03-18,0.5958,0.5968,0.56948,0.57375,88237
2020-03-19,0.57375,0.59174,0.54686,0.5667,104838
2020-03-20,0.56703,0.58805,0.5607,0.57028,99395
2020-03-23,0.56757,0.57381,0.55876,0.56873,104796
2020-03-24,0.56997,0.58394,0.56863,0.58295,85851
2020-03-25,0.58303,0.5912,0.57873,0.58433,77790
2020-03-26,0.58423,0.59882,0.57769,0.59356,85490
2020-03-27,0.5938,0.60689,0.59095,0.60417,77441
2020-03-30,0.60286,0.60627,0.59831,0.60132,82053
2020-03-31,0.60066,0.60384,0.59091,0.59628,95060
2020-04-01,0.59615,0.59794,0.58788,0.59144,68580
2020-04-02,0.59137,0.59733,0.58801,0.59121,60503
2020-04-03,0.5912,0.59223,0.58431,0.58589,53238
2020-04-06,0.58655,0.59631,0.58476,0.5927,55322
2020-04-07,0.5927,0.60155,0.59139,0.59726,63295
2020-04-08,0.59726,0.60306,0.594,0.60016,52213
2020-04-09,0.60016,0.60956,0.59851,0.6078,52033
2020-04-10,0.6078,0.61028,0.60499,0.6063,21687
2020-04-13,0.60788,0.61109,0.60594,0.60856,46385
2020-04-14,0.60856,0.61303,0.60649,0.61045,61259
2020-04-15,0.61045,0.61087,0.59548,0.59912,68278
2020-04-16,0.59913,0.59992,0.59213,0.59611,83862
2020-04-17,0.5964,0.6051,0.59523,0.60321,80804
2020-04-20,0.60234,0.60917,0.60087,0.60326,58152
2020-04-21,0.60326,0.60446,0.59334,0.59572,69204
2020-04-22,0.59502,0.60037,0.59396,0.5947,56412
2020-04-23,0.59461,0.60415,0.59103,0.6005,68837
2020-04-24,0.60051,0.60184,0.59759,0.60178,46803
2020-04-27,0.59972,0.60754,0.59964,0.6045,48302
2020-04-28,0.60465,0.60729,0.59918,0.60537,46888
2020-04-29,0.60488,0.61336,0.60454,0.61314,39715
2020-04-30,0.61314,0.61757,0.61069,0.61244,47545
2020-05-01,0.61244,0.61245,0.60465,0.60604,34111
2020-05-04,0.60537,0.60587,0.60082,0.6041,35856
2020-05-05,0.6041,0.60767,0.60315,0.60491,33469
2020-05-06,0.60489,0.60729,0.60035,0.60108,36238
2020-05-07,0.60031,0.60924,0.59946,0.60848,39558
2020-05-08,0.60848,0.61476,0.60836,0.61355,35416
2020-05-11,0.6143,0.61558,0.60535,0.60761,35180
2020-05-12,0.60761,0.61234,0.60408,0.6075,36752
2020-05-13,0.6075,0.60978,0.59799,0.59829,51721
2020-05-14,0.59829,0.60044,0.59569,0.59943,44834
2020-05-15,0.59943,0.6016,0.5921,0.59332,40208
2020-05-18,0.59362,0.6043,0.59239,0.60384,32821
2020-05-19,0.60384,0.6119,0.60314,0.60723,35449
2020-05-20,0.60723,0.61578,0.60626,0.61411,39716
2020-05-21,0.61411,0.61498,0.61041,0.61113,42994
2020-05-22,0.61113,0.61296,0.60808,0.60942,38162
2020-05-25,0.60895,0.61083,0.60835,0.61003,23466
2020-05-26,0.61003,0.62281,0.60929,0.6196,38695
2020-05-27,0.6196,0.62324,0.61489,0.61715,52903
2020-05-28,0.61709,0.62281,0.61685,0.62044,50750
2020-05-29,0.62044,0.62398,0.61687,0.62071,59939
2020-06-01,0.61914,0.62989,0.61853,0.62927,47338
2020-06-02,0.629,0.63714,0.6263,0.63684,54911
2020-06-03,0.63684,0.64435,0.63558,0.64184,62914
2020-06-04,0.64184,0.6478,0.64036,0.64609,58669
2020-06-05,0.6461,0.65281,0.64545,0.65034,60966
2020-06-08,0.65033,0.6567,0.64984,0.65584,42867
2020-06-09,0.65584,0.65802,0.64686,0.65126,53020
2020-06-10,0.65126,0.6584,0.64949,0.65348,58767
2020-06-11,0.65348,0.65415,0.6411,0.64297,74844
2020-06-12,0.64297,0.64769,0.63937,0.64501,80527
2020-06-15,0.64397,0.64841,0.6381,0.64728,75100
2020-06-16,0.64729,0.65065,0.64116,0.64507,66509
2020-06-17,0.64486,0.6476,0.64291,0.64559,52401
2020-06-18,0.64559,0.64777,0.64183,0.64283,60133
2020-06-19,0.64267,0.64574,0.64003,0.64071,57995
2020-06-22,0.638,0.64942,0.638,0.64771,44485
2020-06-23,0.64771,0.65331,0.64362,0.64902,60351
2020-06-24,0.6489,0.65139,0.64044,0.64081,51880
2020-06-25,0.64081,0.64419,0.63983,0.64281,41450
2020-06-26,0.64274,0.645,0.64018,0.64209,31822
2020-06-29,0.63981,0.64428,0.63981,0.64195,32754
2020-06-30,0.64194,0.6461,0.63846,0.64531,34737
2020-07-01,0.6452,0.64889,0.64397,0.64751,31685
2020-07-02,0.64751,0.65366,0.64645,0.65087,33580
2020-07-03,0.65084,0.65374,0.65004,0.65287,23897
2020-07-06,0.65175,0.65656,0.65169,0.6553,29443
2020-07-07,0.65523,0.65801,0.65188,0.65448,33648
2020-07-08,0.65448,0.65792,0.65243,0.65724,34463
2020-07-09,0.65697,0.66002,0.65506,0.65682,38841
2020-07-10,0.65682,0.65881,0.65456,0.65701,33200
2020-07-13,0.65605,0.65931,0.65369,0.65385,33841
2020-07-14,0.65388,0.65434,0.65024,0.65297,40982
2020-07-15,0.65296,0.65834,0.65261,0.65699,33983
2020-07-16,0.65687,0.65778,0.65276,0.65335,30886
2020-07-17,0.65331,0.65654,0.65271,0.65547,22951
2020-07-20,0.65457,0.65769,0.65381,0.65755,22997
2020-07-21,0.6576,0.66496,0.65586,0.6641,28396
2020-07-22,0.66415,0.66889,0.66321,0.66609,32560
2020-07-23,0.66609,0.66893,0.66249,0.66338,32794
2020-07-24,0.66333,0.66532,0.66142,0.66414,32453
2020-07-27,0.6624,0.66928,0.66222,0.66835,30874
2020-07-28,0.66839,0.67024,0.66326,0.66591,34388
2020-07-29,0.66574,0.6679,0.66407,0.66686,29462
2020-07-30,0.66673,0.67013,0.66196,0.66974,33708
2020-07-31,0.66974,0.67151,0.66226,0.66264,46789
2020-08-03,0.66229,0.66421,0.65745,0.66114,29771
2020-08-04,0.66099,0.66257,0.65887,0.66206,27043
2020-08-05,0.66226,0.66729,0.66112,0.66466,28938
2020-08-06,0.66466,0.66889,0.66277,0.66859,34204
2020-08-07,0.66861,0.66903,0.65881,0.65985,33990
2020-08-10,0.66041,0.66116,0.65772,0.65903,22397
2020-08-11,0.65899,0.66263,0.65707,0.65753,32517
2020-08-12,0.6576,0.65996,0.65234,0.65777,29783
2020-08-13,0.65759,0.65981,0.65364,0.65469,27881
2020-08-14,0.6546,0.65586,0.65259,0.65428,21655
2020-08-17,0.65438,0.65732,0.65187,0.65562,28466
2020-08-18,0.65572,0.66088,0.65338,0.66007,32690
2020-08-19,0.66001,0.66512,0.65534,0.65563,40114
2020-08-20,0.65554,0.65706,0.64883,0.6534,40966
2020-08-21,0.65339,0.65486,0.65162,0.65433,41485
2020-08-24,0.65269,0.65645,0.65214,0.65259,35154
2020-08-25,0.65256,0.65579,0.65148,0.65469,33773
2020-08-26,0.65445,0.66228,0.65415,0.66207,34838
2020-08-27,0.66176,0.66746,0.65998,0.66375,45127
2020-08-28,0.66376,0.67437,0.66209,0.67381,42704
2020-08-31,0.67279,0.67629,0.67184,0.67321,39991
2020-09-01,0.67322,0.67784,0.67259,0.67574,44530
2020-09-02,0.67574,0.67884,0.67411,0.67705,33234
2020-09-03,0.677,0.67728,0.6693,0.67107,39530
2020-09-04,0.67081,0.67348,0.66669,0.6719,40483
2020-09-07,0.67142,0.67215,0.66892,0.66915,28381
2020-09-08,0.66898,0.67067,0.66121,0.66175,37355
2020-09-09,0.6616,0.66867,0.66004,0.66832,33713
2020-09-10,0.66793,0.6708,0.66386,0.66489,36295
2020-09-11,0.6649,0.66946,0.66388,0.66659,30253
2020-09-14,0.66567,0.67173,0.66567,0.66994,24331
2020-09-15,0.66943,0.6736,0.66831,0.6712,23680
2020-09-16,0.67121,0.67586,0.67021,0.67311,38704
2020-09-17,0.67296,0.67586,0.66746,0.67539,45200
2020-09-18,0.67537,0.67974,0.67426,0.67567,37390
2020-09-21,0.6764,0.67772,0.66518,0.66659,43871
2020-09-22,0.66641,0.66869,0.66221,0.66341,38747
2020-09-23,0.66341,0.6647,0.65352,0.65458,42035
2020-09-24,0.65451,0.65617,0.65113,0.6544,40794
2020-09-25,0.65431,0.65918,0.65275,0.65459,40303
2020-09-28,0.6542,0.65676,0.65394,0.65513,32866
2020-09-29,0.65524,0.66026,0.65485,0.65818,32522
2020-09-30,0.65823,0.6626,0.65692,0.66102,43314
2020-10-01,0.66111,0.6657,0.66069,0.66471,34552
2020-10-02,0.66471,0.66545,0.66132,0.66358,43313
2020-10-05,0.66367,0.66539,0.6629,0.66406,27446
2020-10-06,0.664,0.66581,0.65828,0.65843,35551
2020-10-07,0.65848,0.66004,0.65708,0.65763,28554
2020-10-08,0.65763,0.65964,0.65467,0.65815,28134
2020-10-09,0.65776,0.66731,0.65687,0.66705,25781
2020-10-12,0.66526,0.667,0.66419,0.66457,22912
2020-10-13,0.6646,0.66707,0.66282,0.6645,27646
2020-10-14,0.66451,0.6682,0.66441,0.66561,29936
2020-10-15,0.66559,0.66624,0.6576,0.65966,32939
2020-10-16,0.65963,0.6619,0.65867,0.66049,29104
2020-10-19,0.66036,0.6646,0.66005,0.6605,24047
2020-10-20,0.66049,0.66063,0.65527,0.65783,25531
2020-10-21,0.65759,0.66776,0.65727,0.66536,30438
2020-10-22,0.66518,0.66886,0.66321,0.66742,29733
2020-10-23,0.66731,0.67046,0.66559,0.66881,28136
2020-10-26,0.66883,0.66973,0.66639,0.66732,32968
2020-10-27,0.66732,0.6724,0.66698,0.67065,28694
2020-10-28,0.67062,0.67196,0.66283,0.66424,35006
2020-10-29,0.66431,0.66596,0.65966,0.66289,38675
2020-10-30,0.66289,0.66711,0.65977,0.66121,41378
2020-11-02,0.66042,0.66352,0.65889,0.66278,37021
2020-11-03,0.6627,0.67178,0.66193,0.6697,32519
2020-11-04,0.66979,0.67434,0.66136,0.66886,59777
2020-11-05,0.66927,0.67779,0.66789,0.6763,54438
2020-11-06,0.67656,0.68021,0.67512,0.67722,47049
2020-11-09,0.67851,0.68549,0.67829,0.68177,63597
2020-11-10,0.68175,0.68399,0.68034,0.68267,50215
2020-11-11,0.68281,0.69037,0.68089,0.68825,41322
2020-11-12,0.68805,0.69146,0.6835,0.68382,33413
2020-11-13,0.68386,0.68486,0.68105,0.68472,28226
2020-11-16,0.68378,0.69068,0.68378,0.69028,30803
2020-11-17,0.69029,0.69188,0.68753,0.68896,30886
2020-11-18,0.68898,0.69451,0.68755,0.69229,32793
2020-11-19,0.69264,0.69285,0.68787,0.69187,37463
2020-11-20,0.69167,0.69509,0.6904,0.69316,37475
2020-11-23,0.69235,0.69678,0.68967,0.69213,32890
2020-11-24,0.69205,0.70048,0.69163,0.69724,36303
2020-11-25,0.69731,0.70148,0.69602,0.70054,33493
2020-11-26,0.7002,0.7014,0.69928,0.70014,21972
2020-11-27,0.70039,0.70393,0.70001,0.70196,27391
2020-11-30,0.70224,0.70509,0.70095,0.70106,33176
2020-12-01,0.70102,0.70675,0.70072,0.70633,31390
2020-12-02,0.70633,0.70841,0.70316,0.70666,36939
2020-12-03,0.70666,0.71041,0.70504,0.70753,36487
2020-12-04,0.70752,0.70792,0.70273,0.70391,43103
2020-12-07,0.7039,0.70636,0.70053,0.70403,42257
2020-12-08,0.70403,0.70535,0.70233,0.70415,39767
2020-12-09,0.70415,0.70941,0.7011,0.70228,43712
2020-12-10,0.70229,0.70992,0.70107,0.7098,47957
2020-12-11,0.7098,0.71135,0.70735,0.70885,41706
2020-12-14,0.70974,0.71198,0.70751,0.70751,34808
2020-12-15,0.70788,0.70981,0.70588,0.70837,37985
2020-12-16,0.70838,0.71205,0.70536,0.71112,43610
2020-12-17,0.71113,0.71714,0.71016,0.71486,35755
2020-12-18,0.71479,0.71523,0.71101,0.714,36310
2020-12-21,0.71103,0.71234,0.70025,0.70992,71778
2020-12-22,0.70982,0.71059,0.70311,0.70358,53896
2020-12-23,0.70372,0.71045,0.70297,0.70943,54499
2020-12-24,0.70926,0.71176,0.7084,0.71143,35330
2020-12-28,0.70939,0.7139,0.70836,0.70998,40759
2020-12-29,0.70976,0.71646,0.70827,0.71484,38994
2020-12-30,0.71484,0.72117,0.71385,0.71993,41943
2020-12-31,0.71989,0.72409,0.71823,0.71939,41445
2021-01-04,0.71877,0.72304,0.71529,0.71702,66971
2021-01-05,0.71695,0.72595,0.71651,0.72491,70254
2021-01-06,0.72477,0.73153,0.72354,0.72864,103816
2021-01-07,0.72904,0.73054,0.72247,0.72512,76539
2021-01-08,0.72495,0.72811,0.72044,0.72377,87923
2021-01-11,0.72279,0.72329,0.71465,0.71598,66664
2021-01-12,0.71572,0.72319,0.71541,0.72199,62080
2021-01-13,0.72151,0.72396,0.71662,0.71744,55678
2021-01-14,0.7174,0.72405,0.71711,0.72209,56270
2021-01-15,0.72175,0.72294,0.71187,0.71298,62634
2021-01-18,0.71349,0.71397,0.70964,0.71085,45719
2021-01-19,0.71085,0.71407,0.71008,0.71151,52789
2021-01-20,0.71141,0.71744,0.71124,0.71677,54746
2021-01-21,0.7167,0.72231,0.71661,0.72136,58991
2021-01-22,0.72135,0.72253,0.71667,0.71806,53604
2021-01-25,0.71742,0.72168,0.71697,0.71972,54308
2021-01-26,0.71962,0.72475,0.71672,0.72332,41175
2021-01-27,0.72332,0.72448,0.71464,0.71552,73133
2021-01-28,0.71545,0.71958,0.71057,0.71691,70062
2021-01-29,0.71684,0.72257,0.71504,0.71811,80071
2021-02-01,0.71551,0.7203,0.71501,0.71557,63236
2021-02-02,0.71558,0.71961,0.71349,0.7191,52332
2021-02-03,0.71901,0.72259,0.71837,0.72074,50924
2021-02-04,0.72075,0.72251,0.71472,0.71537,48517
2021-02-05,0.7156,0.72068,0.71361,0.72021,55592
2021-02-08,0.71851,0.72323,0.7178,0.72175,55179
2021-02-09,0.72165,0.72543,0.72147,0.72398,60033
2021-02-10,0.72397,0.72454,0.71994,0.72141,58628
2021-02-11,0.72133,0.72505,0.72042,0.72258,51014
2021-02-12,0.72263,0.72333,0.71755,0.72197,45107
2021-02-15,0.72022,0.72493,0.72022,0.72237,36225
2021-02-16,0.72237,0.72682,0.71976,0.72088,61103
2021-02-17,0.72081,0.72142,0.71574,0.7188,67905
2021-02-18,0.71894,0.7225,0.71757,0.72177,73730
2021-02-19,0.72172,0.73146,0.72032,0.72958,70680
2021-02-22,0.72865,0.73431,0.72809,0.73272,77400
2021-02-23,0.73266,0.73466,0.73069,0.73374,80071
2021-02-24,0.73374,0.74549,0.73142,0.74347,97355
2021-02-25,0.74347,0.74648,0.73593,0.73707,116882
2021-02-26,0.73677,0.73828,0.72227,0.72319,148352
2021-03-01,0.72342,0.72926,0.72249,0.72643,93361
2021-03-02,0.7264,0.73067,0.72092,0.72865,84655
2021-03-03,0.72871,0.73042,0.72369,0.72454,72769
2021-03-04,0.72453,0.72728,0.71724,0.71873,89988
2021-03-05,0.71871,0.71921,0.70989,0.71629,83078
2021-03-08,0.71642,0.71913,0.71044,0.7119,91921
2021-03-09,0.71197,0.71815,0.71026,0.71709,85154
2021-03-10,0.71709,0.71993,0.71312,0.71943,75985
2021-03-11,0.71926,0.72405,0.71682,0.7227,71886
2021-03-12,0.72265,0.72331,0.71504,0.71775,80133
2021-03-15,0.71743,0.72162,0.71673,0.71982,62726
2021-03-16,0.71981,0.72058,0.71673,0.71888,49384
2021-03-17,0.71888,0.72635,0.71528,0.72297,59086
2021-03-18,0.72296,0.72691,0.71579,0.71638,75192
2021-03-19,0.71639,0.71879,0.71423,0.71659,69063
2021-03-22,0.71447,0.7183,0.71386,0.71565,43322
2021-03-23,0.71568,0.71585,0.69901,0.70049,52238
2021-03-24,0.70053,0.70087,0.69541,0.69656,47958
2021-03-25,0.6966,0.6986,0.69431,0.69534,53978
2021-03-26,0.69537,0.70019,0.69509,0.69993,38575
2021-03-29,0.69883,0.70179,0.69712,0.69976,42952
2021-03-30,0.69966,0.70335,0.69726,0.69783,47116
2021-03-31,0.69782,0.70255,0.69631,0.69832,42145
2021-04-01,0.6983,0.70263,0.69455,0.70158,37606
2021-04-02,0.7016,0.70469,0.70066,0.7028,14864
2021-04-05,0.70178,0.70699,0.70157,0.70562,27729
2021-04-06,0.70562,0.70693,0.70079,0.70567,37626
2021-04-07,0.7057,0.70688,0.69968,0.70084,46762
2021-04-08,0.70082,0.70616,0.70034,0.70549,42553
2021-04-09,0.70549,0.70656,0.70095,0.70343,45052
2021-04-12,0.70208,0.70493,0.70137,0.7029,41163
2021-04-13,0.7027,0.70596,0.70033,0.70502,47589
2021-04-14,0.70492,0.715,0.70428,0.7136,40143
2021-04-15,0.7136,0.71802,0.71331,0.71693,32634
2021-04-16,0.71691,0.71787,0.71318,0.71439,27815
2021-04-19,0.71251,0.71982,0.71216,0.71784,33198
2021-04-20,0.71782,0.72294,0.71649,0.7168,35621
2021-04-21,0.71678,0.72184,0.71622,0.72089,27455
2021-04-22,0.72084,0.72137,0.71457,0.71652,33033
2021-04-23,0.71644,0.72031,0.71504,0.71958,26151
2021-04-26,0.71874,0.72429,0.71854,0.72334,29004
2021-04-27,0.72334,0.7237,0.72014,0.7206,26179
2021-04-28,0.72057,0.72676,0.71883,0.72584,32060
2021-04-29,0.72584,0.72865,0.72223,0.72414,34779
2021-04-30,0.72417,0.72546,0.71508,0.71583,29880
2021-05-03,0.71719,0.72125,0.71439,0.72006,26247
2021-05-04,0.7195,0.72033,0.71153,0.71426,36674
2021-05-05,0.71425,0.72174,0.71391,0.72139,30619
2021-05-06,0.72133,0.72388,0.71844,0.72305,33784
2021-05-07,0.72283,0.72993,0.72053,0.72819,39296
2021-05-10,0.72801,0.7305,0.72602,0.72652,30975
2021-05-11,0.72624,0.72896,0.72516,0.72687,38446
2021-05-12,0.72688,0.72749,0.71514,0.71563,44876
2021-05-13,0.71548,0.71941,0.71348,0.71775,44478
2021-05-14,0.71775,0.72546,0.71644,0.72528,31798
2021-05-17,0.72259,0.72505,0.71814,0.72071,29637
2021-05-18,0.72071,0.72708,0.71967,0.72378,28449
2021-05-19,0.72435,0.72474,0.71516,0.71668,48391
2021-05-20,0.7165,0.72166,0.71567,0.71996,32405
2021-05-21,0.71996,0.72221,0.71543,0.71622,34041
2021-05-24,0.7162,0.72191,0.7158,0.72133,36814
2021-05-25,0.72156,0.72501,0.71982,0.72219,40064
2021-05-26,0.72219,0.73165,0.72135,0.72788,44967
2021-05-27,0.72796,0.73111,0.72658,0.72908,38823
2021-05-28,0.72905,0.72947,0.72123,0.72475,40744
2021-05-31,0.72478,0.72835,0.72312,0.72652,23650
2021-06-01,0.72644,0.72879,0.72463,0.72522,35180
2021-06-02,0.72518,0.72726,0.72091,0.72367,34469
2021-06-03,0.7237,0.72415,0.71254,0.71439,40930
2021-06-04,0.71435,0.72156,0.71325,0.72103,38692
2021-06-07,0.71897,0.72424,0.71797,0.72225,29259
2021-06-08,0.72222,0.72326,0.71874,0.7192,30993
2021-06-09,0.71928,0.72141,0.71669,0.71774,29331
2021-06-10,0.71773,0.72128,0.71646,0.71923,37062
2021-06-11,0.71914,0.72101,0.71159,0.71271,31287
2021-06-14,0.71312,0.7153,0.71248,0.71409,31450
2021-06-15,0.71396,0.71605,0.71049,0.71191,39795
2021-06-16,0.71173,0.71546,0.70422,0.70498,46724
2021-06-17,0.70498,0.71015,0.69917,0.70044,59319
2021-06-18,0.70026,0.70179,0.69246,0.69298,45615
2021-06-21,0.69273,0.69989,0.69246,0.69864,55063
2021-06-22,0.69844,0.70355,0.69632,0.70223,40981
2021-06-23,0.70214,0.70689,0.69952,0.70452,39873
2021-06-24,0.70434,0.70734,0.70228,0.70586,39973
2021-06-25,0.70566,0.70954,0.70527,0.70687,34699
2021-06-28,0.70547,0.70863,0.70327,0.70406,41276
2021-06-29,0.70372,0.70511,0.69794,0.69891,39762
2021-06-30,0.6988,0.70063,0.69649,0.6986,37404
2021-07-01,0.69844,0.70101,0.69617,0.69675,35947
2021-07-02,0.69659,0.70366,0.69465,0.70306,42047
2021-07-05,0.70193,0.70513,0.70126,0.70253,33206
2021-07-06,0.70139,0.71052,0.69879,0.70098,44440
2021-07-07,0.70084,0.7061,0.6989,0.70171,47440
2021-07-08,0.70162,0.70197,0.69346,0.69461,59925
2021-07-09,0.69469,0.70037,0.6923,0.69984,52418
2021-07-12,0.69805,0.70088,0.69482,0.69799,35125
2021-07-13,0.69784,0.70096,0.69173,0.69446,44118
2021-07-14,0.69427,0.70434,0.69384,0.70343,49896
2021-07-15,0.70329,0.70444,0.69651,0.69807,49538
2021-07-16,0.69807,0.70319,0.69696,0.7001,53809
2021-07-19,0.69974,0.70033,0.69159,0.69429,65593
2021-07-20,0.6943,0.69539,0.68807,0.69158,53729
2021-07-21,0.69154,0.69768,0.6894,0.69689,47591
2021-07-22,0.69689,0.69858,0.69463,0.69729,47364
2021-07-23,0.69729,0.69924,0.69516,0.69772,38067
2021-07-26,0.69606,0.70098,0.69475,0.69986,39327
2021-07-27,0.69969,0.70057,0.69394,0.69541,48805
2021-07-28,0.69533,0.69694,0.6901,0.69558,55924
2021-07-29,0.69549,0.70191,0.69356,0.70076,41559
2021-07-30,0.7006,0.70213,0.69591,0.69761,46154
2021-08-02,0.69543,0.6993,0.69521,0.69674,40401
2021-08-03,0.69669,0.70189,0.69612,0.70158,43439
2021-08-04,0.70156,0.70883,0.70089,0.70438,41845
2021-08-05,0.70438,0.70732,0.70366,0.70538,36590
2021-08-06,0.70521,0.70629,0.70012,0.70104,37430
2021-08-09,0.69985,0.70259,0.69807,0.69911,37000
2021-08-10,0.69909,0.70105,0.69684,0.70071,34265
2021-08-11,0.70067,0.70617,0.69912,0.70406,39741
2021-08-12,0.70387,0.70472,0.69954,0.70008,32255
2021-08-13,0.69998,0.70477,0.69941,0.70382,26874
2021-08-16,0.70385,0.70439,0.70106,0.70173,34635
2021-08-17,0.70177,0.70291,0.68996,0.69169,44090
2021-08-18,0.69169,0.69512,0.68681,0.68779,42387
2021-08-19,0.68788,0.68881,0.68084,0.68262,54001
2021-08-20,0.68382,0.68538,0.68052,0.68369,37434
2021-08-23,0.68203,0.69043,0.68194,0.68901,36655
2021-08-24,0.68886,0.69655,0.68788,0.6953,37194
2021-08-25,0.69513,0.69828,0.69297,0.69722,39833
2021-08-26,0.6969,0.69763,0.6941,0.6946,40859
2021-08-27,0.69434,0.70184,0.69328,0.70109,37670
2021-08-30,0.69918,0.70144,0.69857,0.69967,27810
2021-08-31,0.69945,0.70686,0.69843,0.70441,43891
2021-09-01,0.70414,0.70772,0.70344,0.70697,30630
2021-09-02,0.70684,0.71192,0.70567,0.71102,22942
2021-09-03,0.71072,0.717,0.71024,0.71502,30893
2021-09-06,0.71506,0.7159,0.7127,0.71351,28676
2021-09-07,0.71319,0.71525,0.70865,0.70986,31343
2021-09-08,0.70961,0.71145,0.70755,0.7099,36870
2021-09-09,0.71022,0.71335,0.7082,0.7107,55447
2021-09-10,0.70956,0.7156,0.70894,0.71106,52971
2021-09-13,0.71095,0.71226,0.70971,0.71183,49553
2021-09-14,0.71169,0.71503,0.70821,0.7097,53426
2021-09-15,0.7094,0.71181,0.70728,0.71081,25897
2021-09-16,0.71051,0.71395,0.7059,0.7074,27967
2021-09-17,0.70715,0.70867,0.70252,0.70342,33337
2021-09-20,0.70305,0.70433,0.70052,0.70282,40033
2021-09-21,0.70282,0.70562,0.69931,0.70043,35651
2021-09-22,0.70014,0.70557,0.69917,0.70023,36966
2021-09-23,0.70023,0.7093,0.69811,0.70678,34624
2021-09-24,0.706,0.708,0.69965,0.70128,37080
2021-09-27,0.69965,0.7033,0.699,0.70146,36536
2021-09-28,0.701,0.70267,0.69426,0.69561,48031
2021-09-29,0.69531,0.6963,0.68591,0.68658,39299
2021-09-30,0.68629,0.69212,0.68598,0.68985,42208
2021-10-01,0.68944,0.69506,0.68763,0.69377,42294
2021-10-04,0.69184,0.69817,0.69184,0.6965,42991
2021-10-05,0.69626,0.69756,0.69274,0.69595,33116
2021-10-06,0.69595,0.69792,0.68761,0.69134,40747
2021-10-07,0.6913,0.69437,0.6906,0.69277,32605
2021-10-08,0.69243,0.69598,0.69083,0.6928,35229
2021-10-11,0.69168,0.69641,0.69143,0.69368,30893
2021-10-12,0.69359,0.69694,0.69235,0.6931,33658
2021-10-13,0.6931,0.69677,0.6911,0.69647,37488
2021-10-14,0.6962,0.70413,0.69518,0.70353,31051
2021-10-15,0.70353,0.70765,0.70236,0.70742,34352
2021-10-18,0.70694,0.71044,0.70492,0.70849,34204
2021-10-19,0.70806,0.71721,0.70747,0.71504,39221
2021-10-20,0.71485,0.72082,0.71458,0.72002,41343
2021-10-21,0.71981,0.72181,0.71404,0.71549,42400
2021-10-22,0.7153,0.71886,0.71313,0.71485,48507
2021-10-25,0.71385,0.71779,0.71299,0.71631,36157
2021-10-26,0.71602,0.71937,0.71485,0.71611,39707
2021-10-27,0.71614,0.71889,0.71314,0.71677,44196
2021-10-28,0.71642,0.72171,0.71512,0.71999,48308
2021-10-29,0.72,0.72071,0.71357,0.71651,42473
2021-11-01,0.71583,0.71975,0.71583,0.71863,33645
2021-11-02,0.71842,0.71855,0.70925,0.71227,38319
2021-11-03,0.71202,0.71731,0.71128,0.71566,41361
2021-11-04,0.71539,0.71784,0.70949,0.71052,43381
2021-11-05,0.71031,0.71269,0.70723,0.71193,39782
2021-11-08,0.70999,0.71766,0.70999,0.71653,36314
2021-11-09,0.71624,0.71737,0.71092,0.71276,42640
2021-11-10,0.71249,0.71322,0.70547,0.70588,50148
2021-11-11,0.70555,0.70708,0.7012,0.70202,41126
2021-11-12,0.70179,0.70474,0.69963,0.70404,30005
2021-11-15,0.70338,0.70803,0.70312,0.70463,29546
2021-11-16,0.70441,0.70637,0.69846,0.69908,33631
2021-11-17,0.69885,0.70202,0.69798,0.69958,36713
2021-11-18,0.69969,0.70526,0.699,0.70461,37740
2021-11-19,0.70457,0.70465,0.69908,0.69954,42191
2021-11-22,0.70013,0.70133,0.69476,0.69553,43240
2021-11-23,0.6956,0.69789,0.69154,0.69487,45634
2021-11-24,0.69458,0.69559,0.6855,0.68743,45003
2021-11-25,0.68714,0.68933,0.68399,0.68586,27892
2021-11-26,0.68525,0.68586,0.68019,0.68196,61707
2021-11-29,0.68295,0.68385,0.67878,0.68245,39361
2021-11-30,0.68227,0.68557,0.67722,0.68221,62999
2021-12-01,0.68191,0.68673,0.68015,0.68081,56306
2021-12-02,0.68052,0.68309,0.67988,0.68162,50782
2021-12-03,0.68162,0.68239,0.67409,0.67457,45742
2021-12-06,0.67483,0.67634,0.67396,0.67515,38460
2021-12-07,0.67486,0.67923,0.67362,0.67902,35567
2021-12-08,0.67876,0.68184,0.67664,0.68086,40814
2021-12-09,0.6808,0.68227,0.67803,0.67948,30118
2021-12-10,0.6791,0.68066,0.67693,0.67968,31710
2021-12-13,0.67935,0.68013,0.67454,0.67538,31167
2021-12-14,0.67517,0.67704,0.67349,0.67422,30968
2021-12-15,0.6744,0.67877,0.67009,0.67838,40245
2021-12-16,0.67751,0.68335,0.67567,0.6799,40700
2021-12-17,0.6796,0.68008,0.67303,0.67353,33566
2021-12-20,0.67427,0.67437,0.67016,0.67129,39838
2021-12-21,0.67096,0.6773,0.67029,0.67687,29973
2021-12-22,0.6766,0.68218,0.67392,0.681,27943
2021-12-23,0.6807,0.68415,0.67925,0.68259,23540
2021-12-24,0.68227,0.68384,0.68054,0.68183,38621
2021-12-27,0.68111,0.68249,0.67888,0.68148,19305
2021-12-28,0.68119,0.68282,0.67887,0.68035,22497
2021-12-29,0.6804,0.68422,0.67873,0.68281,29169
2021-12-30,0.68254,0.68567,0.68157,0.68322,23685
2021-12-31,0.68293,0.68519,0.68196,0.684,29715
2022-01-03,0.68311,0.68561,0.67743,0.67857,26008
2022-01-04,0.67857,0.68242,0.67645,0.68078,28811
2022-01-05,0.68047,0.68368,0.67896,0.67957,37469
2022-01-06,0.67926,0.67972,0.67328,0.67476,39871
2022-01-07,0.6745,0.67809,0.6735,0.67748,31847
2022-01-10,0.67726,0.6783,0.67356,0.6762,36035
2022-01-11,0.67594,0.67906,0.67399,0.6785,33278
2022-01-12,0.67822,0.68571,0.67733,0.68479,34253
2022-01-13,0.68425,0.68902,0.68276,0.68602,34511
2022-01-14,0.68573,0.68734,0.67919,0.68112,39591
2022-01-17,0.67965,0.6818,0.67867,0.67952,27144
2022-01-18,0.67921,0.68075,0.67523,0.67689,45761
2022-01-19,0.67663,0.68112,0.67623,0.67823,41820
2022-01-20,0.67795,0.68054,0.67494,0.6756,38777
2022-01-21,0.67536,0.67583,0.67076,0.67117,45725
2022-01-24,0.6712,0.67273,0.66601,0.6699,53148
2022-01-25,0.66967,0.67104,0.66598,0.66857,52775
2022-01-26,0.66831,0.67016,0.6638,0.66498,48813
2022-01-27,0.66476,0.66599,0.65698,0.65824,54370
2022-01-28,0.65791,0.65905,0.65292,0.65457,49443
2022-01-31,0.65365,0.65967,0.65365,0.6575,44398
2022-02-01,0.65721,0.66468,0.65656,0.6637,43276
2022-02-02,0.66338,0.66619,0.66231,0.66311,38306
2022-02-03,0.66282,0.66809,0.66085,0.66614,47796
2022-02-04,0.66584,0.66829,0.65899,0.66134,48535
2022-02-07,0.66045,0.66413,0.66028,0.66322,38974
2022-02-08,0.66291,0.66533,0.66269,0.66477,31584
2022-02-09,0.66453,0.66975,0.66383,0.66811,29358
2022-02-10,0.66777,0.67321,0.66528,0.66736,49021
2022-02-11,0.66702,0.66933,0.66266,0.66457,57149
2022-02-14,0.66405,0.66492,0.65923,0.66155,50940
2022-02-15,0.66157,0.6648,0.66019,0.66398,38511
2022-02-16,0.66361,0.66911,0.66329,0.66782,37620
2022-02-17,0.66759,0.67172,0.66585,0.66897,48351
2022-02-18,0.66883,0.67292,0.6681,0.66941,35889
2022-02-21,0.66885,0.67335,0.66826,0.66992,34893
2022-02-22,0.66973,0.67545,0.66795,0.67319,54959
2022-02-23,0.67285,0.68093,0.67267,0.67717,45904
2022-02-24,0.67681,0.67753,0.66302,0.66924,86785
2022-02-25,0.66903,0.6751,0.66829,0.67437,62901
2022-02-28,0.66633,0.67768,0.66633,0.67723,61304
2022-03-01,0.67701,0.67906,0.67402,0.67553,53641
2022-03-02,0.67524,0.67993,0.67439,0.67861,51652
2022-03-03,0.67849,0.68093,0.67613,0.67991,44974
2022-03-04,0.67967,0.68717,0.67673,0.68604,64510
2022-03-07,0.68433,0.69251,0.68202,0.68226,71332
2022-03-08,0.68247,0.685,0.67994,0.68036,71300
2022-03-09,0.68007,0.68522,0.67959,0.68402,47367
2022-03-10,0.68375,0.68744,0.68104,0.68624,45405
2022-03-11,0.68605,0.68743,0.6798,0.68056,47500
2022-03-14,0.67989,0.6814,0.67401,0.67466,45554
2022-03-15,0.67441,0.67917,0.67282,0.67679,47354
2022-03-16,0.67689,0.68445,0.67411,0.6832,49471
2022-03-17,0.68293,0.68989,0.68218,0.68816,41064
2022-03-18,0.68796,0.6913,0.68663,0.69054,40040
2022-03-21,0.68923,0.69229,0.68705,0.68856,41313
2022-03-22,0.68833,0.69666,0.68635,0.69619,40608
2022-03-23,0.69591,0.69886,0.6935,0.69722,41249
2022-03-24,0.69722,0.69773,0.69401,0.69617,40469
2022-03-25,0.69595,0.69868,0.69438,0.69567,49791
2022-03-28,0.69418,0.6965,0.68878,0.68947,52550
2022-03-29,0.68909,0.69455,0.68757,0.69336,57665
2022-03-30,0.69323,0.69984,0.69139,0.69751,52121
2022-03-31,0.69744,0.69776,0.6928,0.69332,51592
2022-04-01,0.69284,0.69478,0.6896,0.69171,49065
2022-04-04,0.69039,0.69678,0.69005,0.69473,38635
2022-04-05,0.69452,0.7034,0.69315,0.69449,47992
2022-04-06,0.69451,0.6967,0.68962,0.69159,55866
2022-04-07,0.69162,0.69354,0.68809,0.68876,50760
2022-04-08,0.6889,0.69072,0.6822,0.68469,42449
2022-04-11,0.68335,0.68543,0.68132,0.68252,51002
2022-04-12,0.68233,0.68893,0.68057,0.68504,50186
2022-04-13,0.68487,0.69014,0.67537,0.67953,56311
2022-04-14,0.6792,0.68339,0.67673,0.67853,49815
2022-04-15,0.67822,0.6809,0.67616,0.67658,25871
2022-04-18,0.67616,0.67761,0.6715,0.67292,34942
2022-04-19,0.67261,0.67638,0.67192,0.67344,47900
2022-04-20,0.67303,0.68132,0.67225,0.68082,48223
2022-04-21,0.68055,0.68114,0.67264,0.67328,55957
2022-04-22,0.67301,0.67363,0.66255,0.66343,57708
2022-04-25,0.66294,0.66412,0.65817,0.66178,67329
2022-04-26,0.66151,0.66447,0.6561,0.65618,54494
2022-04-27,0.65595,0.65907,0.65274,0.6542,51644
2022-04-28,0.65391,0.65449,0.64516,0.64895,50791
2022-04-29,0.64856,0.65429,0.6451,0.6456,48641
2022-05-02,0.64635,0.64734,0.64119,0.64337,45994
2022-05-03,0.64315,0.64753,0.64105,0.6435,45499
2022-05-04,0.64321,0.6556,0.64163,0.65434,49557
2022-05-05,0.65416,0.6568,0.63929,0.64292,60145
2022-05-06,0.64277,0.64576,0.63944,0.64041,75521
2022-05-09,0.63975,0.64088,0.63193,0.63193,64815
2022-05-10,0.63194,0.63478,0.62758,0.6287,71433
2022-05-11,0.62879,0.63796,0.62809,0.62943,71592
2022-05-12,0.62941,0.6312,0.62161,0.62297,77182
2022-05-13,0.62276,0.62891,0.62111,0.62883,59345
2022-05-16,0.62645,0.6323,0.6228,0.63069,64158
2022-05-17,0.63074,0.63753,0.62938,0.63579,57562
2022-05-18,0.63576,0.63698,0.62904,0.62935,50851
2022-05-19,0.62935,0.64173,0.62888,0.6376,76146
2022-05-20,0.63759,0.64141,0.63633,0.64091,59323
2022-05-23,0.63914,0.64918,0.63856,0.64666,52778
2022-05-24,0.64666,0.64748,0.64229,0.64643,55690
2022-05-25,0.6463,0.65143,0.64269,0.64719,61654
2022-05-26,0.64719,0.64997,0.64465,0.64731,51156
2022-05-27,0.64731,0.65497,0.64694,0.65345,43011
2022-05-30,0.65205,0.65603,0.65205,0.65575,33338
2022-05-31,0.65563,0.65637,0.64827,0.65144,54277
2022-06-01,0.65128,0.65399,0.6465,0.6482,50119
2022-06-02,0.64815,0.65645,0.64603,0.65583,42853
2022-06-03,0.65563,0.65758,0.65009,0.65052,40545
2022-06-06,0.64985,0.65365,0.64843,0.64905,36379
2022-06-07,0.64932,0.64987,0.64226,0.64893,50240
2022-06-08,0.64875,0.64915,0.64349,0.64471,44594
2022-06-09,0.64413,0.64611,0.63796,0.63823,52215
2022-06-10,0.63806,0.64349,0.63481,0.63525,51080
2022-06-13,0.63415,0.63501,0.62458,0.62583,65368
2022-06-14,0.62578,0.6293,0.61962,0.62151,72916
2022-06-15,0.62145,0.63127,0.62069,0.62867,77588
2022-06-16,0.62831,0.63953,0.62328,0.63604,78225
2022-06-17,0.63584,0.637,0.62692,0.63129,70930
2022-06-20,0.62934,0.63639,0.62934,0.63347,50150
2022-06-21,0.63287,0.63632,0.63179,0.63332,53021
2022-06-22,0.63309,0.63332,0.62439,0.62859,56957
2022-06-23,0.62846,0.63103,0.62475,0.62766,59855
2022-06-24,0.62638,0.63269,0.626,0.63123,55833
2022-06-27,0.62945,0.63264,0.62814,0.63002,57253
2022-06-28,0.62986,0.63133,0.62369,0.62414,56576
2022-06-29,0.62357,0.62598,0.6205,0.62199,64102
2022-06-30,0.62112,0.62542,0.6198,0.62432,64870
2022-07-01,0.62338,0.62463,0.61476,0.62026,70022
2022-07-04,0.61745,0.62518,0.61745,0.62081,41753
2022-07-05,0.62061,0.62262,0.61244,0.617,72169
2022-07-06,0.61672,0.61916,0.61315,0.61478,74602
2022-07-07,0.61456,0.6195,0.61397,0.6175,59012
2022-07-08,0.61745,0.62069,0.61318,0.61875,62624
2022-07-11,0.61657,0.61923,0.6097,0.61111,58961
2022-07-12,0.61092,0.61455,0.60999,0.61274,65322
2022-07-13,0.61255,0.61715,0.6081,0.61308,72381
2022-07-14,0.61308,0.61353,0.60607,0.61251,77675
2022-07-15,0.61267,0.6177,0.6104,0.61554,60427
2022-07-18,0.61451,0.62002,0.61424,0.61523,51144
2022-07-19,0.61508,0.62402,0.6141,0.62246,53639
2022-07-20,0.62208,0.6272,0.62149,0.62289,53704
2022-07-21,0.62281,0.62535,0.61848,0.62512,62669
2022-07-22,0.6251,0.63042,0.62113,0.62528,60398
2022-07-25,0.62371,0.62794,0.62141,0.62621,54159
2022-07-26,0.62595,0.62797,0.62249,0.62302,46230
2022-07-27,0.62274,0.62773,0.61912,0.62628,54037
2022-07-28,0.62609,0.62969,0.62505,0.62907,58083
2022-07-29,0.62885,0.63286,0.62176,0.62902,52787
2022-08-01,0.62711,0.63525,0.62578,0.63293,47264
2022-08-02,0.63269,0.63431,0.62517,0.62538,57608
2022-08-03,0.62493,0.6281,0.62126,0.62727,50139
2022-08-04,0.62759,0.63151,0.62531,0.63001,44982
2022-08-05,0.62989,0.63095,0.62122,0.62417,43687
2022-08-08,0.62335,0.63044,0.62301,0.62864,36355
2022-08-09,0.62838,0.6303,0.627,0.62864,32514
2022-08-10,0.62851,0.64343,0.62749,0.64005,43223
2022-08-11,0.63983,0.64625,0.63841,0.64344,44772
2022-08-12,0.64344,0.64683,0.64173,0.64517,38339
2022-08-15,0.64366,0.64559,0.63556,0.63631,32690
2022-08-16,0.63618,0.63702,0.63166,0.63454,37879
2022-08-17,0.63424,0.63829,0.62582,0.6281,47925
2022-08-18,0.62773,0.63129,0.62459,0.62564,42758
2022-08-19,0.62549,0.62621,0.61656,0.61739,39260
2022-08-22,0.6175,0.62147,0.61569,0.61683,41866
2022-08-23,0.61656,0.62441,0.61584,0.62131,47977
2022-08-24,0.62091,0.62279,0.61628,0.61907,40202
2022-08-25,0.61817,0.62511,0.61712,0.62331,43088
2022-08-26,0.6226,0.62319,0.61331,0.61347,47333
2022-08-29,0.61237,0.61672,0.61018,0.61528,47137
2022-08-30,0.61528,0.61942,0.61231,0.61281,52528
2022-08-31,0.61281,0.61546,0.61106,0.61153,53006
2022-09-01,0.61167,0.61302,0.60604,0.60786,55280
2022-09-02,0.60784,0.61406,0.60503,0.61119,52275
2022-09-05,0.60743,0.61052,0.6074,0.60936,35762
2022-09-06,0.60909,0.61283,0.6034,0.60376,51816
2022-09-07,0.60396,0.60765,0.59964,0.60749,54303
2022-09-08,0.60749,0.60808,0.60312,0.60535,56597
2022-09-09,0.6053,0.61523,0.60356,0.61027,47798
2022-09-12,0.60789,0.61575,0.60752,0.61363,42068
2022-09-13,0.61349,0.61611,0.59863,0.59951,45976
2022-09-14,0.59951,0.60248,0.59763,0.60033,52790
2022-09-15,0.59953,0.60248,0.59637,0.59652,44788
2022-09-16,0.59652,0.59939,0.59402,0.59898,45455
2022-09-19,0.59835,0.60017,0.59291,0.59601,37743
2022-09-20,0.59574,0.59753,0.58853,0.58917,44650
2022-09-21,0.58902,0.59106,0.58416,0.58519,56516
2022-09-22,0.58502,0.58876,0.58039,0.58472,66456
2022-09-23,0.58416,0.58561,0.57299,0.57436,65502
2022-09-26,0.57365,0.57548,0.56248,0.56341,84819
2022-09-27,0.56328,0.57217,0.56245,0.56383,65074
2022-09-28,0.56313,0.57329,0.55645,0.57304,83933
2022-09-29,0.57282,0.57331,0.5648,0.57262,75191
2022-09-30,0.57242,0.57506,0.55907,0.55939,75367
2022-10-03,0.55955,0.57309,0.55955,0.57232,57661
2022-10-04,0.57198,0.57583,0.56802,0.57301,59805
2022-10-05,0.5728,0.58053,0.56603,0.57373,60479
2022-10-06,0.57342,0.58135,0.56397,0.56553,65150
2022-10-07,0.56662,0.56733,0.55979,0.56032,60790
2022-10-10,0.5603,0.56289,0.55443,0.55655,56814
2022-10-11,0.55633,0.56568,0.55356,0.55829,75432
2022-10-12,0.55862,0.56324,0.55598,0.56086,72925
2022-10-13,0.55953,0.56547,0.5512,0.56376,68118
2022-10-14,0.56297,0.56814,0.555,0.55582,75953
2022-10-17,0.55616,0.5649,0.55509,0.56353,61799
2022-10-18,0.56329,0.57193,0.56234,0.56807,67933
2022-10-19,0.56852,0.57071,0.56498,0.56688,64424
2022-10-20,0.56696,0.57416,0.56227,0.56774,68352
2022-10-21,0.56767,0.57707,0.55994,0.57568,78486
2022-10-24,0.57485,0.57922,0.56567,0.56951,88289
2022-10-25,0.56919,0.57798,0.56723,0.57519,67617
2022-10-26,0.57472,0.5845,0.57249,0.58346,80857
2022-10-27,0.58341,0.58703,0.57881,0.58269,77355
2022-10-28,0.5826,0.58732,0.57828,0.58131,72031
2022-10-31,0.5799,0.58351,0.57744,0.58098,59801
2022-11-01,0.58078,0.59025,0.58062,0.5847,74137
2022-11-02,0.58446,0.59419,0.58125,0.5823,73697
2022-11-03,0.58208,0.58383,0.57406,0.57725,75925
2022-11-04,0.57711,0.59366,0.57558,0.59292,79565
2022-11-07,0.58638,0.59455,0.58499,0.59374,73669
2022-11-08,0.59336,0.59999,0.58989,0.59544,67092
2022-11-09,0.59536,0.59688,0.5873,0.58831,77894
2022-11-10,0.58819,0.60402,0.58403,0.60237,82318
2022-11-11,0.60207,0.61295,0.59842,0.61171,84498
2022-11-14,0.609,0.61213,0.60614,0.60947,79885
2022-11-15,0.60917,0.6203,0.60849,0.61562,93322
2022-11-16,0.61542,0.61937,0.61285,0.6149,82677
2022-11-17,0.61473,0.61678,0.6064,0.61297,74209
2022-11-18,0.61241,0.62061,0.60975,0.61493,68696
2022-11-21,0.61505,0.61686,0.60873,0.61005,68040
2022-11-22,0.60912,0.61628,0.60909,0.61526,59715
2022-11-23,0.61507,0.62493,0.61265,0.6244,61825
2022-11-24,0.62402,0.62891,0.62356,0.62645,45506
2022-11-25,0.62618,0.62771,0.62187,0.62503,47306
2022-11-28,0.62119,0.62447,0.61558,0.61626,66147
2022-11-29,0.6163,0.62533,0.61555,0.61966,67983
2022-11-30,0.61951,0.63132,0.61885,0.63032,74404
2022-12-01,0.62934,0.63999,0.62782,0.63659,85371
2022-12-02,0.63682,0.6414,0.63282,0.6408,74692
2022-12-05,0.63749,0.64427,0.63025,0.63141,70272
2022-12-06,0.63151,0.63546,0.63024,0.63194,67735
2022-12-07,0.63131,0.63844,0.63095,0.63542,67625
2022-12-08,0.63472,0.63891,0.63266,0.63779,62950
2022-12-09,0.63726,0.64273,0.63558,0.6416,62804
2022-12-12,0.63956,0.64218,0.63654,0.63814,58219
2022-12-13,0.6374,0.65139,0.63736,0.64642,77564
2022-12-14,0.64611,0.64697,0.64008,0.64546,76550
2022-12-15,0.64537,0.64639,0.63193,0.63436,72620
2022-12-16,0.63395,0.63956,0.6334,0.63782,64904
2022-12-19,0.63779,0.64094,0.63426,0.63639,58627
2022-12-20,0.63634,0.63953,0.63004,0.63456,76083
2022-12-21,0.6345,0.63504,0.62772,0.62951,70224
2022-12-22,0.62938,0.63305,0.62306,0.62482,64239
2022-12-23,0.62464,0.63047,0.62334,0.62828,74536
2022-12-26,0.62717,0.62983,0.62514,0.62957,8225
2022-12-27,0.62933,0.6318,0.625,0.62744,54146
2022-12-28,0.62745,0.63554,0.62578,0.63102,60203
2022-12-29,0.63084,0.63578,0.6291,0.63448,65446
2022-12-30,0.6342,0.63721,0.631,0.63473,70735
2023-01-02,0.6327,0.63392,0.63088,0.63153,8681
2023-01-03,0.63131,0.6362,0.62,0.62526,85060
2023-01-04,0.62486,0.63526,0.62395,0.62925,81751
2023-01-05,0.62931,0.63088,0.62107,0.62318,74844
2023-01-06,0.6225,0.63601,0.61913,0.63465,73021
2023-01-09,0.63284,0.64113,0.63245,0.63711,72918
2023-01-10,0.63688,0.63892,0.63424,0.6372,75421
2023-01-11,0.6358,0.63882,0.63342,0.63643,60234
2023-01-12,0.63645,0.64171,0.63218,0.63939,72330
2023-01-13,0.63921,0.64152,0.6335,0.63842,71047
2023-01-16,0.63749,0.64267,0.6361,0.63803,52013
2023-01-17,0.63754,0.64375,0.63664,0.64283,72839
2023-01-18,0.64245,0.653,0.64143,0.64398,82289
2023-01-19,0.6432,0.6449,0.63652,0.63944,73184
2023-01-20,0.63963,0.64767,0.63897,0.64711,67419
2023-01-23,0.64596,0.64997,0.64376,0.64867,62124
2023-01-24,0.64804,0.65256,0.64633,0.65033,62023
2023-01-25,0.64987,0.65056,0.64495,0.64783,70409
2023-01-26,0.64766,0.65141,0.64568,0.64874,66297
2023-01-27,0.64887,0.65119,0.6461,0.64927,56386
2023-01-30,0.64847,0.65081,0.64624,0.64685,58957
2023-01-31,0.6464,0.64793,0.64127,0.64393,63309
2023-02-01,0.64385,0.65069,0.64168,0.65049,65613
2023-02-02,0.65049,0.6538,0.64625,0.64753,76215
2023-02-03,0.64712,0.64812,0.63233,0.63238,70947
2023-02-06,0.63033,0.63343,0.62701,0.63041,63191
2023-02-07,0.63037,0.6359,0.62727,0.63254,72601
2023-02-08,0.63214,0.63481,0.62965,0.63061,61754
2023-02-09,0.63048,0.63891,0.63016,0.63258,54596
2023-02-10,0.63229,0.63462,0.62984,0.631,59151
2023-02-13,0.63093,0.63657,0.62896,0.63575,48589
2023-02-14,0.63529,0.63894,0.62971,0.6335,67858
2023-02-15,0.63337,0.63381,0.62521,0.62808,59985
2023-02-16,0.62755,0.63091,0.62326,0.62558,63864
2023-02-17,0.62525,0.62581,0.61938,0.62425,55890
2023-02-20,0.62314,0.62622,0.62216,0.62529,37890
2023-02-21,0.62502,0.62615,0.62031,0.62124,58657
2023-02-22,0.62167,0.62515,0.61959,0.62184,60805
2023-02-23,0.62157,0.62511,0.62026,0.62278,56900
2023-02-24,0.62199,0.62441,0.61511,0.61654,55405
2023-02-27,0.61593,0.61797,0.61309,0.61681,48770
2023-02-28,0.61652,0.62077,0.61324,0.61852,47782
2023-03-01,0.61832,0.62754,0.6166,0.62559,57992
2023-03-02,0.62555,0.62573,0.61985,0.62176,57281
2023-03-03,0.62172,0.62413,0.61924,0.62216,49948
2023-03-06,0.62119,0.62255,0.61724,0.61966,43287
2023-03-07,0.61944,0.62217,0.61034,0.61086,59395
2023-03-08,0.61054,0.61376,0.60846,0.61075,49005
2023-03-09,0.61054,0.61508,0.60932,0.61003,43650
2023-03-10,0.60993,0.61767,0.60893,0.61336,73270
2023-03-13,0.61365,0.6264,0.61365,0.62195,86784
2023-03-14,0.62173,0.62476,0.61971,0.62316,69568
2023-03-15,0.62317,0.62648,0.61611,0.61628,82392
2023-03-16,0.61613,0.61961,0.614,0.61908,60820
2023-03-17,0.61892,0.62772,0.61854,0.62667,55900
2023-03-20,0.62721,0.628,0.62287,0.62484,54192
2023-03-21,0.62472,0.62488,0.6167,0.61922,41811
2023-03-22,0.6192,0.62829,0.61718,0.62213,47427
2023-03-23,0.62208,0.62941,0.62161,0.62487,54395
2023-03-24,0.62487,0.62531,0.61916,0.62026,51003
2023-03-27,0.61933,0.62118,0.61807,0.61962,42513
2023-03-28,0.61948,0.6255,0.6193,0.62511,38660
2023-03-29,0.62516,0.62708,0.62146,0.62245,39245
2023-03-30,0.62232,0.62664,0.62033,0.62618,33906
2023-03-31,0.62614,0.62976,0.62371,0.62549,40366
2023-04-03,0.62544,0.62999,0.62077,0.62974,42331
2023-04-04,0.62952,0.63146,0.62734,0.6311,40051
2023-04-05,0.63095,0.63808,0.62849,0.63174,41644
2023-04-06,0.63163,0.63245,0.6239,0.62448,32577
2023-04-07,0.62427,0.627,0.62092,0.62535,21510
2023-04-10,0.6241,0.62562,0.61936,0.62194,27697
2023-04-11,0.62182,0.62338,0.61841,0.61922,30251
2023-04-12,0.61899,0.62417,0.61814,0.6215,39072
2023-04-13,0.62131,0.6315,0.62032,0.62972,31901
2023-04-14,0.62953,0.63149,0.6195,0.62094,39366
2023-04-17,0.61991,0.62105,0.61611,0.61816,33274
2023-04-18,0.61801,0.62242,0.61679,0.62078,31029
2023-04-19,0.62063,0.62256,0.61724,0.62013,32399
2023-04-20,0.6198,0.62062,0.6149,0.6177,39343
2023-04-21,0.61749,0.61802,0.61263,0.6139,36701
2023-04-24,0.61364,0.61681,0.61249,0.6166,33627
2023-04-25,0.61657,0.61873,0.61326,0.6136,38277
2023-04-26,0.61352,0.61487,0.61114,0.61167,41937
2023-04-27,0.61145,0.61604,0.61113,0.61469,40665
2023-04-28,0.61468,0.61872,0.61233,0.61822,43830
2023-05-01,0.61684,0.61992,0.61615,0.61666,31478
2023-05-02,0.61642,0.62179,0.6154,0.6207,44347
2023-05-03,0.62056,0.62609,0.62038,0.62299,43702
2023-05-04,0.62287,0.62984,0.62073,0.62808,51051
2023-05-05,0.62784,0.63151,0.62631,0.62925,39026
2023-05-08,0.62859,0.63592,0.62859,0.63452,27887
2023-05-09,0.6343,0.63489,0.6318,0.6335,28850
2023-05-10,0.63339,0.63807,0.63239,0.63656,37705
2023-05-11,0.63647,0.63846,0.62888,0.62984,41123
2023-05-12,0.62965,0.63002,0.61824,0.61912,35606
2023-05-15,0.6186,0.62429,0.6186,0.62392,28544
2023-05-16,0.62374,0.62595,0.62232,0.62296,31785
2023-05-17,0.62289,0.62727,0.62253,0.62483,34860
2023-05-18,0.62469,0.62688,0.62038,0.62254,36342
2023-05-19,0.6223,0.63052,0.6213,0.62738,42835
2023-05-22,0.62599,0.62923,0.62599,0.62867,36832
2023-05-23,0.6286,0.63027,0.62338,0.62478,41745
2023-05-24,0.62463,0.62566,0.60934,0.61124,48085
2023-05-25,0.61109,0.61139,0.60439,0.60613,39378
2023-05-26,0.60612,0.60961,0.60329,0.60469,40352
2023-05-29,0.60422,0.60706,0.60339,0.60537,22019
2023-05-30,0.60523,0.60663,0.60249,0.60447,39923
2023-05-31,0.60428,0.60494,0.59851,0.60213,38974
2023-06-01,0.60185,0.60768,0.59903,0.60696,37778
2023-06-02,0.6069,0.61109,0.6055,0.60575,41096
2023-06-05,0.60559,0.60849,0.60411,0.60698,36242
2023-06-06,0.60685,0.60999,0.60454,0.60767,36420
2023-06-07,0.6076,0.60966,0.60309,0.60361,36992
2023-06-08,0.6036,0.60989,0.60272,0.6095,35877
2023-06-09,0.60928,0.61388,0.60816,0.61293,33847
2023-06-12,0.61064,0.61523,0.61054,0.61236,29552
2023-06-13,0.61201,0.61777,0.61042,0.61493,40369
2023-06-14,0.61481,0.62371,0.61306,0.62084,41093
2023-06-15,0.62036,0.62428,0.61569,0.62348,37716
2023-06-16,0.62338,0.62473,0.62098,0.62348,43723
2023-06-19,0.62214,0.62367,0.61913,0.62003,36331
2023-06-20,0.61983,0.62057,0.61332,0.61672,50234
2023-06-21,0.61523,0.62178,0.61475,0.62012,52647
2023-06-22,0.62002,0.62225,0.61739,0.61762,49081
2023-06-23,0.6174,0.61905,0.61167,0.61418,49722
2023-06-26,0.61358,0.61768,0.61319,0.61629,42962
2023-06-27,0.61626,0.62003,0.61424,0.61613,49773
2023-06-28,0.6161,0.61655,0.60689,0.60733,42938
2023-06-29,0.6074,0.61017,0.605,0.60691,45682
2023-06-30,0.60691,0.61419,0.60594,0.61352,45722
2023-07-03,0.61129,0.61702,0.61129,0.61509,37212
2023-07-04,0.6151,0.62125,0.6141,0.61884,30294
2023-07-05,0.61875,0.62068,0.61754,0.61778,41901
2023-07-06,0.61761,0.62191,0.61323,0.61558,46464
2023-07-07,0.61554,0.62196,0.61482,0.62073,41859
2023-07-10,0.61952,0.62181,0.61663,0.62085,38425
2023-07-11,0.62072,0.62246,0.61668,0.61978,39138
2023-07-12,0.61969,0.63084,0.61799,0.62956,49057
2023-07-13,0.62949,0.63953,0.62826,0.63916,48133
2023-07-14,0.63912,0.64118,0.63501,0.63707,45007
2023-07-17,0.63599,0.63688,0.63082,0.63237,36285
2023-07-18,0.63244,0.63437,0.62597,0.6271,49073
2023-07-19,0.62711,0.6315,0.62249,0.62625,47895
2023-07-20,0.62623,0.63079,0.62128,0.6232,47957
2023-07-21,0.62322,0.62403,0.61622,0.61664,45590
2023-07-24,0.61658,0.62148,0.61561,0.62034,48622
2023-07-25,0.6202,0.62295,0.61854,0.62206,44667
2023-07-26,0.62194,0.62348,0.61825,0.62088,48886
2023-07-27,0.62078,0.62735,0.61745,0.61819,51796
2023-07-28,0.61803,0.61931,0.61207,0.61547,56984
2023-07-31,0.61378,0.62253,0.61335,0.6207,42038
2023-08-01,0.62055,0.62171,0.61311,0.6147,42679
2023-08-02,0.61452,0.61692,0.60682,0.60792,46412
2023-08-03,0.60781,0.60971,0.60602,0.60764,53450
2023-08-04,0.60762,0.61327,0.60697,0.60963,48757
2023-08-07,0.60848,0.61168,0.60758,0.61054,36500
2023-08-08,0.6104,0.611,0.60344,0.60654,43639
2023-08-09,0.60654,0.60944,0.60349,0.60503,39589
2023-08-10,0.60494,0.61178,0.60192,0.60205,44367
2023-08-11,0.60195,0.60318,0.59748,0.59824,42604
2023-08-14,0.5987,0.59918,0.59435,0.59743,45194
2023-08-15,0.59735,0.59964,0.5948,0.59511,51214
2023-08-16,0.59509,0.59929,0.59269,0.59365,45223
2023-08-17,0.59365,0.59635,0.59029,0.59242,48800
2023-08-18,0.59219,0.5947,0.59052,0.5921,43205
2023-08-21,0.59284,0.5934,0.58963,0.59268,39527
2023-08-22,0.5915,0.59715,0.59009,0.59449,39173
2023-08-23,0.59447,0.59852,0.59269,0.59784,42582
2023-08-24,0.59788,0.59805,0.59158,0.59222,44040
2023-08-25,0.59222,0.59424,0.58859,0.59021,44891
2023-08-28,0.5902,0.59259,0.58937,0.59095,36286
2023-08-29,0.59105,0.59776,0.58871,0.59707,42666
2023-08-30,0.59689,0.60062,0.59396,0.59547,40571
2023-08-31,0.59546,0.59771,0.59268,0.59653,42382
2023-09-01,0.59646,0.60145,0.59343,0.59374,46514
2023-09-04,0.59337,0.59607,0.59316,0.59377,25807
2023-09-05,0.59334,0.59429,0.5859,0.58827,43839
2023-09-06,0.58822,0.59037,0.58591,0.58717,41732
2023-09-07,0.58708,0.58942,0.58621,0.58748,30308
2023-09-08,0.58711,0.59174,0.58677,0.58826,25582
2023-09-11,0.58775,0.59346,0.58775,0.59188,27995
2023-09-12,0.59147,0.59226,0.5889,0.59018,24970
2023-09-13,0.58996,0.59265,0.58698,0.5917,31618
2023-09-14,0.59163,0.59451,0.58918,0.59103,32811
2023-09-15,0.591,0.59371,0.58926,0.58977,27569
2023-09-18,0.58969,0.5921,0.5892,0.59158,22350
2023-09-19,0.59149,0.59474,0.58883,0.59348,21673
2023-09-20,0.59341,0.59851,0.59207,0.59278,30107
2023-09-21,0.59263,0.59515,0.58958,0.59301,30658
2023-09-22,0.59295,0.59885,0.59134,0.59595,30496
2023-09-25,0.59443,0.59739,0.59429,0.59659,24572
2023-09-26,0.59665,0.59737,0.59358,0.59436,26598
2023-09-27,0.59434,0.5957,0.58998,0.59216,34444
2023-09-28,0.59208,0.59729,0.59037,0.59602,38773
2023-09-29,0.59607,0.60487,0.59565,0.59967,39036
2023-10-02,0.5997,0.60075,0.59432,0.59456,29948
2023-10-03,0.59458,0.59544,0.58873,0.59077,37642
2023-10-04,0.59069,0.5925,0.58711,0.59125,37295
2023-10-05,0.5911,0.59677,0.59046,0.59641,35530
2023-10-06,0.5964,0.60039,0.59233,0.5989,36986
2023-10-09,0.59492,0.60278,0.59492,0.60208,30751
2023-10-10,0.60104,0.60489,0.59983,0.6045,36673
2023-10-11,0.60445,0.60555,0.60071,0.60188,32783
2023-10-12,0.60173,0.60258,0.59247,0.59257,31182
2023-10-13,0.59244,0.59288,0.58829,0.58835,29625
2023-10-16,0.59139,0.59296,0.58991,0.59258,27511
2023-10-17,0.5923,0.59285,0.58708,0.58952,35102
2023-10-18,0.58939,0.59195,0.58509,0.58547,32727
2023-10-19,0.58555,0.58664,0.58154,0.58483,41747
2023-10-20,0.58484,0.58507,0.58168,0.5827,36449
2023-10-23,0.5823,0.58578,0.58075,0.58445,29215
2023-10-24,0.58396,0.58724,0.58287,0.58434,31635
2023-10-25,0.5833,0.58698,0.57996,0.58012,32047
2023-10-26,0.58007,0.58295,0.57732,0.58194,35201
2023-10-27,0.58195,0.58439,0.58055,0.58084,33334
2023-10-30,0.5806,0.58456,0.58043,0.58406,27843
2023-10-31,0.58413,0.5857,0.58015,0.58018,31826
2023-11-01,0.58017,0.58583,0.5789,0.58455,36514
2023-11-02,0.58467,0.59167,0.58462,0.58973,30355
2023-11-03,0.58977,0.60002,0.58846,0.5997,31803
2023-11-06,0.59896,0.60015,0.59593,0.59634,26310
2023-11-07,0.59633,0.59657,0.5911,0.5934,26544
2023-11-08,0.59345,0.59423,0.59063,0.591,28749
2023-11-09,0.59091,0.59545,0.58921,0.58937,30630
2023-11-10,0.58936,0.59043,0.5878,0.58886,28851
2023-11-13,0.58676,0.58988,0.58676,0.58757,22872
2023-11-14,0.58749,0.60135,0.58635,0.60079,31649
2023-11-15,0.60065,0.60545,0.5995,0.60218,32550
2023-11-16,0.6022,0.60298,0.59633,0.59696,33442
2023-11-17,0.59694,0.59971,0.59402,0.59889,32329
2023-11-20,0.59683,0.60428,0.59683,0.60355,33746
2023-11-21,0.60335,0.60859,0.60109,0.60481,36619
2023-11-22,0.6048,0.60642,0.59962,0.6021,37078
2023-11-23,0.6019,0.60662,0.60121,0.60476,22996
2023-11-24,0.60435,0.60908,0.60392,0.60793,24296
2023-11-27,0.60781,0.61075,0.6061,0.60968,32312
2023-11-28,0.60968,0.61469,0.60799,0.61352,35167
2023-11-29,0.61348,0.62082,0.61289,0.61541,42286
2023-11-30,0.61549,0.61822,0.61207,0.61526,42899
2023-12-01,0.61537,0.62092,0.61433,0.62089,43933
2023-12-04,0.61873,0.62227,0.61512,0.61649,41032
2023-12-05,0.6169,0.61743,0.61254,0.61277,39070
2023-12-06,0.6126,0.61764,0.61208,0.61358,33489
2023-12-07,0.61356,0.61924,0.61133,0.61681,36212
2023-12-08,0.61617,0.61751,0.61036,0.6121,46157
2023-12-11,0.61118,0.61322,0.61048,0.61223,33256
2023-12-12,0.61221,0.61695,0.61049,0.61325,34469
2023-12-13,0.6132,0.62133,0.60838,0.61733,39594
2023-12-14,0.6173,0.62495,0.61606,0.62044,54043
2023-12-15,0.62044,0.62293,0.61776,0.62075,59574
2023-12-18,0.6204,0.6251,0.61817,0.62104,50869
2023-12-19,0.62111,0.62726,0.62027,0.62708,53673
2023-12-20,0.62707,0.62986,0.62412,0.62457,55561
2023-12-21,0.62459,0.62958,0.62332,0.62929,62861
2023-12-22,0.62846,0.63178,0.62607,0.62943,60535
2023-12-25,0.62934,0.63049,0.62687,0.62743,739
2023-12-26,0.6299,0.63319,0.6276,0.63262,37344
2023-12-27,0.63234,0.63484,0.6297,0.63391,43847
2023-12-28,0.63387,0.63692,0.6324,0.63307,49361
2023-12-29,0.63319,0.63586,0.63044,0.63172,56028
2024-01-02,0.63189,0.63232,0.62479,0.6251,67407
2024-01-03,0.62493,0.62759,0.62187,0.62467,69564
2024-01-04,0.62454,0.62851,0.6221,0.62345,60515
2024-01-05,0.62327,0.62776,0.61807,0.62431,78969
2024-01-08,0.6233,0.62607,0.62123,0.62488,53505
2024-01-09,0.6248,0.62666,0.62256,0.62368,55591
2024-01-10,0.62369,0.62541,0.62154,0.62246,55883
2024-01-11,0.62246,0.62621,0.61952,0.6231,75708
2024-01-12,0.6229,0.62778,0.62246,0.62397,62721
2024-01-15,0.62381,0.62417,0.6183,0.61987,39232
2024-01-16,0.61963,0.62023,0.61263,0.61379,72276
2024-01-17,0.61377,0.61516,0.60881,0.61161,71048
2024-01-18,0.61169,0.61355,0.60921,0.61144,61474
2024-01-19,0.61141,0.61262,0.60893,0.6113,54561
2024-01-22,0.61087,0.61385,0.60705,0.60764,49534
2024-01-23,0.60763,0.61168,0.60617,0.61022,61287
2024-01-24,0.61023,0.61486,0.60819,0.61101,61039
2024-01-25,0.6107,0.61324,0.60997,0.61101,61317
2024-01-26,0.61104,0.61203,0.60891,0.60896,49142
2024-01-29,0.6091,0.61437,0.60782,0.61325,42379
2024-01-30,0.61329,0.61491,0.61052,0.61342,53838
2024-01-31,0.61332,0.61735,0.61011,0.61159,80261
2024-02-01,0.61163,0.6144,0.60796,0.61421,71909
2024-02-02,0.61419,0.61606,0.60583,0.60631,57030
2024-02-05,0.60648,0.60817,0.6038,0.60536,55478
2024-02-06,0.60494,0.60986,0.60391,0.6097,57963
2024-02-07,0.60972,0.61246,0.6088,0.61106,54469
2024-02-08,0.61109,0.61233,0.60787,0.60958,49915
2024-02-09,0.6094,0.61584,0.60818,0.61462,50329
2024-02-12,0.61418,0.61515,0.61201,0.6128,41436
2024-02-13,0.61293,0.61305,0.60494,0.60598,57004
2024-02-14,0.60597,0.60917,0.60507,0.60847,51779
2024-02-15,0.60847,0.61271,0.60699,0.61051,51923
2024-02-16,0.61058,0.61354,0.60859,0.61228,49530
2024-02-19,0.61173,0.6152,0.61144,0.61487,36299
2024-02-20,0.61488,0.61908,0.61287,0.61631,52863
2024-02-21,0.61633,0.61975,0.61521,0.61795,50048
2024-02-22,0.61783,0.62177,0.6172,0.61938,56644
2024-02-23,0.61929,0.62108,0.61803,0.61964,44782
2024-02-26,0.6198,0.6198,0.61622,0.6169,45181
2024-02-27,0.61706,0.61776,0.61508,0.61699,45446
2024-02-28,0.61698,0.61774,0.60815,0.60975,53580
2024-02-29,0.60967,0.61117,0.60767,0.60844,56851
2024-03-01,0.60834,0.61119,0.60661,0.61059,49029
2024-03-04,0.61074,0.6111,0.60879,0.60938,41887
2024-03-05,0.60988,0.61098,0.60707,0.60851,47740
2024-03-06,0.6085,0.61439,0.60685,0.61289,52416
2024-03-07,0.61277,0.61758,0.61173,0.61721,51630
2024-03-08,0.61716,0.62165,0.61611,0.61753,60342
2024-03-11,0.61745,0.61821,0.616,0.61663,44067
2024-03-12,0.61663,0.61839,0.61343,0.61483,42360
2024-03-13,0.6148,0.61694,0.6145,0.61555,23613
2024-03-14,0.61553,0.61749,0.61215,0.61296,28600
2024-03-15,0.61277,0.61308,0.60804,0.60827,22568
2024-03-18,0.60838,0.60997,0.60771,0.60819,18270
2024-03-19,0.60819,0.6086,0.60337,0.60525,26106
2024-03-20,0.60525,0.60849,0.6024,0.60615,28014
2024-03-21,0.60618,0.61063,0.60381,0.60431,30244
2024-03-22,0.60416,0.60515,0.59891,0.59912,24074
2024-03-25,0.5993,0.60127,0.59857,0.60022,21374
2024-03-26,0.60023,0.60304,0.59961,0.60034,20837
2024-03-27,0.60034,0.60103,0.59879,0.60023,22308
2024-03-28,0.60022,0.60041,0.59561,0.597,24713
2024-03-29,0.59701,0.59878,0.59663,0.59768,4461
2024-04-01,0.598,0.59925,0.59394,0.59527,16793
2024-04-02,0.59526,0.59728,0.5943,0.59703,22797
2024-04-03,0.59706,0.60109,0.59524,0.60079,24794
2024-04-04,0.6007,0.60462,0.60012,0.60243,21036
2024-04-05,0.60241,0.60309,0.59851,0.60113,30843
2024-04-08,0.601,0.60382,0.59917,0.60307,27235
2024-04-09,0.60303,0.60763,0.60261,0.6059,24202
2024-04-10,0.6055,0.60823,0.59655,0.59739,39483
2024-04-11,0.59735,0.60143,0.59687,0.59964,37098
2024-04-12,0.59963,0.60102,0.59336,0.59356,36439
2024-04-15,0.5941,0.59532,0.58982,0.59039,36066
2024-04-16,0.59032,0.59071,0.58683,0.58809,45062
2024-04-17,0.58801,0.59249,0.58595,0.59158,38246
2024-04-18,0.59153,0.59323,0.58986,0.59012,34526
2024-04-19,0.5901,0.59057,0.58519,0.58866,49360
2024-04-22,0.58804,0.59284,0.58763,0.59183,24337
2024-04-23,0.59179,0.59476,0.59022,0.59312,24899
2024-04-24,0.59311,0.59519,0.592,0.59349,25742
2024-04-25,0.59345,0.59688,0.59196,0.59474,25217
2024-04-26,0.59468,0.59691,0.59209,0.59382,29284
2024-04-29,0.5952,0.59843,0.59404,0.59769,27771
2024-04-30,0.59764,0.59794,0.58849,0.58866,26788
2024-05-01,0.58862,0.59397,0.58697,0.59285,29732
2024-05-02,0.59276,0.59677,0.59133,0.59612,34181
2024-05-03,0.59597,0.60476,0.59431,0.60087,29946
2024-05-06,0.6013,0.60313,0.59953,0.60059,19495
2024-05-07,0.60072,0.60248,0.59951,0.60011,24072
2024-05-08,0.60009,0.6004,0.59807,0.60028,19132
2024-05-09,0.60029,0.6035,0.59923,0.60335,21066
2024-05-10,0.60314,0.60398,0.60085,0.60182,21023
2024-05-13,0.60123,0.60304,0.60001,0.60153,20439
2024-05-14,0.60141,0.60425,0.59943,0.60395,20461
2024-05-15,0.60396,0.61242,0.6027,0.61206,23895
2024-05-16,0.61187,0.61403,0.60951,0.61207,23171
2024-05-17,0.61195,0.61393,0.61007,0.61331,18297
2024-05-20,0.6131,0.61377,0.60961,0.6104,21866
2024-05-21,0.61043,0.61103,0.60872,0.60906,23425
2024-05-22,0.60899,0.61523,0.60829,0.60957,27745
2024-05-23,0.60946,0.61334,0.60874,0.60978,29196
2024-05-24,0.60977,0.61261,0.60875,0.61202,23664
2024-05-27,0.6112,0.61536,0.61062,0.61473,13582
2024-05-28,0.61462,0.61697,0.61377,0.614,25733
2024-05-29,0.61385,0.61478,0.61111,0.61139,29021
2024-05-30,0.61134,0.61309,0.60885,0.61134,31095
2024-05-31,0.61117,0.61652,0.61081,0.61419,33423
2024-06-03,0.6134,0.6193,0.6127,0.61916,34509
2024-06-04,0.61894,0.6198,0.61554,0.61758,36758
2024-06-05,0.61765,0.61978,0.61694,0.61917,31971
2024-06-06,0.61909,0.6215,0.61733,0.61973,28913
2024-06-07,0.61949,0.62032,0.61011,0.61014,33344
2024-06-10,0.61007,0.61284,0.60996,0.61269,26537
2024-06-11,0.61251,0.61499,0.61175,0.61428,27875
2024-06-12,0.6143,0.62216,0.61336,0.61845,36352
2024-06-13,0.61847,0.61984,0.61598,0.61674,33206
2024-06-14,0.61678,0.617,0.61155,0.61405,38384
2024-06-17,0.6128,0.61407,0.61043,0.61307,29894
2024-06-18,0.61303,0.61486,0.60967,0.61432,34480
2024-06-19,0.61426,0.61455,0.61277,0.61307,19429
2024-06-20,0.61311,0.61476,0.61115,0.61184,31951
2024-06-21,0.61182,0.6134,0.6109,0.61169,29169
2024-06-24,0.6115,0.61401,0.61046,0.61238,23832
2024-06-25,0.61227,0.61303,0.61076,0.61204,25541
2024-06-26,0.61209,0.61278,0.60739,0.60816,28027
2024-06-27,0.60815,0.61083,0.6066,0.60814,26522
2024-06-28,0.60837,0.61048,0.60576,0.60904,29988
2024-07-01,0.6102,0.6108,0.6065,0.60749,28847
2024-07-02,0.6071,0.6078,0.60474,0.60556,11719
2024-07-03,0.60748,0.61287,0.60694,0.61018,24811
2024-07-04,0.61017,0.61225,0.60979,0.6116,14721
2024-07-05,0.61156,0.61487,0.61057,0.61442,26918
2024-07-08,0.6134,0.61533,0.61232,0.61239,23120
2024-07-09,0.61237,0.61327,0.61121,0.61242,23398
2024-07-10,0.61226,0.61316,0.60649,0.60807,23181
2024-07-11,0.60804,0.61344,0.60769,0.60945,30012
2024-07-12,0.60942,0.61259,0.60761,0.61175,31473
2024-07-15,0.61059,0.61117,0.60725,0.6073,28022
2024-07-16,0.60722,0.60776,0.60361,0.6049,27480
2024-07-17,0.60464,0.60972,0.60335,0.60818,33454
2024-07-18,0.60792,0.6083,0.60434,0.60437,31737
2024-07-19,0.60434,0.60494,0.60054,0.60074,28813
2024-07-22,0.6014,0.60277,0.59718,0.59757,25120
2024-07-23,0.5974,0.59808,0.59504,0.59555,23336
2024-07-24,0.59554,0.59577,0.59136,0.5929,28063
2024-07-25,0.59279,0.59325,0.58812,0.58856,36801
2024-07-26,0.58835,0.59054,0.58782,0.58862,24589
2024-07-29,0.589,0.59003,0.58576,0.58748,22399
2024-07-30,0.58716,0.59054,0.58601,0.59023,26163
2024-07-31,0.59007,0.59614,0.5888,0.59487,38098
2024-08-01,0.59488,0.59833,0.59364,0.59479,37028
2024-08-02,0.59476,0.59842,0.59304,0.59563,42870
2024-08-05,0.59504,0.59711,0.58499,0.59389,68691
2024-08-06,0.59384,0.598,0.59128,0.5952,57386
2024-08-07,0.59516,0.6025,0.59314,0.59937,51232
2024-08-08,0.59901,0.60139,0.59771,0.60124,43602
2024-08-09,0.60123,0.60346,0.59902,0.59979,34420
2024-08-12,0.6003,0.60322,0.5989,0.6019,25517
2024-08-13,0.60183,0.60809,0.60124,0.60708,28792
2024-08-14,0.60709,0.60835,0.59943,0.59979,35418
2024-08-15,0.59982,0.60142,0.59739,0.59847,28805
2024-08-16,0.59842,0.60551,0.59782,0.60527,23796
2024-08-19,0.6047,0.61165,0.60331,0.61097,28328
2024-08-20,0.61094,0.61568,0.6106,0.61505,29167
2024-08-21,0.61507,0.61776,0.61321,0.61547,30420
2024-08-22,0.61552,0.61692,0.61275,0.61349,29736
2024-08-23,0.61351,0.62363,0.6128,0.62327,33048
2024-08-26,0.62234,0.62322,0.61932,0.62011,29987
2024-08-27,0.62015,0.62543,0.61923,0.62509,29105
2024-08-28,0.62384,0.62526,0.62238,0.62428,33516
2024-08-29,0.62431,0.62983,0.62391,0.62561,36118
2024-08-30,0.62563,0.62737,0.62294,0.62481,32602
2024-09-02,0.62312,0.62528,0.62206,0.62322,20111
2024-09-03,0.62341,0.62353,0.61796,0.61858,36376
2024-09-04,0.61833,0.62162,0.61686,0.61972,36932
2024-09-05,0.61963,0.62258,0.61777,0.62219,35270
2024-09-06,0.62219,0.62536,0.61556,0.61732,42981
2024-09-09,0.6184,0.61857,0.61239,0.61432,32175
2024-09-10,0.61425,0.61646,0.61314,0.61485,30840
2024-09-11,0.61482,0.61566,0.6106,0.61353,41947
2024-09-12,0.61308,0.61843,0.61197,0.61714,37375
2024-09-13,0.61731,0.61934,0.61517,0.61568,31617
2024-09-16,0.61548,0.62015,0.61537,0.62005,32053
2024-09-17,0.6188,0.62104,0.61754,0.61833,32486
2024-09-18,0.61811,0.62672,0.61748,0.62072,39069
2024-09-19,0.62076,0.62684,0.61798,0.62371,48791
2024-09-20,0.62362,0.62597,0.62095,0.62364,42995
2024-09-23,0.62356,0.62798,0.62213,0.62657,32871
2024-09-24,0.62644,0.63422,0.62586,0.63385,38175
2024-09-25,0.63368,0.6355,0.62592,0.62612,36234
2024-09-26,0.62599,0.63323,0.6252,0.63267,42972
2024-09-27,0.63261,0.63668,0.62955,0.63398,43101
2024-09-30,0.63386,0.63785,0.63324,0.63462,43943
2024-10-01,0.63467,0.63481,0.62643,0.62791,45932
2024-10-02,0.62795,0.63128,0.62576,0.62609,40204
2024-10-03,0.62603,0.62635,0.62097,0.62115,42054
2024-10-04,0.62093,0.62189,0.61452,0.61571,37311
2024-10-07,0.61469,0.6173,0.61121,0.61236,39676
2024-10-08,0.61254,0.61444,0.61069,0.6137,40433
2024-10-09,0.61376,0.61413,0.60522,0.60616,38695
2024-10-10,0.6062,0.60959,0.60507,0.60913,39785
2024-10-11,0.60922,0.61191,0.60806,0.6108,25689
2024-10-14,0.609,0.61076,0.60696,0.60945,31343
2024-10-15,0.60943,0.61053,0.60732,0.60818,31733
2024-10-16,0.60814,0.60894,0.60392,0.60553,35950
2024-10-17,0.60515,0.60752,0.60441,0.60584,34597
2024-10-18,0.60549,0.60795,0.60528,0.60706,29978
2024-10-21,0.607,0.60835,0.60284,0.60293,31257
2024-10-22,0.60299,0.60605,0.60206,0.60419,30460
2024-10-23,0.60423,0.60525,0.59906,0.60037,30816
2024-10-24,0.60018,0.60316,0.59893,0.6014,31867
2024-10-25,0.60138,0.6017,0.59736,0.5976,32186
2024-10-28,0.59798,0.59971,0.59574,0.59783,29525
2024-10-29,0.59782,0.59891,0.59529,0.59685,32156
2024-10-30,0.59685,0.60012,0.59501,0.59733,36378
2024-10-31,0.5973,0.59828,0.59393,0.59771,37337
2024-11-01,0.59769,0.59985,0.5958,0.5961,36839
2024-11-04,0.59998,0.6015,0.59702,0.59711,40277
2024-11-05,0.59703,0.60144,0.59663,0.60054,34321
2024-11-06,0.60057,0.60205,0.59116,0.59369,75811
2024-11-07,0.5937,0.60372,0.59228,0.60234,47819
2024-11-08,0.60226,0.60247,0.5947,0.59642,44025
2024-11-11,0.5968,0.59771,0.59366,0.59621,37252
2024-11-12,0.59617,0.59721,0.59091,0.59242,44609
2024-11-13,0.59215,0.59468,0.58757,0.58779,42692
2024-11-14,0.58783,0.58839,0.58391,0.58484,44397
2024-11-15,0.58419,0.58802,0.58344,0.58639,42916
2024-11-18,0.58617,0.58974,0.58359,0.58918,36796
2024-11-19,0.58903,0.59133,0.58739,0.59101,42728
2024-11-20,0.59068,0.59216,0.58636,0.58746,31177
2024-11-21,0.58748,0.58855,0.58493,0.5858,40150
2024-11-22,0.58579,0.58606,0.58161,0.5833,48185
2024-11-25,0.58526,0.58687,0.58353,0.58439,38604
2024-11-26,0.58393,0.58653,0.57968,0.58332,47089
2024-11-27,0.58329,0.59077,0.58242,0.58924,46370
2024-11-28,0.58925,0.59045,0.58666,0.58867,27004
2024-11-29,0.5876,0.59284,0.58681,0.59126,38255
2024-12-02,0.59087,0.59152,0.58634,0.58776,43058
2024-12-03,0.58783,0.59044,0.5864,0.58751,38066
2024-12-04,0.58752,0.5884,0.58287,0.58453,42877
2024-12-05,0.58452,0.58872,0.58438,0.58794,35591
2024-12-06,0.58771,0.58883,0.58209,0.58277,41550
2024-12-09,0.58311,0.58876,0.5804,0.58594,36095
2024-12-10,0.58594,0.58663,0.57911,0.57942,35736
2024-12-11,0.57955,0.5808,0.5761,0.57789,43913
2024-12-12,0.57802,0.58171,0.57621,0.57647,42787
2024-12-13,0.57657,0.57779,0.57534,0.57593,33679
2024-12-16,0.57537,0.5786,0.57522,0.5776,28141
2024-12-17,0.57737,0.57925,0.57474,0.57484,31514
2024-12-18,0.57497,0.57583,0.56168,0.56177,39044
2024-12-19,0.56186,0.56617,0.56078,0.56242,44294
2024-12-20,0.56256,0.56718,0.56124,0.56519,40710
2024-12-23,0.56476,0.56605,0.56316,0.56424,30334
2024-12-24,0.56466,0.56519,0.56239,0.56295,22837
2024-12-25,0.5643,0.56439,0.56422,0.56422,16
2024-12-26,0.5648,0.56592,0.56176,0.56187,27276
2024-12-27,0.56236,0.5643,0.56104,0.56287,29100
2024-12-30,0.56254,0.5664,0.56171,0.56337,27045
2024-12-31,0.56336,0.56462,0.55877,0.55888,28876
2025-01-02,0.55872,0.5624,0.55819,0.55893,36121
2025-01-03,0.55903,0.56133,0.5585,0.56096,29885
2025-01-06,0.56093,0.56842,0.56059,0.56374,42991
2025-01-07,0.56377,0.56888,0.56285,0.56292,31625
2025-01-08,0.56298,0.56412,0.55892,0.56025,37293
2025-01-09,0.56061,0.5608,0.55716,0.5598,30112
2025-01-10,0.55937,0.56023,0.55426,0.55524,40440
2025-01-13,0.5556,0.55826,0.55411,0.55781,37537
2025-01-14,0.55778,0.56307,0.55736,0.56029,40227
2025-01-15,0.55953,0.56504,0.55926,0.56142,33569
2025-01-16,0.56143,0.56325,0.55817,0.56059,36183
2025-01-17,0.56024,0.5615,0.55628,0.55795,32465
2025-01-20,0.5592,0.5684,0.55745,0.56661,36925
2025-01-21,0.56671,0.56886,0.56164,0.56732,46214
2025-01-22,0.56754,0.56873,0.56487,0.56591,40576
2025-01-23,0.56582,0.56852,0.56461,0.56737,35396
2025-01-24,0.56741,0.57228,0.56681,0.57067,39416
2025-01-27,0.5699,0.57073,0.56762,0.56904,44230
2025-01-28,0.56858,0.56916,0.56477,0.56654,36765
2025-01-29,0.5665,0.56678,0.56338,0.56567,37688
2025-01-30,0.56485,0.56672,0.56221,0.56332,34568
2025-01-31,0.56242,0.56835,0.56187,0.5635,43900
2025-02-03,0.55815,0.564,0.5516,0.56276,63598
2025-02-04,0.56176,0.56545,0.55816,0.56497,45373
2025-02-05,0.56409,0.57022,0.56402,0.56864,38923
2025-02-06,0.56786,0.56906,0.56513,0.56735,31569
2025-02-07,0.56649,0.56942,0.56404,0.56563,37476
2025-02-10,0.56112,0.56634,0.56105,0.56386,29777
2025-02-11,0.56313,0.56604,0.56254,0.56522,27346
2025-02-12,0.56508,0.56713,0.56002,0.56409,36365
2025-02-13,0.56322,0.56791,0.56224,0.56757,37472
2025-02-14,0.56758,0.57379,0.56652,0.5727,34257
2025-02-17,0.57067,0.57492,0.57067,0.57344,25411
2025-02-18,0.57348,0.57373,0.56936,0.56965,32549
2025-02-19,0.56967,0.57316,0.56774,0.57028,30436
2025-02-20,0.56954,0.5767,0.56858,0.57615,33454
2025-02-21,0.57606,0.57725,0.57347,0.57374,34759
2025-02-24,0.57372,0.57695,0.5729,0.57319,40865
2025-02-25,0.5732,0.57382,0.5706,0.57178,34568
2025-02-26,0.57185,0.57323,0.5688,0.56916,36481
2025-02-27,0.56878,0.57008,0.56286,0.56302,37295
2025-02-28,0.56213,0.56346,0.55849,0.55961,38661
2025-03-03,0.55977,0.56374,0.55858,0.56153,38627
2025-03-04,0.56062,0.56649,0.55953,0.56638,53247
2025-03-05,0.56553,0.57315,0.56372,0.57254,49900
2025-03-06,0.57242,0.57596,0.57196,0.57276,48566
2025-03-07,0.57269,0.57408,0.56919,0.57066,44296
2025-03-10,0.57054,0.57421,0.56853,0.56968,40115
2025-03-11,0.56967,0.5726,0.56773,0.5707,41756
2025-03-12,0.57123,0.57387,0.56974,0.57292,35157
2025-03-13,0.57296,0.57414,0.56819,0.56964,35045
2025-03-14,0.56963,0.57551,0.56956,0.5743,30837
2025-03-17,0.57473,0.58257,0.5744,0.58153,28005
2025-03-18,0.58152,0.58307,0.57974,0.58131,28203
2025-03-19,0.58141,0.58232,0.57752,0.58169,29011
2025-03-20,0.58168,0.58254,0.57226,0.57537,30270
2025-03-21,0.57536,0.5767,0.57243,0.5731,26792
2025-03-24,0.5733,0.57491,0.57088,0.57241,37861
2025-03-25,0.5724,0.57495,0.571,0.5732,39371
2025-03-26,0.5732,0.57616,0.57132,0.57231,49878
2025-03-27,0.57232,0.57546,0.57109,0.57358,50628
2025-03-28,0.57357,0.5738,0.57102,0.57131,45691
2025-03-31,0.5716,0.57213,0.56474,0.56771,55564
2025-04-01,0.56752,0.57035,0.56618,0.56985,53431
2025-04-02,0.56904,0.57781,0.56877,0.57373,49836
2025-04-03,0.57382,0.58521,0.56806,0.57917,93845
2025-04-04,0.57908,0.5796,0.55506,0.55953,114102
2025-04-07,0.5577,0.56437,0.55056,0.55351,143170
2025-04-08,0.5537,0.56251,0.55197,0.55297,106522
2025-04-09,0.55322,0.5667,0.54847,0.56418,136720
2025-04-10,0.56381,0.57646,0.56233,0.57366,120522
2025-04-11,0.57334,0.58385,0.57292,0.58211,131709
2025-04-14,0.5817,0.58905,0.58133,0.58748,83575
2025-04-15,0.58752,0.59428,0.58537,0.58973,68196
2025-04-16,0.58977,0.59361,0.58853,0.5933,72447
2025-04-17,0.59271,0.5977,0.5899,0.5969,61775
2025-04-18,0.59706,0.59732,0.59237,0.59307,131529
2025-04-21,0.5929,0.60181,0.59122,0.59991,58980
2025-04-22,0.59884,0.60279,0.59604,0.59604,68684
2025-04-23,0.59607,0.60126,0.59358,0.59429,81409
2025-04-24,0.59378,0.59995,0.59378,0.5994,57506
2025-04-25,0.59851,0.60001,0.59477,0.596,56648
2025-04-28,0.5958,0.59812,0.59273,0.59772,53677
2025-04-29,0.59697,0.59856,0.59256,0.59288,53178
2025-04-30,0.59276,0.59487,0.58975,0.5932,57422
2025-05-01,0.59237,0.59502,0.58927,0.5905,53898
2025-05-02,0.59023,0.59765,0.59004,0.59421,63785
2025-05-05,0.59377,0.59947,0.59363,0.59658,54125
2025-05-06,0.59656,0.60122,0.59428,0.60051,49383
2025-05-07,0.60057,0.60217,0.59338,0.59392,60103
2025-05-08,0.59387,0.59737,0.58999,0.59041,56004
2025-05-09,0.59017,0.59196,0.58698,0.59082,44516
2025-05-12,0.59177,0.59398,0.58457,0.5854,62047
2025-05-13,0.58524,0.59412,0.58455,0.59343,50690
2025-05-14,0.59285,0.59679,0.58921,0.58973,55343
2025-05-15,0.58907,0.5915,0.58595,0.58736,50928
2025-05-16,0.58666,0.59171,0.58639,0.58799,41563
2025-05-19,0.58745,0.59315,0.58728,0.59294,47312
2025-05-20,0.59243,0.59311,0.58932,0.5924,48577
2025-05-21,0.59226,0.59668,0.59133,0.59377,54354
2025-05-22,0.59303,0.59405,0.58934,0.58977,53768
2025-05-23,0.589,0.59888,0.58898,0.59845,51337
2025-05-26,0.59772,0.60307,0.59768,0.59981,36086
2025-05-27,0.59902,0.60056,0.59393,0.59465,46626
2025-05-28,0.59461,0.59787,0.59229,0.5966,49814
2025-05-29,0.59649,0.59912,0.59241,0.59629,61417
2025-05-30,0.5966,0.59886,0.59461,0.59632,55585
2025-06-02,0.59555,0.60428,0.59529,0.60332,52149
2025-06-03,0.60281,0.60536,0.59864,0.59939,46194
2025-06-04,0.59939,0.60383,0.59793,0.60249,44455
2025-06-05,0.60194,0.60792,0.60194,0.60331,50463
2025-06-06,0.60327,0.60492,0.60055,0.60147,47475
2025-06-09,0.60028,0.60644,0.59996,0.60433,37089
2025-06-10,0.60436,0.60576,0.60269,0.60503,46721
2025-06-11,0.60459,0.60649,0.60225,0.60269,46868
2025-06-12,0.60266,0.60702,0.60046,0.60675,53286
2025-06-13,0.60667,0.60681,0.5994,0.60139,70667
2025-06-16,0.60059,0.60867,0.59993,0.60586,56561
2025-06-17,0.60573,0.60786,0.6009,0.60109,54897
2025-06-18,0.60135,0.60563,0.59938,0.60252,62658
2025-06-19,0.60255,0.60321,0.59581,0.59878,47810
2025-06-20,0.59751,0.60083,0.59608,0.5964,47926
2025-06-23,0.59423,0.59797,0.5882,0.59727,70027
2025-06-24,0.5941,0.604,0.5941,0.60045,55395
2025-06-25,0.5999,0.60414,0.5999,0.60353,41145
2025-06-26,0.60353,0.60737,0.60143,0.60523,55252
2025-06-27,0.6044,0.60771,0.60358,0.60534,50714
2025-06-30,0.60425,0.60978,0.60383,0.60938,46594
2025-07-01,0.60812,0.61193,0.60725,0.60976,45184
2025-07-02,0.6082,0.6105,0.60489,0.60879,46594
2025-07-03,0.60883,0.60915,0.60292,0.60623,28917
2025-07-04,0.60634,0.60818,0.60492,0.60548,36234
2025-07-07,0.60499,0.60576,0.59875,0.59926,45303
2025-07-08,0.59925,0.60342,0.59784,0.59959,50896
2025-07-09,0.59965,0.60133,0.5975,0.59958,45448
2025-07-10,0.5998,0.60352,0.59885,0.60323,38576
2025-07-11,0.60314,0.60425,0.6,0.6004,51666
2025-07-14,0.59915,0.60136,0.59676,0.59696,38882
2025-07-15,0.59687,0.60062,0.59377,0.59443,41793
2025-07-16,0.59444,0.59686,0.59117,0.59455,48573
2025-07-17,0.59337,0.59487,0.59037,0.59297,40787
2025-07-18,0.59305,0.59901,0.59132,0.59579,37373
2025-07-21,0.59664,0.59839,0.59378,0.59664,38179
2025-07-22,0.59667,0.60032,0.59398,0.59994,40722
2025-07-23,0.59993,0.60465,0.59771,0.6044,45720
2025-07-24,0.60345,0.60584,0.60252,0.60262,42040
2025-07-25,0.60264,0.6038,0.59968,0.60163,39698
2025-07-28,0.60088,0.60316,0.59656,0.5968,45029
2025-07-29,0.59605,0.59754,0.59416,0.59536,43510
2025-07-30,0.59441,0.59705,0.58877,0.58934,50747
2025-07-31,0.58921,0.59362,0.5887,0.5887,47279
2025-08-01,0.58827,0.59278,0.58555,0.59094,60740
2025-08-04,0.59063,0.593,0.58985,0.59078,29767
2025-08-05,0.58971,0.59221,0.58811,0.59003,27544
2025-08-06,0.58975,0.59403,0.58903,0.59283,30060
2025-08-07,0.59245,0.59664,0.5922,0.5959,42181
2025-08-08,0.59443,0.59708,0.59436,0.59522,36922
2025-08-11,0.59519,0.59579,0.59241,0.59373,31190
2025-08-12,0.59329,0.5965,0.59121,0.59538,43971
2025-08-13,0.59468,0.59947,0.59439,0.59748,30510
2025-08-14,0.59718,0.59901,0.59077,0.59175,41378
2025-08-15,0.59091,0.59381,0.59066,0.59216,31586
2025-08-18,0.59188,0.59417,0.59087,0.59211,30171
2025-08-19,0.59142,0.59296,0.58902,0.58923,33630
2025-08-20,0.58853,0.58971,0.58141,0.58231,38784
2025-08-21,0.58169,0.5832,0.58098,0.58182,36096
2025-08-22,0.58108,0.58752,0.5799,0.58641,39139
2025-08-25,0.58619,0.58795,0.58448,0.58482,31466
2025-08-26,0.58482,0.58672,0.58278,0.58595,36348
2025-08-27,0.58404,0.58641,0.58172,0.58567,32624
2025-08-28,0.58399,0.58908,0.58399,0.58835,33410
2025-08-29,0.58801,0.59048,0.5879,0.58883,34506
2025-09-01,0.58821,0.59135,0.58821,0.59022,25405
2025-09-02,0.58969,0.59069,0.58372,0.58645,44699
2025-09-03,0.58589,0.58826,0.58406,0.58782,39648
2025-09-04,0.5863,0.58889,0.58325,0.58456,27373
2025-09-05,0.58405,0.59174,0.58389,0.58925,26576
2025-09-08,0.58878,0.59452,0.58762,0.59391,22560
2025-09-09,0.59322,0.59592,0.59224,0.59248,24507
2025-09-10,0.59237,0.59634,0.5921,0.59387,25146
2025-09-11,0.59318,0.59795,0.59146,0.59762,26707
2025-09-12,0.59644,0.59784,0.59395,0.59539,21217
2025-09-15,0.59376,0.59746,0.5937,0.59692,21947
2025-09-16,0.59521,0.59906,0.59504,0.59863,26532
2025-09-17,0.59752,0.60069,0.5948,0.59618,23434
2025-09-18,0.59614,0.59661,0.5872,0.58819,30845
2025-09-19,0.5881,0.58914,0.58531,0.58555,25241
2025-09-22,0.5852,0.58711,0.58424,0.58675,21939
2025-09-23,0.58582,0.58695,0.58393,0.58574,23700
2025-09-24,0.58487,0.58656,0.5808,0.5813,22211
2025-09-25,0.58111,0.58307,0.57583,0.57662,26281
2025-09-26,0.5767,0.57756,0.5754,0.57699,24395
2025-09-29,0.57707,0.57956,0.57594,0.57758,21406
2025-09-30,0.57756,0.58073,0.57679,0.57919,24661
2025-10-01,0.57927,0.58307,0.57847,0.58157,26741
2025-10-02,0.58022,0.58426,0.57996,0.5816,22519
2025-10-03,0.58156,0.5838,0.5795,0.58272,20699
2025-10-06,0.57975,0.58446,0.57973,0.58407,23926
2025-10-07,0.58262,0.5842,0.57936,0.57981,22234
2025-10-08,0.57979,0.58013,0.57365,0.57861,26936
2025-10-09,0.57752,0.58059,0.57337,0.57433,26640
2025-10-10,0.5744,0.57578,0.57157,0.57187,28678
2025-10-13,0.57342,0.57469,0.57185,0.57247,27903
2025-10-14,0.57247,0.57277,0.56823,0.57141,31253
2025-10-15,0.5714,0.57313,0.57053,0.57235,24556
2025-10-16,0.57197,0.5755,0.57021,0.5723,28825
2025-10-17,0.57222,0.57425,0.57115,0.57226,31661
2025-10-20,0.57223,0.57528,0.57177,0.57428,21205
2025-10-21,0.5737,0.57517,0.57096,0.57404,24258
2025-10-22,0.57372,0.57605,0.57334,0.57373,24934
2025-10-23,0.57371,0.57544,0.57241,0.5751,17448
2025-10-24,0.57446,0.57776,0.5738,0.57455,22263
2025-10-27,0.57698,0.57737,0.57514,0.57682,21273
2025-10-28,0.57674,0.57891,0.57583,0.57767,20616
2025-10-29,0.57765,0.58012,0.57482,0.57592,27724
2025-10-30,0.57599,0.57877,0.57255,0.57383,26805
2025-10-31,0.57387,0.57446,0.57137,0.57235,21003
2025-11-03,0.57187,0.57296,0.56921,0.57061,18583
2025-11-04,0.57032,0.57089,0.56345,0.56434,23352
2025-11-05,0.56423,0.56651,0.56302,0.56617,21505
2025-11-06,0.56529,0.56696,0.56256,0.56342,23673
2025-11-07,0.56254,0.56403,0.5606,0.56238,23169
2025-11-10,0.56223,0.565,0.56196,0.56439,23081
2025-11-11,0.56435,0.56684,0.5631,0.56533,18899
2025-11-12,0.56482,0.56702,0.56427,0.56662,19808
2025-11-13,0.56657,0.56821,0.56342,0.56532,26976
2025-11-14,0.56452,0.5691,0.56341,0.56788,26575
2025-11-17,0.56748,0.56887,0.56485,0.56563,22452
2025-11-18,0.56561,0.56747,0.5638,0.56566,26863
2025-11-19,0.56576,0.56613,0.55896,0.56026,25133
2025-11-20,0.56023,0.56382,0.55821,0.55822,28700
2025-11-21,0.55829,0.56154,0.55775,0.56122,30767
2025-11-24,0.56068,0.56142,0.55951,0.56095,21430
2025-11-25,0.56094,0.56281,0.55909,0.56184,25079
2025-11-26,0.56122,0.57014,0.56113,0.56978,28174
2025-11-27,0.56974,0.57316,0.56911,0.57277,16621
2025-11-28,0.57187,0.57433,0.57007,0.57305,78639
2025-12-01,0.57253,0.57514,0.5723,0.5728,27785
2025-12-02,0.57214,0.57443,0.57106,0.57364,18879
2025-12-03,0.57295,0.57772,0.57294,0.57726,22266
2025-12-04,0.57699,0.57783,0.57573,0.57608,21025
2025-12-05,0.57582,0.57865,0.5757,0.57758,22618
2025-12-08,0.57706,0.57921,0.57585,0.57746,23507
2025-12-09,0.57742,0.57944,0.57671,0.57803,24830
2025-12-10,0.57757,0.58243,0.57609,0.58144,26078
2025-12-11,0.58139,0.58309,0.57878,0.58074,27731
2025-12-12,0.58058,0.58202,0.57874,0.5803,24272
2025-12-15,0.57895,0.58083,0.57652,0.5782,22916
2025-12-16,0.57747,0.58065,0.57579,0.57821,26952
2025-12-17,0.578,0.57937,0.57669,0.57729,25161
2025-12-18,0.57729,0.57879,0.57542,0.57744,24550
2025-12-19,0.57717,0.5783,0.57357,0.57546,21485
2025-12-22,0.57404,0.58009,0.57404,0.57945,17992
2025-12-23,0.57872,0.58429,0.57867,0.58401,21298
2025-12-24,0.58282,0.58528,0.58223,0.58316,16687
2025-12-26,0.58372,0.5842,0.58175,0.58265,18103
2025-12-29,0.58218,0.58332,0.57896,0.58025,21937
2025-12-30,0.57999,0.58191,0.57879,0.57917,18159
2025-12-31,0.57903,0.57923,0.57397,0.57545,19189
2026-01-02,0.57582,0.57775,0.5751,0.57672,20265
2026-01-05,0.57496,0.57915,0.57414,0.57875,26258
2026-01-06,0.5785,0.58099,0.57685,0.57835,23420
2026-01-07,0.57797,0.5793,0.57695,0.57712,24099
2026-01-08,0.57705,0.57756,0.57372,0.575,23270
2026-01-09,0.57457,0.5753,0.57108,0.57269,24634
2026-01-12,0.5724,0.57744,0.5723,0.57699,21805
2026-01-13,0.57698,0.57823,0.57347,0.57354,24168
2026-01-14,0.57361,0.57556,0.57303,0.5747,22743
2026-01-15,0.57473,0.5752,0.57251,0.57418,22194
2026-01-16,0.57408,0.5767,0.57374,0.57482,18925
2026-01-19,0.57412,0.58028,0.5739,0.57975,21579
2026-01-20,0.57958,0.58509,0.57885,0.58314,29207
2026-01-21,0.58285,0.58659,0.58206,0.5843,26826
2026-01-22,0.58397,0.59274,0.58326,0.5926,24919
2026-01-23,0.59244,0.59509,0.58911,0.59436,27898
2026-01-26,0.5935,0.59986,0.5935,0.5972,31742
2026-01-27,0.5971,0.60503,0.59546,0.60439,30629
2026-01-28,0.60428,0.60611,0.60076,0.60592,38119
2026-01-29,0.60517,0.60919,0.60223,0.60774,45440
2026-01-30,0.60592,0.60802,0.60096,0.60162,52020
2026-02-02,0.60109,0.60334,0.59902,0.59977,58681
2026-02-03,0.5993,0.6063,0.59882,0.60451,42607
2026-02-04,0.60411,0.60498,0.59873,0.60013,38992
2026-02-05,0.60011,0.60084,0.59477,0.59494,44143
2026-02-06,0.59475,0.60268,0.59281,0.60113,32770
2026-02-09,0.60107,0.60594,0.59969,0.60552,29996
2026-02-10,0.60218,0.6061,0.60119,0.60427,28177
2026-02-11,0.60381,0.60729,0.60207,0.60473,33656
2026-02-12,0.60236,0.60757,0.60236,0.60344,34101
2026-02-13,0.60313,0.60504,0.60129,0.60373,36177
2026-02-16,0.60079,0.60479,0.60079,0.60321,18476
2026-02-17,0.60302,0.60504,0.60039,0.60488,31429
2026-02-18,0.60453,0.60528,0.59613,0.59635,27163
2026-02-19,0.59613,0.599,0.59454,0.59715,29998
2026-02-20,0.59692,0.59846,0.59378,0.59732,37506
2026-02-23,0.59737,0.60032,0.59512,0.59544,32657
2026-02-24,0.59551,0.59736,0.59421,0.59649,29574
2026-02-25,0.59588,0.60024,0.59565,0.59994,25832
2026-02-26,0.59958,0.60126,0.59568,0.59837,26374
2026-02-27,0.59819,0.60042,0.59698,0.59928,28471
2026-03-02,0.59463,0.59943,0.59158,0.59396,51638
2026-03-03,0.59374,0.59552,0.58356,0.58869,61105
2026-03-04,0.58866,0.59421,0.58608,0.59395,58109
2026-03-05,0.59299,0.59481,0.58726,0.58947,51481
2026-03-06,0.58917,0.59152,0.58573,0.59003,136834
2026-03-09,0.58641,0.59369,0.58482,0.59335,217373
2026-03-10,0.59337,0.59645,0.59074,0.5928,196004
2026-03-11,0.59259,0.59485,0.5905,0.59113,153415
2026-03-12,0.5914,0.5915,0.5849,0.5849,152430
2026-03-13,0.58492,0.58623,0.57681,0.57687,144950
2026-03-16,0.57882,0.58691,0.57781,0.58547,124393
2026-03-17,0.58567,0.58685,0.58166,0.58528,86017
2026-03-18,0.58528,0.58723,0.57876,0.5796,77674
2026-03-19,0.5796,0.58923,0.57841,0.58699,125832
2026-03-20,0.58698,0.58915,0.58174,0.58262,92500
2026-03-23,0.58166,0.58871,0.57616,0.58515,186358
2026-03-24,0.58531,0.58659,0.57931,0.58359,148444
2026-03-25,0.58356,0.58429,0.5803,0.58078,88790
2026-03-26,0.58077,0.58083,0.57493,0.57623,73786
2026-03-27,0.57632,0.57777,0.57375,0.57413,74703
2026-03-30,0.57445,0.57492,0.56993,0.57188,71566
2026-03-31,0.57189,0.57476,0.56977,0.57443,97244
2026-04-01,0.57447,0.57775,0.57301,0.57505,82767
2026-04-02,0.57404,0.57587,0.56993,0.57145,94288
2026-04-03,0.57129,0.57199,0.5678,0.5681,20126
2026-04-06,0.56844,0.57293,0.56801,0.57097,60684
2026-04-07,0.57086,0.57325,0.5689,0.57305,82612
2026-04-08,0.57259,0.58588,0.56982,0.58195,127873
2026-04-09,0.58201,0.58733,0.58037,0.58577,65336
2026-04-10,0.58478,0.58687,0.58321,0.58356,51615
2026-04-13,0.57868,0.58732,0.57868,0.5865,65668
2026-04-14,0.5865,0.59198,0.58564,0.58988,51080
2026-04-15,0.58934,0.5919,0.58897,0.59104,57352
2026-04-16,0.59096,0.59217,0.58818,0.58883,55033
2026-04-17,0.5887,0.59288,0.58785,0.58787,70295
2026-04-20,0.58527,0.58953,0.58487,0.58886,63492
2026-04-21,0.58765,0.59202,0.58718,0.58916,78640
2026-04-22,0.58857,0.59225,0.5874,0.59027,69421
2026-04-23,0.58915,0.59116,0.58399,0.5851,98658
2026-04-24,0.58522,0.58827,0.58397,0.58748,77030
2026-04-27,0.58672,0.59236,0.58554,0.59056,67982
2026-04-28,0.59018,0.59174,0.58655,0.5883,82348
2026-04-29,0.58802,0.58915,0.58148,0.58269,85557
2026-04-30,0.58256,0.59095,0.58126,0.59069,111856
2026-05-01,0.59069,0.59246,0.58865,0.58945,81715
2026-05-04,0.58847,0.59261,0.586,0.58702,92328
2026-05-05,0.58688,0.59056,0.58563,0.58839,64013
2026-05-06,0.5871,0.59909,0.587,0.59522,103067
2026-05-07,0.5947,0.59831,0.5935,0.59359,90291
2026-05-08,0.59362,0.59687,0.59301,0.59636,83754
2026-05-11,0.59347,0.59686,0.59309,0.59613,65428
2026-05-12,0.59599,0.59675,0.59337,0.59501,82170
2026-05-13,0.59498,0.59655,0.59197,0.59338,68256
2026-05-14,0.59338,0.59417,0.59081,0.59093,71316
2026-05-15,0.5913,0.5917,0.58347,0.58362,95167
2026-05-18,0.5834,0.58819,0.58227,0.58728,109456
2026-05-19,0.58728,0.58783,0.58171,0.58331,96115
2026-05-20,0.58248,0.58879,0.58147,0.58676,98071
2026-05-21,0.58676,0.58878,0.58462,0.58725,106511
2026-05-22,0.58724,0.58789,0.58442,0.58465,75100
2026-05-25,0.58722,0.58812,0.5862,0.58708,47792
2026-05-26,0.58565,0.58713,0.58314,0.58345,66337
2026-05-27,0.58343,0.59117,0.58342,0.58997,74889
2026-05-28,0.58992,0.59354,0.58639,0.59323,86489
2026-05-29,0.5932,0.59939,0.59242,0.59868,82176
2026-06-01,0.59588,0.5987,0.59107,0.5931,75922
2026-06-02,0.59123,0.59454,0.59123,0.59228,67849
2026-06-03,0.59172,0.59349,0.58568,0.58575,75740
2026-06-04,0.58587,0.58869,0.5854,0.58645,76831
2026-06-05,0.58652,0.58845,0.57885,0.57951,98996
2026-06-08,0.57791,0.58366,0.57784,0.58072,111261
2026-06-09,0.58085,0.58475,0.57986,0.58141,108656
2026-06-10,0.58154,0.58325,0.57936,0.57941,134089
2026-06-11,0.57946,0.58442,0.5769,0.58338,130495
2026-06-12,0.57997,0.58394,0.57935,0.58285,210721
2026-06-15,0.58113,0.58643,0.58113,0.58221,240613
2026-06-16,0.58221,0.58435,0.57948,0.58302,251328
2026-06-17,0.58295,0.58356,0.57522,0.57659,293582
2026-06-18,0.57653,0.57993,0.57489,0.57519,308587
2026-06-19,0.57518,0.5771,0.5723,0.57375,244638
2026-06-22,0.57265,0.5741,0.57092,0.57112,261047
2026-06-23,0.57114,0.57239,0.56629,0.56678,263235
2026-06-24,0.56678,0.56826,0.56308,0.56489,285695
2026-06-25,0.56489,0.56656,0.56267,0.56453,262520
2026-06-26,0.56453,0.56595,0.56262,0.56363,279913
2026-06-29,0.56369,0.56589,0.56316,0.56483,244398
2026-06-30,0.56476,0.56906,0.56407,0.5677,234526
2026-07-01,0.56747,0.56898,0.56578,0.5671,265252
2026-07-02,0.56699,0.5717,0.56678,0.56953,327716
2026-07-03,0.56953,0.57274,0.56894,0.57066,191560
2026-07-06,0.57004,0.57158,0.56767,0.57001,240225
2026-07-07,0.56992,0.57067,0.56723,0.56759,245347
2026-07-08,0.56756,0.57204,0.56715,0.56977,321982
2026-07-09,0.56979,0.57632,0.56826,0.57529,238233
2026-07-10,0.57527,0.57933,0.5744,0.57617,239522
2026-07-13,0.57576,0.57887,0.5744,0.57475,283854
2026-07-14,0.57481,0.58419,0.57386,0.58092,301713
2026-07-15,0.58099,0.58634,0.58047,0.58475,277079
2026-07-16,0.58475,0.58586,0.58251,0.58428,303621
2026-07-17,0.5841,0.58488,0.58249,0.58423,301646
2026-07-20,0.58287,0.58639,0.58253,0.5837,278296
2026-07-21,0.5837,0.58728,0.58223,0.58235,240278
2026-07-22,0.58216,0.5834,0.58103,0.58157,256208
2026-07-23,0.58161,0.58235,0.57622,0.57694,275602
2026-07-24,0.57698,0.58031,0.57583,0.57913,246404
2026-07-27,0.58009,0.58101,0.57718,0.57718,247082
2026-07-28,0.57718,0.57987,0.57619,0.5784,248514
2026-07-29,0.57808,0.58271,0.57617,0.57944,285525
2026-07-30,0.57931,0.58836,0.57803,0.58776,327197
2026-07-31,0.58771,0.58958,0.58445,0.58828,329964
2026-08-03,0.5898,0.59084,0.586,0.58683,266002
2026-08-04,0.58682,0.58965,0.58523,0.58927,254787
2026-08-05,0.58927,0.59,0.58596,0.58863,279613
2026-08-06,0.58863,0.58959,0.58609,0.58679,263768
2026-08-07,0.58668,0.59058,0.58624,0.58917,256409
2026-08-10,0.58779,0.59029,0.58779,0.58796,215653
2026-08-11,0.58796,0.58944,0.5865,0.58787,212513
2026-08-12,0.58787,0.58856,0.58545,0.58563,215936
2026-08-13,0.58553,0.58636,0.58213,0.58499,161014
2026-08-14,0.58499,0.58984,0.5845,0.58878,113025
2026-08-17,0.58842,0.59262,0.58842,0.59001,100441
2026-08-18,0.58989,0.5909,0.58707,0.58742,92456
2026-08-19,0.58728,0.59381,0.58604,0.59338,134870
2026-08-20,0.59338,0.59643,0.59061,0.5943,138893
2026-08-21,0.5941,0.5988,0.5935,0.59764,112834
2026-08-24,0.59671,0.59827,0.59509,0.59577,119741
2026-08-25,0.59568,0.59824,0.59462,0.59738,103538
2026-08-26,0.59738,0.59797,0.59327,0.5943,106690
2026-08-27,0.59418,0.59572,0.5937,0.59487,115954
2026-08-28,0.59487,0.59658,0.59049,0.5909,136936
2026-08-31,0.59116,0.59314,0.59015,0.5916,107892
2026-09-01,0.5916,0.59291,0.58874,0.58921,126536
2026-09-02,0.58921,0.58971,0.58021,0.58509,154900
2026-09-03,0.58509,0.5892,0.58145,0.58806,145948
2026-09-04,0.58801,0.59023,0.58561,0.58772,142183
2026-09-07,0.58671,0.58887,0.58659,0.58783,85099
2026-09-08,0.58783,0.58897,0.58358,0.58519,126081
2026-09-09,0.58511,0.58653,0.58301,0.58382,117203
2026-09-10,0.58382,0.58567,0.57932,0.57973,126122
2026-09-11,0.57973,0.58351,0.57861,0.5811,161352
2026-09-14,0.57982,0.582,0.57571,0.57784,121951
2026-09-15,0.57784,0.57827,0.57504,0.57585,104090
2026-09-16,0.57585,0.57716,0.57035,0.57142,123886
2026-09-17,0.57136,0.57506,0.57034,0.57328,116267
2026-09-18,0.57325,0.5741,0.57059,0.57213,110662
2026-09-21,0.57139,0.57385,0.57133,0.5715,77630
2026-09-22,0.5715,0.5749,0.56942,0.57283,120744
2026-09-23,0.57276,0.57318,0.56606,0.56735,93908
2026-09-24,0.56735,0.56862,0.565,0.5663,128509
2026-09-25,0.56631,0.56775,0.56503,0.5662,98303
2026-09-28,0.56543,0.56874,0.56491,0.56666,109721
2026-09-29,0.56666,0.5677,0.56261,0.5641,103949
2026-09-30,0.5641,0.56645,0.56301,0.56337,114585
2026-10-01,0.56337,0.56472,0.55934,0.56052,134413
2026-10-02,0.56052,0.56444,0.55861,0.56121,132253
