time,open,high,low,close,volume
2015-01-02,0.99289,1.00183,0.99265,1.00142,87310
2015-01-05,1.00632,1.01124,1.00319,1.00677,109808
2015-01-06,1.00676,1.01084,1.00403,1.01002,113132
2015-01-07,1.01001,1.01745,1.00935,1.01423,123995
2015-01-08,1.01423,1.02157,1.01358,1.01827,99502
2015-01-09,1.01825,1.02085,1.01366,1.01419,113819
2015-01-12,1.01347,1.01886,1.01167,1.01473,94847
2015-01-13,1.01475,1.02168,1.01251,1.01997,113322
2015-01-14,1.01999,1.0239,1.01365,1.01857,131222
2015-01-15,1.01853,1.02197,0.81889,0.89031,124348
2015-01-19,0.86088,0.87964,0.85513,0.87911,63234
2015-01-20,0.87947,0.88358,0.8684,0.87535,37163
2015-01-21,0.87531,0.87703,0.84985,0.85976,41756
2015-01-22,0.85949,0.87478,0.85243,0.87078,42501
2015-01-23,0.87082,0.88157,0.86777,0.87936,44029
2015-01-26,0.8796,0.90405,0.87619,0.90243,43936
2015-01-27,0.90243,0.91654,0.89319,0.90249,39566
2015-01-28,0.90259,0.90869,0.89824,0.90454,32017
2015-01-29,0.90459,0.92509,0.90404,0.92342,35371
2015-01-30,0.92344,0.92878,0.9169,0.92017,38110
2015-02-02,0.92645,0.93423,0.91972,0.92774,34310
2015-02-03,0.92776,0.92933,0.91832,0.92336,34264
2015-02-04,0.92333,0.92762,0.92037,0.92574,60019
2015-02-05,0.92572,0.93093,0.92026,0.92102,80187
2015-02-06,0.92086,0.92851,0.91582,0.9234,61852
2015-02-09,0.92625,0.92832,0.91928,0.92334,63972
2015-02-10,0.92325,0.9275,0.92115,0.92613,65271
2015-02-11,0.92615,0.92971,0.92267,0.92823,51081
2015-02-12,0.92838,0.93341,0.92541,0.93073,62867
2015-02-13,0.93072,0.93328,0.92666,0.93094,49623
2015-02-16,0.93068,0.93232,0.92806,0.93146,63102
2015-02-17,0.93145,0.93722,0.9289,0.93656,67771
2015-02-18,0.93647,0.94492,0.93121,0.94203,69174
2015-02-19,0.94205,0.94974,0.93829,0.94929,63749
2015-02-20,0.94942,0.95329,0.93707,0.93778,67867
2015-02-23,0.94054,0.95234,0.93841,0.94967,68522
2015-02-24,0.94929,0.95204,0.94667,0.95041,71842
2015-02-25,0.95041,0.95081,0.94629,0.94828,61002
2015-02-26,0.94825,0.95437,0.94478,0.95248,66159
2015-02-27,0.95251,0.95439,0.94485,0.95412,69060
2015-03-02,0.95285,0.95954,0.95278,0.95829,50811
2015-03-03,0.95829,0.96153,0.95555,0.96099,57768
2015-03-04,0.96112,0.96745,0.95903,0.963,61747
2015-03-05,0.96291,0.97473,0.96257,0.97338,60635
2015-03-06,0.97336,0.98634,0.97195,0.98553,60562
2015-03-09,0.98652,0.98719,0.98226,0.98537,41352
2015-03-10,0.98551,0.99972,0.98529,0.99922,67201
2015-03-11,0.99916,1.01057,0.99671,1.00878,54051
2015-03-12,1.00881,1.01255,0.99791,1.00273,61795
2015-03-13,1.00275,1.01111,1.00236,1.00468,57498
2015-03-16,1.00482,1.00825,1.0023,1.00797,49062
2015-03-17,1.00814,1.00914,1.00097,1.00575,37545
2015-03-18,1.00587,1.00689,0.96267,0.98218,45823
2015-03-19,0.98235,0.99778,0.97699,0.98987,67195
2015-03-20,0.98987,0.99035,0.97246,0.9737,46272
2015-03-23,0.97423,0.98072,0.96361,0.96573,55973
2015-03-24,0.96548,0.96898,0.95315,0.95812,50343
2015-03-25,0.9584,0.96152,0.95501,0.95953,44038
2015-03-26,0.95948,0.96513,0.9486,0.96318,53167
2015-03-27,0.96316,0.96893,0.95532,0.96126,52634
2015-03-30,0.96126,0.96864,0.96016,0.96655,44849
2015-03-31,0.96652,0.97511,0.9652,0.97213,42416
2015-04-01,0.97184,0.97375,0.96396,0.9666,50651
2015-04-02,0.96652,0.96704,0.95573,0.95938,41143
2015-04-03,0.95919,0.96047,0.94757,0.94946,25880
2015-04-06,0.95136,0.96008,0.94952,0.95832,21488
2015-04-07,0.95826,0.96697,0.95521,0.96576,41281
2015-04-08,0.96556,0.96723,0.95947,0.9663,39474
2015-04-09,0.96588,0.97869,0.96568,0.97749,37860
2015-04-10,0.97745,0.98342,0.97476,0.97856,31929
2015-04-13,0.97856,0.98604,0.97569,0.9778,36502
2015-04-14,0.97734,0.97922,0.96702,0.97191,46396
2015-04-15,0.97188,0.97686,0.9635,0.96445,50022
2015-04-16,0.96445,0.97105,0.95396,0.95595,73651
2015-04-17,0.95595,0.95839,0.9494,0.95134,63834
2015-04-20,0.95134,0.9599,0.95,0.95601,52837
2015-04-21,0.95601,0.96244,0.9505,0.9549,65082
2015-04-22,0.9549,0.9713,0.95001,0.9712,79352
2015-04-23,0.9712,0.97186,0.953,0.95456,78895
2015-04-24,0.95456,0.9574,0.95098,0.95332,74911
2015-04-27,0.95386,0.95837,0.94924,0.95488,66020
2015-04-28,0.95454,0.95981,0.95037,0.95584,73404
2015-04-29,0.95478,0.95723,0.934,0.93929,84413
2015-04-30,0.93924,0.9447,0.93078,0.93252,103759
2015-05-01,0.93202,0.9352,0.92772,0.93247,66941
2015-05-04,0.93336,0.93838,0.93129,0.93337,44682
2015-05-05,0.93333,0.94129,0.9239,0.92642,16409
2015-05-06,0.9263,0.92805,0.91139,0.91561,42561
2015-05-07,0.91552,0.92259,0.90727,0.92168,14323
2015-05-08,0.92167,0.93234,0.92025,0.93193,21407
2015-05-11,0.93143,0.93536,0.92961,0.93413,34535
2015-05-12,0.93412,0.93579,0.92107,0.92926,77074
2015-05-13,0.92891,0.92945,0.91538,0.91668,65892
2015-05-14,0.91659,0.91768,0.90784,0.91205,80395
2015-05-15,0.91203,0.92548,0.91146,0.91549,58787
2015-05-18,0.91563,0.92644,0.91479,0.92617,37394
2015-05-19,0.92629,0.93841,0.92458,0.93675,79353
2015-05-20,0.93656,0.94052,0.93404,0.93692,93556
2015-05-21,0.93687,0.93817,0.93058,0.9367,84405
2015-05-22,0.93671,0.94563,0.92873,0.94337,78279
2015-05-25,0.94291,0.94564,0.94047,0.94496,43364
2015-05-26,0.945,0.95362,0.94463,0.95319,85152
2015-05-27,0.95325,0.95429,0.94667,0.94936,82269
2015-05-28,0.94938,0.95123,0.94177,0.94367,90126
2015-05-29,0.94346,0.94786,0.93484,0.94012,86475
2015-06-01,0.94021,0.94835,0.93898,0.94592,89853
2015-06-02,0.94585,0.94678,0.93081,0.93308,114937
2015-06-03,0.93277,0.94221,0.93029,0.93375,72624
2015-06-04,0.93373,0.93709,0.92783,0.93358,38029
2015-06-05,0.93342,0.95014,0.92985,0.93904,127863
2015-06-08,0.94095,0.9429,0.9256,0.92736,101878
2015-06-09,0.92721,0.93322,0.9246,0.93051,111238
2015-06-10,0.93041,0.93247,0.92331,0.93117,126603
2015-06-11,0.93115,0.9406,0.92986,0.93306,103865
2015-06-12,0.93281,0.93909,0.92414,0.92862,94737
2015-06-15,0.92967,0.9384,0.92745,0.92922,80006
2015-06-16,0.92939,0.9335,0.92717,0.93212,68998
2015-06-17,0.93206,0.9325,0.9197,0.92178,90620
2015-06-18,0.92161,0.92453,0.91509,0.92125,97953
2015-06-19,0.92128,0.92492,0.9163,0.91806,75281
2015-06-22,0.91684,0.92254,0.91569,0.92141,85078
2015-06-23,0.92133,0.93879,0.92085,0.93373,90160
2015-06-24,0.93379,0.93691,0.92811,0.93358,91971
2015-06-25,0.93354,0.94155,0.93249,0.93636,80137
2015-06-26,0.93637,0.93733,0.93,0.93355,77359
2015-06-29,0.93795,0.94274,0.92433,0.92488,121013
2015-06-30,0.92476,0.93808,0.92456,0.93512,100233
2015-07-01,0.93636,0.94894,0.93418,0.94792,86033
2015-07-02,0.948,0.95039,0.94185,0.94338,102470
2015-07-03,0.94333,0.94413,0.93965,0.93977,79453
2015-07-06,0.94304,0.94717,0.94072,0.94244,109333
2015-07-07,0.94252,0.95152,0.94203,0.94654,112679
2015-07-08,0.94654,0.95094,0.94079,0.94497,113030
2015-07-09,0.94497,0.95149,0.94245,0.94764,103483
2015-07-10,0.94764,0.94892,0.93293,0.93815,107885
2015-07-13,0.94059,0.95028,0.93673,0.95015,95261
2015-07-14,0.95015,0.95316,0.94005,0.94462,94474
2015-07-15,0.94463,0.95468,0.94417,0.9519,90974
2015-07-16,0.9518,0.95833,0.95145,0.95765,98483
2015-07-17,0.95756,0.96184,0.9557,0.96152,85765
2015-07-20,0.96109,0.96481,0.95998,0.96454,83844
2015-07-21,0.9645,0.96483,0.95598,0.95817,143418
2015-07-22,0.95819,0.96319,0.95608,0.95973,197485
2015-07-23,0.9597,0.96024,0.95249,0.95973,109427
2015-07-24,0.95865,0.96353,0.95733,0.96238,79319
2015-07-27,0.96213,0.96325,0.95298,0.96248,85589
2015-07-28,0.96212,0.96739,0.96042,0.96225,76493
2015-07-29,0.96217,0.9689,0.95985,0.9678,81782
2015-07-30,0.96727,0.97188,0.96641,0.96899,84840
2015-07-31,0.96957,0.96957,0.95478,0.96529,100806
2015-08-03,0.96489,0.97021,0.96422,0.9691,89504
2015-08-04,0.96892,0.97893,0.96676,0.97817,104303
2015-08-05,0.97787,0.98213,0.97598,0.97881,103851
2015-08-06,0.97846,0.98471,0.97669,0.98054,87626
2015-08-07,0.98029,0.98832,0.97861,0.98352,73159
2015-08-10,0.98153,0.98905,0.98028,0.98305,60542
2015-08-11,0.98338,0.99026,0.98012,0.9875,74927
2015-08-12,0.98744,0.98898,0.96767,0.97467,78190
2015-08-13,0.97514,0.97934,0.97292,0.97562,63121
2015-08-14,0.97576,0.97864,0.97273,0.97576,55594
2015-08-17,0.97573,0.9798,0.97415,0.97817,70326
2015-08-18,0.97821,0.97953,0.9751,0.97665,65565
2015-08-19,0.97664,0.97771,0.96433,0.96495,84650
2015-08-20,0.96455,0.96712,0.9577,0.95773,91349
2015-08-21,0.9581,0.95943,0.94589,0.94598,104894
2015-08-24,0.94582,0.94811,0.92577,0.9293,135274
2015-08-25,0.92977,0.95053,0.92889,0.9381,133563
2015-08-26,0.93818,0.95512,0.93797,0.95324,141422
2015-08-27,0.95363,0.96718,0.95118,0.96578,112166
2015-08-28,0.96587,0.96664,0.9578,0.96229,110925
2015-08-31,0.96105,0.96896,0.95865,0.96722,70759
2015-09-01,0.96651,0.96728,0.95688,0.95867,108649
2015-09-02,0.95775,0.96995,0.9571,0.9692,95200
2015-09-03,0.96907,0.97701,0.96817,0.97304,93476
2015-09-04,0.97272,0.97695,0.96823,0.97194,88559
2015-09-07,0.97124,0.97637,0.97066,0.97447,80043
2015-09-08,0.97386,0.98208,0.96992,0.9787,65481
2015-09-09,0.97825,0.98234,0.9715,0.97527,77343
2015-09-10,0.97458,0.97926,0.97007,0.97285,79461
2015-09-11,0.97261,0.97959,0.96815,0.96931,72363
2015-09-14,0.969,0.9719,0.96671,0.96831,54861
2015-09-15,0.96825,0.9763,0.96701,0.97384,57762
2015-09-16,0.97357,0.97622,0.96693,0.97113,63313
2015-09-17,0.97098,0.97242,0.95909,0.95909,73693
2015-09-18,0.95962,0.97046,0.9527,0.96809,80670
2015-09-21,0.96951,0.974,0.96423,0.97138,67493
2015-09-22,0.97143,0.97526,0.97068,0.97482,66678
2015-09-23,0.97476,0.98009,0.97351,0.97966,75014
2015-09-24,0.97967,0.98034,0.9667,0.97472,76883
2015-09-25,0.97493,0.9843,0.97426,0.97848,80546
2015-09-28,0.97639,0.98157,0.97215,0.97335,70932
2015-09-29,0.97329,0.97491,0.96863,0.97146,81730
2015-09-30,0.97205,0.97756,0.9706,0.97304,77010
2015-10-01,0.97299,0.97884,0.97212,0.97711,68405
2015-10-02,0.97703,0.97944,0.96447,0.9713,74398
2015-10-05,0.97079,0.97671,0.96854,0.97527,87592
2015-10-06,0.97534,0.97666,0.96641,0.96647,75048
2015-10-07,0.96627,0.97393,0.96476,0.9733,77680
2015-10-08,0.97325,0.97367,0.96221,0.96588,84076
2015-10-09,0.96475,0.96748,0.95859,0.96146,80667
2015-10-12,0.96067,0.96306,0.95946,0.96242,53307
2015-10-13,0.96246,0.96458,0.95541,0.9577,64390
2015-10-14,0.95772,0.95851,0.94837,0.94925,72992
2015-10-15,0.94933,0.95523,0.94757,0.95044,66387
2015-10-16,0.9502,0.95529,0.94962,0.95345,58995
2015-10-19,0.95069,0.95776,0.95069,0.95597,61001
2015-10-20,0.95662,0.95705,0.94933,0.95583,61700
2015-10-21,0.95568,0.96103,0.95275,0.95948,64429
2015-10-22,0.95932,0.97385,0.95794,0.97297,95317
2015-10-23,0.97289,0.98004,0.97111,0.97863,98303
2015-10-26,0.97885,0.98386,0.97559,0.98256,70334
2015-10-27,0.98256,0.98737,0.98054,0.98606,70508
2015-10-28,0.98601,0.99571,0.98194,0.99386,74554
2015-10-29,0.99392,0.99554,0.9885,0.98895,72894
2015-10-30,0.98892,0.99103,0.9845,0.98744,79651
2015-11-02,0.98525,0.98913,0.98351,0.98697,63221
2015-11-03,0.9853,0.99251,0.98439,0.99084,70952
2015-11-04,0.99062,0.99513,0.98846,0.99315,79612
2015-11-05,0.99302,0.99789,0.99208,0.99514,82252
2015-11-06,0.99489,1.0076,0.99436,1.00519,81192
2015-11-09,1.0045,1.00614,0.99972,1.00333,83401
2015-11-10,1.00281,1.00864,1.00191,1.00626,86535
2015-11-11,1.00587,1.00717,1.00288,1.00442,70723
2015-11-12,1.00434,1.00848,0.99886,0.99952,91754
2015-11-13,0.99983,1.00943,0.99976,1.00568,88154
2015-11-16,1.00535,1.01028,1.00432,1.00952,78598
2015-11-17,1.00948,1.01704,1.00916,1.01446,81259
2015-11-18,1.01435,1.02198,1.01274,1.01987,78138
2015-11-19,1.01962,1.02017,1.01217,1.01255,88462
2015-11-20,1.01254,1.01976,1.01218,1.01809,88171
2015-11-23,1.01908,1.02255,1.01749,1.01785,87113
2015-11-24,1.01785,1.0193699999999999,1.01438,1.01672,89870
2015-11-25,1.01628,1.02605,1.01432,1.0217,97401
2015-11-26,1.01848,1.02528,1.01848,1.02361,60584
2015-11-27,1.02332,1.0328,1.02253,1.02919,69970
2015-11-30,1.02965,1.03193,1.02578,1.02881,74107
2015-12-01,1.02892,1.03013,1.02537,1.02587,73665
2015-12-02,1.02565,1.03073,1.0179,1.01823,87339
2015-12-03,1.01825,1.02636,0.98747,0.99318,117126
2015-12-04,0.99272,1.0034,0.99107,0.99636,129845
2015-12-07,0.99683,1.00311,0.99611,0.99978,86224
2015-12-08,0.99974,1.00098,0.99168,0.99224,90502
2015-12-09,0.99197,0.99442,0.98197,0.98283,95207
2015-12-10,0.98307,0.99075,0.98271,0.98764,82158
2015-12-11,0.98753,0.98981,0.98029,0.98244,92141
2015-12-14,0.98307,0.98719,0.97858,0.98511,98030
2015-12-15,0.98479,0.99244,0.97978,0.99106,93538
2015-12-16,0.99123,0.99203,0.98096,0.98975,114203
2015-12-17,0.98763,0.99907,0.98672,0.99589,91283
2015-12-18,0.99576,0.9975,0.99148,0.99152,88475
2015-12-21,0.99221,0.99682,0.98968,0.99222,77892
2015-12-22,0.99177,0.99371,0.9857,0.98709,71801
2015-12-23,0.98559,0.9945,0.98553,0.99044,59403
2015-12-24,0.99103,0.99175,0.98521,0.98727,29439
2015-12-28,0.98524,0.99017,0.98523,0.98814,43732
2015-12-29,0.98787,0.99427,0.9861,0.99307,52884
2015-12-30,0.99283,0.99283,0.98566,0.98842,53080
2015-12-31,0.9882,1.00202,0.98717,0.9998,43815
2016-01-04,1.00058,1.00624,0.99235,1.00194,97852
2016-01-05,1.00182,1.01238,1.00067,1.0084,87012
2016-01-06,1.00836,1.01207,1.00566,1.00704,103509
2016-01-07,1.00699,1.00794,0.99217,0.99296,114440
2016-01-08,0.99296,1.00515,0.99296,0.99443,123202
2016-01-11,0.99424,1.00227,0.98797,1.00128,102008
2016-01-12,1.00128,1.00457,0.99657,1.00186,106138
2016-01-13,1.00195,1.01059,1.00146,1.00559,109174
2016-01-14,1.00555,1.00913,1.00088,1.00466,122811
2016-01-15,1.0046,1.00603,0.99574,1.00124,118898
2016-01-18,1.00086,1.00724,1.00014,1.00494,64539
2016-01-19,1.00498,1.00813,1.00015,1.00329,101965
2016-01-20,1.00302,1.00571,0.99903,1.00347,114482
2016-01-21,1.00365,1.01458,1.0012,1.00727,124295
2016-01-22,1.007,1.01651,1.0066,1.01486,97737
2016-01-25,1.01485,1.01666,1.01242,1.01253,102854
2016-01-26,1.01253,1.01983,1.01175,1.01657,94521
2016-01-27,1.01673,1.01888,1.01298,1.01484,120654
2016-01-28,1.01468,1.0177,1.01099,1.01362,113469
2016-01-29,1.01361,1.02558,1.01316,1.02247,133543
2016-02-01,1.02096,1.0249,1.01549,1.0194,98254
2016-02-02,1.0191,1.02238,1.01698,1.0182,97264
2016-02-03,1.01818,1.0193699999999999,0.99873,1.00409,132974
2016-02-04,1.00408,1.00736,0.99213,0.99284,151578
2016-02-05,0.99276,0.99845,0.98811,0.99048,125849
2016-02-08,0.99107,0.99727,0.98406,0.98671,139410
2016-02-09,0.9867,0.98737,0.96944,0.97268,162871
2016-02-10,0.97272,0.9819,0.97089,0.97318,169756
2016-02-11,0.97307,0.97619,0.96603,0.97218,182328
2016-02-12,0.97212,0.97902,0.97136,0.97611,120654
2016-02-15,0.97687,0.98888,0.97552,0.98654,97206
2016-02-16,0.98654,0.98954,0.98468,0.98829,116654
2016-02-17,0.98832,0.99412,0.98523,0.99223,125100
2016-02-18,0.99223,0.99682,0.99038,0.99265,118720
2016-02-19,0.99262,0.99671,0.98879,0.98904,107865
2016-02-22,0.98851,1.00029,0.98851,0.99946,107709
2016-02-23,0.99955,1.00009,0.98948,0.9912,97553
2016-02-24,0.99086,0.9952,0.98521,0.98858,107804
2016-02-25,0.98868,0.99519,0.98769,0.99007,97553
2016-02-26,0.99013,0.99883,0.98704,0.99654,104099
2016-02-29,0.99698,1.00374,0.99482,0.99798,107571
2016-03-01,0.99794,1.00089,0.99596,0.99701,108954
2016-03-02,0.9968,1.00085,0.99546,0.99632,112812
2016-03-03,0.99601,0.9982,0.98914,0.99176,106780
2016-03-04,0.99183,0.9988,0.9878,0.9923,119524
2016-03-07,0.9925,1.00116,0.99232,0.99508,101164
2016-03-08,0.99475,0.99699,0.99009,0.99545,93628
2016-03-09,0.99566,1.00384,0.99385,0.99711,95286
2016-03-10,0.99706,1.00918,0.98094,0.98493,115215
2016-03-11,0.98464,0.98899,0.98025,0.98232,98557
2016-03-14,0.98288,0.98809,0.98154,0.9871,83417
2016-03-15,0.98723,0.98955,0.98488,0.98691,80999
2016-03-16,0.98693,0.9913,0.97498,0.978,93808
2016-03-17,0.978,0.97858,0.96502,0.96709,93898
2016-03-18,0.96694,0.97166,0.96539,0.96871,86049
2016-03-21,0.96968,0.97297,0.96747,0.97048,71459
2016-03-22,0.97046,0.97359,0.96879,0.97284,78773
2016-03-23,0.97284,0.97657,0.97251,0.9751,61111
2016-03-24,0.97519,0.97728,0.97365,0.97554,75667
2016-03-25,0.97554,0.97867,0.97503,0.97678,33720
2016-03-28,0.97648,0.97856,0.97222,0.97381,38229
2016-03-29,0.97341,0.97623,0.96573,0.96612,94813
2016-03-30,0.96603,0.96696,0.95922,0.96486,95423
2016-03-31,0.96467,0.96624,0.95712,0.96165,100354
2016-04-01,0.96144,0.96251,0.95544,0.95759,92626
2016-04-04,0.95718,0.96144,0.95687,0.95839,73110
2016-04-05,0.95827,0.9604,0.95459,0.95589,90889
2016-04-06,0.95578,0.96213,0.953,0.9555,97926
2016-04-07,0.95528,0.95806,0.95213,0.9554,97374
2016-04-08,0.95523,0.95818,0.95169,0.95212,84692
2016-04-11,0.95217,0.957,0.95018,0.95419,82423
2016-04-12,0.95338,0.95931,0.94989,0.95487,87137
2016-04-13,0.95471,0.96713,0.9547,0.96666,95560
2016-04-14,0.96642,0.96876,0.9637,0.96658,87929
2016-04-15,0.96651,0.96874,0.96474,0.96748,78876
2016-04-18,0.96427,0.96787,0.96274,0.96399,73117
2016-04-19,0.96357,0.96497,0.95843,0.96164,79703
2016-04-20,0.96164,0.97326,0.96022,0.97215,82720
2016-04-21,0.97215,0.97518,0.9647,0.97508,97173
2016-04-22,0.97482,0.97969,0.97318,0.97817,91651
2016-04-25,0.97869,0.97886,0.97357,0.97495,77389
2016-04-26,0.97465,0.97667,0.97011,0.97327,79965
2016-04-27,0.97331,0.97526,0.96797,0.97094,86944
2016-04-28,0.9707,0.97325,0.96562,0.96645,95233
2016-04-29,0.96642,0.96743,0.95672,0.95917,90177
2016-05-02,0.95725,0.96046,0.95342,0.95407,75680
2016-05-03,0.95419,0.95536,0.94435,0.95448,101033
2016-05-04,0.95399,0.95896,0.95251,0.95766,98069
2016-05-05,0.95738,0.9696,0.95677,0.96761,86246
2016-05-06,0.96731,0.97289,0.96429,0.97165,84896
2016-05-09,0.97158,0.97353,0.96834,0.97107,73492
2016-05-10,0.97092,0.97623,0.96981,0.97586,71981
2016-05-11,0.9757,0.97603,0.96982,0.97079,70413
2016-05-12,0.97075,0.97254,0.96629,0.97048,66022
2016-05-13,0.96996,0.97738,0.96973,0.97518,71352
2016-05-16,0.97419,0.97839,0.97373,0.9776,60546
2016-05-17,0.97735,0.9808,0.97508,0.98026,74839
2016-05-18,0.97989,0.98798,0.97979,0.98766,84991
2016-05-19,0.98731,0.9922,0.98623,0.99054,79165
2016-05-20,0.99037,0.99263,0.98957,0.98968,66727
2016-05-23,0.98997,0.9923,0.98828,0.98935,69143
2016-05-24,0.98912,0.99372,0.98889,0.99301,79195
2016-05-25,0.99247,0.99347,0.9896,0.99113,76683
2016-05-26,0.99075,0.99288,0.98716,0.98912,80910
2016-05-27,0.9889,0.99482,0.98845,0.99461,72632
2016-05-30,0.99415,0.99556,0.99192,0.9921,53624
2016-05-31,0.99181,0.99506,0.98859,0.99358,83809
2016-06-01,0.99377,0.99505,0.98614,0.98805,90025
2016-06-02,0.98673,0.991,0.98581,0.99039,94491
2016-06-03,0.98955,0.99196,0.97533,0.97556,96469
2016-06-06,0.97571,0.97754,0.96812,0.97028,83324
2016-06-07,0.97026,0.97133,0.96445,0.96496,67324
2016-06-08,0.96511,0.96586,0.95807,0.95906,69884
2016-06-09,0.95901,0.96556,0.95775,0.96426,72173
2016-06-10,0.96385,0.96572,0.96161,0.96398,79703
2016-06-13,0.96328,0.96778,0.96184,0.96425,85205
2016-06-14,0.9638,0.96682,0.96203,0.96317,79264
2016-06-15,0.96305,0.96633,0.95906,0.96125,80070
2016-06-16,0.96117,0.96862,0.95712,0.96486,113533
2016-06-17,0.96486,0.96589,0.95872,0.95955,81995
2016-06-20,0.96015,0.96414,0.95752,0.96154,78044
2016-06-21,0.96105,0.9623,0.95716,0.9621,71559
2016-06-22,0.96212,0.96275,0.95501,0.95792,73839
2016-06-23,0.95792,0.96009,0.95209,0.95775,85726
2016-06-24,0.95694,0.98022,0.9551,0.96904,137386
2016-06-27,0.97402,0.98191,0.97049,0.97829,119885
2016-06-28,0.97789,0.98367,0.97625,0.98166,90651
2016-06-29,0.98119,0.98226,0.97793,0.97966,86659
2016-06-30,0.97919,0.98197,0.97273,0.97597,100480
2016-07-01,0.97593,0.97807,0.97098,0.97265,73472
2016-07-04,0.97185,0.97581,0.97021,0.9703,46624
2016-07-05,0.97026,0.97736,0.96842,0.97668,75387
2016-07-06,0.97622,0.98056,0.97396,0.97469,94691
2016-07-07,0.97436,0.97915,0.97403,0.97788,78022
2016-07-08,0.97691,0.98651,0.97597,0.98265,76165
2016-07-11,0.98129,0.98573,0.98105,0.9828,67380
2016-07-12,0.98252,0.98938,0.97948,0.98893,91639
2016-07-13,0.98894,0.98937,0.98211,0.98534,85217
2016-07-14,0.98495,0.9852,0.97637,0.98069,88191
2016-07-15,0.98032,0.98465,0.97816,0.98172,89317
2016-07-18,0.98145,0.98463,0.98107,0.98229,76288
2016-07-19,0.98213,0.98773,0.98147,0.98536,75957
2016-07-20,0.98492,0.99037,0.98472,0.98706,73673
2016-07-21,0.98703,0.99061,0.98398,0.98557,94271
2016-07-22,0.98545,0.98949,0.9843,0.98664,74284
2016-07-25,0.98669,0.98943,0.98491,0.98582,60967
2016-07-26,0.98554,0.99273,0.98343,0.99245,66435
2016-07-27,0.99151,0.99498,0.98574,0.98587,79679
2016-07-28,0.98585,0.98667,0.97931,0.98088,83588
2016-07-29,0.97987,0.98094,0.9635,0.96937,91454
2016-08-01,0.96867,0.97023,0.96632,0.96819,63577
2016-08-02,0.96864,0.96943,0.96328,0.96387,71198
2016-08-03,0.96327,0.9738,0.96327,0.97283,68494
2016-08-04,0.97297,0.97493,0.97206,0.97385,69500
2016-08-05,0.97371,0.983,0.97261,0.98035,64604
2016-08-08,0.97895,0.98413,0.97734,0.98242,58787
2016-08-09,0.98198,0.9843,0.98111,0.98116,64255
2016-08-10,0.98116,0.9818,0.97457,0.97482,71412
2016-08-11,0.97458,0.97653,0.97109,0.97538,66445
2016-08-12,0.97511,0.97652,0.97081,0.97444,69431
2016-08-15,0.97309,0.97585,0.97126,0.97248,52141
2016-08-16,0.97279,0.9733,0.95887,0.96168,82848
2016-08-17,0.96158,0.96573,0.95928,0.96166,76218
2016-08-18,0.96169,0.96282,0.95367,0.95431,77533
2016-08-19,0.9538,0.96106,0.95348,0.96004,72345
2016-08-22,0.96077,0.96483,0.95935,0.96211,71996
2016-08-23,0.96238,0.9633,0.9593,0.96288,66030
2016-08-24,0.9628,0.96833,0.96237,0.96681,75009
2016-08-25,0.96676,0.96869,0.96406,0.96744,60346
2016-08-26,0.96735,0.97921,0.96311,0.97808,97639
2016-08-29,0.97817,0.98061,0.97643,0.97818,70153
2016-08-30,0.97768,0.98442,0.97717,0.9838,78796
2016-08-31,0.98302,0.98628,0.98171,0.98374,81943
2016-09-01,0.98338,0.98844,0.97847,0.97995,84861
2016-09-02,0.97922,0.98187,0.97386,0.97994,88434
2016-09-05,0.97956,0.98134,0.97717,0.97977,49275
2016-09-06,0.97903,0.98102,0.96928,0.96947,80060
2016-09-07,0.96942,0.9709,0.96693,0.96966,83913
2016-09-08,0.96893,0.97371,0.96489,0.97224,90309
2016-09-09,0.97243,0.97839,0.97098,0.97457,80236
2016-09-12,0.97415,0.97625,0.96899,0.97197,85858
2016-09-13,0.9715,0.9784,0.97066,0.97598,95236
2016-09-14,0.9757,0.97893,0.97057,0.97322,87119
2016-09-15,0.97247,0.97671,0.96932,0.97173,94949
2016-09-16,0.97168,0.98174,0.97094,0.97988,80617
2016-09-19,0.97982,0.98182,0.97826,0.97993,71798
2016-09-20,0.97966,0.98101,0.97614,0.97908,83478
2016-09-21,0.97905,0.98135,0.97195,0.97358,112797
2016-09-22,0.97355,0.97408,0.96593,0.96847,88512
2016-09-23,0.9685,0.9742,0.96833,0.97008,85476
2016-09-26,0.96902,0.97078,0.96606,0.96908,73261
2016-09-27,0.96909,0.97285,0.9661,0.97061,85154
2016-09-28,0.97068,0.97362,0.96908,0.97089,88617
2016-09-29,0.97006,0.97232,0.96395,0.96587,96324
2016-09-30,0.96576,0.97756,0.96472,0.97112,104923
2016-10-03,0.97118,0.9744,0.96877,0.9733,65401
2016-10-04,0.97189,0.98284,0.97189,0.97869,101329
2016-10-05,0.9785,0.97922,0.97327,0.97404,88104
2016-10-06,0.9747,0.98182,0.97284,0.98056,87210
2016-10-07,0.98059,0.98387,0.97667,0.97732,125225
2016-10-10,0.97772,0.98386,0.97669,0.98238,64410
2016-10-11,0.98246,0.9893,0.98198,0.98868,88541
2016-10-12,0.9883,0.99092,0.98736,0.99047,86621
2016-10-13,0.99048,0.9909,0.98588,0.98595,76557
2016-10-14,0.98591,0.99044,0.98552,0.98785,90950
2016-10-17,0.98987,0.99061,0.98711,0.98875,75912
2016-10-18,0.98855,0.99138,0.98661,0.98968,78955
2016-10-19,0.98955,0.99046,0.98742,0.98897,81263
2016-10-20,0.98872,0.99326,0.98417,0.99238,96419
2016-10-21,0.99243,0.99618,0.99217,0.99331,79756
2016-10-24,0.99424,0.99559,0.99152,0.99339,75746
2016-10-25,0.99288,0.99984,0.99288,0.99433,89218
2016-10-26,0.99404,0.99582,0.99029,0.9931,74627
2016-10-27,0.99324,0.99506,0.99112,0.99335,91270
2016-10-28,0.99328,0.995,0.98574,0.98825,103992
2016-10-31,0.98734,0.99069,0.98711,0.98882,78803
2016-11-01,0.98883,0.9898,0.97278,0.97481,86296
2016-11-02,0.97492,0.97535,0.96947,0.97311,102570
2016-11-03,0.97313,0.97597,0.96947,0.97382,107221
2016-11-04,0.97382,0.97576,0.96737,0.96737,98773
2016-11-07,0.97598,0.9789,0.97295,0.97407,87673
2016-11-08,0.97377,0.97894,0.97348,0.97781,80346
2016-11-09,0.97771,0.98472,0.9549,0.9843,212569
2016-11-10,0.98405,0.98962,0.982,0.98655,147683
2016-11-11,0.98653,0.98931,0.98316,0.9867,145341
2016-11-14,0.9889,1.00016,0.98809,0.99796,152684
2016-11-15,0.99707,1.00241,0.99286,1.00165,137631
2016-11-16,1.00155,1.00575,0.9983,1.00171,126959
2016-11-17,1.00168,1.0073,0.99936,1.00684,133207
2016-11-18,1.00675,1.01229,1.00599,1.00906,144461
2016-11-21,1.0099,1.01163,1.00743,1.0085,140154
2016-11-22,1.00843,1.01339,1.00672,1.0109,127259
2016-11-23,1.01126,1.01819,1.00913,1.01611,113435
2016-11-24,1.01533,1.01912,1.01449,1.01599,109685
2016-11-25,1.01516,1.01856,1.01045,1.01284,132947
2016-11-28,1.0121,1.01674,1.00788,1.01286,136729
2016-11-29,1.01036,1.01761,1.01036,1.01168,127047
2016-11-30,1.01158,1.02043,1.01065,1.01711,138635
2016-12-01,1.01628,1.01778,1.00989,1.01032,127038
2016-12-02,1.0102,1.0122,1.00668,1.00953,112455
2016-12-05,1.01099,1.01808,1.00497,1.00612,121378
2016-12-06,1.00561,1.0115,1.0049,1.01008,82780
2016-12-07,1.00952,1.01091,1.00653,1.00723,68812
2016-12-08,1.00778,1.01778,1.00193,1.01615,113745
2016-12-09,1.01623,1.02131,1.01528,1.01749,93219
2016-12-12,1.01768,1.01982,1.01236,1.01309,103981
2016-12-13,1.01255,1.01457,1.00999,1.01178,113086
2016-12-14,1.01148,1.02229,1.0083,1.02017,130164
2016-12-15,1.01974,1.03433,1.01944,1.02982,178223
2016-12-16,1.02963,1.03111,1.02407,1.0252,116060
2016-12-19,1.02603,1.02825,1.02206,1.02739,113392
2016-12-20,1.02724,1.03199,1.02594,1.02857,114941
2016-12-21,1.02828,1.02951,1.02263,1.02667,91814
2016-12-22,1.02649,1.0269,1.02175,1.02536,102514
2016-12-23,1.02521,1.02806,1.02426,1.02507,62872
2016-12-26,1.02519,1.02743,1.02341,1.02649,8907
2016-12-27,1.02625,1.02979,1.02625,1.02751,91736
2016-12-28,1.02743,1.03209,1.0264,1.02756,83640
2016-12-29,1.0282,1.02849,1.02066,1.02297,138640
2016-12-30,1.02302,1.0231,1.00467,1.0191,162522
2017-01-02,1.0175,1.02384,1.01332,1.02233,43846
2017-01-03,1.0225,1.03348,1.01923,1.027,131396
2017-01-04,1.02752,1.02905,1.02005,1.02009,150740
2017-01-05,1.02003,1.02206,1.00864,1.00958,173824
2017-01-06,1.00951,1.01836,1.00888,1.01692,138058
2017-01-09,1.017,1.0197,1.01411,1.01468,109805
2017-01-10,1.01479,1.01777,1.011,1.01653,131772
2017-01-11,1.01674,1.02479,1.01007,1.01393,163150
2017-01-12,1.01386,1.01489,1.00558,1.01053,170261
2017-01-13,1.01028,1.01212,1.00415,1.00752,128855
2017-01-16,1.00936,1.01359,1.00886,1.01144,87308
2017-01-17,1.0107,1.01196,0.99957,1.0012,141679
2017-01-18,1.00147,1.00748,1.00076,1.00689,113414
2017-01-19,1.00651,1.01216,1.00413,1.00599,150461
2017-01-20,1.00524,1.00933,1.00018,1.00018,151991
2017-01-23,1.00077,1.00229,0.9959,0.99597,137332
2017-01-24,0.99613,1.00187,0.99569,1.00077,121199
2017-01-25,1.00089,1.00257,0.99656,0.99908,119195
2017-01-26,0.9988,1.00258,0.99679,0.99952,124303
2017-01-27,0.99858,1.00273,0.9969,0.99898,114746
2017-01-30,0.99649,1.00442,0.99333,0.99485,116873
2017-01-31,0.9947,0.99657,0.9861,0.98875,138721
2017-02-01,0.98917,0.99551,0.98834,0.99262,116134
2017-02-02,0.9924,0.99379,0.98693,0.99258,116804
2017-02-03,0.99256,0.9985,0.99064,0.99176,109251
2017-02-06,0.99081,0.99611,0.99034,0.99045,109106
2017-02-07,0.99055,1.00063,0.99033,0.99725,109897
2017-02-08,0.99715,0.99992,0.99297,0.99442,111984
2017-02-09,0.99435,1.00185,0.9936,1.00133,105081
2017-02-10,1.0012,1.00619,1.00082,1.00145,104919
2017-02-13,1.00233,1.00688,1.00185,1.00543,92720
2017-02-14,1.00522,1.00842,1.00306,1.00586,105485
2017-02-15,1.00593,1.01182,1.00468,1.00496,102384
2017-02-16,1.00489,1.00565,0.99661,0.99674,105116
2017-02-17,0.99689,1.00332,0.99648,1.00214,88660
2017-02-20,1.0023,1.0044,1.0011,1.00235,70837
2017-02-21,1.00237,1.01052,1.00203,1.0093,88595
2017-02-22,1.00917,1.01405,1.00773,1.01033,102713
2017-02-23,1.0097,1.01158,1.00535,1.006,89102
2017-02-24,1.00587,1.00803,1.00249,1.00667,89257
2017-02-27,1.00691,1.00977,1.00455,1.0088,90280
2017-02-28,1.0088,1.01013,1.00087,1.00571,96107
2017-03-01,1.00519,1.01287,1.00519,1.00858,106196
2017-03-02,1.00855,1.01458,1.0084,1.01326,83981
2017-03-03,1.01328,1.01369,1.00665,1.00665,100493
2017-03-06,1.00799,1.0129,1.00724,1.01181,87400
2017-03-07,1.01237,1.017,1.01066,1.01315,74509
2017-03-08,1.01296,1.01541,1.01214,1.01439,81595
2017-03-09,1.01437,1.01603,1.00914,1.01202,104565
2017-03-10,1.01198,1.01372,1.00783,1.00958,105808
2017-03-13,1.00983,1.01163,1.006,1.00725,87426
2017-03-14,1.00716,1.01077,1.00685,1.00979,79702
2017-03-15,1.00978,1.01003,0.99852,1.00041,91259
2017-03-16,1.00041,1.00115,0.99506,0.99593,99833
2017-03-17,0.99595,0.99863,0.9942,0.99826,70320
2017-03-20,0.99744,0.99902,0.99564,0.99865,69920
2017-03-21,0.99859,1.00021,0.99214,0.99398,90823
2017-03-22,0.99398,0.99457,0.98814,0.99163,88000
2017-03-23,0.99162,0.99415,0.99115,0.9931,86471
2017-03-24,0.99307,0.9959,0.98887,0.99109,80429
2017-03-27,0.98828,0.98951,0.98131,0.98537,79813
2017-03-28,0.98497,0.99345,0.98311,0.99231,75582
2017-03-29,0.99232,0.99756,0.99127,0.9963,80745
2017-03-30,0.99625,1.00134,0.99482,1.00098,83646
2017-03-31,1.00076,1.00292,0.99943,1.00005,80037
2017-04-03,1.00137,1.00372,1.00074,1.0015,70332
2017-04-04,1.00102,1.00369,1.00102,1.00174,65845
2017-04-05,1.00127,1.00776,1.00118,1.00465,72096
2017-04-06,1.00419,1.00671,1.00262,1.00476,76354
2017-04-07,1.00471,1.00958,1.00272,1.00821,95266
2017-04-10,1.00902,1.01078,1.00747,1.00863,62672
2017-04-11,1.0086,1.00939,1.00559,1.00729,71605
2017-04-12,1.0075,1.00893,1.00215,1.00302,89131
2017-04-13,1.00195,1.0067,1.00082,1.00569,82742
2017-04-14,1.00566,1.00598,1.00275,1.00482,55523
2017-04-17,1.0035,1.00571,1.00098,1.00415,49921
2017-04-18,1.00428,1.00478,0.99552,0.99609,95422
2017-04-19,0.99621,0.99922,0.99564,0.99808,79025
2017-04-20,0.99818,0.99875,0.99404,0.99859,80340
2017-04-21,0.99841,0.99993,0.99564,0.99567,84391
2017-04-24,0.98975,0.99806,0.98972,0.99576,132105
2017-04-25,0.99571,0.99698,0.99186,0.9935,79184
2017-04-26,0.99371,0.99691,0.99193,0.9932,105505
2017-04-27,0.99325,0.99637,0.99201,0.99422,95197
2017-04-28,0.99366,0.99584,0.98935,0.99478,93666
2017-05-01,0.99337,0.99651,0.99281,0.9963,42445
2017-05-02,0.99608,0.99641,0.9912,0.99154,61190
2017-05-03,0.99142,0.99481,0.98907,0.99469,77089
2017-05-04,0.99452,0.9957,0.98625,0.98628,92383
2017-05-05,0.98637,0.99034,0.98586,0.98694,84571
2017-05-08,0.98768,0.99908,0.98738,0.99888,94856
2017-05-09,0.99843,1.00907,0.9977,1.00745,94744
2017-05-10,1.00737,1.00948,1.00484,1.0089,175444
2017-05-11,1.00873,1.00998,1.00564,1.00779,174592
2017-05-12,1.00757,1.00858,0.99874,1.00093,172722
2017-05-15,0.99986,1.00196,0.99578,0.99656,157594
2017-05-16,0.9963,0.99655,0.98471,0.9858,183342
2017-05-17,0.98565,0.98629,0.97742,0.9786,237331
2017-05-18,0.97872,0.98254,0.9759,0.97983,296638
2017-05-19,0.97991,0.9805,0.97254,0.97284,205325
2017-05-22,0.97335,0.97655,0.96916,0.97335,176338
2017-05-23,0.97323,0.97631,0.97016,0.97602,221734
2017-05-24,0.97581,0.97763,0.97294,0.97301,208541
2017-05-25,0.97265,0.97393,0.97002,0.97302,169216
2017-05-26,0.97216,0.9761,0.96964,0.97442,185779
2017-05-29,0.97463,0.97754,0.97313,0.97739,105667
2017-05-30,0.97727,0.98078,0.97371,0.97463,191197
2017-05-31,0.97462,0.9761,0.96696,0.96776,202397
2017-06-01,0.96749,0.97196,0.96691,0.97157,173498
2017-06-02,0.97136,0.97192,0.96225,0.9625,175412
2017-06-05,0.96351,0.96642,0.96268,0.96522,136217
2017-06-06,0.96483,0.96544,0.96137,0.96189,174848
2017-06-07,0.96192,0.96776,0.96121,0.96466,209075
2017-06-08,0.96498,0.96962,0.96351,0.96741,230151
2017-06-09,0.96685,0.97278,0.96592,0.96923,247166
2017-06-12,0.96872,0.96948,0.96699,0.96867,159948
2017-06-13,0.96833,0.97006,0.9662,0.96874,145395
2017-06-14,0.9685,0.97358,0.96407,0.97097,256913
2017-06-15,0.97075,0.97708,0.97034,0.97534,226086
2017-06-16,0.97503,0.97572,0.97268,0.97399,163644
2017-06-19,0.97297,0.97594,0.96955,0.97558,146450
2017-06-20,0.97517,0.97662,0.97257,0.97497,156699
2017-06-21,0.97497,0.97537,0.97224,0.97231,133206
2017-06-22,0.97234,0.97429,0.97123,0.97165,138401
2017-06-23,0.9718,0.97234,0.96757,0.96942,123525
2017-06-26,0.96893,0.97384,0.96842,0.97251,147134
2017-06-27,0.97233,0.9733,0.95921,0.9604,193964
2017-06-28,0.95992,0.96476,0.9579,0.95969,242546
2017-06-29,0.95876,0.9599,0.95561,0.95592,213914
2017-06-30,0.9558,0.95983,0.95499,0.95851,195178
2017-07-03,0.9583,0.9643,0.95801,0.96355,154108
2017-07-04,0.96352,0.96596,0.96217,0.96537,131669
2017-07-05,0.96487,0.96884,0.96308,0.964,174736
2017-07-06,0.96366,0.96601,0.9601,0.96051,185102
2017-07-07,0.96034,0.96543,0.95945,0.96391,196500
2017-07-10,0.96303,0.96751,0.963,0.96564,133583
2017-07-11,0.96564,0.96962,0.96243,0.9638,160815
2017-07-12,0.96333,0.96621,0.96024,0.96528,239676
2017-07-13,0.96526,0.96872,0.96156,0.96718,248813
2017-07-14,0.96632,0.97006,0.9629,0.96357,222869
2017-07-17,0.96312,0.96588,0.95947,0.96243,227195
2017-07-18,0.96224,0.96345,0.95238,0.95501,305633
2017-07-19,0.95458,0.95607,0.95293,0.95562,223587
2017-07-20,0.95536,0.96207,0.9493,0.95128,336297
2017-07-21,0.95122,0.9523,0.94385,0.94589,272125
2017-07-24,0.94512,0.94755,0.94436,0.94651,230342
2017-07-25,0.94585,0.95255,0.94501,0.95244,267364
2017-07-26,0.95241,0.95954,0.94986,0.95078,318821
2017-07-27,0.95086,0.96622,0.94901,0.96493,346777
2017-07-28,0.96462,0.9727,0.96338,0.96869,366633
2017-07-31,0.9683,0.97126,0.96368,0.96686,264229
2017-08-01,0.9668,0.96833,0.96309,0.96568,263407
2017-08-02,0.9655,0.97138,0.96431,0.97113,275846
2017-08-03,0.97054,0.97172,0.96719,0.96845,252353
2017-08-04,0.96816,0.97644,0.9671,0.97296,221490
2017-08-07,0.97211,0.97465,0.97111,0.97321,152662
2017-08-08,0.97272,0.9773,0.97095,0.97407,175640
2017-08-09,0.97427,0.97446,0.96119,0.96355,232338
2017-08-10,0.96323,0.9675,0.96186,0.96246,207354
2017-08-11,0.96247,0.96389,0.95832,0.96187,213511
2017-08-14,0.9618,0.9733,0.96148,0.97213,170877
2017-08-15,0.97152,0.97588,0.9702,0.97261,192990
2017-08-16,0.97247,0.97657,0.9648,0.96577,241864
2017-08-17,0.96566,0.96984,0.96049,0.96291,275439
2017-08-18,0.9628,0.967,0.95864,0.96495,255365
2017-08-21,0.96398,0.96855,0.96005,0.96187,183916
2017-08-22,0.96185,0.96885,0.96084,0.96834,171808
2017-08-23,0.96791,0.96978,0.96417,0.96558,204454
2017-08-24,0.96413,0.96685,0.96201,0.96546,209549
2017-08-25,0.96513,0.96625,0.95505,0.95654,267651
2017-08-28,0.95395,0.95781,0.95268,0.95527,201393
2017-08-29,0.95521,0.95605,0.9428,0.95532,326420
2017-08-30,0.95554,0.96455,0.95384,0.96362,276726
2017-08-31,0.96325,0.96798,0.95824,0.95871,282877
2017-09-01,0.95861,0.96525,0.95459,0.96469,274309
2017-09-04,0.95937,0.96179,0.95519,0.95771,215229
2017-09-05,0.95698,0.96143,0.95347,0.95531,303640
2017-09-06,0.95508,0.95821,0.95277,0.95678,290062
2017-09-07,0.95582,0.9594,0.94935,0.95051,338265
2017-09-08,0.95041,0.95087,0.94203,0.94418,361798
2017-09-11,0.94644,0.95693,0.94567,0.95641,279979
2017-09-12,0.95588,0.96181,0.95406,0.95997,286145
2017-09-13,0.95977,0.96606,0.95839,0.96425,284356
2017-09-14,0.96407,0.97052,0.96175,0.96343,326544
2017-09-15,0.9631,0.96474,0.9565,0.95935,292637
2017-09-18,0.96072,0.96409,0.95802,0.96177,251151
2017-09-19,0.96071,0.9649,0.9595,0.96255,272175
2017-09-20,0.96218,0.9718,0.95878,0.96965,323184
2017-09-21,0.96943,0.97475,0.96849,0.97061,309357
2017-09-22,0.97055,0.97096,0.96682,0.96958,280871
2017-09-25,0.97064,0.97463,0.96421,0.96637,260042
2017-09-26,0.96551,0.97267,0.96523,0.96855,278576
2017-09-27,0.96854,0.97697,0.96806,0.97223,295220
2017-09-28,0.97177,0.97594,0.96982,0.97008,279045
2017-09-29,0.97012,0.97208,0.96702,0.96804,243029
2017-10-02,0.96783,0.97548,0.96772,0.97479,250727
2017-10-03,0.97464,0.97863,0.97287,0.97356,232515
2017-10-04,0.97361,0.97618,0.97095,0.97502,214169
2017-10-05,0.97495,0.97957,0.97429,0.97834,205432
2017-10-06,0.97831,0.98368,0.97707,0.97783,239474
2017-10-09,0.97801,0.98076,0.97747,0.97963,127920
2017-10-10,0.97951,0.97994,0.9735,0.97514,222577
2017-10-11,0.97499,0.97671,0.9717,0.97317,249500
2017-10-12,0.97327,0.97637,0.97119,0.97537,300410
2017-10-13,0.97545,0.97713,0.97048,0.97452,244476
2017-10-16,0.97396,0.97689,0.97295,0.97545,215935
2017-10-17,0.97534,0.98089,0.97451,0.97839,238383
2017-10-18,0.97832,0.98366,0.97736,0.9816,240858
2017-10-19,0.98149,0.98178,0.97365,0.97614,315645
2017-10-20,0.97617,0.98527,0.97563,0.98424,319016
2017-10-23,0.98495,0.98811,0.98309,0.9849,232472
2017-10-24,0.98495,0.99113,0.98381,0.99097,252075
2017-10-25,0.99098,0.994,0.98688,0.98966,317653
2017-10-26,0.98942,0.99793,0.98757,0.99777,313530
2017-10-27,0.99738,1.00384,0.99619,0.99738,320310
2017-10-30,0.99684,0.99966,0.99386,0.99433,216234
2017-10-31,0.9943,0.99946,0.99386,0.99762,244222
2017-11-01,0.99754,1.00376,0.99625,1.0034,262134
2017-11-02,1.0032,1.00336,0.99492,0.9993,301786
2017-11-03,0.99929,1.00246,0.99464,1.00048,232567
2017-11-06,0.99955,1.0029,0.99722,0.99745,221374
2017-11-07,0.99742,1.00195,0.99698,1.00021,238639
2017-11-08,0.99948,1.00066,0.99805,1.00017,202067
2017-11-09,0.99987,1.00178,0.99216,0.99401,294424
2017-11-10,0.9937,0.99686,0.99233,0.99598,208481
2017-11-13,0.99511,0.99866,0.99364,0.99616,179508
2017-11-14,0.99628,0.99707,0.98817,0.98942,206146
2017-11-15,0.98928,0.99111,0.98462,0.9885,271788
2017-11-16,0.98803,0.99454,0.9876,0.99433,246097
2017-11-17,0.99403,0.99431,0.9876,0.98871,257467
2017-11-20,0.98812,0.99375,0.98787,0.99347,140573
2017-11-21,0.99345,0.99468,0.9899,0.99143,103622
2017-11-22,0.99126,0.9916,0.98124,0.98187,114945
2017-11-23,0.98174,0.98283,0.97949,0.98143,160529
2017-11-24,0.98122,0.98272,0.97834,0.97865,155235
2017-11-27,0.97962,0.98197,0.97782,0.98179,105661
2017-11-28,0.98093,0.98526,0.98021,0.98395,141793
2017-11-29,0.98315,0.98698,0.98187,0.98457,138773
2017-11-30,0.98453,0.98819,0.98158,0.98361,150726
2017-12-01,0.98293,0.9871,0.97349,0.9759,212179
2017-12-04,0.98027,0.98672,0.97924,0.98507,140656
2017-12-05,0.98474,0.98874,0.98372,0.98733,115165
2017-12-06,0.98672,0.99097,0.98549,0.98985,106676
2017-12-07,0.98985,0.99471,0.9876,0.99427,99657
2017-12-08,0.99414,0.99777,0.9924,0.99252,96224
2017-12-11,0.9932,0.9939,0.98972,0.99196,80412
2017-12-12,0.99122,0.99357,0.98901,0.99141,88718
2017-12-13,0.99155,0.99285,0.98421,0.98547,109093
2017-12-14,0.98538,0.99044,0.98402,0.98898,130621
2017-12-15,0.98901,0.99345,0.98735,0.99073,121440
2017-12-18,0.98894,0.99172,0.98396,0.98563,102455
2017-12-19,0.98552,0.98787,0.98346,0.9849,107066
2017-12-20,0.98496,0.98853,0.98283,0.98678,102847
2017-12-21,0.98674,0.99098,0.98539,0.98823,95560
2017-12-22,0.98843,0.99116,0.98783,0.98903,92589
2017-12-26,0.98818,0.99155,0.9879,0.98944,37200
2017-12-27,0.98938,0.99038,0.98596,0.98632,83930
2017-12-28,0.98634,0.98636,0.97713,0.97864,107792
2017-12-29,0.97836,0.97929,0.97342,0.97473,91160
2018-01-02,0.97298,0.97483,0.96996,0.97168,91073
2018-01-03,0.97162,0.97976,0.97018,0.97692,90619
2018-01-04,0.97706,0.97804,0.97369,0.97472,86312
2018-01-05,0.97346,0.97846,0.9734,0.97476,93289
2018-01-08,0.97512,0.97843,0.97423,0.97729,67555
2018-01-09,0.97694,0.98418,0.97604,0.98344,87892
2018-01-10,0.98212,0.98456,0.97541,0.97831,133905
2018-01-11,0.97779,0.98161,0.97321,0.97592,141814
2018-01-12,0.97535,0.97707,0.96654,0.96748,160666
2018-01-15,0.96817,0.96849,0.96029,0.96297,125048
2018-01-16,0.96293,0.96655,0.95812,0.95949,138918
2018-01-17,0.95906,0.96577,0.95726,0.96533,168972
2018-01-18,0.96532,0.96662,0.95747,0.95903,145188
2018-01-19,0.95864,0.96381,0.95355,0.96376,154231
2018-01-22,0.96091,0.964,0.95925,0.96196,106690
2018-01-23,0.9618,0.96336,0.95665,0.9577,119986
2018-01-24,0.95766,0.95814,0.94265,0.94553,161396
2018-01-25,0.94495,0.94664,0.92889,0.94114,262581
2018-01-26,0.94003,0.94298,0.93236,0.93365,213142
2018-01-29,0.93373,0.9387,0.93246,0.9375,156122
2018-01-30,0.9375,0.93935,0.931,0.93406,183994
2018-01-31,0.9338,0.9359,0.92892,0.93124,195218
2018-02-01,0.93069,0.93418,0.92559,0.92631,173881
2018-02-02,0.926,0.93369,0.9252,0.93132,197931
2018-02-05,0.93208,0.93764,0.92873,0.93172,196492
2018-02-06,0.93156,0.9398,0.93063,0.93615,273382
2018-02-07,0.93576,0.94546,0.93396,0.94322,173059
2018-02-08,0.94314,0.94701,0.93544,0.93602,220991
2018-02-09,0.93583,0.94088,0.93484,0.93946,207395
2018-02-12,0.93864,0.94059,0.93636,0.93926,124885
2018-02-13,0.93916,0.93983,0.9322,0.93503,133494
2018-02-14,0.9343,0.93743,0.92849,0.92922,184699
2018-02-15,0.92897,0.92933,0.92099,0.92195,176851
2018-02-16,0.92195,0.92878,0.91875,0.92723,163297
2018-02-19,0.92768,0.93199,0.92628,0.92903,102470
2018-02-20,0.92903,0.93695,0.92828,0.93617,138956
2018-02-21,0.93567,0.93966,0.93424,0.93901,169925
2018-02-22,0.93895,0.94093,0.93259,0.93277,138300
2018-02-23,0.93227,0.93742,0.93202,0.93587,117139
2018-02-26,0.93569,0.93913,0.93253,0.93803,123309
2018-02-27,0.93797,0.94173,0.93583,0.93898,153254
2018-02-28,0.93892,0.94589,0.93803,0.94457,142988
2018-03-01,0.9443,0.94908,0.94097,0.94175,177987
2018-03-02,0.94142,0.94242,0.93384,0.93751,164104
2018-03-05,0.93608,0.94078,0.93456,0.93984,169133
2018-03-06,0.93978,0.94189,0.93596,0.94056,141528
2018-03-07,0.94065,0.94426,0.93572,0.94345,141260
2018-03-08,0.94341,0.95201,0.94219,0.95112,154080
2018-03-09,0.95074,0.95346,0.94876,0.95123,135559
2018-03-12,0.95045,0.95142,0.94591,0.94754,93307
2018-03-13,0.94749,0.9494,0.94294,0.94396,132285
2018-03-14,0.94399,0.94803,0.94243,0.94484,114691
2018-03-15,0.94487,0.95199,0.94334,0.95141,116876
2018-03-16,0.95143,0.95478,0.94851,0.95225,115417
2018-03-19,0.952,0.95515,0.9495,0.95108,125519
2018-03-20,0.95065,0.95698,0.95021,0.95648,118802
2018-03-21,0.9565,0.95657,0.94842,0.94925,153348
2018-03-22,0.94939,0.95151,0.94594,0.94916,170437
2018-03-23,0.9492,0.94957,0.94448,0.94729,169979
2018-03-26,0.94674,0.9489,0.94332,0.94544,120379
2018-03-27,0.94538,0.95088,0.94342,0.94675,130749
2018-03-28,0.94647,0.95781,0.94582,0.95647,142015
2018-03-29,0.95626,0.95837,0.95477,0.95641,124732
2018-03-30,0.95607,0.95652,0.95226,0.95381,27116
2018-04-02,0.95258,0.95645,0.95233,0.95525,88039
2018-04-03,0.95396,0.95973,0.95328,0.95871,107043
2018-04-04,0.95856,0.96116,0.9551,0.9608,119940
2018-04-05,0.9608,0.964,0.9598,0.96347,105094
2018-04-06,0.96354,0.96494,0.9578,0.95911,174363
2018-04-09,0.95802,0.96096,0.95605,0.95617,112947
2018-04-10,0.95595,0.95812,0.95344,0.95687,134137
2018-04-11,0.95664,0.95965,0.95558,0.95768,139018
2018-04-12,0.95731,0.96466,0.95666,0.9623,136203
2018-04-13,0.96192,0.9639,0.95996,0.96183,102043
2018-04-16,0.96068,0.96367,0.95775,0.95983,83996
2018-04-17,0.95971,0.96785,0.95808,0.96623,101693
2018-04-18,0.96586,0.96988,0.96503,0.96868,120049
2018-04-19,0.9684,0.97241,0.96668,0.97124,133913
2018-04-20,0.97092,0.97598,0.97049,0.97477,117526
2018-04-23,0.97411,0.97885,0.97376,0.97815,119658
2018-04-24,0.97789,0.98108,0.97674,0.97892,126093
2018-04-25,0.97858,0.98482,0.97812,0.98311,129647
2018-04-26,0.98297,0.98961,0.98163,0.98916,151582
2018-04-27,0.98881,0.99208,0.98717,0.98793,128744
2018-04-30,0.98753,0.99209,0.98716,0.99057,128514
2018-05-01,0.99066,0.99705,0.98996,0.99669,110493
2018-05-02,0.99633,0.99999,0.99364,0.99934,173618
2018-05-03,0.99833,0.99996,0.99556,0.9977,177843
2018-05-04,0.99754,1.00229,0.99646,0.99987,123672
2018-05-07,0.9999,1.00562,0.99837,1.00267,107936
2018-05-08,1.00239,1.00453,1.00027,1.00178,148070
2018-05-09,1.0015,1.0056,1.00038,1.0052,146005
2018-05-10,1.00477,1.00566,0.99942,1.00287,158927
2018-05-11,1.00256,1.00398,0.99764,1.00047,111199
2018-05-14,0.9997,1.00075,0.99577,1.00047,100677
2018-05-15,1.0004,1.00418,0.99834,1.00144,135259
2018-05-16,1.0012,1.00191,0.99844,1.00117,147689
2018-05-17,1.00108,1.00333,0.9987,1.00166,133339
2018-05-18,1.00126,1.00185,0.99504,0.99752,90879
2018-05-21,0.9967,1.00016,0.9967,0.99721,80851
2018-05-22,0.99705,0.99904,0.99179,0.99272,91800
2018-05-23,0.99259,0.99783,0.98941,0.99577,138706
2018-05-24,0.99549,0.99569,0.98858,0.9913,119908
2018-05-25,0.9912,0.9937,0.98991,0.98993,114644
2018-05-28,0.99117,0.99581,0.99094,0.9934,72533
2018-05-29,0.99294,0.99834,0.98506,0.99131,126869
2018-05-30,0.99127,0.99353,0.98788,0.98917,106731
2018-05-31,0.98888,0.98921,0.98262,0.98582,99088
2018-06-01,0.98559,0.99131,0.98413,0.98777,91490
2018-06-04,0.98836,0.98941,0.98302,0.98789,73347
2018-06-05,0.98717,0.98929,0.98304,0.9847,74472
2018-06-06,0.98412,0.98859,0.98356,0.98654,75722
2018-06-07,0.98598,0.98666,0.97883,0.98039,88675
2018-06-08,0.98029,0.98881,0.97922,0.98495,80751
2018-06-11,0.98425,0.98739,0.98389,0.98527,61515
2018-06-12,0.98519,0.98837,0.98302,0.9868,75982
2018-06-13,0.98658,0.98954,0.98404,0.98547,69951
2018-06-14,0.98527,0.99729,0.98255,0.99713,106856
2018-06-15,0.99648,0.99883,0.99451,0.99757,96550
2018-06-18,0.99648,0.99902,0.9936,0.99519,61788
2018-06-19,0.99507,0.99776,0.99179,0.99402,106153
2018-06-20,0.99392,0.9983,0.99332,0.99601,80941
2018-06-21,0.99599,0.99856,0.98969,0.99183,115595
2018-06-22,0.99168,0.99253,0.98732,0.98768,82142
2018-06-25,0.98801,0.98904,0.98557,0.98694,75217
2018-06-26,0.98656,0.99233,0.98582,0.99052,90258
2018-06-27,0.99025,0.99765,0.98913,0.99704,102375
2018-06-28,0.99687,0.99925,0.99581,0.99751,112164
2018-06-29,0.99716,0.99805,0.98939,0.99031,112679
2018-07-02,0.98996,0.99655,0.98942,0.9935,63943
2018-07-03,0.99339,0.99495,0.99127,0.99243,63568
2018-07-04,0.99234,0.99394,0.99052,0.99249,73849
2018-07-05,0.99242,0.99459,0.99101,0.9934,77209
2018-07-06,0.99316,0.99435,0.98842,0.99011,77118
2018-07-09,0.98884,0.99301,0.98578,0.99156,84305
2018-07-10,0.99108,0.99617,0.99096,0.99193,95104
2018-07-11,0.99168,0.99659,0.99051,0.99591,116878
2018-07-12,0.9958,1.00271,0.99475,1.00238,100917
2018-07-13,1.002,1.00682,1.00145,1.0015,84157
2018-07-16,1.00105,1.00241,0.99627,0.99671,73099
2018-07-17,0.9965,1.00013,0.99267,1.00011,94797
2018-07-18,1.00005,1.00347,0.99828,0.99893,81426
2018-07-19,0.99892,1.00434,0.99581,0.99921,115178
2018-07-20,0.9988,1.00103,0.99156,0.99274,124946
2018-07-23,0.9918,0.9942,0.9901,0.99284,88362
2018-07-24,0.9921,0.99544,0.99208,0.99367,103766
2018-07-25,0.99338,0.99492,0.99075,0.99164,103081
2018-07-26,0.99152,0.99495,0.99031,0.99411,101988
2018-07-27,0.99398,0.99782,0.99315,0.99475,77577
2018-07-30,0.99503,0.99564,0.98779,0.9882,49466
2018-07-31,0.98797,0.99056,0.98672,0.99036,73300
2018-08-01,0.98975,0.99342,0.98967,0.99196,67336
2018-08-02,0.99189,0.9956,0.99141,0.99541,63434
2018-08-03,0.99446,0.99653,0.99209,0.99434,66932
2018-08-06,0.9935,0.99849,0.99291,0.99642,46545
2018-08-07,0.99645,0.99677,0.99306,0.99553,49077
2018-08-08,0.99538,0.99706,0.99279,0.99314,52030
2018-08-09,0.99308,0.99508,0.98945,0.99366,65609
2018-08-10,0.99331,0.99749,0.9926,0.99529,120942
2018-08-13,0.99353,0.99538,0.99209,0.99302,85712
2018-08-14,0.99279,0.99505,0.9901,0.99415,68496
2018-08-15,0.99406,0.99827,0.9926,0.99365,74185
2018-08-16,0.99338,0.99745,0.99157,0.99675,75752
2018-08-17,0.99669,0.99778,0.99329,0.99537,79268
2018-08-20,0.99499,0.99684,0.99106,0.99126,60294
2018-08-21,0.99115,0.99184,0.98429,0.98453,80934
2018-08-22,0.98478,0.98538,0.9808,0.98313,72479
2018-08-23,0.98298,0.98664,0.98219,0.98588,69082
2018-08-24,0.98554,0.98651,0.9811,0.98329,80968
2018-08-27,0.98384,0.9846,0.97875,0.97951,43786
2018-08-28,0.97951,0.98094,0.9745,0.97635,49776
2018-08-29,0.97582,0.9776,0.97021,0.97042,57002
2018-08-30,0.97034,0.97157,0.96861,0.96924,52647
2018-08-31,0.9686,0.97034,0.9652,0.96873,66849
2018-09-03,0.9696,0.97076,0.96832,0.96907,33908
2018-09-04,0.96897,0.97671,0.96874,0.97427,53681
2018-09-05,0.97416,0.97538,0.97084,0.9718,58949
2018-09-06,0.97148,0.97195,0.96501,0.96508,52264
2018-09-07,0.96494,0.96997,0.96415,0.96922,59739
2018-09-10,0.96858,0.97547,0.96827,0.97483,43687
2018-09-11,0.97482,0.97587,0.972,0.97239,37840
2018-09-12,0.97198,0.97498,0.96956,0.97052,38770
2018-09-13,0.97045,0.97092,0.96519,0.96554,39094
2018-09-14,0.96518,0.96747,0.96345,0.96729,32437
2018-09-17,0.96719,0.9678,0.96116,0.96249,31088
2018-09-18,0.96245,0.96559,0.96001,0.96451,44315
2018-09-19,0.96431,0.97002,0.96343,0.96725,44747
2018-09-20,0.96702,0.96773,0.95888,0.95895,45859
2018-09-21,0.95859,0.95984,0.95421,0.95847,48694
2018-09-24,0.95875,0.96503,0.9575,0.96501,39868
2018-09-25,0.96412,0.96711,0.96359,0.96503,44539
2018-09-26,0.96478,0.97016,0.96232,0.96571,54292
2018-09-27,0.9656,0.97829,0.96467,0.97727,64919
2018-09-28,0.97703,0.98196,0.97374,0.98181,53783
2018-10-01,0.98044,0.9856,0.97977,0.9837,44596
2018-10-02,0.98356,0.98629,0.98292,0.98396,46472
2018-10-03,0.98368,0.99248,0.98334,0.99228,58940
2018-10-04,0.99231,0.99341,0.98915,0.99172,62100
2018-10-05,0.99164,0.99553,0.99101,0.99208,58669
2018-10-08,0.99198,0.99447,0.99073,0.99231,45692
2018-10-09,0.99214,0.99558,0.99111,0.99176,62182
2018-10-10,0.99168,0.99341,0.98956,0.99026,59734
2018-10-11,0.98999,0.99224,0.98565,0.98936,100567
2018-10-12,0.98903,0.99303,0.98819,0.99138,67397
2018-10-15,0.99014,0.99204,0.9848,0.98686,68320
2018-10-16,0.98682,0.9909,0.98591,0.99068,62249
2018-10-17,0.99058,0.99546,0.98977,0.99527,72404
2018-10-18,0.99524,0.99751,0.99201,0.99563,80693
2018-10-19,0.99542,0.99778,0.99497,0.996,74130
2018-10-22,0.99615,0.99802,0.99398,0.996,61639
2018-10-23,0.99544,0.99704,0.99375,0.99484,65156
2018-10-24,0.99485,0.99897,0.99418,0.99781,74011
2018-10-25,0.99782,1.00183,0.9955,0.9997,73066
2018-10-26,0.9989,1.00266,0.99635,0.99709,95435
2018-10-29,0.99733,1.00244,0.99649,1.00195,70391
2018-10-30,1.00167,1.00527,1.00084,1.00519,73873
2018-10-31,1.00495,1.00949,1.00334,1.00839,73476
2018-11-01,1.00832,1.00892,1.00005,1.00208,82282
2018-11-02,1.00202,1.00488,0.99682,1.00338,81673
2018-11-05,1.00291,1.00692,1.00205,1.0044,56295
2018-11-06,1.00432,1.00555,1.00224,1.00248,56129
2018-11-07,1.00246,1.00507,0.99525,1.00259,87441
2018-11-08,1.00173,1.00709,1.00075,1.00603,65234
2018-11-09,1.00579,1.00858,1.00449,1.00535,61084
2018-11-12,1.00494,1.01113,1.00478,1.01085,63556
2018-11-13,1.01078,1.01287,1.00689,1.00697,76236
2018-11-14,1.00676,1.01041,1.00418,1.00602,83881
2018-11-15,1.00606,1.00795,1.00357,1.0067,89187
2018-11-16,1.00602,1.00873,0.99913,0.99961,68115
2018-11-19,1.00009,1.0007,0.99244,0.99368,57248
2018-11-20,0.99338,0.99581,0.99089,0.99488,62911
2018-11-21,0.99488,0.99589,0.9928,0.99447,60757
2018-11-22,0.99438,0.99566,0.99216,0.9944,42129
2018-11-23,0.99436,0.99801,0.99347,0.99676,44956
2018-11-26,0.99625,0.99934,0.99544,0.9987,53528
2018-11-27,0.99788,1.00035,0.99751,0.99862,66605
2018-11-28,0.99844,1.0006,0.99255,0.99359,68795
2018-11-29,0.9936,0.99768,0.99175,0.9959,71040
2018-11-30,0.99532,1.00042,0.99514,0.99862,56393
2018-12-03,0.9981,0.99964,0.99645,0.99793,56251
2018-12-04,0.9972,0.9991,0.99304,0.99747,71410
2018-12-05,0.99701,1.0008,0.99656,0.99754,43419
2018-12-06,0.99742,0.999,0.98944,0.99285,88403
2018-12-07,0.99202,0.99434,0.98898,0.98965,75433
2018-12-10,0.99074,0.9908,0.98681,0.99022,77171
2018-12-11,0.99019,0.99386,0.98629,0.99316,73797
2018-12-12,0.99305,0.99657,0.99131,0.99338,74693
2018-12-13,0.99328,0.99544,0.99111,0.99385,68073
2018-12-14,0.9938,0.99896,0.99284,0.99829,55862
2018-12-17,0.99756,0.99856,0.99172,0.99317,78071
2018-12-18,0.99253,0.99372,0.98999,0.99264,58882
2018-12-19,0.99208,0.99559,0.99064,0.99462,83197
2018-12-20,0.99438,0.99526,0.98408,0.98781,94639
2018-12-21,0.98768,0.99573,0.98613,0.99543,84941
2018-12-24,0.99345,0.99516,0.9863,0.98684,55238
2018-12-26,0.98713,0.99635,0.9852,0.99556,31569
2018-12-27,0.99523,0.99567,0.98401,0.98762,93429
2018-12-28,0.98758,0.98846,0.97899,0.98421,82435
2018-12-31,0.98462,0.98746,0.9825,0.98393,61173
2019-01-02,0.98124,0.99203,0.97963,0.98997,70326
2019-01-03,0.98993,0.99053,0.98463,0.98672,110230
2019-01-04,0.98658,0.9908,0.98528,0.98648,83523
2019-01-07,0.98662,0.98706,0.97877,0.97962,60417
2019-01-08,0.97953,0.98344,0.97881,0.98129,61868
2019-01-09,0.98088,0.98177,0.97322,0.97441,81959
2019-01-10,0.97432,0.98487,0.97162,0.98452,76241
2019-01-11,0.98428,0.98559,0.98135,0.98394,66717
2019-01-14,0.98446,0.9846,0.98004,0.98092,55570
2019-01-15,0.98083,0.98941,0.98022,0.98765,72076
2019-01-16,0.98775,0.99103,0.98724,0.9904,52726
2019-01-17,0.99001,0.99544,0.98934,0.99418,65216
2019-01-18,0.99388,0.99591,0.99323,0.99536,47565
2019-01-21,0.9947,0.99877,0.99414,0.99694,36648
2019-01-22,0.99662,0.9986,0.99611,0.99728,47898
2019-01-23,0.99713,0.999,0.99398,0.99489,53782
2019-01-24,0.99453,0.99769,0.99346,0.99621,75421
2019-01-25,0.99609,0.99744,0.99222,0.99316,72222
2019-01-28,0.99288,0.99335,0.99055,0.99195,53829
2019-01-29,0.99151,0.99571,0.99076,0.99469,68913
2019-01-30,0.99416,0.99951,0.99319,0.99418,74607
2019-01-31,0.99417,0.99529,0.99076,0.99445,72750
2019-02-01,0.9937,0.99631,0.9922,0.99555,65987
2019-02-04,0.99469,0.99944,0.99452,0.9979,53168
2019-02-05,0.99768,1.00206,0.99722,0.99993,54540
2019-02-06,0.99964,1.00267,0.99855,1.00244,53850
2019-02-07,1.00198,1.00288,1.00002,1.0024,56679
2019-02-08,1.00158,1.00276,0.99959,1.00001,45403
2019-02-11,0.99996,1.00982,0.99873,1.00413,47620
2019-02-12,1.00388,1.00926,1.00351,1.00628,46227
2019-02-13,1.00637,1.00933,1.00435,1.00931,58999
2019-02-14,1.00882,1.00982,1.00449,1.00512,59170
2019-02-15,1.00496,1.00897,1.00431,1.005,55618
2019-02-18,1.00478,1.00517,1.00241,1.00404,33936
2019-02-19,1.00392,1.00606,1.00018,1.00121,54875
2019-02-20,1.00039,1.00208,0.99815,1.00107,58315
2019-02-21,1.00027,1.00232,0.99934,1.00135,73793
2019-02-22,1.00057,1.00245,0.99878,1.00042,57428
2019-02-25,1.00014,1.00117,0.99832,1.00046,52033
2019-02-26,1.00061,1.00198,0.99877,1.00011,55087
2019-02-27,0.99875,1.00146,0.99621,1.00142,55091
2019-02-28,1.00134,1.00148,0.99265,0.99787,67162
2019-03-01,0.99777,1.00089,0.99631,0.99911,61837
2019-03-04,0.9977,1.00201,0.99768,0.99895,42186
2019-03-05,0.99882,1.0054400000000001,0.9978,1.00444,43900
2019-03-06,1.00403,1.00563,1.00316,1.00494,40229
2019-03-07,1.00472,1.01243,1.00357,1.01134,54271
2019-03-08,1.01133,1.01181,1.007,1.00802,53709
2019-03-11,1.00717,1.01197,1.00678,1.01068,42489
2019-03-12,1.01056,1.01125,1.00631,1.0078,51491
2019-03-13,1.00767,1.00849,1.00266,1.00359,47315
2019-03-14,1.00356,1.00515,1.00293,1.00375,52603
2019-03-15,1.00374,1.00526,1.00108,1.00213,42197
2019-03-18,1.00195,1.00252,0.99972,1.00088,41646
2019-03-19,1.00115,1.00149,0.99848,0.99922,41481
2019-03-20,0.99918,1.00105,0.98945,0.99264,57172
2019-03-21,0.99252,0.99459,0.99038,0.99193,62464
2019-03-22,0.99187,0.99703,0.99129,0.99341,72375
2019-03-25,0.9937,0.99492,0.99101,0.99234,49450
2019-03-26,0.99238,0.99526,0.99176,0.99449,53026
2019-03-27,0.99428,0.99666,0.99054,0.99488,63512
2019-03-28,0.99478,0.99734,0.99355,0.99558,57736
2019-03-29,0.99548,0.99746,0.99446,0.99514,55232
2019-04-01,0.99458,0.99947,0.99301,0.999,48420
2019-04-02,0.99855,1.00001,0.9972,0.9981,44700
2019-04-03,0.99771,0.99876,0.99536,0.99811,42200
2019-04-04,0.99816,1.0003,0.99652,1.00003,37224
2019-04-05,0.99948,1.00125,0.99838,1.00019,35226
2019-04-08,0.99956,1.00032,0.99779,0.99898,31746
2019-04-09,0.99832,1.00089,0.99801,0.99982,44121
2019-04-10,0.99961,1.00335,0.99899,1.00242,48102
2019-04-11,1.00247,1.00464,1.00099,1.00327,38484
2019-04-12,1.00288,1.0034,0.99971,1.00265,39549
2019-04-15,1.00142,1.00463,1.00093,1.0041,33980
2019-04-16,1.00397,1.00824,1.00324,1.0077,43520
2019-04-17,1.0077,1.01098,1.00674,1.01068,43025
2019-04-18,1.01009,1.01596,1.00928,1.01552,44511
2019-04-19,1.01523,1.01544,1.01302,1.01421,37479
2019-04-22,1.01344,1.01608,1.01344,1.0157,16870
2019-04-23,1.01468,1.02305,1.01468,1.01991,41547
2019-04-24,1.01995,1.02197,1.0169,1.02057,50410
2019-04-25,1.01962,1.0228,1.01933,1.02029,45882
2019-04-26,1.01991,1.0236,1.01843,1.01965,44778
2019-04-29,1.01904,1.02158,1.01853,1.01962,30992
2019-04-30,1.0196,1.02043,1.01742,1.01902,47690
2019-05-01,1.01908,1.01979,1.0127,1.01776,43649
2019-05-02,1.01767,1.02041,1.01668,1.01942,44743
2019-05-03,1.01885,1.02145,1.01608,1.01645,47908
2019-05-06,1.01568,1.01966,1.01516,1.01777,42401
2019-05-07,1.01767,1.02263,1.01608,1.01934,47544
2019-05-08,1.01931,1.02081,1.01691,1.02041,53870
2019-05-09,1.01987,1.02098,1.01239,1.01515,54788
2019-05-10,1.01482,1.01586,1.01011,1.01171,54253
2019-05-13,1.01127,1.01226,1.005,1.00617,49776
2019-05-14,1.00617,1.00963,1.00509,1.00867,39430
2019-05-15,1.00852,1.00973,1.00555,1.00864,41972
2019-05-16,1.0086,1.01073,1.00736,1.00997,34017
2019-05-17,1.00985,1.01216,1.00851,1.01101,40107
2019-05-20,1.01036,1.0121,1.00807,1.0085,34171
2019-05-21,1.00837,1.01199,1.00794,1.01106,39326
2019-05-22,1.01099,1.01195,1.00665,1.00964,36767
2019-05-23,1.00963,1.0098799999999999,1.00237,1.00335,53663
2019-05-24,1.00326,1.00423,1.00086,1.00174,40223
2019-05-27,1.00172,1.0063,1.00102,1.00381,20991
2019-05-28,1.00373,1.00983,1.00343,1.00767,41693
2019-05-29,1.00756,1.00863,1.00499,1.00784,46490
2019-05-30,1.00786,1.00981,1.00699,1.00789,35454
2019-05-31,1.00773,1.00795,1.0001,1.00074,56015
2019-06-03,1.00113,1.00172,0.99104,0.9924,57811
2019-06-04,0.99233,0.99563,0.99028,0.99209,56444
2019-06-05,0.99207,0.99508,0.98538,0.99474,63964
2019-06-06,0.99455,0.99612,0.98796,0.99129,64638
2019-06-07,0.99126,0.99501,0.98592,0.98766,56714
2019-06-10,0.98911,0.99201,0.98804,0.98986,42310
2019-06-11,0.98962,0.99365,0.98896,0.99238,53383
2019-06-12,0.99237,0.99593,0.99027,0.99553,58646
2019-06-13,0.99545,0.99605,0.99182,0.99386,50419
2019-06-14,0.99386,0.99953,0.99256,0.99861,54616
2019-06-17,0.99818,0.99997,0.99658,0.99901,46202
2019-06-18,0.99908,1.00129,0.99655,1.00013,77730
2019-06-19,1.00004,1.00147,0.99164,0.99411,63553
2019-06-20,0.99423,0.99433,0.97919,0.98174,82267
2019-06-21,0.98147,0.98387,0.97563,0.97623,75178
2019-06-24,0.97633,0.97832,0.97102,0.97199,53208
2019-06-25,0.97186,0.97771,0.96939,0.9755,78695
2019-06-26,0.97533,0.9785,0.97435,0.9779,71153
2019-06-27,0.97777,0.98142,0.97593,0.97655,55617
2019-06-28,0.97651,0.97743,0.97381,0.97643,52098
2019-07-01,0.97876,0.98841,0.97793,0.98772,58005
2019-07-02,0.9876,0.9889,0.98355,0.98621,50478
2019-07-03,0.98625,0.98734,0.98343,0.98621,48175
2019-07-04,0.98628,0.987,0.98456,0.98456,23909
2019-07-05,0.98446,0.99322,0.98423,0.99159,52244
2019-07-08,0.99138,0.9947,0.98988,0.99381,40945
2019-07-09,0.99367,0.99517,0.99231,0.99356,47815
2019-07-10,0.99354,0.99414,0.98873,0.98953,53376
2019-07-11,0.98951,0.9905,0.98454,0.99025,51799
2019-07-12,0.99002,0.99083,0.98362,0.98402,51496
2019-07-15,0.9841,0.98547,0.98175,0.98448,41104
2019-07-16,0.9845,0.98941,0.98357,0.98789,43029
2019-07-17,0.98785,0.99078,0.98647,0.98739,37567
2019-07-18,0.98745,0.98918,0.98091,0.98136,56930
2019-07-19,0.98136,0.98474,0.98057,0.98148,53730
2019-07-22,0.98244,0.98407,0.98039,0.98205,38368
2019-07-23,0.982,0.98597,0.98166,0.98528,44051
2019-07-24,0.9852,0.98745,0.98363,0.98471,41208
2019-07-25,0.98468,0.99178,0.9844,0.99086,53321
2019-07-26,0.99081,0.99461,0.99004,0.99342,39199
2019-07-29,0.99306,0.9936,0.99091,0.99169,32228
2019-07-30,0.99155,0.99226,0.98908,0.99017,50452
2019-07-31,0.99014,0.99498,0.98839,0.99393,65072
2019-08-01,0.99391,0.99758,0.9888,0.99019,82131
2019-08-02,0.99013,0.99076,0.98145,0.98239,82017
2019-08-05,0.98393,0.98408,0.97166,0.97316,83697
2019-08-06,0.97339,0.97926,0.97035,0.97619,82706
2019-08-07,0.97631,0.97971,0.96923,0.97537,107997
2019-08-08,0.97536,0.9787,0.97375,0.97482,69093
2019-08-09,0.97468,0.97541,0.97092,0.97263,58320
2019-08-12,0.973,0.97538,0.96822,0.96928,66201
2019-08-13,0.96915,0.97684,0.96597,0.97658,87459
2019-08-14,0.97663,0.97705,0.97056,0.9734,99055
2019-08-15,0.97306,0.97767,0.97218,0.97637,116699
2019-08-16,0.97637,0.98094,0.97598,0.97849,69692
2019-08-19,0.97832,0.98212,0.97693,0.98159,46442
2019-08-20,0.98157,0.98168,0.97752,0.97781,42594
2019-08-21,0.97784,0.98312,0.97734,0.98258,50704
2019-08-22,0.98239,0.98448,0.98137,0.98366,48742
2019-08-23,0.98357,0.98772,0.97357,0.97491,73072
2019-08-26,0.97229,0.98166,0.97129,0.97911,102533
2019-08-27,0.97893,0.98372,0.97754,0.98123,67359
2019-08-28,0.98127,0.98287,0.98013,0.98132,66873
2019-08-29,0.98144,0.98754,0.98005,0.9865,59958
2019-08-30,0.98664,0.99178,0.98591,0.98982,65348
2019-09-02,0.9898,0.99194,0.98887,0.99057,38001
2019-09-03,0.9903,0.99291,0.98634,0.98667,65902
2019-09-04,0.98661,0.98845,0.97982,0.981,59260
2019-09-05,0.98069,0.98733,0.97999,0.98605,65968
2019-09-06,0.98568,0.99176,0.98536,0.98767,61650
2019-09-09,0.98713,0.99232,0.98701,0.99211,49740
2019-09-10,0.99197,0.9932,0.98889,0.99189,48361
2019-09-11,0.99184,0.99435,0.9912,0.99282,45525
2019-09-12,0.9928,0.99467,0.98805,0.99039,76120
2019-09-13,0.99034,0.99111,0.98544,0.99011,52198
2019-09-16,0.98737,0.99401,0.98649,0.99256,49021
2019-09-17,0.99247,0.99686,0.99132,0.99305,54721
2019-09-18,0.99306,0.99836,0.99256,0.99752,52566
2019-09-19,0.99734,0.99836,0.99001,0.99309,55606
2019-09-20,0.99248,0.99362,0.98893,0.99095,48762
2019-09-23,0.99093,0.99229,0.98902,0.98984,43449
2019-09-24,0.98974,0.99144,0.98438,0.9856,49810
2019-09-25,0.98555,0.99249,0.98503,0.99229,55527
2019-09-26,0.99149,0.99485,0.99061,0.99373,48743
2019-09-27,0.99366,0.99491,0.98981,0.9909,46928
2019-09-30,0.99047,0.99879,0.99037,0.99802,39239
2019-10-01,0.99768,1.00168,0.99232,0.99308,55070
2019-10-02,0.99298,1.00265,0.99211,0.99693,53364
2019-10-03,0.99687,1.00277,0.99523,0.99894,61958
2019-10-04,0.99882,1.00077,0.99248,0.99529,55591
2019-10-07,0.99364,0.99658,0.99267,0.99479,42307
2019-10-08,0.99469,0.99584,0.99049,0.99315,60766
2019-10-09,0.99304,0.99637,0.99158,0.99592,44995
2019-10-10,0.99588,0.99728,0.99142,0.99675,66997
2019-10-11,0.99692,0.99907,0.99576,0.99677,64413
2019-10-14,0.99688,0.99833,0.99443,0.99732,36803
2019-10-15,0.99664,0.9996,0.99636,0.99879,54901
2019-10-16,0.99865,0.99906,0.99456,0.99491,50969
2019-10-17,0.99485,0.99518,0.98667,0.98796,49863
2019-10-18,0.98791,0.98915,0.98412,0.98431,40733
2019-10-21,0.98417,0.98761,0.98416,0.98586,37995
2019-10-22,0.98578,0.98968,0.98546,0.98956,40485
2019-10-23,0.98953,0.99146,0.98858,0.99081,37393
2019-10-24,0.99043,0.99293,0.98914,0.99222,41150
2019-10-25,0.99208,0.99549,0.99073,0.99453,39251
2019-10-28,0.99449,0.99702,0.9936,0.99461,29831
2019-10-29,0.99456,0.99649,0.99332,0.99408,34339
2019-10-30,0.99389,0.9945,0.98883,0.98951,46614
2019-10-31,0.98936,0.98942,0.98597,0.9865,49033
2019-11-01,0.98624,0.98946,0.98511,0.98566,45094
2019-11-04,0.98538,0.98892,0.98511,0.98775,36590
2019-11-05,0.98767,0.99357,0.98753,0.99266,47922
2019-11-06,0.99276,0.99401,0.99154,0.99277,36269
2019-11-07,0.99272,0.99753,0.99111,0.99482,52565
2019-11-08,0.99506,0.99789,0.99418,0.99746,40184
2019-11-11,0.99676,0.99774,0.99289,0.99334,28875
2019-11-12,0.99327,0.99644,0.99221,0.99319,36890
2019-11-13,0.993,0.99357,0.98838,0.98999,39617
2019-11-14,0.99009,0.9908,0.98702,0.98811,40501
2019-11-15,0.9878,0.9911,0.9878,0.98958,31500
2019-11-18,0.98888,0.99142,0.98684,0.98956,34582
2019-11-19,0.98952,0.99187,0.98818,0.99048,34045
2019-11-20,0.99045,0.9937,0.98987,0.99105,47603
2019-11-21,0.99076,0.99349,0.98905,0.99314,48507
2019-11-22,0.9931,0.99802,0.99192,0.99708,41374
2019-11-25,0.99759,0.99858,0.996,0.99676,37357
2019-11-26,0.99619,0.99868,0.99609,0.99736,36434
2019-11-27,0.99683,1.00005,0.99679,0.99944,36046
2019-11-28,0.99887,0.99958,0.99813,0.99848,21601
2019-11-29,0.99829,1.00234,0.99804,1.00003,34684
2019-12-02,0.99979,1.00086,0.99115,0.99133,31756
2019-12-03,0.99122,0.99263,0.98572,0.98707,36916
2019-12-04,0.98698,0.98999,0.98552,0.98891,38180
2019-12-05,0.98834,0.98953,0.98682,0.98713,29672
2019-12-06,0.98698,0.99177,0.98645,0.99009,28899
2019-12-09,0.99047,0.99103,0.98754,0.98773,26163
2019-12-10,0.98768,0.98825,0.98338,0.98436,28752
2019-12-11,0.98433,0.98637,0.98143,0.9828,35311
2019-12-12,0.98292,0.98764,0.98087,0.98454,48370
2019-12-13,0.98441,0.98628,0.98054,0.98425,60882
2019-12-16,0.98316,0.9847,0.982,0.9825,29784
2019-12-17,0.9823,0.98439,0.97959,0.98002,34160
2019-12-18,0.98025,0.98209,0.97954,0.98037,31168
2019-12-19,0.98041,0.98122,0.97705,0.97842,33725
2019-12-20,0.97839,0.98323,0.97712,0.98259,30568
2019-12-23,0.98133,0.98279,0.98011,0.98176,26274
2019-12-24,0.98138,0.98315,0.97975,0.9799,19607
2019-12-26,0.9797,0.98185,0.97945,0.98122,9196
2019-12-27,0.98072,0.9818,0.97301,0.97422,34335
2019-12-30,0.97453,0.9754,0.96741,0.96933,35936
2019-12-31,0.96926,0.96976,0.96464,0.96714,31462
2020-01-02,0.96666,0.97329,0.9661,0.97118,33076
2020-01-03,0.97099,0.97438,0.96883,0.97242,42070
2020-01-06,0.97018,0.97167,0.96764,0.96789,38050
2020-01-07,0.96784,0.97297,0.96766,0.97024,39327
2020-01-08,0.97005,0.97398,0.96653,0.97384,67059
2020-01-09,0.97384,0.97482,0.97114,0.97323,36840
2020-01-10,0.97286,0.97622,0.972,0.97283,29986
2020-01-13,0.97258,0.97363,0.9694,0.97088,26753
2020-01-14,0.9705,0.97133,0.96656,0.96744,34884
2020-01-15,0.96701,0.96802,0.96305,0.96399,35750
2020-01-16,0.96408,0.96523,0.9613,0.96507,32590
2020-01-17,0.96394,0.96958,0.9639,0.96789,30618
2020-01-20,0.96726,0.96993,0.96704,0.96819,19506
2020-01-21,0.96832,0.96903,0.96611,0.96871,29864
2020-01-22,0.96869,0.9729,0.96779,0.96784,28934
2020-01-23,0.96779,0.97035,0.96688,0.96906,35716
2020-01-24,0.96897,0.9718,0.96852,0.97103,28513
2020-01-27,0.97049,0.97192,0.96819,0.96953,35606
2020-01-28,0.96938,0.97415,0.96786,0.973,25985
2020-01-29,0.97305,0.97667,0.97263,0.97324,27938
2020-01-30,0.97301,0.97367,0.96798,0.96943,36485
2020-01-31,0.96949,0.97131,0.9629,0.9634,38507
2020-02-03,0.96338,0.96691,0.96297,0.96609,40539
2020-02-04,0.96589,0.97042,0.96539,0.96931,34649
2020-02-05,0.9691,0.97478,0.96781,0.97344,38906
2020-02-06,0.97346,0.97566,0.9731,0.9747,35326
2020-02-07,0.97465,0.97812,0.97396,0.97746,43124
2020-02-10,0.97657,0.97837,0.97628,0.97747,44684
2020-02-11,0.97715,0.9789,0.97509,0.97582,37877
2020-02-12,0.97582,0.97852,0.9741,0.97829,38386
2020-02-13,0.97802,0.97956,0.97607,0.97952,44536
2020-02-14,0.97922,0.98223,0.97841,0.98207,30056
2020-02-17,0.9813,0.9827,0.9808,0.98086,19740
2020-02-18,0.98076,0.98393,0.97966,0.98319,34056
2020-02-19,0.98314,0.98447,0.98261,0.98388,32263
2020-02-20,0.98394,0.98486,0.98152,0.98426,47389
2020-02-21,0.98394,0.98442,0.97708,0.97821,45994
2020-02-24,0.97986,0.98159,0.97651,0.97894,65378
2020-02-25,0.97891,0.98048,0.9751,0.97608,72520
2020-02-26,0.97599,0.97788,0.97287,0.97688,70519
2020-02-27,0.97669,0.97707,0.96744,0.96756,81202
2020-02-28,0.96758,0.96957,0.96102,0.96531,108929
2020-03-02,0.96305,0.96551,0.95436,0.95934,95535
2020-03-03,0.9587,0.95971,0.95153,0.95645,100968
2020-03-04,0.95548,0.95972,0.95326,0.95716,62634
2020-03-05,0.95626,0.95716,0.94466,0.94522,59352
2020-03-06,0.94484,0.94667,0.9318,0.93737,120292
2020-03-09,0.93184,0.93363,0.91809,0.92535,136237
2020-03-10,0.92514,0.94112,0.924,0.93992,135625
2020-03-11,0.93984,0.94018,0.93246,0.93811,107208
2020-03-12,0.93778,0.95518,0.93214,0.94371,141409
2020-03-13,0.94379,0.95694,0.94223,0.95118,148531
2020-03-16,0.9534,0.9534,0.93921,0.94686,215085
2020-03-17,0.94674,0.96486,0.94532,0.96104,173882
2020-03-18,0.96112,0.97505,0.95666,0.96787,192599
2020-03-19,0.96774,0.98781,0.96383,0.98608,221030
2020-03-20,0.98589,0.99011,0.97437,0.98511,238813
2020-03-23,0.985,0.99009,0.97898,0.98507,229352
2020-03-24,0.98475,0.9848,0.97184,0.98159,179328
2020-03-25,0.98097,0.98344,0.97548,0.97716,151548
2020-03-26,0.97667,0.97757,0.9603,0.9634,168337
2020-03-27,0.96326,0.96555,0.9504,0.95061,158142
2020-03-30,0.95286,0.96109,0.95018,0.9587,115218
2020-03-31,0.95826,0.96858,0.95764,0.96112,133529
2020-04-01,0.96104,0.9691,0.95999,0.96546,100219
2020-04-02,0.96549,0.97504,0.96488,0.9737,102135
2020-04-03,0.97351,0.97957,0.9725,0.9763,78365
2020-04-06,0.97618,0.97973,0.97542,0.97855,82233
2020-04-07,0.97871,0.97926,0.96855,0.96951,78126
2020-04-08,0.96913,0.97434,0.96879,0.97227,65776
2020-04-09,0.97144,0.97337,0.96481,0.96622,68289
2020-04-10,0.96605,0.96746,0.96392,0.96554,25078
2020-04-13,0.96508,0.9687,0.96298,0.96758,50528
2020-04-14,0.96688,0.96784,0.95962,0.96038,57036
2020-04-15,0.95972,0.97004,0.95926,0.96455,52751
2020-04-16,0.96458,0.97154,0.96443,0.97032,64923
2020-04-17,0.97029,0.97241,0.96561,0.96684,60282
2020-04-20,0.96711,0.97002,0.96554,0.96786,50559
2020-04-21,0.96787,0.97278,0.96704,0.96942,61282
2020-04-22,0.96904,0.97319,0.96685,0.97151,46497
2020-04-23,0.97138,0.97724,0.97053,0.97593,60126
2020-04-24,0.97572,0.98027,0.97249,0.97263,47393
2020-04-27,0.97249,0.97669,0.97123,0.97534,42221
2020-04-28,0.97514,0.98002,0.97204,0.97491,45451
2020-04-29,0.97489,0.97676,0.97125,0.97372,41798
2020-04-30,0.97337,0.97593,0.96385,0.96565,59775
2020-05-01,0.96523,0.96693,0.95886,0.96118,39316
2020-05-04,0.962,0.96628,0.96051,0.96536,45053
2020-05-05,0.96471,0.97347,0.96433,0.97265,43725
2020-05-06,0.97215,0.97587,0.97201,0.97486,42417
2020-05-07,0.97489,0.97842,0.97288,0.97323,48880
2020-05-08,0.97295,0.97374,0.96811,0.97047,36123
2020-05-11,0.97082,0.97366,0.97003,0.97299,38773
2020-05-12,0.97284,0.97497,0.96649,0.96941,41568
2020-05-13,0.96933,0.97261,0.96654,0.97221,47613
2020-05-14,0.97199,0.97553,0.97134,0.97307,44619
2020-05-15,0.97296,0.97446,0.9698,0.97156,41364
2020-05-18,0.97208,0.97609,0.96766,0.97125,42426
2020-05-19,0.97101,0.97287,0.96986,0.97155,42589
2020-05-20,0.97118,0.97164,0.96381,0.96472,36428
2020-05-21,0.96463,0.97132,0.96439,0.97039,40559
2020-05-22,0.97036,0.97334,0.96972,0.97113,33480
2020-05-25,0.97124,0.97363,0.97043,0.97154,23120
2020-05-26,0.97169,0.97196,0.96466,0.96547,39404
2020-05-27,0.96547,0.97285,0.96489,0.96811,60784
2020-05-28,0.96879,0.97193,0.96305,0.96414,53335
2020-05-29,0.96377,0.96502,0.96017,0.96113,64495
2020-06-01,0.9607,0.9625,0.95788,0.96089,54029
2020-06-02,0.96087,0.96376,0.95731,0.96249,56511
2020-06-03,0.9622,0.96478,0.96066,0.96111,62299
2020-06-04,0.96117,0.9624,0.95436,0.95546,65296
2020-06-05,0.95544,0.96505,0.95419,0.96234,60994
2020-06-08,0.96129,0.96394,0.95557,0.95758,49235
2020-06-09,0.95757,0.95855,0.94824,0.95075,51393
2020-06-10,0.95043,0.95147,0.94249,0.94373,59927
2020-06-11,0.94374,0.94604,0.93762,0.94416,96200
2020-06-12,0.94403,0.95534,0.943,0.95204,91899
2020-06-15,0.95402,0.95471,0.948,0.94913,83014
2020-06-16,0.94911,0.95231,0.94635,0.95124,78094
2020-06-17,0.95131,0.95292,0.94812,0.94859,78705
2020-06-18,0.94856,0.95249,0.94823,0.95145,70938
2020-06-19,0.9514,0.95305,0.94878,0.95219,65140
2020-06-22,0.95196,0.95267,0.94651,0.94762,55729
2020-06-23,0.94765,0.94935,0.94201,0.94481,66708
2020-06-24,0.94482,0.94861,0.94331,0.94792,61809
2020-06-25,0.94761,0.95081,0.94688,0.94842,64746
2020-06-26,0.94846,0.94996,0.94676,0.94805,59012
2020-06-29,0.94661,0.95249,0.94416,0.95118,51981
2020-06-30,0.95116,0.95326,0.94615,0.94743,57078
2020-07-01,0.9472,0.9494,0.94449,0.94579,52403
2020-07-02,0.94578,0.94651,0.94265,0.94529,50871
2020-07-03,0.94532,0.94704,0.94378,0.94418,40130
2020-07-06,0.94438,0.94527,0.93846,0.94215,45301
2020-07-07,0.94215,0.9453,0.94084,0.94249,50432
2020-07-08,0.94243,0.94324,0.93699,0.93844,48001
2020-07-09,0.93829,0.94104,0.93622,0.94006,59738
2020-07-10,0.9401,0.94314,0.93849,0.94116,51265
2020-07-13,0.94,0.94377,0.93923,0.9417,41157
2020-07-14,0.94157,0.94245,0.93799,0.93995,60827
2020-07-15,0.93994,0.94576,0.93702,0.9444,59600
2020-07-16,0.94437,0.94678,0.94294,0.9458,56834
2020-07-17,0.94555,0.94588,0.93802,0.93888,47261
2020-07-20,0.94002,0.94102,0.9374,0.93885,52382
2020-07-21,0.93886,0.93982,0.93212,0.93313,58887
2020-07-22,0.93309,0.93517,0.92867,0.92969,61736
2020-07-23,0.92957,0.92992,0.92454,0.92543,62469
2020-07-24,0.9254,0.92607,0.92073,0.92073,63255
2020-07-27,0.92094,0.92302,0.91663,0.91994,77011
2020-07-28,0.9199,0.92279,0.91553,0.91788,77049
2020-07-29,0.91791,0.91877,0.91168,0.91267,74275
2020-07-30,0.91257,0.91515,0.90881,0.90895,71523
2020-07-31,0.90891,0.91489,0.90562,0.91384,93998
2020-08-03,0.91389,0.92416,0.91277,0.9178,78012
2020-08-04,0.91775,0.91883,0.91303,0.91328,60583
2020-08-05,0.91325,0.9139,0.90504,0.90843,59234
2020-08-06,0.90843,0.91291,0.90655,0.90976,75118
2020-08-07,0.90963,0.91581,0.90852,0.91249,76664
2020-08-10,0.91243,0.91843,0.912,0.91565,52118
2020-08-11,0.9156,0.9178,0.91053,0.91685,75328
2020-08-12,0.91679,0.91979,0.90973,0.91201,76403
2020-08-13,0.91126,0.91224,0.90822,0.90963,62007
2020-08-14,0.91004,0.9123,0.90871,0.90911,53291
2020-08-17,0.909,0.90967,0.90514,0.90655,47305
2020-08-18,0.90661,0.90678,0.90098,0.90371,66229
2020-08-19,0.90376,0.91544,0.90191,0.91506,68421
2020-08-20,0.91514,0.91616,0.90722,0.90764,75405
2020-08-21,0.90765,0.91398,0.90611,0.91162,64793
2020-08-24,0.91203,0.91279,0.90746,0.91188,51924
2020-08-25,0.91185,0.91262,0.9074,0.90774,62830
2020-08-26,0.9077,0.91208,0.90722,0.90836,54784
2020-08-27,0.90766,0.91238,0.90361,0.90902,98045
2020-08-28,0.90898,0.90998,0.90242,0.90402,88701
2020-08-31,0.90399,0.90534,0.89987,0.90372,65980
2020-09-01,0.90379,0.91011,0.89991,0.90935,83442
2020-09-02,0.9093,0.91369,0.90859,0.91075,69670
2020-09-03,0.91063,0.91424,0.90825,0.90941,73792
2020-09-04,0.90936,0.91634,0.90876,0.91344,70774
2020-09-07,0.91304,0.91697,0.91207,0.91618,35340
2020-09-08,0.91606,0.92006,0.91561,0.91786,73191
2020-09-09,0.91784,0.91907,0.91202,0.91236,57985
2020-09-10,0.91238,0.91298,0.9049,0.9106,73661
2020-09-11,0.91056,0.91088,0.90796,0.90893,53160
2020-09-14,0.90877,0.90986,0.90584,0.90839,45368
2020-09-15,0.90824,0.9089,0.90515,0.90812,49569
2020-09-16,0.90807,0.91106,0.9055,0.90944,65207
2020-09-17,0.90939,0.91394,0.90806,0.90844,60094
2020-09-18,0.90813,0.91138,0.9075,0.91121,51368
2020-09-21,0.91129,0.91713,0.90869,0.91454,60206
2020-09-22,0.91451,0.92078,0.91358,0.91983,58000
2020-09-23,0.91974,0.92436,0.91898,0.92387,62843
2020-09-24,0.92387,0.92802,0.92159,0.92682,65078
2020-09-25,0.92667,0.92964,0.92507,0.92873,51535
2020-09-28,0.92828,0.92956,0.92411,0.92435,52495
2020-09-29,0.92416,0.92489,0.91908,0.91924,48271
2020-09-30,0.91943,0.92446,0.91625,0.92116,67669
2020-10-01,0.92079,0.92148,0.91645,0.91855,63171
2020-10-02,0.9188,0.92187,0.91772,0.92033,75312
2020-10-05,0.91921,0.92,0.91452,0.91502,48461
2020-10-06,0.91498,0.91798,0.91334,0.91776,49669
2020-10-07,0.91776,0.91847,0.91596,0.91726,46396
2020-10-08,0.9173,0.91979,0.91574,0.9171,36783
2020-10-09,0.91687,0.91743,0.90933,0.90943,36860
2020-10-12,0.91069,0.91237,0.90875,0.90925,36147
2020-10-13,0.9088,0.9155,0.9087,0.91487,43364
2020-10-14,0.91496,0.91628,0.91133,0.91343,44872
2020-10-15,0.91358,0.91558,0.91265,0.91433,45641
2020-10-16,0.91461,0.91625,0.91231,0.91489,40996
2020-10-19,0.9143,0.91656,0.90903,0.91015,39152
2020-10-20,0.90971,0.911,0.90554,0.90714,43514
2020-10-21,0.90697,0.90707,0.90307,0.90533,49801
2020-10-22,0.90536,0.90804,0.9038,0.90719,47110
2020-10-23,0.90699,0.90922,0.90342,0.90407,35471
2020-10-26,0.90474,0.90807,0.90394,0.90787,38236
2020-10-27,0.90777,0.90978,0.90617,0.90869,30345
2020-10-28,0.90858,0.91276,0.90844,0.91042,44317
2020-10-29,0.9104,0.91728,0.90891,0.91585,44607
2020-10-30,0.91457,0.91729,0.91382,0.91688,47130
2020-11-02,0.91604,0.92077,0.91498,0.91919,36680
2020-11-03,0.91847,0.91918,0.91173,0.91215,33258
2020-11-04,0.91279,0.91962,0.90896,0.91212,87333
2020-11-05,0.91092,0.91321,0.9037,0.904,54415
2020-11-06,0.90416,0.90567,0.89826,0.9002,57041
2020-11-09,0.89878,0.91432,0.89839,0.91374,73229
2020-11-10,0.9125,0.91756,0.91153,0.91504,63928
2020-11-11,0.91536,0.91919,0.91326,0.91693,41813
2020-11-12,0.91677,0.91707,0.91316,0.91516,40140
2020-11-13,0.91427,0.91591,0.91258,0.91266,32674
2020-11-16,0.91252,0.91516,0.90978,0.91249,43993
2020-11-17,0.91239,0.91285,0.90884,0.91148,38392
2020-11-18,0.91133,0.91228,0.9092,0.91103,43247
2020-11-19,0.91148,0.91396,0.91,0.9106,43922
2020-11-20,0.91048,0.91233,0.90918,0.91089,38400
2020-11-23,0.91075,0.91481,0.90765,0.91244,44856
2020-11-24,0.91306,0.91366,0.90977,0.91121,45880
2020-11-25,0.91122,0.91392,0.90781,0.90836,49745
2020-11-26,0.90774,0.90936,0.90594,0.906,30351
2020-11-27,0.90606,0.90828,0.90405,0.9045,34489
2020-11-30,0.90395,0.9093,0.90194,0.9087,44493
2020-12-01,0.9086,0.90879,0.89942,0.89989,45993
2020-12-02,0.89935,0.90135,0.89436,0.89472,46850
2020-12-03,0.89457,0.89538,0.88914,0.89067,42034
2020-12-04,0.89148,0.89232,0.88858,0.89184,41613
2020-12-07,0.8905,0.89467,0.88753,0.89097,45339
2020-12-08,0.89002,0.89141,0.88816,0.88901,40250
2020-12-09,0.88885,0.89146,0.88713,0.88951,37864
2020-12-10,0.88936,0.89016,0.88521,0.88592,45561
2020-12-11,0.88599,0.89092,0.88514,0.88954,38852
2020-12-14,0.88822,0.88958,0.88503,0.88694,35677
2020-12-15,0.88616,0.88808,0.88504,0.88566,39629
2020-12-16,0.88572,0.88923,0.88259,0.885,46119
2020-12-17,0.88517,0.88581,0.88224,0.88411,40508
2020-12-18,0.88446,0.88682,0.88255,0.88307,37388
2020-12-21,0.88449,0.89192,0.8839,0.88563,63231
2020-12-22,0.88569,0.89048,0.88452,0.8894,48306
2020-12-23,0.88941,0.89112,0.88678,0.88821,49110
2020-12-24,0.88788,0.89182,0.88687,0.89136,27827
2020-12-28,0.88886,0.89189,0.88761,0.88869,39759
2020-12-29,0.8889,0.88924,0.88307,0.88404,38726
2020-12-30,0.88388,0.88547,0.88118,0.88138,44607
2020-12-31,0.881,0.88566,0.87939,0.88554,37580
2021-01-04,0.88292,0.88458,0.87848,0.88097,53079
2021-01-05,0.88124,0.88166,0.87758,0.87832,50774
2021-01-06,0.87835,0.88216,0.87578,0.87844,73278
2021-01-07,0.87835,0.8861,0.87746,0.8854,61694
2021-01-08,0.88456,0.88847,0.88224,0.88544,69627
2021-01-11,0.88478,0.89204,0.88438,0.89035,60081
2021-01-12,0.89025,0.89163,0.8861,0.88646,52981
2021-01-13,0.88629,0.88894,0.88494,0.88758,50296
2021-01-14,0.88752,0.89174,0.88559,0.88815,62017
2021-01-15,0.88817,0.8915,0.88695,0.89129,53543
2021-01-18,0.89,0.8926,0.88949,0.89062,41061
2021-01-19,0.89045,0.89166,0.88642,0.88862,46182
2021-01-20,0.88832,0.89205,0.88672,0.8897,48773
2021-01-21,0.8894,0.89005,0.88478,0.88518,47276
2021-01-22,0.88491,0.88663,0.88385,0.88516,43527
2021-01-25,0.88487,0.88928,0.88471,0.88815,49781
2021-01-26,0.88821,0.8896,0.88609,0.88676,44615
2021-01-27,0.88621,0.89176,0.88601,0.88857,63230
2021-01-28,0.88848,0.89188,0.88693,0.88858,65041
2021-01-29,0.88857,0.89119,0.88745,0.89081,63156
2021-02-01,0.88962,0.89728,0.88962,0.89705,59457
2021-02-02,0.8968,0.89954,0.89471,0.89745,56255
2021-02-03,0.89729,0.90028,0.89704,0.89902,44478
2021-02-04,0.89902,0.90449,0.89838,0.90443,44952
2021-02-05,0.90402,0.90459,0.89876,0.89893,45346
2021-02-08,0.89882,0.90198,0.89822,0.89899,39547
2021-02-09,0.89792,0.89906,0.89195,0.89221,44786
2021-02-10,0.89228,0.89315,0.88904,0.89025,42513
2021-02-11,0.88985,0.89104,0.88922,0.88993,32188
2021-02-12,0.89005,0.89399,0.88956,0.89187,34211
2021-02-15,0.8912,0.89249,0.88977,0.8902,24176
2021-02-16,0.88996,0.89304,0.88713,0.89279,40967
2021-02-17,0.89206,0.89924,0.89133,0.89882,50071
2021-02-18,0.89857,0.89956,0.89573,0.89592,47127
2021-02-19,0.89579,0.89727,0.89338,0.89636,46713
2021-02-22,0.89612,0.90239,0.89485,0.89605,56363
2021-02-23,0.89589,0.90574,0.89488,0.90523,56105
2021-02-24,0.90504,0.90948,0.90376,0.90656,72965
2021-02-25,0.90649,0.90815,0.90282,0.90475,90016
2021-02-26,0.90474,0.91019,0.90268,0.90857,106031
2021-03-01,0.90812,0.91594,0.90709,0.91484,69711
2021-03-02,0.9151,0.91939,0.91363,0.91446,64402
2021-03-03,0.91495,0.92,0.91404,0.91997,61611
2021-03-04,0.91984,0.9298,0.91854,0.92885,87549
2021-03-05,0.92868,0.93191,0.92578,0.93118,88446
2021-03-08,0.92832,0.93699,0.92832,0.93679,68630
2021-03-09,0.93564,0.93754,0.92778,0.92781,77745
2021-03-10,0.92768,0.93233,0.92737,0.92965,69231
2021-03-11,0.92953,0.9309,0.92345,0.92463,60116
2021-03-12,0.92333,0.93251,0.92333,0.92936,56401
2021-03-15,0.92836,0.93126,0.92669,0.92737,56224
2021-03-16,0.92782,0.92872,0.92425,0.92472,58557
2021-03-17,0.92454,0.92962,0.92137,0.92254,52740
2021-03-18,0.92266,0.93055,0.92187,0.92743,64347
2021-03-19,0.92695,0.932,0.92514,0.92909,50299
2021-03-22,0.92973,0.93098,0.92226,0.92332,41192
2021-03-23,0.92311,0.9347,0.92274,0.93393,46105
2021-03-24,0.93392,0.93698,0.93364,0.93559,50885
2021-03-25,0.93562,0.94018,0.93494,0.94018,50404
2021-03-26,0.93959,0.94179,0.93827,0.93909,40791
2021-03-29,0.93863,0.94046,0.93702,0.93932,42070
2021-03-30,0.93923,0.94388,0.93808,0.9421,43544
2021-03-31,0.94214,0.94587,0.94038,0.94376,47258
2021-04-01,0.9434,0.94728,0.94047,0.94176,52615
2021-04-02,0.94154,0.94343,0.94053,0.94196,20578
2021-04-05,0.94255,0.94388,0.9354,0.93625,32623
2021-04-06,0.93631,0.93961,0.93028,0.93079,44335
2021-04-07,0.93084,0.93163,0.92681,0.92954,45935
2021-04-08,0.92989,0.93066,0.92323,0.92414,36113
2021-04-09,0.92416,0.92817,0.92354,0.92451,40186
2021-04-12,0.92478,0.92684,0.92128,0.92214,43678
2021-04-13,0.92243,0.92597,0.91978,0.92065,50081
2021-04-14,0.9206,0.92342,0.91869,0.92295,46746
2021-04-15,0.9222,0.92458,0.92064,0.92224,47158
2021-04-16,0.92244,0.92351,0.91793,0.91999,42055
2021-04-19,0.9194,0.92153,0.91288,0.91529,38512
2021-04-20,0.91399,0.91698,0.91351,0.91563,32815
2021-04-21,0.91593,0.91956,0.91482,0.91692,28477
2021-04-22,0.91693,0.91914,0.91436,0.91695,33226
2021-04-23,0.91712,0.91735,0.91278,0.91361,30575
2021-04-26,0.91312,0.91662,0.91218,0.91432,30613
2021-04-27,0.91378,0.91719,0.91234,0.91367,28011
2021-04-28,0.9128,0.91816,0.90883,0.90928,35735
2021-04-29,0.90977,0.91195,0.90801,0.909,32984
2021-04-30,0.90797,0.91404,0.90797,0.91306,34752
2021-05-03,0.91256,0.91478,0.90931,0.91121,26923
2021-05-04,0.91026,0.91609,0.9099,0.91335,35866
2021-05-05,0.9132,0.91646,0.91214,0.91301,27315
2021-05-06,0.91248,0.91451,0.90705,0.90739,29408
2021-05-07,0.907,0.90937,0.90046,0.90054,34252
2021-05-10,0.90072,0.90193,0.89856,0.90132,33104
2021-05-11,0.90111,0.90395,0.90013,0.90361,37088
2021-05-12,0.90302,0.9094,0.90253,0.90906,42032
2021-05-13,0.90904,0.90932,0.90509,0.90581,43592
2021-05-14,0.90596,0.90636,0.90109,0.90117,30190
2021-05-17,0.90135,0.9033,0.90023,0.90318,26943
2021-05-18,0.90296,0.9035,0.89606,0.89774,30575
2021-05-19,0.89753,0.90476,0.89675,0.90363,41626
2021-05-20,0.90351,0.90472,0.89736,0.89744,28701
2021-05-21,0.89668,0.90005,0.89537,0.89778,31625
2021-05-24,0.89779,0.90022,0.89569,0.89686,29121
2021-05-25,0.89676,0.89748,0.89305,0.89514,34536
2021-05-26,0.8947,0.89875,0.89418,0.89791,32172
2021-05-27,0.89777,0.90088,0.89607,0.89692,34333
2021-05-28,0.89669,0.90298,0.89638,0.89983,34391
2021-05-31,0.89878,0.90128,0.89841,0.89879,20216
2021-06-01,0.89871,0.89989,0.8947,0.89734,28721
2021-06-02,0.89712,0.90244,0.89646,0.89802,26711
2021-06-03,0.8975,0.9052,0.89748,0.90352,28679
2021-06-04,0.90332,0.90538,0.89822,0.89909,29314
2021-06-07,0.89914,0.90102,0.89674,0.89754,19082
2021-06-08,0.89727,0.89894,0.89519,0.89679,26467
2021-06-09,0.89672,0.89716,0.89263,0.89584,21161
2021-06-10,0.89517,0.89915,0.89404,0.89454,32216
2021-06-11,0.89418,0.90002,0.8933,0.89795,26227
2021-06-14,0.89809,0.90015,0.89777,0.89951,24225
2021-06-15,0.89954,0.90079,0.89655,0.89839,25175
2021-06-16,0.89722,0.90881,0.89722,0.90859,32776
2021-06-17,0.90843,0.9188,0.90769,0.9178,42641
2021-06-18,0.91613,0.92389,0.91613,0.92332,44688
2021-06-21,0.92197,0.9237,0.91754,0.91794,37601
2021-06-22,0.91732,0.9213,0.9173,0.91818,38239
2021-06-23,0.91722,0.92,0.91542,0.91825,30662
2021-06-24,0.91827,0.92002,0.91738,0.91799,29713
2021-06-25,0.9167,0.9183,0.91424,0.91686,28286
2021-06-28,0.91756,0.92146,0.91637,0.91972,26958
2021-06-29,0.91904,0.92332,0.91897,0.92118,27631
2021-06-30,0.92004,0.92621,0.92004,0.92509,33910
2021-07-01,0.92466,0.92717,0.92359,0.92547,37483
2021-07-02,0.92497,0.92748,0.92002,0.92051,37424
2021-07-05,0.92091,0.92326,0.92016,0.92162,19281
2021-07-06,0.921,0.92515,0.91936,0.92456,37674
2021-07-07,0.92351,0.92677,0.92229,0.92564,35813
2021-07-08,0.9254,0.92612,0.91334,0.91498,39748
2021-07-09,0.91519,0.91754,0.9136,0.91381,29089
2021-07-12,0.91398,0.9171,0.91324,0.91509,25162
2021-07-13,0.91506,0.92005,0.91431,0.91872,31618
2021-07-14,0.91845,0.91987,0.91422,0.91436,33417
2021-07-15,0.91482,0.91932,0.91177,0.91773,33762
2021-07-16,0.91753,0.92036,0.91683,0.91952,29583
2021-07-19,0.91766,0.92216,0.9163,0.91793,38170
2021-07-20,0.91675,0.92328,0.91663,0.92133,39935
2021-07-21,0.92165,0.92314,0.91698,0.91764,27424
2021-07-22,0.9174,0.92017,0.91549,0.91901,33879
2021-07-23,0.91849,0.9222,0.91849,0.91955,26013
2021-07-26,0.91932,0.92024,0.91487,0.91577,26921
2021-07-27,0.91595,0.91866,0.91292,0.91457,29755
2021-07-28,0.91421,0.91675,0.90998,0.91008,33838
2021-07-29,0.90958,0.9101,0.90543,0.90613,25442
2021-07-30,0.90578,0.90756,0.90395,0.90525,27309
2021-08-02,0.90498,0.90674,0.90376,0.90513,24055
2021-08-03,0.90532,0.90578,0.9023,0.90402,25844
2021-08-04,0.90329,0.90761,0.90185,0.90638,25603
2021-08-05,0.9066,0.90779,0.90514,0.90671,24523
2021-08-06,0.90662,0.91564,0.90632,0.91503,29775
2021-08-09,0.91388,0.92072,0.91388,0.92058,26459
2021-08-10,0.91924,0.92344,0.91904,0.92284,22202
2021-08-11,0.92137,0.92423,0.92026,0.92178,24268
2021-08-12,0.92166,0.92397,0.9208,0.92341,17346
2021-08-13,0.92208,0.92391,0.9151,0.91526,18448
2021-08-16,0.9152,0.91637,0.91092,0.91245,21047
2021-08-17,0.9118,0.91517,0.90997,0.91486,27011
2021-08-18,0.91392,0.91966,0.91272,0.91693,27378
2021-08-19,0.91643,0.9207,0.91454,0.91862,32784
2021-08-20,0.91844,0.919,0.91588,0.91702,24356
2021-08-23,0.91636,0.91781,0.91224,0.91238,23832
2021-08-24,0.9118,0.91393,0.91106,0.91283,22058
2021-08-25,0.91159,0.91581,0.91145,0.91371,25258
2021-08-26,0.91358,0.91923,0.9123,0.91792,30538
2021-08-27,0.9171,0.91998,0.91061,0.9111,29832
2021-08-30,0.91111,0.91852,0.91013,0.9172,21158
2021-08-31,0.91632,0.91732,0.91145,0.91523,28812
2021-09-01,0.91446,0.91895,0.91393,0.91562,27569
2021-09-02,0.91424,0.91679,0.91402,0.91428,22879
2021-09-03,0.91424,0.91592,0.91152,0.91388,30286
2021-09-06,0.91304,0.91686,0.91284,0.9148,17598
2021-09-07,0.91477,0.9199,0.91329,0.91951,30244
2021-09-08,0.91953,0.92349,0.91832,0.92213,32681
2021-09-09,0.92082,0.92232,0.9161,0.91663,30703
2021-09-10,0.91654,0.91848,0.91502,0.91814,25790
2021-09-13,0.91794,0.9241,0.91765,0.9222,23706
2021-09-14,0.92114,0.92279,0.91812,0.92005,28639
2021-09-15,0.92021,0.92054,0.91639,0.91976,27369
2021-09-16,0.91922,0.92779,0.91858,0.92772,31819
2021-09-17,0.92753,0.93247,0.92597,0.93227,29218
2021-09-20,0.93149,0.93328,0.92709,0.92776,28482
2021-09-21,0.92697,0.92836,0.92252,0.92357,29391
2021-09-22,0.92354,0.9273,0.92154,0.92644,37609
2021-09-23,0.9257,0.92736,0.92174,0.92463,33396
2021-09-24,0.92245,0.92607,0.92222,0.92439,28592
2021-09-27,0.92405,0.9291,0.92386,0.92584,34989
2021-09-28,0.92551,0.93018,0.92516,0.9293,40702
2021-09-29,0.92915,0.93552,0.928,0.93456,36299
2021-09-30,0.93368,0.93683,0.93149,0.93159,37647
2021-10-01,0.93161,0.93376,0.92814,0.93053,35233
2021-10-04,0.93006,0.9311,0.92306,0.92454,30179
2021-10-05,0.92475,0.92881,0.92381,0.92823,27734
2021-10-06,0.92756,0.93077,0.92715,0.92733,34119
2021-10-07,0.92722,0.92923,0.92529,0.92894,27963
2021-10-08,0.92747,0.93056,0.92587,0.92701,29020
2021-10-11,0.92654,0.92879,0.92502,0.92769,22739
2021-10-12,0.92768,0.93133,0.92571,0.93071,27062
2021-10-13,0.93035,0.93085,0.92354,0.92387,31200
2021-10-14,0.92387,0.92441,0.91943,0.92369,25762
2021-10-15,0.92287,0.92641,0.9222,0.92316,28834
2021-10-18,0.92293,0.92732,0.92233,0.92378,30294
2021-10-19,0.92366,0.92392,0.91851,0.92298,28971
2021-10-20,0.92293,0.92524,0.91864,0.91885,30311
2021-10-21,0.91871,0.92063,0.91706,0.91823,27977
2021-10-22,0.91787,0.91856,0.91511,0.91605,29258
2021-10-25,0.91585,0.92025,0.915,0.91987,28066
2021-10-26,0.91986,0.92264,0.91804,0.91976,25431
2021-10-27,0.9198,0.92038,0.91644,0.91807,31440
2021-10-28,0.9181,0.91949,0.91154,0.91194,39086
2021-10-29,0.91125,0.9176,0.91025,0.91515,35489
2021-11-01,0.91529,0.91715,0.90882,0.90918,26839
2021-11-02,0.90893,0.91504,0.90854,0.9146,27765
2021-11-03,0.91449,0.9151,0.91049,0.91172,32934
2021-11-04,0.9117,0.9145,0.91114,0.91246,31317
2021-11-05,0.91259,0.91748,0.91126,0.91212,29713
2021-11-08,0.9123,0.91578,0.91156,0.91355,24623
2021-11-09,0.91232,0.91541,0.91019,0.91107,30123
2021-11-10,0.91121,0.91862,0.91037,0.91831,41338
2021-11-11,0.91778,0.92247,0.91707,0.92096,26081
2021-11-12,0.92014,0.92379,0.92001,0.92123,26204
2021-11-15,0.92039,0.92572,0.91872,0.92514,29388
2021-11-16,0.92514,0.93119,0.92373,0.93019,33900
2021-11-17,0.92937,0.93297,0.92761,0.92819,32872
2021-11-18,0.92809,0.9292,0.92509,0.92554,32921
2021-11-19,0.9252,0.92904,0.92501,0.92886,38751
2021-11-22,0.92776,0.93348,0.92669,0.93326,35737
2021-11-23,0.93129,0.93443,0.93014,0.9332,40220
2021-11-24,0.93274,0.93736,0.93158,0.93395,35881
2021-11-25,0.93374,0.93616,0.93243,0.93568,20543
2021-11-26,0.93576,0.93596,0.92149,0.92316,51968
2021-11-29,0.92277,0.9273,0.9222,0.92283,43465
2021-11-30,0.92261,0.92667,0.91574,0.91829,50417
2021-12-01,0.9191,0.9218,0.91691,0.92049,40812
2021-12-02,0.91883,0.92198,0.91833,0.9203,25194
2021-12-03,0.92026,0.92177,0.91658,0.91784,40588
2021-12-06,0.91632,0.92691,0.91632,0.92554,31953
2021-12-07,0.92458,0.92751,0.92309,0.92482,28585
2021-12-08,0.92484,0.92526,0.91952,0.92052,33523
2021-12-09,0.91921,0.92649,0.91921,0.92374,29721
2021-12-10,0.92308,0.92531,0.91991,0.92059,26950
2021-12-13,0.92077,0.92565,0.91987,0.92239,24011
2021-12-14,0.92283,0.9245,0.91884,0.92416,25879
2021-12-15,0.92261,0.92942,0.92252,0.92452,36446
2021-12-16,0.9249,0.92564,0.91896,0.91938,36351
2021-12-17,0.919,0.9246,0.91746,0.92427,28827
2021-12-20,0.92363,0.92507,0.91926,0.92143,29312
2021-12-21,0.92023,0.92543,0.91952,0.92338,25872
2021-12-22,0.92296,0.92525,0.91902,0.91952,24243
2021-12-23,0.91935,0.92191,0.91755,0.91817,21964
2021-12-24,0.91772,0.9196,0.91655,0.91759,23017
2021-12-27,0.91788,0.92,0.91724,0.91756,15352
2021-12-28,0.91742,0.91905,0.91595,0.91723,16433
2021-12-29,0.91718,0.92015,0.91269,0.91469,20513
2021-12-30,0.91448,0.91815,0.91322,0.91374,20414
2021-12-31,0.91318,0.91477,0.91021,0.9115,18926
2022-01-03,0.91156,0.92001,0.91104,0.91885,25627
2022-01-04,0.91904,0.91929,0.91368,0.91614,25824
2022-01-05,0.91584,0.91836,0.91412,0.9173,27682
2022-01-06,0.91584,0.9224,0.91565,0.92122,30303
2022-01-07,0.92094,0.92325,0.91823,0.91837,28423
2022-01-10,0.91864,0.92754,0.91816,0.92721,32023
2022-01-11,0.92718,0.92781,0.92328,0.92354,30292
2022-01-12,0.92298,0.92444,0.91302,0.91412,32570
2022-01-13,0.91434,0.91485,0.90921,0.91114,31746
2022-01-14,0.91109,0.9142,0.90946,0.91378,32869
2022-01-17,0.91223,0.91588,0.91219,0.9141,20866
2022-01-18,0.91321,0.91793,0.91276,0.9173,36263
2022-01-19,0.91717,0.91776,0.91446,0.91577,28704
2022-01-20,0.91596,0.91812,0.91391,0.91719,33279
2022-01-21,0.91651,0.91722,0.91079,0.91189,32558
2022-01-24,0.91133,0.91588,0.91092,0.91406,36446
2022-01-25,0.91257,0.92037,0.91256,0.91815,28451
2022-01-26,0.91797,0.92464,0.91614,0.92416,34019
2022-01-27,0.92292,0.93379,0.92249,0.93098,36259
2022-01-28,0.93034,0.93296,0.92902,0.93096,33135
2022-01-31,0.93068,0.93431,0.92517,0.92693,31776
2022-02-01,0.92704,0.92773,0.92043,0.92102,31031
2022-02-02,0.92146,0.92222,0.91775,0.919,27025
2022-02-03,0.91788,0.92358,0.91772,0.92014,41512
2022-02-04,0.919,0.92589,0.91898,0.92557,43297
2022-02-07,0.9242,0.9262,0.92216,0.9235,30474
2022-02-08,0.92365,0.9263,0.92259,0.9251,28749
2022-02-09,0.92384,0.92547,0.9222,0.92419,27175
2022-02-10,0.92421,0.92972,0.92268,0.92531,40961
2022-02-11,0.92418,0.9287,0.92376,0.92426,46148
2022-02-14,0.9247,0.92725,0.92379,0.92453,42888
2022-02-15,0.92407,0.92742,0.92268,0.92529,35957
2022-02-16,0.92468,0.92609,0.92064,0.92215,32697
2022-02-17,0.9224,0.92291,0.91886,0.92013,44170
2022-02-18,0.91948,0.92184,0.91917,0.92105,35311
2022-02-21,0.9206,0.92184,0.91502,0.91573,26667
2022-02-22,0.91566,0.92279,0.91515,0.92169,42072
2022-02-23,0.92078,0.92188,0.91682,0.91822,26617
2022-02-24,0.91747,0.92891,0.91698,0.92536,80708
2022-02-25,0.92565,0.92842,0.92287,0.92533,44402
2022-02-28,0.92673,0.92779,0.9166,0.91686,57723
2022-03-01,0.91658,0.92053,0.91502,0.91865,47384
2022-03-02,0.91798,0.92399,0.91668,0.9202,47131
2022-03-03,0.92008,0.92167,0.91725,0.91733,38575
2022-03-04,0.91698,0.92102,0.91636,0.91706,51379
2022-03-07,0.91638,0.92722,0.91638,0.92535,59632
2022-03-08,0.92547,0.93068,0.92486,0.9293,56605
2022-03-09,0.92756,0.93025,0.92503,0.92641,43815
2022-03-10,0.92597,0.9309,0.92519,0.93005,47372
2022-03-11,0.92829,0.93499,0.92829,0.93479,41521
2022-03-14,0.93319,0.93865,0.93201,0.93857,37357
2022-03-15,0.9385,0.94318,0.93717,0.9412,43983
2022-03-16,0.94039,0.94603,0.93899,0.94077,46237
2022-03-17,0.93968,0.943,0.93359,0.93695,37072
2022-03-18,0.93641,0.93825,0.93139,0.93182,33054
2022-03-21,0.93203,0.93524,0.92941,0.93365,35161
2022-03-22,0.93328,0.93757,0.93139,0.93279,37304
2022-03-23,0.93288,0.93576,0.93012,0.93059,34401
2022-03-24,0.93052,0.93444,0.92949,0.93013,37677
2022-03-25,0.92993,0.93136,0.92603,0.93026,35591
2022-03-28,0.93011,0.93815,0.9296,0.93442,46963
2022-03-29,0.93349,0.93741,0.92978,0.93088,56528
2022-03-30,0.93086,0.93135,0.92201,0.92322,48683
2022-03-31,0.92266,0.92591,0.91952,0.92271,47942
2022-04-01,0.92237,0.928,0.92168,0.92545,36191
2022-04-04,0.92586,0.92811,0.92451,0.92643,31814
2022-04-05,0.92618,0.92982,0.92375,0.92939,34491
2022-04-06,0.92923,0.93499,0.92892,0.93325,41117
2022-04-07,0.93289,0.9348,0.9315,0.9341,37778
2022-04-08,0.932,0.93738,0.93199,0.9341,34325
2022-04-11,0.93206,0.93719,0.93036,0.93108,35359
2022-04-12,0.92986,0.93449,0.92868,0.93275,39037
2022-04-13,0.93274,0.93563,0.93141,0.93476,35392
2022-04-14,0.93258,0.94335,0.93241,0.94251,41082
2022-04-15,0.94177,0.94436,0.94103,0.94277,43086
2022-04-18,0.94258,0.94534,0.94156,0.94481,26860
2022-04-19,0.94341,0.95235,0.94295,0.95224,43594
2022-04-20,0.9512,0.95362,0.94545,0.94839,46113
2022-04-21,0.94803,0.95533,0.94571,0.95341,48143
2022-04-22,0.95265,0.95929,0.95262,0.95682,42478
2022-04-25,0.9566,0.95973,0.9547,0.95959,50237
2022-04-26,0.95834,0.96264,0.95649,0.96251,43599
2022-04-27,0.96207,0.97013,0.96154,0.96902,44009
2022-04-28,0.96899,0.97588,0.9666,0.97189,58293
2022-04-29,0.97158,0.97366,0.96711,0.97341,43973
2022-05-02,0.97079,0.97893,0.97054,0.97764,21970
2022-05-03,0.97779,0.97997,0.97202,0.97889,27947
2022-05-04,0.97764,0.98522,0.97208,0.9722,38534
2022-05-05,0.97203,0.989,0.97099,0.98497,44764
2022-05-06,0.98414,0.98922,0.98275,0.98845,43611
2022-05-09,0.9864,0.99658,0.98639,0.99391,41987
2022-05-10,0.99348,0.99749,0.99058,0.99547,41709
2022-05-11,0.99568,0.99641,0.98718,0.99389,52519
2022-05-12,0.99387,1.00494,0.99276,1.00297,51254
2022-05-13,1.00304,1.0047,0.99921,1.0022,45129
2022-05-16,1.00164,1.00643,1.00076,1.00177,35700
2022-05-17,1.00176,1.00236,0.99183,0.9936,40553
2022-05-18,0.99282,0.99847,0.98605,0.98833,34655
2022-05-19,0.98902,0.98902,0.96972,0.9729,48224
2022-05-20,0.97093,0.97641,0.96941,0.97469,41983
2022-05-23,0.97398,0.97512,0.96277,0.96548,38068
2022-05-24,0.96597,0.967,0.9574,0.96057,41366
2022-05-25,0.95952,0.96422,0.95911,0.96204,40633
2022-05-26,0.96107,0.96326,0.95827,0.95871,39295
2022-05-27,0.95984,0.96027,0.95448,0.95734,35907
2022-05-30,0.9569,0.96063,0.95537,0.95722,27940
2022-05-31,0.95727,0.96203,0.95649,0.95954,40902
2022-06-01,0.9596,0.96588,0.95804,0.96323,36076
2022-06-02,0.96232,0.96365,0.95744,0.95768,34218
2022-06-03,0.95775,0.96426,0.95567,0.96266,31725
2022-06-06,0.96144,0.97144,0.96055,0.9707,30407
2022-06-07,0.97044,0.9779,0.97036,0.97265,35421
2022-06-08,0.97161,0.97891,0.97142,0.97845,37230
2022-06-09,0.97811,0.98173,0.97238,0.98014,41211
2022-06-10,0.97951,0.9898,0.9766,0.9876,48668
2022-06-13,0.98694,0.99943,0.98652,0.99699,59802
2022-06-14,0.99818,1.0037,0.98735,1.00149,64378
2022-06-15,1.00164,1.00498,0.9931,0.99406,77051
2022-06-16,0.99428,0.99895,0.96294,0.96663,78497
2022-06-17,0.96686,0.97325,0.96193,0.96975,72937
2022-06-20,0.9704,0.97135,0.96218,0.96758,51083
2022-06-21,0.96829,0.9684,0.96321,0.96606,56622
2022-06-22,0.96517,0.96895,0.95801,0.96106,64364
2022-06-23,0.96108,0.96786,0.95666,0.96142,71321
2022-06-24,0.95873,0.96325,0.95214,0.95831,60859
2022-06-27,0.95718,0.96202,0.95428,0.95626,52390
2022-06-28,0.95538,0.95868,0.9534,0.95744,56793
2022-06-29,0.95656,0.95781,0.94952,0.95481,61211
2022-06-30,0.95468,0.96054,0.95295,0.95483,60598
2022-07-01,0.95454,0.96415,0.95399,0.95951,64923
2022-07-04,0.96053,0.96175,0.95603,0.96086,41971
2022-07-05,0.96071,0.97044,0.95926,0.96853,59593
2022-07-06,0.9676,0.97435,0.96713,0.97063,65265
2022-07-07,0.97062,0.97485,0.96816,0.97403,56724
2022-07-08,0.97265,0.97975,0.97128,0.97647,57997
2022-07-11,0.9764,0.9843,0.97406,0.98326,55251
2022-07-12,0.98304,0.98588,0.98038,0.98173,61990
2022-07-13,0.98216,0.98346,0.97554,0.97882,66316
2022-07-14,0.97803,0.98857,0.97554,0.98371,71685
2022-07-15,0.98246,0.98408,0.97591,0.97608,54765
2022-07-18,0.9762,0.97898,0.97309,0.97733,51469
2022-07-19,0.97685,0.97864,0.96542,0.9687,56354
2022-07-20,0.96743,0.97361,0.96642,0.97139,53612
2022-07-21,0.97086,0.97392,0.9664,0.96665,65451
2022-07-22,0.96665,0.97039,0.95999,0.96106,60024
2022-07-25,0.9616,0.96602,0.96014,0.96457,51680
2022-07-26,0.96314,0.96677,0.96156,0.96304,45500
2022-07-27,0.96216,0.96592,0.95837,0.95947,52816
2022-07-28,0.95908,0.96321,0.95445,0.95477,63567
2022-07-29,0.95429,0.95938,0.95017,0.95118,63021
2022-08-01,0.95156,0.95338,0.94823,0.94972,53294
2022-08-02,0.94892,0.95748,0.94704,0.9573,64775
2022-08-03,0.95731,0.96513,0.95421,0.96042,59618
2022-08-04,0.95958,0.96229,0.95438,0.95492,48949
2022-08-05,0.95476,0.96499,0.95379,0.96183,53514
2022-08-08,0.9605,0.96349,0.95219,0.95527,43519
2022-08-09,0.95406,0.9556,0.95112,0.95359,37465
2022-08-10,0.95271,0.95452,0.93937,0.94269,48489
2022-08-11,0.94258,0.94459,0.93705,0.94105,50997
2022-08-12,0.9408,0.94505,0.94038,0.94122,43792
2022-08-15,0.93993,0.94711,0.93988,0.94631,39346
2022-08-16,0.94468,0.9514,0.94447,0.9494,46190
2022-08-17,0.94878,0.95436,0.9482,0.95162,56900
2022-08-18,0.95127,0.95714,0.94978,0.95686,50574
2022-08-19,0.95502,0.95985,0.95455,0.95881,48468
2022-08-22,0.95746,0.96586,0.95738,0.96431,47844
2022-08-23,0.9626,0.96925,0.96031,0.96429,54793
2022-08-24,0.96285,0.96878,0.96076,0.96673,47936
2022-08-25,0.96506,0.9671,0.96129,0.96325,49352
2022-08-26,0.9625,0.96694,0.95779,0.96589,48738
2022-08-29,0.96528,0.97079,0.96486,0.96822,54071
2022-08-30,0.96696,0.9762,0.96656,0.9742,54023
2022-08-31,0.97324,0.98073,0.97267,0.97765,54847
2022-09-01,0.97573,0.98609,0.97443,0.98164,56858
2022-09-02,0.98122,0.98587,0.97838,0.98122,51926
2022-09-05,0.98066,0.98372,0.97935,0.97968,45409
2022-09-06,0.97863,0.98613,0.97653,0.9843,81025
2022-09-07,0.98156,0.98698,0.9761,0.97636,74775
2022-09-08,0.97642,0.97822,0.97018,0.97033,83510
2022-09-09,0.97004,0.97078,0.95472,0.96062,71353
2022-09-12,0.95825,0.96093,0.95091,0.95382,70987
2022-09-13,0.95273,0.96331,0.94797,0.96187,70464
2022-09-14,0.96103,0.96364,0.9589,0.96221,76600
2022-09-15,0.96108,0.9642,0.95563,0.96164,55688
2022-09-16,0.96128,0.96612,0.96003,0.96399,67267
2022-09-19,0.96381,0.96955,0.96248,0.96432,51211
2022-09-20,0.96424,0.96824,0.96234,0.96404,68010
2022-09-21,0.964,0.96999,0.96199,0.96628,78849
2022-09-22,0.96564,0.98498,0.9621,0.97709,103017
2022-09-23,0.97588,0.984,0.97556,0.98127,85561
2022-09-26,0.98238,0.99655,0.97918,0.9933,116199
2022-09-27,0.99352,0.99439,0.98491,0.99185,93350
2022-09-28,0.98844,0.99659,0.9746,0.97598,110358
2022-09-29,0.97569,0.9856,0.97469,0.97525,96241
2022-09-30,0.97416,0.98768,0.97341,0.98731,101057
2022-10-03,0.98431,0.99501,0.98318,0.99236,89710
2022-10-04,0.99052,0.99416,0.97849,0.9795,89049
2022-10-05,0.97941,0.98888,0.97849,0.98339,77723
2022-10-06,0.98343,0.99137,0.97804,0.99049,83600
2022-10-07,0.99003,0.99535,0.98782,0.99467,73839
2022-10-10,0.9927,1.00104,0.99261,0.99999,64604
2022-10-11,0.99877,1.00207,0.99159,0.99692,77229
2022-10-12,0.99704,1.00042,0.99309,0.99749,78838
2022-10-13,0.99735,1.00738,0.99609,1.00121,77979
2022-10-14,0.99849,1.00663,0.99648,1.00554,79673
2022-10-17,1.00306,1.0056,0.99435,0.99581,65785
2022-10-18,0.99533,0.99788,0.99188,0.99412,66172
2022-10-19,0.9931,1.0063,0.99285,1.00463,66850
2022-10-20,1.0029,1.00686,0.99946,1.003,67149
2022-10-21,1.00279,1.01478,0.99614,0.99787,86528
2022-10-24,0.99614,1.00313,0.99446,1.00072,95762
2022-10-25,1.00032,1.00316,0.99401,0.99445,71462
2022-10-26,0.99455,0.99623,0.98524,0.98612,75132
2022-10-27,0.98539,0.99275,0.98414,0.99056,78147
2022-10-28,0.99023,0.99799,0.98827,0.99601,72304
2022-10-31,0.99562,1.00325,0.99546,1.00172,64227
2022-11-01,1.00114,1.00209,0.99151,1.00014,65562
2022-11-02,0.99772,1.00409,0.99105,1.00338,70127
2022-11-03,1.00263,1.01473,1.0004,1.01343,68665
2022-11-04,1.01206,1.01448,0.99318,0.9944,76761
2022-11-07,0.99789,0.99848,0.98752,0.98822,68518
2022-11-08,0.98797,0.99269,0.9837,0.98585,60503
2022-11-09,0.98439,0.9874,0.98004,0.98394,70557
2022-11-10,0.98353,0.98992,0.96306,0.96345,84560
2022-11-11,0.96226,0.96818,0.93974,0.94124,84413
2022-11-14,0.94233,0.94892,0.94025,0.94307,71688
2022-11-15,0.94336,0.94754,0.93566,0.94458,93996
2022-11-16,0.94226,0.94694,0.93862,0.94459,72868
2022-11-17,0.94408,0.95576,0.94328,0.95213,64646
2022-11-18,0.9508,0.95491,0.94983,0.95468,57765
2022-11-21,0.95327,0.95984,0.95308,0.95895,58004
2022-11-22,0.9574,0.95878,0.95093,0.95191,53614
2022-11-23,0.95103,0.95333,0.9412,0.94259,57601
2022-11-24,0.94197,0.94456,0.93872,0.94321,49162
2022-11-25,0.94266,0.95,0.94204,0.9449,54860
2022-11-28,0.94569,0.94977,0.94052,0.94887,71295
2022-11-29,0.94859,0.95455,0.94605,0.95395,68478
2022-11-30,0.95104,0.95473,0.94315,0.94538,75555
2022-12-01,0.94449,0.94605,0.93654,0.93681,81770
2022-12-02,0.93653,0.94392,0.93265,0.93674,77948
2022-12-05,0.93808,0.94354,0.93306,0.94261,66541
2022-12-06,0.9414,0.9456,0.93807,0.9421,62143
2022-12-07,0.94132,0.94375,0.93635,0.94075,63720
2022-12-08,0.94076,0.94267,0.93434,0.93629,58386
2022-12-09,0.93586,0.93816,0.9312,0.93451,60492
2022-12-12,0.9331,0.93799,0.93133,0.93597,49654
2022-12-13,0.93682,0.93749,0.92316,0.92849,68654
2022-12-14,0.92752,0.92972,0.92151,0.9243,71937
2022-12-15,0.9231,0.93171,0.92268,0.92867,68584
2022-12-16,0.92714,0.93422,0.92537,0.93414,58364
2022-12-19,0.93155,0.9347,0.92839,0.92861,47561
2022-12-20,0.92853,0.93074,0.92418,0.92613,75905
2022-12-21,0.92564,0.92891,0.92386,0.92677,53985
2022-12-22,0.92661,0.93213,0.92265,0.93097,53621
2022-12-23,0.93105,0.93444,0.92843,0.93327,60527
2022-12-27,0.93099,0.93305,0.92696,0.9293,53814
2022-12-28,0.92814,0.93072,0.92452,0.92888,48727
2022-12-29,0.92732,0.92878,0.92107,0.9232,47166
2022-12-30,0.92297,0.9268,0.92007,0.92476,58908
2023-01-02,0.92307,0.92693,0.92166,0.92412,28036
2023-01-03,0.92492,0.93986,0.9231,0.93573,69598
2023-01-04,0.93664,0.93668,0.92533,0.92964,65747
2023-01-05,0.92932,0.93778,0.92606,0.93613,66220
2023-01-06,0.93587,0.94076,0.92704,0.92772,66785
2023-01-09,0.92698,0.92799,0.9167,0.92143,57671
2023-01-10,0.92057,0.92522,0.91953,0.92272,57630
2023-01-11,0.92162,0.93317,0.92046,0.93134,55976
2023-01-12,0.93059,0.93593,0.92662,0.92736,78697
2023-01-13,0.92694,0.93169,0.92562,0.92631,60038
2023-01-16,0.92564,0.92884,0.92188,0.92604,45994
2023-01-17,0.92519,0.92758,0.91876,0.92194,60479
2023-01-18,0.92188,0.92459,0.90853,0.91651,76916
2023-01-19,0.915,0.91895,0.91456,0.91592,63522
2023-01-20,0.91457,0.92346,0.91412,0.9201,52509
2023-01-23,0.91758,0.92411,0.91598,0.92175,55505
2023-01-24,0.92163,0.92794,0.91921,0.92243,51117
2023-01-25,0.92236,0.92452,0.91726,0.9179,52323
2023-01-26,0.91753,0.92252,0.91582,0.92029,54169
2023-01-27,0.91998,0.924,0.91755,0.92089,49597
2023-01-30,0.91961,0.92564,0.91819,0.92489,50756
2023-01-31,0.9231,0.92882,0.91505,0.91612,52698
2023-02-01,0.91558,0.91832,0.907,0.90846,55418
2023-02-02,0.9081,0.91392,0.90593,0.91311,65677
2023-02-03,0.9132,0.92692,0.91221,0.92576,58492
2023-02-06,0.9273,0.92909,0.92273,0.92816,55527
2023-02-07,0.92622,0.92898,0.91916,0.92191,66680
2023-02-08,0.92109,0.92235,0.9178,0.92093,50259
2023-02-09,0.92078,0.92286,0.91604,0.92219,50934
2023-02-10,0.92207,0.92531,0.91981,0.92358,55233
2023-02-13,0.92321,0.92597,0.91913,0.91934,45301
2023-02-14,0.9191,0.9234,0.91372,0.92169,71395
2023-02-15,0.9208,0.92625,0.92,0.92373,60654
2023-02-16,0.92381,0.92719,0.9214,0.92575,57979
2023-02-17,0.92509,0.93322,0.92404,0.92417,54117
2023-02-20,0.9245,0.926,0.92206,0.92326,45284
2023-02-21,0.9223,0.92827,0.92223,0.92778,52070
2023-02-22,0.92751,0.93187,0.92528,0.93128,55317
2023-02-23,0.93119,0.93487,0.92904,0.9339,50063
2023-02-24,0.93394,0.94122,0.93257,0.94101,56778
2023-02-27,0.93949,0.9429,0.93442,0.93577,42545
2023-02-28,0.9357,0.9423,0.93412,0.9421,43276
2023-03-01,0.942,0.94282,0.93503,0.93967,52488
2023-03-02,0.93935,0.94401,0.93754,0.94237,49165
2023-03-03,0.94127,0.9421,0.9359,0.9361,47759
2023-03-06,0.93611,0.93729,0.93053,0.93068,44598
2023-03-07,0.9305,0.94246,0.92857,0.94206,54235
2023-03-08,0.94118,0.94388,0.93885,0.9414,45719
2023-03-09,0.94159,0.94184,0.93234,0.93249,42313
2023-03-10,0.93243,0.93326,0.91747,0.92109,71635
2023-03-13,0.91873,0.92044,0.90712,0.91187,101427
2023-03-14,0.91036,0.91645,0.90954,0.91409,74880
2023-03-15,0.91178,0.93378,0.91178,0.93342,97294
2023-03-16,0.93291,0.93414,0.92293,0.92929,86957
2023-03-17,0.92934,0.92999,0.92397,0.92631,70204
2023-03-20,0.92491,0.93123,0.92402,0.92927,58713
2023-03-21,0.92881,0.93169,0.92095,0.9223,54505
2023-03-22,0.9222,0.92456,0.91472,0.91734,56536
2023-03-23,0.91738,0.91807,0.91185,0.91649,58133
2023-03-24,0.91636,0.92169,0.91544,0.91987,60309
2023-03-27,0.91811,0.91995,0.91535,0.91549,49843
2023-03-28,0.9153,0.92227,0.91367,0.91954,39205
2023-03-29,0.91951,0.92231,0.91652,0.91826,42718
2023-03-30,0.91819,0.92002,0.9126,0.91333,42193
2023-03-31,0.91209,0.91777,0.91157,0.91514,48659
2023-04-03,0.91595,0.91961,0.91153,0.91264,49233
2023-04-04,0.91258,0.91428,0.9055,0.90613,45822
2023-04-05,0.90564,0.90761,0.90066,0.90666,42165
2023-04-06,0.90701,0.9075,0.9036,0.90461,36884
2023-04-07,0.90406,0.90814,0.9033,0.90501,28516
2023-04-10,0.90318,0.91203,0.90268,0.9094,33866
2023-04-11,0.90909,0.90958,0.90277,0.90322,34595
2023-04-12,0.9033,0.90348,0.89439,0.89631,41236
2023-04-13,0.89569,0.89749,0.88598,0.88947,39335
2023-04-14,0.88942,0.89589,0.88668,0.89394,39811
2023-04-17,0.89399,0.89964,0.89219,0.89867,34866
2023-04-18,0.8973,0.89874,0.89545,0.89614,35082
2023-04-19,0.89542,0.9003,0.89542,0.89745,37717
2023-04-20,0.89704,0.8983,0.89202,0.89232,38722
2023-04-21,0.8921,0.89543,0.89078,0.89225,38335
2023-04-24,0.89245,0.89282,0.88756,0.88757,49187
2023-04-25,0.8876,0.89274,0.88607,0.89191,34871
2023-04-26,0.89156,0.89259,0.88516,0.89129,41389
2023-04-27,0.89101,0.89764,0.88986,0.8943,41475
2023-04-28,0.89425,0.89751,0.88963,0.89414,48487
2023-05-01,0.89141,0.89666,0.8914,0.89561,35716
2023-05-02,0.89497,0.89949,0.89238,0.89326,40273
2023-05-03,0.89289,0.89318,0.88327,0.88414,45775
2023-05-04,0.88384,0.88913,0.88201,0.88589,55330
2023-05-05,0.88426,0.89735,0.88345,0.89067,40747
2023-05-08,0.88941,0.89123,0.88676,0.88941,30908
2023-05-09,0.88912,0.89428,0.88885,0.89041,31390
2023-05-10,0.89043,0.89272,0.88683,0.88971,38202
2023-05-11,0.88969,0.89579,0.88719,0.89422,40107
2023-05-12,0.89409,0.89875,0.88971,0.89836,35800
2023-05-15,0.89546,0.89878,0.89425,0.89562,32527
2023-05-16,0.89561,0.89706,0.89198,0.89629,36050
2023-05-17,0.89663,0.90255,0.89492,0.89839,35015
2023-05-18,0.89828,0.90627,0.89712,0.90505,34196
2023-05-19,0.90514,0.90587,0.89745,0.89947,38472
2023-05-22,0.89822,0.8997,0.89409,0.89778,37560
2023-05-23,0.89783,0.90294,0.89741,0.90132,38494
2023-05-24,0.90123,0.9067,0.90049,0.9051,42368
2023-05-25,0.90454,0.90733,0.9037,0.90562,41110
2023-05-26,0.9055,0.90743,0.90187,0.90496,37174
2023-05-29,0.90491,0.9062,0.90273,0.90441,21179
2023-05-30,0.90384,0.90842,0.90144,0.90589,38890
2023-05-31,0.90561,0.91476,0.90534,0.91063,40047
2023-06-01,0.91052,0.9114,0.90537,0.90551,37685
2023-06-02,0.90513,0.90917,0.90346,0.9088,40138
2023-06-05,0.90756,0.91196,0.90524,0.90623,35229
2023-06-06,0.90597,0.90981,0.90335,0.90758,31990
2023-06-07,0.90717,0.91068,0.90432,0.91015,33020
2023-06-08,0.90956,0.91076,0.89897,0.89899,34090
2023-06-09,0.89869,0.90391,0.89799,0.90311,30606
2023-06-12,0.90088,0.91092,0.90088,0.90888,29927
2023-06-13,0.90878,0.90893,0.90319,0.90509,36968
2023-06-14,0.90489,0.90601,0.89654,0.90107,35912
2023-06-15,0.90058,0.90561,0.89074,0.89173,34603
2023-06-16,0.89169,0.89491,0.89015,0.89373,39752
2023-06-19,0.89246,0.89749,0.89219,0.89571,31134
2023-06-20,0.89535,0.90012,0.89503,0.89768,39492
2023-06-21,0.89782,0.89977,0.89198,0.89305,44392
2023-06-22,0.89299,0.89727,0.89066,0.89473,46423
2023-06-23,0.89445,0.90131,0.89409,0.89694,47435
2023-06-26,0.89605,0.89683,0.89116,0.8957,34072
2023-06-27,0.89568,0.89705,0.89239,0.89366,43092
2023-06-28,0.89345,0.8987,0.89184,0.8969,42292
2023-06-29,0.89693,0.90017,0.89433,0.8995,39689
2023-06-30,0.89892,0.90166,0.89354,0.89497,41386
2023-07-03,0.8936,0.90041,0.89359,0.89618,33299
2023-07-04,0.89625,0.89749,0.89458,0.89711,25642
2023-07-05,0.8957,0.89947,0.8957,0.89882,33755
2023-07-06,0.89847,0.89978,0.89509,0.89525,45337
2023-07-07,0.89512,0.89701,0.88759,0.88916,41707
2023-07-10,0.88886,0.89179,0.88518,0.88536,34943
2023-07-11,0.88508,0.88568,0.87931,0.87948,34283
2023-07-12,0.87918,0.87951,0.86594,0.86754,48373
2023-07-13,0.86689,0.86732,0.85822,0.85875,42630
2023-07-14,0.85868,0.86313,0.85658,0.86194,39771
2023-07-17,0.85968,0.86306,0.8578,0.86025,29660
2023-07-18,0.86009,0.86073,0.85546,0.85754,42455
2023-07-19,0.85745,0.86133,0.85649,0.85838,43136
2023-07-20,0.85865,0.86842,0.85607,0.86664,42925
2023-07-21,0.86676,0.86723,0.86408,0.86599,37354
2023-07-24,0.86478,0.86999,0.86374,0.86963,43777
2023-07-25,0.8697,0.87007,0.86369,0.86382,37141
2023-07-26,0.86346,0.86563,0.85971,0.86078,47157
2023-07-27,0.86063,0.86984,0.85522,0.86924,57353
2023-07-28,0.86823,0.87359,0.86606,0.87041,57141
2023-07-31,0.86744,0.87297,0.86655,0.87175,39581
2023-08-01,0.87184,0.87779,0.86965,0.87506,40142
2023-08-02,0.87523,0.88059,0.87121,0.8775,51097
2023-08-03,0.87747,0.87986,0.87329,0.87413,51990
2023-08-04,0.87384,0.87826,0.86993,0.87274,42202
2023-08-07,0.87031,0.87735,0.87022,0.8728,34822
2023-08-08,0.87237,0.87828,0.87202,0.87562,40009
2023-08-09,0.8755,0.87828,0.87316,0.87723,35626
2023-08-10,0.87699,0.87767,0.869,0.87683,46529
2023-08-11,0.87661,0.87806,0.87336,0.87635,41567
2023-08-14,0.87517,0.88276,0.87486,0.87815,42840
2023-08-15,0.8783,0.87963,0.87439,0.87846,45094
2023-08-16,0.87836,0.88141,0.87743,0.87999,44616
2023-08-17,0.87983,0.88095,0.87602,0.87842,50324
2023-08-18,0.87831,0.88276,0.87568,0.88263,37950
2023-08-21,0.88093,0.88281,0.87802,0.87851,36380
2023-08-22,0.87844,0.88093,0.8765,0.88044,36389
2023-08-23,0.88028,0.88173,0.87741,0.87785,43026
2023-08-24,0.87798,0.88511,0.87598,0.88441,40253
2023-08-25,0.88446,0.88762,0.88219,0.88443,43665
2023-08-28,0.8836,0.88536,0.8818,0.88379,33547
2023-08-29,0.88378,0.88589,0.87746,0.87838,40028
2023-08-30,0.87808,0.88034,0.87448,0.87846,44814
2023-08-31,0.8783,0.88457,0.877,0.8833,38872
2023-09-01,0.88333,0.88635,0.87951,0.88568,44574
2023-09-04,0.88484,0.8858,0.88324,0.88436,24067
2023-09-05,0.88364,0.89033,0.88297,0.8894,34644
2023-09-06,0.88927,0.89446,0.88808,0.89106,32489
2023-09-07,0.8911,0.89405,0.89066,0.89269,31327
2023-09-08,0.89252,0.89365,0.88949,0.89287,33879
2023-09-11,0.89084,0.89263,0.88968,0.89083,34770
2023-09-12,0.89073,0.89342,0.8898,0.89136,30294
2023-09-13,0.89092,0.89524,0.88851,0.89364,37952
2023-09-14,0.89351,0.89702,0.89144,0.8956,42865
2023-09-15,0.89558,0.89775,0.89452,0.89759,34538
2023-09-18,0.8947,0.89826,0.8945,0.89697,25119
2023-09-19,0.89696,0.8984,0.89478,0.89771,28799
2023-09-20,0.89769,0.89956,0.89318,0.89859,37991
2023-09-21,0.89848,0.90784,0.89792,0.90453,45769
2023-09-22,0.90409,0.90751,0.90158,0.90703,36045
2023-09-25,0.90491,0.91355,0.90483,0.91203,34076
2023-09-26,0.91191,0.91588,0.91098,0.91579,37788
2023-09-27,0.91554,0.92251,0.9132,0.92124,38252
2023-09-28,0.9193,0.92167,0.91471,0.9149,43508
2023-09-29,0.91496,0.91634,0.9091,0.91495,47313
2023-10-02,0.91385,0.91948,0.91103,0.91823,42189
2023-10-03,0.91796,0.92446,0.9156,0.92095,52376
2023-10-04,0.91968,0.92323,0.91439,0.91722,53587
2023-10-05,0.91702,0.91823,0.91213,0.91238,45235
2023-10-06,0.91205,0.91757,0.9073,0.90956,52610
2023-10-09,0.90864,0.91236,0.90496,0.90662,42971
2023-10-10,0.90637,0.90828,0.90339,0.90468,48419
2023-10-11,0.90428,0.90546,0.90017,0.90193,46379
2023-10-12,0.90164,0.90879,0.89864,0.90839,43609
2023-10-13,0.90829,0.90848,0.90021,0.90237,42677
2023-10-16,0.90051,0.9042,0.89956,0.9001,36644
2023-10-17,0.89953,0.90323,0.89829,0.90024,41710
2023-10-18,0.89993,0.90085,0.89546,0.89897,47819
2023-10-19,0.89858,0.90017,0.89086,0.89147,53029
2023-10-20,0.89117,0.89351,0.89023,0.89237,45794
2023-10-23,0.89045,0.89569,0.88998,0.89112,40794
2023-10-24,0.89076,0.89521,0.88881,0.89303,39829
2023-10-25,0.89306,0.89694,0.89207,0.89682,37138
2023-10-26,0.89649,0.90048,0.89596,0.89892,49702
2023-10-27,0.8983,0.90346,0.89675,0.90227,46712
2023-10-30,0.89972,0.90488,0.89922,0.902,36050
2023-10-31,0.90197,0.91063,0.90096,0.91033,44201
2023-11-01,0.91043,0.9112,0.90643,0.9078,50996
2023-11-02,0.90742,0.90783,0.90178,0.90587,45157
2023-11-03,0.90589,0.9074,0.8965,0.8993,43441
2023-11-06,0.89793,0.89961,0.89535,0.89938,36308
2023-11-07,0.89922,0.90187,0.8981,0.90007,40163
2023-11-08,0.8997,0.90241,0.8974,0.89926,38812
2023-11-09,0.89894,0.9041,0.89771,0.90285,41551
2023-11-10,0.90272,0.9046,0.90018,0.90238,35273
2023-11-13,0.90154,0.90521,0.90072,0.9016,28985
2023-11-14,0.90151,0.90272,0.88797,0.88905,38502
2023-11-15,0.88905,0.89032,0.88547,0.888,38213
2023-11-16,0.88783,0.89,0.88541,0.88863,36450
2023-11-17,0.88848,0.88941,0.88522,0.88556,38129
2023-11-20,0.88543,0.88658,0.88262,0.88501,35991
2023-11-21,0.88482,0.88488,0.88194,0.8836,38778
2023-11-22,0.88352,0.88723,0.88199,0.88378,39810
2023-11-23,0.88368,0.88494,0.88169,0.88417,28695
2023-11-24,0.88383,0.88488,0.8811,0.88148,34714
2023-11-27,0.88152,0.8828,0.87936,0.88029,35208
2023-11-28,0.88025,0.88187,0.87612,0.87801,43548
2023-11-29,0.87771,0.87841,0.87201,0.87384,46192
2023-11-30,0.87379,0.87707,0.86847,0.87517,49515
2023-12-01,0.87484,0.87684,0.86791,0.869,47265
2023-12-04,0.86954,0.8755,0.86666,0.87272,48756
2023-12-05,0.87241,0.87663,0.87143,0.87491,46151
2023-12-06,0.87465,0.876,0.87291,0.87478,41964
2023-12-07,0.87463,0.87822,0.8728,0.87516,50977
2023-12-08,0.8749,0.88206,0.87413,0.88005,51874
2023-12-11,0.87901,0.8816,0.8779,0.87836,36345
2023-12-12,0.87815,0.87858,0.87224,0.87525,41710
2023-12-13,0.87521,0.87803,0.86902,0.87156,50926
2023-12-14,0.87061,0.87319,0.863,0.86764,62195
2023-12-15,0.86729,0.87112,0.86383,0.87023,53074
2023-12-18,0.8686,0.87116,0.86665,0.86708,41287
2023-12-19,0.86708,0.86771,0.85928,0.86093,45607
2023-12-20,0.86064,0.8651,0.85889,0.86266,40343
2023-12-21,0.8624,0.86326,0.85603,0.85619,51035
2023-12-22,0.85599,0.85736,0.85136,0.85574,53431
2023-12-26,0.85458,0.85799,0.85313,0.85366,35622
2023-12-27,0.85296,0.85492,0.84086,0.84302,37870
2023-12-28,0.84238,0.84512,0.83327,0.8448,49851
2023-12-29,0.84399,0.84478,0.83566,0.84151,55166
2024-01-02,0.83959,0.85068,0.83863,0.8502,53911
2024-01-03,0.84885,0.85545,0.84756,0.84904,56192
2024-01-04,0.8489,0.8529,0.8477,0.85019,51956
2024-01-05,0.84987,0.85768,0.84552,0.8503,58843
2024-01-08,0.84993,0.85214,0.84604,0.84801,52653
2024-01-09,0.84724,0.85317,0.84619,0.85233,51115
2024-01-10,0.85218,0.85356,0.85071,0.85081,47423
2024-01-11,0.85082,0.85664,0.84887,0.85194,64941
2024-01-12,0.85187,0.8551,0.84887,0.85263,59305
2024-01-15,0.8509,0.85622,0.8509,0.85567,36846
2024-01-16,0.85523,0.86196,0.85523,0.8615,68370
2024-01-17,0.8606,0.86853,0.85885,0.86435,65492
2024-01-18,0.86389,0.8694,0.86333,0.86805,60283
2024-01-19,0.86759,0.87046,0.86702,0.86805,48881
2024-01-22,0.86718,0.87007,0.86622,0.86901,47749
2024-01-23,0.86816,0.87283,0.865,0.87024,51112
2024-01-24,0.86952,0.87021,0.86067,0.86277,54273
2024-01-25,0.86225,0.86849,0.86199,0.86701,59215
2024-01-26,0.8662,0.8685,0.86163,0.86347,53009
2024-01-29,0.86373,0.86494,0.86071,0.86128,48519
2024-01-30,0.86013,0.86433,0.86013,0.86171,54112
2024-01-31,0.86136,0.86439,0.85511,0.86135,73851
2024-02-01,0.85982,0.86497,0.8571,0.85774,65990
2024-02-02,0.85555,0.86808,0.85527,0.86689,56034
2024-02-05,0.86545,0.87187,0.86369,0.87064,53973
2024-02-06,0.87,0.87413,0.86901,0.86975,52102
2024-02-07,0.86884,0.87534,0.86883,0.87465,52160
2024-02-08,0.87343,0.87611,0.87244,0.8737,48745
2024-02-09,0.87264,0.87622,0.87263,0.87466,44997
2024-02-12,0.87372,0.8773,0.87266,0.87573,38557
2024-02-13,0.87464,0.8881,0.87458,0.88706,56404
2024-02-14,0.88629,0.88858,0.88476,0.88572,41326
2024-02-15,0.88551,0.88582,0.8783,0.87992,57202
2024-02-16,0.8787,0.88394,0.8787,0.88093,42908
2024-02-19,0.8812,0.88283,0.87831,0.8823,32387
2024-02-20,0.88177,0.88379,0.87858,0.8819,45460
2024-02-21,0.8811,0.88206,0.87886,0.87956,40733
2024-02-22,0.87897,0.88214,0.87423,0.8802,56873
2024-02-23,0.87971,0.88197,0.87813,0.8812,39735
2024-02-26,0.87932,0.88222,0.87882,0.87999,43187
2024-02-27,0.87962,0.88105,0.87847,0.87855,45668
2024-02-28,0.87811,0.88157,0.87811,0.87878,45030
2024-02-29,0.87804,0.8847,0.87793,0.88466,58690
2024-03-01,0.8841,0.88929,0.88295,0.88307,56772
2024-03-04,0.88288,0.88641,0.88057,0.88487,49089
2024-03-05,0.88418,0.88663,0.88257,0.88337,52150
2024-03-06,0.88268,0.88557,0.88044,0.88202,44598
2024-03-07,0.88153,0.88236,0.87727,0.87765,47003
2024-03-08,0.87673,0.87827,0.87297,0.87749,49141
2024-03-11,0.87521,0.8795,0.87448,0.87742,57045
2024-03-12,0.87716,0.8795,0.87473,0.87723,65845
2024-03-13,0.87687,0.87896,0.87663,0.87881,56879
2024-03-14,0.87833,0.88413,0.87819,0.88373,64610
2024-03-15,0.88308,0.8853,0.88194,0.88357,60572
2024-03-18,0.88264,0.88847,0.88175,0.88779,55660
2024-03-19,0.88748,0.88988,0.88626,0.88804,74442
2024-03-20,0.88733,0.89188,0.88593,0.88676,74189
2024-03-21,0.88533,0.89942,0.88395,0.89751,96197
2024-03-22,0.89714,0.90203,0.89656,0.89719,67383
2024-03-25,0.89661,0.89955,0.89645,0.89937,50920
2024-03-26,0.89864,0.90434,0.89832,0.90394,59656
2024-03-27,0.90321,0.90715,0.90273,0.90376,53156
2024-03-28,0.90317,0.90649,0.89998,0.90165,69954
2024-03-29,0.9003,0.90277,0.90026,0.90072,111738
2024-04-01,0.89916,0.90571,0.89916,0.90428,57264
2024-04-02,0.90348,0.9091,0.90348,0.90797,57847
2024-04-03,0.90696,0.90956,0.90272,0.90284,54562
2024-04-04,0.9023,0.9075,0.90089,0.90131,56410
2024-04-05,0.89977,0.9071,0.89977,0.90181,73001
2024-04-08,0.89963,0.90657,0.89874,0.90535,69562
2024-04-09,0.90439,0.90564,0.90128,0.90349,53070
2024-04-10,0.90277,0.91476,0.90245,0.91285,75332
2024-04-11,0.9119,0.91467,0.90745,0.90996,80651
2024-04-12,0.9088,0.9145,0.90831,0.91445,74977
2024-04-15,0.91136,0.91522,0.90953,0.91142,78943
2024-04-16,0.91009,0.91421,0.91009,0.91297,79524
2024-04-17,0.91217,0.91326,0.90937,0.91078,73840
2024-04-18,0.91021,0.91254,0.90812,0.91233,59969
2024-04-19,0.91151,0.91312,0.90116,0.91018,102876
2024-04-22,0.90891,0.9124,0.90891,0.912,61285
2024-04-23,0.91193,0.91301,0.90869,0.91188,57135
2024-04-24,0.91194,0.91531,0.91091,0.91513,47270
2024-04-25,0.91507,0.91568,0.91174,0.9122,57185
2024-04-26,0.91219,0.91505,0.90959,0.9144,62545
2024-04-29,0.91258,0.91519,0.90883,0.91051,73140
2024-04-30,0.91031,0.91952,0.90904,0.91938,64213
2024-05-01,0.91943,0.92244,0.91454,0.91581,66870
2024-05-02,0.91569,0.91735,0.9098,0.91067,73284
2024-05-03,0.91057,0.91057,0.90059,0.90492,69994
2024-05-06,0.90404,0.90664,0.90359,0.90624,40433
2024-05-07,0.90624,0.90937,0.90476,0.90831,43030
2024-05-08,0.90831,0.90959,0.90733,0.90797,35103
2024-05-09,0.90795,0.90988,0.90561,0.90592,44075
2024-05-10,0.90587,0.90857,0.90512,0.90646,43905
2024-05-13,0.9055,0.90876,0.90452,0.90827,44300
2024-05-14,0.90817,0.91022,0.90551,0.90646,44187
2024-05-15,0.90644,0.9071,0.90147,0.90221,56564
2024-05-16,0.90214,0.90628,0.89881,0.90613,55742
2024-05-17,0.90615,0.90984,0.90501,0.90912,40936
2024-05-20,0.90873,0.91088,0.90778,0.91054,39418
2024-05-21,0.91048,0.91165,0.90871,0.91095,48464
2024-05-22,0.91093,0.91584,0.91025,0.91571,48197
2024-05-23,0.91564,0.91564,0.91264,0.91433,61944
2024-05-24,0.91432,0.9158,0.91338,0.91468,49680
2024-05-27,0.91337,0.91538,0.91291,0.91347,34033
2024-05-28,0.91309,0.91388,0.90856,0.91243,62679
2024-05-29,0.91239,0.91436,0.91115,0.91322,62488
2024-05-30,0.91311,0.9141,0.90312,0.90332,60290
2024-05-31,0.90327,0.90693,0.90024,0.90223,62223
2024-06-03,0.90231,0.90357,0.89504,0.89574,57695
2024-06-04,0.89569,0.89727,0.88845,0.89015,65677
2024-06-05,0.89022,0.89489,0.88942,0.8935,47587
2024-06-06,0.89348,0.89358,0.88918,0.88926,43657
2024-06-07,0.88924,0.8973,0.88812,0.89662,53334
2024-06-10,0.89899,0.89899,0.89496,0.89647,45265
2024-06-11,0.89649,0.89933,0.89503,0.8976,37609
2024-06-12,0.89755,0.89834,0.88932,0.8944,58671
2024-06-13,0.89435,0.89674,0.89242,0.89375,50093
2024-06-14,0.89385,0.89478,0.88947,0.89011,66053
2024-06-17,0.88982,0.89322,0.88875,0.88958,45731
2024-06-18,0.88951,0.89001,0.88268,0.88412,58256
2024-06-19,0.88411,0.88544,0.88333,0.88451,45111
2024-06-20,0.88401,0.89262,0.88323,0.89138,54890
2024-06-21,0.89129,0.89446,0.89041,0.89425,48992
2024-06-24,0.8926,0.89453,0.89217,0.89281,44502
2024-06-25,0.89228,0.89526,0.89131,0.89472,35762
2024-06-26,0.89458,0.89831,0.89382,0.89737,41505
2024-06-27,0.89734,0.89888,0.89574,0.89882,40892
2024-06-28,0.89853,0.90098,0.89765,0.89861,49198
2024-07-01,0.89766,0.90447,0.89623,0.90278,47323
2024-07-02,0.90263,0.90497,0.90215,0.90393,41874
2024-07-03,0.90387,0.90504,0.89856,0.90145,37130
2024-07-04,0.90111,0.90396,0.89915,0.89997,30430
2024-07-05,0.89992,0.90062,0.8954,0.89569,42480
2024-07-08,0.89522,0.89769,0.89433,0.89759,42762
2024-07-09,0.89761,0.89905,0.89647,0.89778,35353
2024-07-10,0.89775,0.9001,0.89641,0.89955,34013
2024-07-11,0.89953,0.8998,0.89153,0.89644,51794
2024-07-12,0.89641,0.89705,0.89325,0.89445,48936
2024-07-15,0.89353,0.89722,0.89089,0.89573,43419
2024-07-16,0.89573,0.89792,0.89352,0.8938,40802
2024-07-17,0.89361,0.8945,0.88273,0.88334,55415
2024-07-18,0.8834,0.88787,0.88189,0.88777,55836
2024-07-19,0.88758,0.89,0.88396,0.88891,43850
2024-07-22,0.8871,0.89023,0.88694,0.88963,44182
2024-07-23,0.88946,0.8924,0.88832,0.89136,44624
2024-07-24,0.89127,0.89215,0.88288,0.88515,55157
2024-07-25,0.88507,0.88541,0.87769,0.88161,78614
2024-07-26,0.88161,0.88444,0.88005,0.88369,55524
2024-07-29,0.88279,0.88717,0.88173,0.88613,44519
2024-07-30,0.88608,0.88756,0.88256,0.8827,51615
2024-07-31,0.88264,0.88314,0.87704,0.87803,74574
2024-08-01,0.878,0.87839,0.87261,0.87293,67294
2024-08-02,0.87294,0.8734,0.85737,0.8579,87104
2024-08-05,0.85689,0.85947,0.84323,0.85229,160902
2024-08-06,0.85168,0.85721,0.85011,0.85117,110012
2024-08-07,0.85136,0.86623,0.84956,0.86165,103534
2024-08-08,0.86164,0.86743,0.85598,0.86668,99059
2024-08-09,0.8666,0.86719,0.86322,0.86516,69430
2024-08-12,0.86312,0.87119,0.86295,0.86517,63792
2024-08-13,0.86514,0.86801,0.86371,0.86477,63263
2024-08-14,0.86481,0.86611,0.86173,0.86509,68902
2024-08-15,0.86515,0.87487,0.86403,0.87254,63010
2024-08-16,0.87256,0.87285,0.86598,0.86599,50659
2024-08-19,0.86427,0.86776,0.86158,0.86288,62650
2024-08-20,0.86275,0.86308,0.85398,0.85403,62543
2024-08-21,0.85397,0.85615,0.84953,0.85167,65616
2024-08-22,0.85156,0.85342,0.84892,0.8522,56658
2024-08-23,0.85221,0.85419,0.84706,0.84775,65767
2024-08-26,0.84705,0.84858,0.84559,0.84725,55381
2024-08-27,0.8472,0.84844,0.84091,0.84158,54552
2024-08-28,0.84163,0.84521,0.84097,0.84214,58657
2024-08-29,0.84218,0.84935,0.84002,0.84735,72012
2024-08-30,0.84724,0.85106,0.84546,0.84986,55321
2024-09-02,0.84871,0.85374,0.84809,0.85164,41056
2024-09-03,0.85147,0.85377,0.84781,0.85034,64271
2024-09-04,0.85003,0.85187,0.8463,0.84648,66759
2024-09-05,0.84644,0.84911,0.84337,0.84403,69034
2024-09-06,0.84394,0.84759,0.83744,0.84307,87276
2024-09-09,0.84333,0.84944,0.84188,0.84933,65075
2024-09-10,0.84931,0.84987,0.84564,0.84695,56655
2024-09-11,0.84686,0.85295,0.84218,0.85224,77631
2024-09-12,0.8522,0.85497,0.8501,0.85109,69415
2024-09-13,0.85106,0.85136,0.84436,0.84906,62030
2024-09-16,0.8469,0.84861,0.84344,0.84474,61296
2024-09-17,0.8447,0.84769,0.84298,0.84723,63557
2024-09-18,0.84703,0.84799,0.83906,0.84619,78560
2024-09-19,0.84612,0.85149,0.8449,0.84768,93308
2024-09-20,0.84775,0.85169,0.84515,0.85021,74489
2024-09-23,0.84879,0.8518,0.84563,0.84757,60855
2024-09-24,0.84746,0.849,0.84308,0.8433,65887
2024-09-25,0.84321,0.85069,0.84149,0.85038,64759
2024-09-26,0.85034,0.85161,0.84528,0.84613,85773
2024-09-27,0.84612,0.84932,0.84018,0.84032,87008
2024-09-30,0.83997,0.84737,0.83992,0.84559,79030
2024-10-01,0.84555,0.84822,0.84313,0.84656,89884
2024-10-02,0.84652,0.85078,0.84437,0.8497,57911
2024-10-03,0.84963,0.85428,0.8488,0.85283,80270
2024-10-04,0.85223,0.86077,0.85,0.85807,61737
2024-10-07,0.85758,0.85983,0.85341,0.85434,53721
2024-10-08,0.85362,0.85841,0.85286,0.85723,54567
2024-10-09,0.85688,0.86104,0.8557,0.86078,45172
2024-10-10,0.86032,0.86138,0.85579,0.8562,58559
2024-10-11,0.85571,0.85845,0.85494,0.85724,40495
2024-10-14,0.85598,0.86419,0.85548,0.86246,32592
2024-10-15,0.86239,0.86368,0.86066,0.86215,41094
2024-10-16,0.86147,0.86578,0.86102,0.86543,36650
2024-10-17,0.8654,0.86697,0.86295,0.86598,43649
2024-10-18,0.8659,0.86694,0.86458,0.86472,33820
2024-10-21,0.86417,0.86637,0.86331,0.86614,36113
2024-10-22,0.86614,0.86628,0.86451,0.86535,38856
2024-10-23,0.86537,0.8686,0.86475,0.86642,37078
2024-10-24,0.86629,0.86717,0.86506,0.86569,45550
2024-10-25,0.86561,0.86745,0.86448,0.86667,35627
2024-10-28,0.86775,0.86999,0.86468,0.86523,42876
2024-10-29,0.86461,0.86985,0.864,0.86734,40488
2024-10-30,0.8669,0.86937,0.86538,0.86653,44432
2024-10-31,0.8667,0.8667,0.86328,0.86342,50906
2024-11-01,0.86354,0.87111,0.86315,0.86986,50305
2024-11-04,0.86714,0.86811,0.8615,0.86411,43851
2024-11-05,0.86365,0.86465,0.86158,0.86323,37377
2024-11-06,0.86298,0.87735,0.86196,0.87647,162364
2024-11-07,0.87541,0.87744,0.87091,0.87232,77082
2024-11-08,0.87175,0.8769,0.87009,0.87543,60414
2024-11-11,0.87444,0.88097,0.87444,0.88088,44110
2024-11-12,0.88013,0.88362,0.87813,0.88164,56788
2024-11-13,0.88041,0.88633,0.87974,0.88599,70801
2024-11-14,0.88513,0.89175,0.88406,0.89041,78452
2024-11-15,0.88996,0.89074,0.88591,0.88835,75702
2024-11-18,0.8864,0.88872,0.88291,0.88319,57859
2024-11-19,0.88281,0.88447,0.8801,0.88233,75465
2024-11-20,0.88148,0.88622,0.88103,0.88416,49270
2024-11-21,0.88379,0.88702,0.88208,0.88673,63826
2024-11-22,0.88651,0.89577,0.88514,0.89416,74871
2024-11-25,0.88929,0.89169,0.88484,0.88619,76673
2024-11-26,0.88562,0.88942,0.88421,0.88649,83150
2024-11-27,0.886,0.88673,0.87974,0.88193,80329
2024-11-28,0.88123,0.88481,0.87855,0.88287,41497
2024-11-29,0.88269,0.88283,0.87951,0.8807,79627
2024-12-02,0.87913,0.88897,0.879,0.88645,74952
2024-12-03,0.88632,0.88885,0.88295,0.88638,57902
2024-12-04,0.8863,0.88797,0.88263,0.8844,63828
2024-12-05,0.88425,0.88531,0.87788,0.87849,55624
2024-12-06,0.87814,0.87973,0.87269,0.87862,61356
2024-12-09,0.87722,0.88039,0.87587,0.87874,46135
2024-12-10,0.87862,0.88327,0.87709,0.88295,48173
2024-12-11,0.88163,0.88541,0.88108,0.88417,62780
2024-12-12,0.88362,0.89279,0.88164,0.89228,69299
2024-12-13,0.89143,0.89458,0.89078,0.89287,47897
2024-12-16,0.88968,0.89486,0.88956,0.89445,53807
2024-12-17,0.89374,0.89748,0.89145,0.89271,50366
2024-12-18,0.89223,0.90205,0.89172,0.90109,63102
2024-12-19,0.90102,0.90218,0.89518,0.8988,79348
2024-12-20,0.89812,0.89917,0.89133,0.89307,66150
2024-12-23,0.89144,0.90016,0.89071,0.89854,45984
2024-12-24,0.89844,0.9012,0.89704,0.89942,32170
2024-12-26,0.89819,0.90102,0.89745,0.89864,35440
2024-12-27,0.89878,0.90275,0.8982,0.90127,36920
2024-12-30,0.89988,0.90737,0.89964,0.90367,42966
2024-12-31,0.90363,0.90804,0.90229,0.90753,40648
2025-01-02,0.9056,0.91372,0.90389,0.91221,56481
2025-01-03,0.91223,0.91247,0.90799,0.9084,37852
2025-01-06,0.90858,0.91051,0.90082,0.90457,68910
2025-01-07,0.90455,0.90974,0.90225,0.90971,61543
2025-01-08,0.90971,0.91284,0.90874,0.9112,58049
2025-01-09,0.91027,0.91307,0.90981,0.91219,40924
2025-01-10,0.91162,0.91885,0.91049,0.91631,60338
2025-01-13,0.9149,0.92014,0.9149,0.91707,51363
2025-01-14,0.91565,0.91735,0.91215,0.91231,59114
2025-01-15,0.91219,0.91458,0.90787,0.91263,56090
2025-01-16,0.91258,0.91363,0.91,0.91066,57841
2025-01-17,0.90987,0.91534,0.90902,0.91474,50039
2025-01-20,0.91208,0.91521,0.90553,0.9066,60123
2025-01-21,0.90568,0.91145,0.9049,0.90544,70989
2025-01-22,0.90516,0.90752,0.90326,0.90654,51957
2025-01-23,0.90593,0.91082,0.90487,0.90719,61522
2025-01-24,0.90669,0.90768,0.90274,0.90588,58229
2025-01-27,0.90192,0.90731,0.89651,0.90195,62020
2025-01-28,0.90127,0.90707,0.90057,0.904,49937
2025-01-29,0.9037,0.90951,0.90261,0.90679,54200
2025-01-30,0.90628,0.91035,0.90568,0.90964,52959
2025-01-31,0.90907,0.91159,0.90714,0.91124,64281
2025-02-03,0.91424,0.91966,0.90922,0.91037,93722
2025-02-04,0.90991,0.91313,0.90454,0.90501,52805
2025-02-05,0.90466,0.90593,0.90016,0.90167,49552
2025-02-06,0.90168,0.90618,0.90005,0.90482,43108
2025-02-07,0.90479,0.91064,0.90355,0.90981,55626
2025-02-10,0.91046,0.91223,0.90936,0.91133,35521
2025-02-11,0.91123,0.91405,0.90935,0.91323,35036
2025-02-12,0.9132,0.91558,0.91025,0.9135,51592
2025-02-13,0.91349,0.91402,0.90279,0.90301,57289
2025-02-14,0.90298,0.90491,0.89721,0.89961,45033
2025-02-17,0.89712,0.9018,0.89712,0.9007,32169
2025-02-18,0.9006,0.9041,0.89931,0.90332,34491
2025-02-19,0.90323,0.90545,0.90114,0.90458,39036
2025-02-20,0.90442,0.90464,0.89756,0.89779,41179
2025-02-21,0.89785,0.90047,0.89668,0.89736,44522
2025-02-24,0.896,0.89983,0.89536,0.89705,50406
2025-02-25,0.89691,0.89779,0.89121,0.89286,47460
2025-02-26,0.89285,0.89645,0.89119,0.89457,48299
2025-02-27,0.89461,0.90056,0.89249,0.8996,50915
2025-02-28,0.89958,0.90361,0.89773,0.903,53411
2025-03-03,0.9009,0.90311,0.89604,0.89673,57257
2025-03-04,0.89669,0.89718,0.88716,0.88933,82941
2025-03-05,0.88907,0.89145,0.88557,0.89074,81820
2025-03-06,0.89054,0.89256,0.88254,0.88351,81824
2025-03-07,0.88336,0.88372,0.8767,0.87938,74691
2025-03-10,0.879,0.88218,0.8758,0.88077,67051
2025-03-11,0.88043,0.88354,0.87727,0.88254,77211
2025-03-12,0.88247,0.88521,0.8795,0.8817,53556
2025-03-13,0.88115,0.88547,0.88034,0.88198,52334
2025-03-14,0.88133,0.88637,0.88075,0.88489,52106
2025-03-17,0.88402,0.88533,0.87975,0.8807,44429
2025-03-18,0.8806,0.88185,0.87592,0.87665,42820
2025-03-19,0.87567,0.88093,0.87539,0.87739,47715
2025-03-20,0.87705,0.88427,0.87556,0.88172,54093
2025-03-21,0.88072,0.884,0.87965,0.88321,43569
2025-03-24,0.88225,0.88458,0.87994,0.88279,45397
2025-03-25,0.88222,0.88487,0.88003,0.88254,41621
2025-03-26,0.88213,0.88504,0.88014,0.88357,40450
2025-03-27,0.88321,0.88488,0.88039,0.88157,39541
2025-03-28,0.88083,0.88342,0.87994,0.88071,36596
2025-03-31,0.87843,0.88552,0.87792,0.88425,45787
2025-04-01,0.88383,0.88455,0.88167,0.88356,39504
2025-04-02,0.88349,0.88486,0.88122,0.88149,45905
2025-04-03,0.88152,0.88301,0.8547,0.8592,115684
2025-04-04,0.85915,0.86254,0.84765,0.85993,138906
2025-04-07,0.85128,0.86739,0.8451,0.86042,164760
2025-04-08,0.85793,0.86045,0.84554,0.84735,115979
2025-04-09,0.84706,0.8583,0.83591,0.85766,152755
2025-04-10,0.85674,0.85773,0.82311,0.82367,133533
2025-04-11,0.82312,0.82575,0.8099,0.81492,159588
2025-04-14,0.81961,0.82683,0.81187,0.81482,109960
2025-04-15,0.8141,0.82393,0.81318,0.82337,68066
2025-04-16,0.82215,0.82321,0.81207,0.81329,91760
2025-04-17,0.81282,0.82313,0.81143,0.81949,76888
2025-04-18,0.81785,0.81963,0.81546,0.81572,298411
2025-04-21,0.81538,0.8163,0.80394,0.80892,78949
2025-04-22,0.80878,0.81913,0.806,0.81893,88793
2025-04-23,0.81882,0.83111,0.81692,0.83044,104518
2025-04-24,0.82951,0.83038,0.8239,0.82673,67395
2025-04-25,0.82551,0.83344,0.82503,0.82791,62327
2025-04-28,0.83133,0.83184,0.81974,0.81992,58468
2025-04-29,0.81991,0.82639,0.81935,0.82383,62866
2025-04-30,0.82259,0.82726,0.82138,0.82627,73070
2025-05-01,0.82482,0.83332,0.82366,0.82923,62183
2025-05-02,0.82852,0.83183,0.82058,0.8263,79052
2025-05-05,0.82471,0.82755,0.82142,0.82216,61987
2025-05-06,0.822,0.82654,0.8208,0.82175,63688
2025-05-07,0.82129,0.82722,0.81858,0.82353,76305
2025-05-08,0.82265,0.83321,0.82211,0.8315,74556
2025-05-09,0.83039,0.8341,0.82693,0.83118,60615
2025-05-12,0.83524,0.84761,0.83308,0.84534,92033
2025-05-13,0.84537,0.84573,0.83871,0.83939,66109
2025-05-14,0.83894,0.8436,0.83245,0.84218,77376
2025-05-15,0.84152,0.84217,0.83463,0.83555,67851
2025-05-16,0.83561,0.84008,0.83269,0.83714,54847
2025-05-19,0.83513,0.83658,0.83179,0.83448,76230
2025-05-20,0.83276,0.83627,0.82823,0.82827,63317
2025-05-21,0.82807,0.82857,0.82096,0.82519,78650
2025-05-22,0.8234,0.83067,0.82339,0.82884,74737
2025-05-23,0.82899,0.82902,0.82046,0.82127,71528
2025-05-26,0.82012,0.82331,0.81926,0.82092,45509
2025-05-27,0.81942,0.828,0.81878,0.82718,59291
2025-05-28,0.82663,0.82912,0.8245,0.82688,59483
2025-05-29,0.82705,0.83478,0.82178,0.82286,78894
2025-05-30,0.82095,0.82491,0.81929,0.82272,70675
2025-06-02,0.82281,0.82324,0.81568,0.81694,64120
2025-06-03,0.81761,0.82473,0.81584,0.82388,57582
2025-06-04,0.82224,0.82499,0.81701,0.81819,62569
2025-06-05,0.81763,0.8215,0.8158,0.8195,75572
2025-06-06,0.81877,0.82483,0.81816,0.82173,62590
2025-06-09,0.82048,0.82256,0.81924,0.82131,42616
2025-06-10,0.82115,0.82419,0.82038,0.82254,57523
2025-06-11,0.82237,0.82345,0.81849,0.81961,56741
2025-06-12,0.81897,0.8202,0.81014,0.81029,72623
2025-06-13,0.80955,0.81483,0.80559,0.81091,82377
2025-06-16,0.81033,0.81468,0.80889,0.81369,68769
2025-06-17,0.81331,0.81716,0.81194,0.81611,67695
2025-06-18,0.81373,0.81991,0.8117,0.81841,68768
2025-06-19,0.81833,0.82153,0.81559,0.81627,55566
2025-06-20,0.81564,0.81835,0.81456,0.81725,50361
2025-06-23,0.81635,0.8195,0.81152,0.81258,85783
2025-06-24,0.81188,0.81308,0.80346,0.80489,67825
2025-06-25,0.80501,0.808,0.80395,0.80457,49687
2025-06-26,0.80437,0.80489,0.79782,0.79967,61125
2025-06-27,0.79923,0.80178,0.79575,0.79815,58185
2025-06-30,0.79791,0.79944,0.79292,0.79306,62988
2025-07-01,0.79295,0.79438,0.78721,0.79052,59820
2025-07-02,0.78999,0.79413,0.78947,0.79194,50253
2025-07-03,0.79168,0.79865,0.79007,0.79522,51160
2025-07-04,0.79457,0.7956,0.79219,0.79322,71735
2025-07-07,0.7928,0.79911,0.79084,0.79801,47772
2025-07-08,0.79761,0.79948,0.79531,0.79563,42657
2025-07-09,0.79547,0.79788,0.79395,0.79417,41734
2025-07-10,0.79353,0.79875,0.79195,0.79676,38929
2025-07-11,0.79677,0.79818,0.79537,0.79599,41120
2025-07-14,0.797,0.79848,0.7947,0.79767,42811
2025-07-15,0.79757,0.80245,0.7948,0.80142,43905
2025-07-16,0.8008,0.80615,0.79471,0.80048,65310
2025-07-17,0.80008,0.8064,0.79895,0.8043,46785
2025-07-18,0.80375,0.80423,0.79847,0.80155,39018
2025-07-21,0.79905,0.80224,0.79653,0.7975,45176
2025-07-22,0.79735,0.79919,0.79174,0.79186,43339
2025-07-23,0.7918,0.79495,0.7909,0.79223,51216
2025-07-24,0.79149,0.79608,0.79093,0.79518,50592
2025-07-25,0.79439,0.79795,0.79335,0.79442,42499
2025-07-28,0.79532,0.80372,0.79445,0.80328,55308
2025-07-29,0.80313,0.80793,0.80076,0.80573,53318
2025-07-30,0.80567,0.81503,0.80381,0.81488,58730
2025-07-31,0.81454,0.81454,0.81116,0.8122,51321
2025-08-01,0.81191,0.81714,0.80258,0.80382,88893
2025-08-04,0.80299,0.80965,0.80247,0.80766,79458
2025-08-05,0.80749,0.81181,0.80647,0.80729,67317
2025-08-06,0.80685,0.8094,0.80486,0.80582,67964
2025-08-07,0.80526,0.80896,0.80428,0.80625,73008
2025-08-08,0.8061,0.80891,0.80496,0.80743,61844
2025-08-11,0.80665,0.81319,0.80608,0.81233,57404
2025-08-12,0.81212,0.81268,0.80614,0.80614,74158
2025-08-13,0.80577,0.80717,0.80219,0.8051,60942
2025-08-14,0.80476,0.80924,0.80292,0.80733,75145
2025-08-15,0.80726,0.80797,0.80456,0.80599,58067
2025-08-18,0.80455,0.80811,0.80354,0.80698,61003
2025-08-19,0.8069,0.80855,0.80473,0.80719,52781
2025-08-20,0.80712,0.80929,0.80308,0.8039,54756
2025-08-21,0.80324,0.80906,0.80246,0.80835,57297
2025-08-22,0.80832,0.8104,0.80002,0.80092,63251
2025-08-25,0.80045,0.80712,0.79948,0.80565,49010
2025-08-26,0.80527,0.80724,0.80256,0.80313,64607
2025-08-27,0.80261,0.80763,0.80154,0.8021,49689
2025-08-28,0.8017,0.8039,0.79939,0.80108,49613
2025-08-29,0.80057,0.80352,0.79856,0.80028,54110
2025-09-01,0.79855,0.80173,0.79791,0.80022,51023
2025-09-02,0.79979,0.80609,0.79951,0.80434,68487
2025-09-03,0.80409,0.80681,0.80273,0.8041,57588
2025-09-04,0.80371,0.8072,0.80255,0.80556,55588
2025-09-05,0.80485,0.80582,0.7956,0.79767,63930
2025-09-08,0.7975,0.79959,0.79272,0.79315,61902
2025-09-09,0.79275,0.79795,0.79154,0.79711,62893
2025-09-10,0.79693,0.79946,0.79533,0.79911,55956
2025-09-11,0.79882,0.80077,0.79483,0.79571,59895
2025-09-12,0.79516,0.79866,0.79428,0.79645,41373
2025-09-15,0.7961,0.79728,0.79362,0.79448,40870
2025-09-16,0.79382,0.79483,0.78529,0.78555,49482
2025-09-17,0.78543,0.78937,0.78292,0.7886,48016
2025-09-18,0.78835,0.79379,0.78714,0.79234,57285
2025-09-19,0.79196,0.79661,0.79079,0.79538,70557
2025-09-22,0.79328,0.79729,0.7922,0.79234,53652
2025-09-23,0.7921,0.7934,0.79093,0.7912,71519
2025-09-24,0.79087,0.79573,0.79019,0.79496,55376
2025-09-25,0.79463,0.8014,0.79318,0.79934,56134
2025-09-26,0.79908,0.80072,0.79733,0.79786,48823
2025-09-29,0.79702,0.79876,0.79521,0.79745,49296
2025-09-30,0.7971,0.79855,0.7939,0.79627,48106
2025-10-01,0.79563,0.79902,0.79284,0.79692,70585
2025-10-02,0.79648,0.80002,0.79513,0.79782,47004
2025-10-03,0.79697,0.79803,0.79468,0.79481,47011
2025-10-06,0.79533,0.79939,0.79467,0.79478,67363
2025-10-07,0.79452,0.79916,0.79414,0.79818,53487
2025-10-08,0.79775,0.80288,0.7965,0.8016,55448
2025-10-09,0.80148,0.80762,0.80025,0.80624,59395
2025-10-10,0.80618,0.80681,0.79822,0.79853,66533
2025-10-13,0.8003,0.80581,0.79953,0.80389,64878
2025-10-14,0.80337,0.80501,0.80028,0.80078,65436
2025-10-15,0.80058,0.80161,0.79571,0.79666,52595
2025-10-16,0.79638,0.7985,0.79239,0.79257,58821
2025-10-17,0.79226,0.79369,0.7873,0.79318,64152
2025-10-20,0.7909,0.79436,0.79015,0.79246,40975
2025-10-21,0.79219,0.79646,0.79045,0.79635,51814
2025-10-22,0.79607,0.79739,0.79469,0.79602,45349
2025-10-23,0.79561,0.79871,0.79465,0.79519,29335
2025-10-24,0.79473,0.79684,0.79273,0.79512,40649
2025-10-27,0.79631,0.79732,0.79452,0.79533,37218
2025-10-28,0.7949,0.7967,0.79252,0.79324,40873
2025-10-29,0.79279,0.80203,0.79222,0.80001,51926
2025-10-30,0.79928,0.8037,0.79756,0.80191,47927
2025-10-31,0.80156,0.80522,0.80092,0.80437,41220
2025-11-03,0.80245,0.80915,0.80245,0.80794,41134
2025-11-04,0.80754,0.81083,0.80673,0.81041,38659
2025-11-05,0.80966,0.81246,0.80795,0.81023,40137
2025-11-06,0.80979,0.81046,0.80559,0.80612,38287
2025-11-07,0.80583,0.80843,0.8032,0.80463,37812
2025-11-10,0.80431,0.80728,0.80414,0.80478,44513
2025-11-11,0.80436,0.80616,0.79861,0.80048,33878
2025-11-12,0.79969,0.80116,0.79675,0.79754,32581
2025-11-13,0.79704,0.79941,0.79084,0.79269,40855
2025-11-14,0.79243,0.7948,0.7878,0.79385,50033
2025-11-17,0.79303,0.79658,0.79244,0.79604,35178
2025-11-18,0.79571,0.80008,0.79377,0.79965,42697
2025-11-19,0.79934,0.80671,0.79813,0.8053,47386
2025-11-20,0.805,0.80768,0.80369,0.80565,51666
2025-11-21,0.80502,0.80988,0.80356,0.80825,52715
2025-11-24,0.8067,0.81018,0.8059,0.80821,36110
2025-11-25,0.80796,0.81019,0.80578,0.8076,42354
2025-11-26,0.80693,0.80836,0.80387,0.80407,48074
2025-11-27,0.80363,0.80625,0.80264,0.80477,27575
2025-11-28,0.80437,0.80713,0.80264,0.80296,92473
2025-12-01,0.80317,0.80488,0.79962,0.80469,47771
2025-12-02,0.80414,0.80532,0.80268,0.80271,32361
2025-12-03,0.80239,0.8031,0.79917,0.79948,36973
2025-12-04,0.79918,0.80396,0.79882,0.80355,36033
2025-12-05,0.80225,0.80553,0.80086,0.80442,38610
2025-12-08,0.80325,0.80856,0.80263,0.80671,45721
2025-12-09,0.80637,0.80825,0.80499,0.80612,43388
2025-12-10,0.80587,0.80648,0.79922,0.79983,48224
2025-12-11,0.7996,0.80012,0.79243,0.79515,48367
2025-12-12,0.79521,0.79648,0.79318,0.79584,41464
2025-12-15,0.79395,0.79736,0.79325,0.79595,44055
2025-12-16,0.79541,0.79707,0.7926,0.79505,53067
2025-12-17,0.79452,0.79876,0.79352,0.79551,47697
2025-12-18,0.79509,0.7966,0.79247,0.79396,48098
2025-12-19,0.79377,0.79622,0.79336,0.79565,44068
2025-12-22,0.79385,0.79592,0.79159,0.7917,45120
2025-12-23,0.79152,0.79189,0.78664,0.78738,54367
2025-12-24,0.78728,0.78968,0.78546,0.78727,59691
2025-12-26,0.78494,0.79031,0.78494,0.78897,48722
2025-12-29,0.78785,0.79159,0.78712,0.78898,55513
2025-12-30,0.78873,0.79239,0.7876,0.79172,36689
2025-12-31,0.7914,0.79424,0.79109,0.79219,39610
2026-01-02,0.79225,0.7941,0.79012,0.79211,38740
2026-01-05,0.7909,0.79676,0.79033,0.79138,54954
2026-01-06,0.79104,0.79595,0.79061,0.7955,44107
2026-01-07,0.7952,0.79791,0.7942,0.79779,47942
2026-01-08,0.79689,0.79999,0.79555,0.79865,39110
2026-01-09,0.79865,0.80176,0.79722,0.80096,48324
2026-01-12,0.79967,0.80177,0.79557,0.79725,52297
2026-01-13,0.79695,0.80158,0.79602,0.8009,47349
2026-01-14,0.80072,0.80276,0.79835,0.79966,46113
2026-01-15,0.79928,0.80408,0.79774,0.80324,39950
2026-01-16,0.8027,0.80394,0.80059,0.80284,34862
2026-01-19,0.80039,0.80222,0.79625,0.7972,45731
2026-01-20,0.79687,0.79844,0.78783,0.78967,60375
2026-01-21,0.78922,0.79687,0.788,0.79537,56270
2026-01-22,0.79512,0.79655,0.78885,0.78896,46094
2026-01-23,0.78878,0.79144,0.77883,0.77998,50166
2026-01-26,0.7744,0.77936,0.77306,0.77695,74087
2026-01-27,0.77617,0.7784,0.76039,0.76106,70539
2026-01-28,0.76081,0.77274,0.76036,0.76833,84538
2026-01-29,0.76796,0.7706,0.76395,0.76424,82191
2026-01-30,0.76385,0.7732,0.76362,0.77285,88412
2026-02-02,0.77189,0.78174,0.7712,0.77962,87528
2026-02-03,0.77877,0.78011,0.77385,0.77506,71070
2026-02-04,0.77465,0.77757,0.77408,0.77728,65521
2026-02-05,0.77659,0.77871,0.77415,0.77786,69790
2026-02-06,0.77755,0.77861,0.77507,0.77553,51385
2026-02-09,0.77445,0.77716,0.76575,0.76609,64694
2026-02-10,0.76551,0.76878,0.76291,0.76791,54064
2026-02-11,0.76697,0.77301,0.7645,0.77164,71650
2026-02-12,0.77108,0.7725,0.76668,0.76914,70643
2026-02-13,0.76826,0.7718,0.76674,0.76729,58023
2026-02-16,0.7676,0.77045,0.76679,0.76948,28212
2026-02-17,0.76912,0.77399,0.76806,0.76992,49634
2026-02-18,0.76957,0.77322,0.76917,0.77301,41561
2026-02-19,0.77217,0.77627,0.76852,0.77497,46049
2026-02-20,0.7745,0.77721,0.77305,0.77548,63183
2026-02-23,0.77295,0.77682,0.77103,0.77467,54344
2026-02-24,0.77454,0.77659,0.77303,0.77396,50943
2026-02-25,0.77357,0.77577,0.77186,0.77252,47281
2026-02-26,0.77172,0.77538,0.76756,0.77384,50472
2026-02-27,0.77343,0.77463,0.76715,0.76933,59008
2026-03-02,0.76715,0.78135,0.76575,0.77934,87315
2026-03-03,0.77897,0.78786,0.77688,0.78177,101319
2026-03-04,0.78115,0.78351,0.77871,0.77906,90420
2026-03-05,0.77854,0.78376,0.77804,0.78075,94066
2026-03-06,0.78055,0.78275,0.77555,0.77588,90541
2026-03-09,0.77893,0.78255,0.77692,0.77721,117199
2026-03-10,0.7769,0.77925,0.7748,0.77841,81261
2026-03-11,0.77801,0.78085,0.77652,0.78039,66195
2026-03-12,0.77989,0.78634,0.77601,0.78605,63389
2026-03-13,0.7859,0.79169,0.78429,0.79114,66657
2026-03-16,0.78834,0.79229,0.78583,0.78757,62094
2026-03-17,0.78691,0.79002,0.78438,0.78472,44974
2026-03-18,0.78444,0.79363,0.78383,0.79324,56811
2026-03-19,0.79312,0.79579,0.78577,0.78811,95325
2026-03-20,0.78813,0.79056,0.78553,0.78801,65917
2026-03-23,0.78645,0.79398,0.78346,0.78641,115307
2026-03-24,0.78624,0.79248,0.78499,0.78813,83931
2026-03-25,0.78815,0.79245,0.78701,0.79149,58190
2026-03-26,0.79116,0.79593,0.7899,0.79484,47806
2026-03-27,0.79471,0.79935,0.79333,0.79868,53051
2026-03-30,0.7956,0.80129,0.79396,0.7994,52972
2026-03-31,0.79873,0.80426,0.79594,0.79926,64918
2026-04-01,0.79912,0.79923,0.79051,0.79409,61146
2026-04-02,0.79336,0.80087,0.79245,0.79858,63347
2026-04-03,0.79748,0.8013,0.79651,0.79928,30304
2026-04-06,0.7995,0.80183,0.79613,0.79786,49825
2026-04-07,0.7973,0.80111,0.79613,0.79746,58078
2026-04-08,0.79677,0.7988,0.78694,0.79128,84340
2026-04-09,0.79084,0.79221,0.78791,0.79036,53032
2026-04-10,0.7893,0.79141,0.78548,0.78909,48989
2026-04-13,0.78991,0.79343,0.78301,0.78381,52396
2026-04-14,0.78339,0.78384,0.77904,0.78092,52324
2026-04-15,0.7806,0.78315,0.77986,0.78184,51087
2026-04-16,0.78087,0.78456,0.77988,0.78342,50785
2026-04-17,0.78315,0.78403,0.77753,0.78141,55984
2026-04-20,0.78124,0.78396,0.7776,0.77829,58576
2026-04-21,0.77801,0.78261,0.77609,0.78064,60565
2026-04-22,0.78035,0.78497,0.77921,0.78453,49873
2026-04-23,0.78406,0.78737,0.7814,0.78639,61650
2026-04-24,0.78522,0.78766,0.78414,0.78445,48827
2026-04-27,0.78641,0.78656,0.78308,0.78554,46486
2026-04-28,0.78433,0.79113,0.78308,0.78924,55852
2026-04-29,0.7886,0.79248,0.78751,0.79141,60109
2026-04-30,0.79027,0.79233,0.78056,0.78117,87321
2026-05-01,0.78094,0.78302,0.77791,0.78161,60146
2026-05-04,0.77915,0.78477,0.7764,0.78365,69054
2026-05-05,0.78357,0.78483,0.78131,0.78305,53302
2026-05-06,0.78279,0.78333,0.77713,0.77864,71756
2026-05-07,0.77845,0.78073,0.77659,0.78061,64174
2026-05-08,0.7788,0.78093,0.77616,0.77632,55581
2026-05-11,0.77695,0.77954,0.776,0.77788,46820
2026-05-12,0.7775,0.78234,0.77675,0.78047,57610
2026-05-13,0.7803,0.78308,0.77989,0.78162,47306
2026-05-14,0.78133,0.78405,0.78079,0.78364,51197
2026-05-15,0.78339,0.78734,0.78189,0.78676,65337
2026-05-18,0.78569,0.78774,0.78402,0.78437,66429
2026-05-19,0.7842,0.79063,0.78358,0.78886,57769
2026-05-20,0.78852,0.79068,0.78575,0.78716,62926
2026-05-21,0.78666,0.79042,0.78488,0.78639,69122
2026-05-22,0.78637,0.78759,0.7838,0.78511,52144
2026-05-25,0.78367,0.78443,0.78079,0.7826,34761
2026-05-26,0.78228,0.78633,0.7815,0.78566,45509
2026-05-27,0.78543,0.78756,0.7843,0.78707,49254
2026-05-28,0.78649,0.78993,0.78332,0.7839,55479
2026-05-29,0.78358,0.78473,0.77954,0.78071,57886
2026-06-01,0.78,0.78846,0.77949,0.78664,54986
2026-06-02,0.7862,0.78841,0.78444,0.78719,47127
2026-06-03,0.78697,0.79272,0.78547,0.79209,49599
2026-06-04,0.79184,0.79231,0.7868,0.78949,51294
2026-06-05,0.78904,0.7968,0.7872,0.79611,59570
2026-06-08,0.79508,0.79866,0.79313,0.79786,69020
2026-06-09,0.79752,0.79918,0.79484,0.79806,61941
2026-06-10,0.79783,0.80017,0.79583,0.79999,70204
2026-06-11,0.7995,0.80129,0.79419,0.79473,79553
2026-06-12,0.79414,0.7976,0.79384,0.79687,67428
2026-06-15,0.79545,0.79587,0.7921,0.79467,50182
2026-06-16,0.7938,0.79599,0.79216,0.79305,48157
2026-06-17,0.79294,0.80156,0.79099,0.7997,61889
2026-06-18,0.79968,0.80621,0.7982,0.80454,70112
2026-06-19,0.80364,0.80918,0.80271,0.80642,49927
2026-06-22,0.80707,0.80975,0.80694,0.80856,61060
2026-06-23,0.80815,0.81063,0.80744,0.80954,57201
2026-06-24,0.8096,0.81395,0.8082,0.81227,59612
2026-06-25,0.81036,0.81348,0.80896,0.81012,60830
2026-06-26,0.80909,0.81119,0.80662,0.8096,61739
2026-06-29,0.80998,0.81036,0.80714,0.8075,44987
2026-06-30,0.8073,0.81015,0.8063,0.80831,53395
2026-07-01,0.80772,0.81201,0.80612,0.80949,51170
2026-07-02,0.80834,0.8097,0.80099,0.80342,66548
2026-07-03,0.80325,0.8047,0.80105,0.80335,61639
2026-07-06,0.80263,0.80731,0.80239,0.80516,43723
2026-07-07,0.80462,0.80876,0.80389,0.80842,44899
2026-07-08,0.80713,0.8108,0.80637,0.80842,61063
2026-07-09,0.80711,0.80878,0.8053,0.80693,45459
2026-07-10,0.80634,0.80894,0.80305,0.80824,51340
2026-07-13,0.8068,0.8149,0.80641,0.81459,62352
2026-07-14,0.81421,0.81513,0.80606,0.80916,67852
2026-07-15,0.80866,0.81146,0.80338,0.80522,52604
2026-07-16,0.80477,0.8097,0.80297,0.80849,38530
2026-07-17,0.80855,0.80928,0.80601,0.80732,38098
2026-07-20,0.80804,0.81077,0.80612,0.81028,33873
2026-07-21,0.80947,0.81324,0.80849,0.81284,33110
2026-07-22,0.81079,0.8148,0.81079,0.81436,32771
2026-07-23,0.81393,0.81802,0.81301,0.81684,47449
2026-07-24,0.81661,0.81853,0.81529,0.81818,43905
2026-07-27,0.81542,0.81937,0.81388,0.81928,51002
2026-07-28,0.81645,0.8205,0.81645,0.81927,39922
2026-07-29,0.81787,0.82067,0.81322,0.81351,58714
2026-07-30,0.81316,0.81747,0.80392,0.805,72359
2026-07-31,0.80495,0.8129,0.80414,0.8076,72687
2026-08-03,0.80561,0.81153,0.80532,0.81038,56852
2026-08-04,0.80985,0.81063,0.808,0.80893,50948
2026-08-05,0.80889,0.81014,0.80638,0.80709,51943
2026-08-06,0.80689,0.81359,0.80597,0.81224,40479
2026-08-07,0.81056,0.81293,0.80564,0.80786,44167
2026-08-10,0.80665,0.81044,0.80569,0.81026,38349
2026-08-11,0.81012,0.81206,0.80869,0.81089,36697
2026-08-12,0.81033,0.81396,0.80893,0.81358,38558
2026-08-13,0.81269,0.8147,0.81081,0.81409,36469
2026-08-14,0.8119,0.81443,0.81033,0.81327,40387
2026-08-17,0.81097,0.81349,0.80719,0.81087,45755
2026-08-18,0.8106,0.8131,0.80827,0.81238,39597
2026-08-19,0.81205,0.81282,0.79694,0.7972,64250
2026-08-20,0.79721,0.80098,0.79497,0.80039,62860
2026-08-21,0.79999,0.80207,0.79829,0.80124,52890
2026-08-24,0.80114,0.80299,0.79964,0.80246,47940
2026-08-25,0.80219,0.80421,0.80081,0.80139,35415
2026-08-26,0.80141,0.80627,0.80072,0.80521,34997
2026-08-27,0.80541,0.80613,0.80293,0.80415,34093
2026-08-28,0.80241,0.80984,0.80208,0.80916,41108
2026-08-31,0.80743,0.80995,0.80684,0.80832,37256
2026-09-01,0.80831,0.81247,0.80688,0.81162,38117
2026-09-02,0.81154,0.81566,0.81068,0.81287,46019
2026-09-03,0.81228,0.81313,0.80523,0.80754,60414
2026-09-04,0.80658,0.81265,0.80591,0.80986,49529
2026-09-07,0.8082,0.81097,0.80727,0.80948,32337
2026-09-08,0.80949,0.81205,0.80734,0.8096,49632
2026-09-09,0.80935,0.81098,0.80674,0.81016,47798
2026-09-10,0.80904,0.81472,0.80842,0.81299,51575
2026-09-11,0.81198,0.81705,0.81198,0.81636,58116
2026-09-14,0.81562,0.8195,0.81532,0.81732,50334
2026-09-15,0.81665,0.81989,0.81622,0.81878,41610
2026-09-16,0.81864,0.8264,0.81757,0.8259,49474
2026-09-17,0.8252,0.82635,0.82227,0.82455,50719
2026-09-18,0.82434,0.82599,0.82161,0.822,52651
2026-09-21,0.8214,0.82391,0.82027,0.82109,38653
2026-09-22,0.82109,0.82248,0.81835,0.82047,59212
2026-09-23,0.82004,0.82605,0.81951,0.82523,51848
2026-09-24,0.82515,0.82966,0.82284,0.82783,65875
2026-09-25,0.82767,0.82982,0.82687,0.82845,59614
2026-09-28,0.82755,0.83276,0.82709,0.83196,54749
2026-09-29,0.83201,0.83586,0.82927,0.83376,48783
2026-09-30,0.83385,0.83618,0.83207,0.83574,61349
2026-10-01,0.83574,0.83824,0.82921,0.83101,74430
2026-10-02,0.8309,0.83269,0.82276,0.82873,78735
