time,open,high,low,close,volume
2025-01-02 00:00:00,1.43736,1.4386,1.4369100000000001,1.43732,5571
2025-01-02 04:00:00,1.43732,1.43802,1.4371,1.43712,4931
2025-01-02 08:00:00,1.43712,1.44223,1.43708,1.44146,11369
2025-01-02 12:00:00,1.44147,1.44321,1.44097,1.44214,14548
2025-01-02 16:00:00,1.44214,1.44422,1.43924,1.44032,30766
2025-01-02 20:00:00,1.44031,1.44201,1.43967,1.4402599999999999,12659
2025-01-03 00:00:00,1.43912,1.44086,1.43878,1.43913,5953
2025-01-03 04:00:00,1.43913,1.43952,1.43832,1.43925,4762
2025-01-03 08:00:00,1.43927,1.44032,1.43846,1.43902,11405
2025-01-03 12:00:00,1.43902,1.44195,1.4389,1.4414,11155
2025-01-03 16:00:00,1.44139,1.4462,1.4409,1.44574,22617
2025-01-03 20:00:00,1.44573,1.4463599999999999,1.44398,1.44483,10066
2025-01-06 00:00:00,1.44303,1.44505,1.43975,1.44004,7769
2025-01-06 04:00:00,1.44004,1.44067,1.4387699999999999,1.43895,7609
2025-01-06 08:00:00,1.43896,1.43995,1.43585,1.43744,14045
2025-01-06 12:00:00,1.43742,1.43804,1.42994,1.43053,27454
2025-01-06 16:00:00,1.43054,1.43791,1.42797,1.43641,34578
2025-01-06 20:00:00,1.43641,1.43735,1.4328400000000001,1.43323,12812
2025-01-07 00:00:00,1.4322599999999999,1.435,1.4319600000000001,1.4336,5740
2025-01-07 04:00:00,1.4336,1.43373,1.43116,1.4315,6117
2025-01-07 08:00:00,1.4315,1.43218,1.43019,1.43024,12273
2025-01-07 12:00:00,1.43022,1.43231,1.42978,1.4321,12296
2025-01-07 16:00:00,1.4321,1.43659,1.43175,1.4344700000000001,32917
2025-01-07 20:00:00,1.43446,1.43712,1.43383,1.43709,12195
2025-01-08 00:00:00,1.4359899999999999,1.4368,1.4348,1.43494,6231
2025-01-08 04:00:00,1.43494,1.43523,1.43423,1.43428,4783
2025-01-08 08:00:00,1.43428,1.43696,1.43393,1.43642,12652
2025-01-08 12:00:00,1.43642,1.44099,1.43624,1.43953,23932
2025-01-08 16:00:00,1.43951,1.44067,1.43751,1.4391,28468
2025-01-08 20:00:00,1.4391,1.43937,1.4372099999999999,1.43753,15312
2025-01-09 00:00:00,1.43618,1.43864,1.43608,1.43776,5634
2025-01-09 04:00:00,1.43776,1.4381300000000001,1.43651,1.4374,6436
2025-01-09 08:00:00,1.43741,1.44049,1.43711,1.43848,14817
2025-01-09 12:00:00,1.43849,1.43988,1.43804,1.43951,13582
2025-01-09 16:00:00,1.43951,1.44042,1.43879,1.43961,11698
2025-01-09 20:00:00,1.43961,1.44001,1.43878,1.43934,5266
2025-01-10 00:00:00,1.4393099999999999,1.44028,1.43824,1.4401,5088
2025-01-10 04:00:00,1.44009,1.44178,1.44,1.44169,5184
2025-01-10 08:00:00,1.4417,1.44219,1.43952,1.44107,11722
2025-01-10 12:00:00,1.44107,1.44371,1.43829,1.44032,17865
2025-01-10 16:00:00,1.44032,1.44429,1.4375499999999999,1.4415200000000001,40237
2025-01-10 20:00:00,1.4415200000000001,1.44372,1.4414500000000001,1.4420899999999999,14801
2025-01-13 00:00:00,1.44105,1.44283,1.44105,1.44226,6863
2025-01-13 04:00:00,1.44228,1.44472,1.44168,1.44347,7666
2025-01-13 08:00:00,1.44345,1.44433,1.44142,1.44357,17352
2025-01-13 12:00:00,1.4435799999999999,1.44402,1.43918,1.44083,17941
2025-01-13 16:00:00,1.4408400000000001,1.44275,1.43967,1.44086,28390
2025-01-13 20:00:00,1.44085,1.44196,1.43747,1.43767,12156
2025-01-14 00:00:00,1.43644,1.43853,1.4343,1.43763,10085
2025-01-14 04:00:00,1.43763,1.43878,1.43706,1.43833,8002
2025-01-14 08:00:00,1.43832,1.43842,1.43579,1.43762,17341
2025-01-14 12:00:00,1.43761,1.43983,1.43612,1.43963,18383
2025-01-14 16:00:00,1.4396200000000001,1.44104,1.43509,1.43673,30860
2025-01-14 20:00:00,1.43673,1.4369100000000001,1.43471,1.4349,12201
2025-01-15 00:00:00,1.4349,1.4356900000000001,1.43368,1.43555,3912
2025-01-15 04:00:00,1.43555,1.43628,1.43499,1.4362599999999999,4814
2025-01-15 08:00:00,1.4362599999999999,1.43641,1.4329,1.4346999999999999,12348
2025-01-15 12:00:00,1.43471,1.43669,1.43021,1.43082,16492
2025-01-15 16:00:00,1.43082,1.43581,1.43028,1.43372,32489
2025-01-15 20:00:00,1.43371,1.43411,1.4327,1.43396,8760
2025-01-16 00:00:00,1.43397,1.43423,1.43164,1.43422,7973
2025-01-16 04:00:00,1.43421,1.43671,1.434,1.43669,7112
2025-01-16 08:00:00,1.43667,1.43841,1.4353,1.43717,12067
2025-01-16 12:00:00,1.43717,1.43933,1.4368699999999999,1.43798,16077
2025-01-16 16:00:00,1.43797,1.44009,1.43676,1.43863,32442
2025-01-16 20:00:00,1.43864,1.44032,1.43828,1.43927,10793
2025-01-17 00:00:00,1.43943,1.4403000000000001,1.4381599999999999,1.44,4335
2025-01-17 04:00:00,1.4399899999999999,1.44059,1.43891,1.4402599999999999,5446
2025-01-17 08:00:00,1.4402599999999999,1.44177,1.44022,1.44134,11042
2025-01-17 12:00:00,1.44135,1.44406,1.44065,1.44363,13383
2025-01-17 16:00:00,1.44363,1.4464299999999999,1.43824,1.44384,32646
2025-01-17 20:00:00,1.44385,1.44848,1.44379,1.44766,12413
2025-01-20 00:00:00,1.44557,1.44855,1.44532,1.44556,5289
2025-01-20 04:00:00,1.44557,1.4458,1.44435,1.44503,4580
2025-01-20 08:00:00,1.44502,1.44785,1.4443,1.44777,11146
2025-01-20 12:00:00,1.44777,1.44777,1.4311099999999999,1.43125,20002
2025-01-20 16:00:00,1.43124,1.4381,1.42612,1.43374,28694
2025-01-20 20:00:00,1.43373,1.4350100000000001,1.42829,1.43038,8874
2025-01-21 00:00:00,1.43045,1.45169,1.42897,1.4441,23246
2025-01-21 04:00:00,1.4441,1.44449,1.4393799999999999,1.4433099999999999,15357
2025-01-21 08:00:00,1.44332,1.44577,1.4415,1.44242,15108
2025-01-21 12:00:00,1.4424299999999999,1.44566,1.44071,1.44477,18955
2025-01-21 16:00:00,1.4447999999999999,1.44496,1.43176,1.43349,34530
2025-01-21 20:00:00,1.4335,1.43444,1.43123,1.43219,12667
2025-01-22 00:00:00,1.4319,1.4351099999999999,1.43098,1.43371,9093
2025-01-22 04:00:00,1.43371,1.43442,1.43278,1.43372,5367
2025-01-22 08:00:00,1.43372,1.43543,1.43215,1.43275,15815
2025-01-22 12:00:00,1.43276,1.43708,1.43008,1.43536,17437
2025-01-22 16:00:00,1.4353500000000001,1.43912,1.43526,1.43659,25206
2025-01-22 20:00:00,1.4365999999999999,1.43907,1.43537,1.43766,9754
2025-01-23 00:00:00,1.43693,1.44043,1.43534,1.43946,6349
2025-01-23 04:00:00,1.43946,1.44042,1.43818,1.4393,6464
2025-01-23 08:00:00,1.4393,1.4402300000000001,1.43841,1.43897,13908
2025-01-23 12:00:00,1.43897,1.44136,1.43868,1.44039,12069
2025-01-23 16:00:00,1.44039,1.44042,1.43341,1.43393,24049
2025-01-23 20:00:00,1.43393,1.4386,1.4338899999999999,1.43844,10480
2025-01-24 00:00:00,1.43798,1.43839,1.4371399999999999,1.4375499999999999,2768
2025-01-24 04:00:00,1.4375499999999999,1.4375499999999999,1.43209,1.43315,9580
2025-01-24 08:00:00,1.43315,1.43489,1.43147,1.43253,17613
2025-01-24 12:00:00,1.43253,1.43499,1.43194,1.43242,13486
2025-01-24 16:00:00,1.43242,1.43417,1.43149,1.43373,20585
2025-01-24 20:00:00,1.43373,1.43495,1.43344,1.43394,8337
2025-01-27 00:00:00,1.43556,1.4387699999999999,1.43556,1.43837,5050
2025-01-27 04:00:00,1.43837,1.44015,1.43663,1.43846,7615
2025-01-27 08:00:00,1.43846,1.44004,1.4365,1.4368699999999999,16619
2025-01-27 12:00:00,1.4368699999999999,1.43703,1.43335,1.43579,21292
2025-01-27 16:00:00,1.4358,1.43986,1.43564,1.43983,21665
2025-01-27 20:00:00,1.43983,1.44015,1.43662,1.43734,11769
2025-01-28 00:00:00,1.43693,1.4415499999999999,1.4362599999999999,1.4397,10043
2025-01-28 04:00:00,1.4397,1.44056,1.43881,1.43984,6423
2025-01-28 08:00:00,1.43984,1.44126,1.43891,1.43976,12765
2025-01-28 12:00:00,1.43977,1.44201,1.43942,1.44021,11872
2025-01-28 16:00:00,1.4402300000000001,1.4402300000000001,1.4369,1.43973,17362
2025-01-28 20:00:00,1.43973,1.44134,1.43844,1.44032,9401
2025-01-29 00:00:00,1.43934,1.44093,1.43824,1.4403000000000001,4292
2025-01-29 04:00:00,1.4403000000000001,1.4403299999999999,1.4392,1.43979,4329
2025-01-29 08:00:00,1.43979,1.4433500000000001,1.4393099999999999,1.4429699999999999,10409
2025-01-29 12:00:00,1.4429699999999999,1.44705,1.44183,1.44646,12197
2025-01-29 16:00:00,1.44646,1.44715,1.44035,1.4421599999999999,21403
2025-01-29 20:00:00,1.44217,1.4445999999999999,1.44085,1.44194,19743
2025-01-30 00:00:00,1.44096,1.4421,1.4392800000000001,1.44137,4747
2025-01-30 04:00:00,1.44137,1.4425,1.44079,1.4424299999999999,4428
2025-01-30 08:00:00,1.4424299999999999,1.44359,1.4402599999999999,1.44102,9148
2025-01-30 12:00:00,1.44102,1.4423300000000001,1.44051,1.44092,12796
2025-01-30 16:00:00,1.44095,1.44227,1.4399899999999999,1.44149,17219
2025-01-30 20:00:00,1.44149,1.45949,1.44001,1.44845,14465
2025-01-31 00:00:00,1.44741,1.45108,1.44741,1.44838,7587
2025-01-31 04:00:00,1.44838,1.44898,1.44724,1.44779,5425
2025-01-31 08:00:00,1.44779,1.44915,1.44312,1.44786,12970
2025-01-31 12:00:00,1.44787,1.44974,1.44603,1.44881,13358
2025-01-31 16:00:00,1.44881,1.45506,1.43708,1.44009,26211
2025-01-31 20:00:00,1.44009,1.45595,1.43906,1.4537200000000001,25668
2025-02-03 00:00:00,1.47343,1.47515,1.4671,1.47485,23796
2025-02-03 04:00:00,1.47485,1.47931,1.47255,1.47283,18006
2025-02-03 08:00:00,1.47283,1.47523,1.4674800000000001,1.46933,19195
2025-02-03 12:00:00,1.46933,1.47042,1.4593,1.4668,17237
2025-02-03 16:00:00,1.4668,1.46998,1.45247,1.45792,33981
2025-02-03 20:00:00,1.45792,1.45932,1.4388,1.44286,18318
2025-02-04 00:00:00,1.4425,1.44624,1.43865,1.4449100000000001,10406
2025-02-04 04:00:00,1.4449100000000001,1.4503599999999999,1.44485,1.44869,10668
2025-02-04 08:00:00,1.44869,1.4488400000000001,1.4424299999999999,1.44254,14650
2025-02-04 12:00:00,1.44254,1.4442,1.43818,1.43833,12862
2025-02-04 16:00:00,1.43833,1.43933,1.43095,1.43407,19856
2025-02-04 20:00:00,1.43407,1.43466,1.43021,1.4319,9231
2025-02-05 00:00:00,1.43187,1.43393,1.4313500000000001,1.43343,6832
2025-02-05 04:00:00,1.43343,1.43446,1.43189,1.4338600000000001,8115
2025-02-05 08:00:00,1.4338600000000001,1.43439,1.42795,1.42858,13017
2025-02-05 12:00:00,1.42858,1.4295900000000001,1.42703,1.42927,11641
2025-02-05 16:00:00,1.42927,1.4300899999999999,1.4268,1.42922,18311
2025-02-05 20:00:00,1.42922,1.43282,1.42866,1.43159,7115
2025-02-06 00:00:00,1.43058,1.43278,1.43058,1.43144,4965
2025-02-06 04:00:00,1.43148,1.43515,1.43143,1.43483,6263
2025-02-06 08:00:00,1.43483,1.43668,1.43407,1.4359899999999999,9881
2025-02-06 12:00:00,1.4359899999999999,1.43645,1.4341599999999999,1.43421,12094
2025-02-06 16:00:00,1.43421,1.43496,1.43036,1.43109,13972
2025-02-06 20:00:00,1.4311099999999999,1.43195,1.43012,1.43041,7949
2025-02-07 00:00:00,1.43035,1.43188,1.43015,1.43057,4490
2025-02-07 04:00:00,1.43057,1.43269,1.4301300000000001,1.43253,4593
2025-02-07 08:00:00,1.43253,1.4325999999999999,1.43046,1.43119,7617
2025-02-07 12:00:00,1.43119,1.4344999999999999,1.42862,1.43051,12856
2025-02-07 16:00:00,1.43051,1.43398,1.42798,1.42929,27846
2025-02-07 20:00:00,1.42929,1.4301300000000001,1.4273799999999999,1.42917,9791
2025-02-10 00:00:00,1.43458,1.43764,1.4323000000000001,1.43492,9098
2025-02-10 04:00:00,1.43492,1.43582,1.43356,1.4344700000000001,6016
2025-02-10 08:00:00,1.43446,1.43591,1.43155,1.4326400000000001,10514
2025-02-10 12:00:00,1.43263,1.4344999999999999,1.43263,1.43375,9096
2025-02-10 16:00:00,1.4337,1.43435,1.4313500000000001,1.43197,11841
2025-02-10 20:00:00,1.432,1.43229,1.43056,1.43154,6087
2025-02-11 00:00:00,1.4313799999999999,1.43402,1.43057,1.43349,5502
2025-02-11 04:00:00,1.43349,1.4340899999999999,1.43293,1.4333,4857
2025-02-11 08:00:00,1.4333,1.43403,1.43245,1.4334,8425
2025-02-11 12:00:00,1.4334,1.43458,1.43082,1.4310399999999999,9529
2025-02-11 16:00:00,1.43105,1.43271,1.43002,1.43072,12450
2025-02-11 20:00:00,1.43072,1.43088,1.42785,1.4283299999999999,8247
2025-02-12 00:00:00,1.42847,1.42965,1.4282,1.42885,4412
2025-02-12 04:00:00,1.42885,1.42983,1.42797,1.42966,5906
2025-02-12 08:00:00,1.42966,1.4313500000000001,1.42861,1.43083,9175
2025-02-12 12:00:00,1.43084,1.43398,1.42895,1.43292,12395
2025-02-12 16:00:00,1.43292,1.43425,1.42557,1.42622,23625
2025-02-12 20:00:00,1.4262000000000001,1.43103,1.42593,1.43098,10567
2025-02-13 00:00:00,1.43062,1.43062,1.42872,1.42885,5181
2025-02-13 04:00:00,1.42885,1.42908,1.42557,1.4259,8091
2025-02-13 08:00:00,1.4259,1.43001,1.42547,1.42917,11314
2025-02-13 12:00:00,1.42917,1.43042,1.42679,1.42858,12487
2025-02-13 16:00:00,1.42853,1.42901,1.42109,1.42441,16883
2025-02-13 20:00:00,1.42441,1.42631,1.41831,1.41937,13354
2025-02-14 00:00:00,1.41927,1.42015,1.41824,1.41897,7027
2025-02-14 04:00:00,1.41897,1.4192,1.41771,1.41873,6205
2025-02-14 08:00:00,1.41873,1.41893,1.41568,1.41679,11269
2025-02-14 12:00:00,1.41679,1.41917,1.41554,1.4165,11380
2025-02-14 16:00:00,1.4165,1.41785,1.4151,1.41651,13821
2025-02-14 20:00:00,1.4165,1.41782,1.41574,1.4169,6524
2025-02-17 00:00:00,1.4156900000000001,1.41903,1.4156900000000001,1.41608,8407
2025-02-17 04:00:00,1.41608,1.4175499999999999,1.41607,1.41741,6963
2025-02-17 08:00:00,1.41741,1.41943,1.41713,1.41904,9017
2025-02-17 12:00:00,1.41907,1.4194200000000001,1.4181300000000001,1.41889,6574
2025-02-17 16:00:00,1.41889,1.41925,1.41794,1.41831,4574
2025-02-17 20:00:00,1.41831,1.41887,1.41808,1.41808,2254
2025-02-18 00:00:00,1.41756,1.42066,1.41733,1.41998,5703
2025-02-18 04:00:00,1.41998,1.42089,1.41886,1.42043,8318
2025-02-18 08:00:00,1.42043,1.42082,1.4181300000000001,1.4191500000000001,10136
2025-02-18 12:00:00,1.4191500000000001,1.4212799999999999,1.41794,1.4205,10066
2025-02-18 16:00:00,1.4205,1.42116,1.41829,1.41931,11859
2025-02-18 20:00:00,1.41931,1.41953,1.41832,1.41933,6085
2025-02-19 00:00:00,1.41928,1.41989,1.41845,1.41848,7366
2025-02-19 04:00:00,1.41848,1.41926,1.4179599999999999,1.418,8821
2025-02-19 08:00:00,1.418,1.42001,1.41754,1.41996,9527
2025-02-19 12:00:00,1.41996,1.42218,1.41958,1.41987,10356
2025-02-19 16:00:00,1.41987,1.42407,1.41921,1.42371,15066
2025-02-19 20:00:00,1.42371,1.42456,1.4224,1.42392,8600
2025-02-20 00:00:00,1.42297,1.42439,1.4224,1.42418,8864
2025-02-20 04:00:00,1.42418,1.42451,1.42205,1.42266,11822
2025-02-20 08:00:00,1.42266,1.42303,1.42102,1.42114,10211
2025-02-20 12:00:00,1.42114,1.42232,1.41966,1.4206400000000001,10143
2025-02-20 16:00:00,1.4206400000000001,1.42134,1.4177,1.41861,16099
2025-02-20 20:00:00,1.41861,1.41897,1.41662,1.41751,7233
2025-02-21 00:00:00,1.41686,1.4188399999999999,1.41642,1.41864,9259
2025-02-21 04:00:00,1.41864,1.41865,1.41684,1.41791,11773
2025-02-21 08:00:00,1.41791,1.41994,1.41771,1.4197,12309
2025-02-21 12:00:00,1.4197,1.42004,1.41737,1.41766,7862
2025-02-21 16:00:00,1.41766,1.422,1.41679,1.4218,15457
2025-02-21 20:00:00,1.4218,1.42362,1.42173,1.42251,10832
2025-02-24 00:00:00,1.4197899999999999,1.42236,1.41941,1.41964,10985
2025-02-24 04:00:00,1.41966,1.41974,1.41819,1.41941,12406
2025-02-24 08:00:00,1.41941,1.42165,1.41839,1.4212,12353
2025-02-24 12:00:00,1.4212,1.42235,1.42068,1.42167,9307
2025-02-24 16:00:00,1.42166,1.42448,1.42086,1.42246,17823
2025-02-24 20:00:00,1.42246,1.42679,1.42071,1.42587,9513
2025-02-25 00:00:00,1.4256,1.42794,1.42477,1.42631,8871
2025-02-25 04:00:00,1.42631,1.42662,1.4239899999999999,1.42452,11207
2025-02-25 08:00:00,1.42452,1.4274499999999999,1.42444,1.42676,13341
2025-02-25 12:00:00,1.42675,1.42718,1.42434,1.4262299999999999,11788
2025-02-25 16:00:00,1.4262299999999999,1.4316499999999999,1.42516,1.42929,21619
2025-02-25 20:00:00,1.4293,1.43176,1.42801,1.43175,11931
2025-02-26 00:00:00,1.43105,1.43143,1.42942,1.43041,8661
2025-02-26 04:00:00,1.43042,1.43329,1.43022,1.43311,10560
2025-02-26 08:00:00,1.43311,1.43335,1.4317,1.4332099999999999,11212
2025-02-26 12:00:00,1.4332,1.43573,1.43296,1.43518,9950
2025-02-26 16:00:00,1.43518,1.4365999999999999,1.42994,1.43178,21698
2025-02-26 20:00:00,1.43178,1.43685,1.43015,1.43361,13222
2025-02-27 00:00:00,1.43359,1.43553,1.43319,1.4348,8424
2025-02-27 04:00:00,1.4348,1.43634,1.43449,1.43541,12105
2025-02-27 08:00:00,1.43541,1.43561,1.43222,1.43274,11883
2025-02-27 12:00:00,1.43273,1.44349,1.4325999999999999,1.44262,12927
2025-02-27 16:00:00,1.44261,1.4442599999999999,1.4403000000000001,1.44293,22374
2025-02-27 20:00:00,1.44293,1.44492,1.4419,1.44351,9743
2025-02-28 00:00:00,1.44308,1.44477,1.4429,1.44439,10018
2025-02-28 04:00:00,1.4444,1.44528,1.44371,1.44404,14215
2025-02-28 08:00:00,1.44404,1.44529,1.44289,1.44375,13318
2025-02-28 12:00:00,1.44375,1.4441899999999999,1.44038,1.44154,11495
2025-02-28 16:00:00,1.4415499999999999,1.44483,1.43997,1.44395,22218
2025-02-28 20:00:00,1.44395,1.44715,1.4434,1.44594,13240
2025-03-03 00:00:00,1.4438,1.4448699999999999,1.44305,1.44343,11615
2025-03-03 04:00:00,1.44343,1.44531,1.4430399999999999,1.44445,9956
2025-03-03 08:00:00,1.44445,1.44533,1.44253,1.44271,11814
2025-03-03 12:00:00,1.44272,1.444,1.4401,1.44115,13448
2025-03-03 16:00:00,1.44115,1.44191,1.43689,1.44132,18143
2025-03-03 20:00:00,1.44132,1.45419,1.44041,1.44771,21466
2025-03-04 00:00:00,1.44774,1.45046,1.44745,1.44934,11184
2025-03-04 04:00:00,1.44935,1.45214,1.44856,1.44922,16270
2025-03-04 08:00:00,1.44922,1.45031,1.44098,1.44254,16557
2025-03-04 12:00:00,1.44254,1.44599,1.44067,1.44483,18195
2025-03-04 16:00:00,1.44483,1.45428,1.4439199999999999,1.45281,30041
2025-03-04 20:00:00,1.45281,1.45419,1.4371,1.43915,23557
2025-03-05 00:00:00,1.43871,1.44412,1.4379,1.44288,10200
2025-03-05 04:00:00,1.44286,1.44501,1.44199,1.44221,12973
2025-03-05 08:00:00,1.44221,1.44308,1.43771,1.43821,18098
2025-03-05 12:00:00,1.43822,1.44343,1.43776,1.4380899999999999,17180
2025-03-05 16:00:00,1.4380899999999999,1.44197,1.43418,1.43574,32501
2025-03-05 20:00:00,1.43574,1.43773,1.43301,1.43422,15387
2025-03-06 00:00:00,1.43332,1.43537,1.43128,1.43146,11183
2025-03-06 04:00:00,1.43146,1.4340899999999999,1.43095,1.43375,13928
2025-03-06 08:00:00,1.43375,1.4362599999999999,1.43258,1.43461,20562
2025-03-06 12:00:00,1.43462,1.43767,1.4341300000000001,1.43637,18034
2025-03-06 16:00:00,1.43637,1.43706,1.42392,1.43039,29296
2025-03-06 20:00:00,1.43039,1.43184,1.42837,1.42945,14310
2025-03-07 00:00:00,1.42937,1.43063,1.42829,1.4301,8401
2025-03-07 04:00:00,1.4301,1.43134,1.42932,1.43127,12991
2025-03-07 08:00:00,1.43127,1.43197,1.4279600000000001,1.43,14790
2025-03-07 12:00:00,1.43,1.4371800000000001,1.42983,1.4371399999999999,16751
2025-03-07 16:00:00,1.4371399999999999,1.44264,1.4337,1.43914,31279
2025-03-07 20:00:00,1.43914,1.44072,1.4359600000000001,1.43711,14244
2025-03-10 00:00:00,1.4363299999999999,1.4386999999999999,1.43461,1.43637,11091
2025-03-10 04:00:00,1.43637,1.43703,1.43542,1.43666,10868
2025-03-10 08:00:00,1.43666,1.43824,1.43575,1.43803,16242
2025-03-10 12:00:00,1.43803,1.44239,1.43532,1.44181,20132
2025-03-10 16:00:00,1.4418,1.44409,1.4409399999999999,1.44336,25253
2025-03-10 20:00:00,1.44336,1.44727,1.44308,1.44391,16128
2025-03-11 00:00:00,1.44344,1.44425,1.44205,1.4430100000000001,7437
2025-03-11 04:00:00,1.4430100000000001,1.44474,1.44162,1.44275,15461
2025-03-11 08:00:00,1.44275,1.44461,1.441,1.44161,19893
2025-03-11 12:00:00,1.44161,1.44262,1.43937,1.44133,17643
2025-03-11 16:00:00,1.44133,1.45213,1.44016,1.44833,36607
2025-03-11 20:00:00,1.44832,1.45047,1.4379,1.44343,23511
2025-03-12 00:00:00,1.44343,1.44394,1.44225,1.44292,6477
2025-03-12 04:00:00,1.44292,1.44513,1.44275,1.44501,10514
2025-03-12 08:00:00,1.445,1.44848,1.4433500000000001,1.44346,15187
2025-03-12 12:00:00,1.44346,1.44441,1.43645,1.43968,17283
2025-03-12 16:00:00,1.43968,1.44305,1.43756,1.43887,25492
2025-03-12 20:00:00,1.43887,1.4393,1.43534,1.43704,13994
2025-03-13 00:00:00,1.43673,1.43703,1.4357,1.4363000000000001,6267
2025-03-13 04:00:00,1.43629,1.43936,1.43606,1.43879,10954
2025-03-13 08:00:00,1.43879,1.44047,1.43796,1.43886,16511
2025-03-13 12:00:00,1.43886,1.4402300000000001,1.43648,1.43984,18246
2025-03-13 16:00:00,1.43984,1.44255,1.43788,1.44214,27158
2025-03-13 20:00:00,1.44214,1.44515,1.4419,1.4442300000000001,14466
2025-03-14 00:00:00,1.44361,1.44446,1.44256,1.44322,5974
2025-03-14 04:00:00,1.44322,1.44417,1.44273,1.44293,12595
2025-03-14 08:00:00,1.44293,1.44354,1.44124,1.44141,13752
2025-03-14 12:00:00,1.44142,1.44367,1.4405299999999999,1.4409,18624
2025-03-14 16:00:00,1.4409,1.44133,1.43702,1.43742,24876
2025-03-14 20:00:00,1.43743,1.43849,1.43555,1.43637,10339
2025-03-17 00:00:00,1.43762,1.43762,1.43551,1.43703,7872
2025-03-17 04:00:00,1.43703,1.43787,1.43661,1.43736,10138
2025-03-17 08:00:00,1.43736,1.43807,1.43602,1.4363000000000001,12002
2025-03-17 12:00:00,1.4363000000000001,1.43642,1.43384,1.43398,12244
2025-03-17 16:00:00,1.43398,1.4346,1.42827,1.42936,17654
2025-03-17 20:00:00,1.42936,1.42945,1.42756,1.42854,8434
2025-03-18 00:00:00,1.42847,1.43001,1.42794,1.42946,5071
2025-03-18 04:00:00,1.42946,1.43078,1.42889,1.43031,8484
2025-03-18 08:00:00,1.43031,1.4307699999999999,1.42724,1.4278,9357
2025-03-18 12:00:00,1.42779,1.42985,1.42529,1.42903,12426
2025-03-18 16:00:00,1.42903,1.43195,1.42714,1.43096,21838
2025-03-18 20:00:00,1.43096,1.4319,1.42923,1.4297,10615
2025-03-19 00:00:00,1.429,1.43024,1.42812,1.42983,5024
2025-03-19 04:00:00,1.42983,1.43133,1.42981,1.4310399999999999,7214
2025-03-19 08:00:00,1.4310399999999999,1.43315,1.43075,1.43225,12856
2025-03-19 12:00:00,1.43225,1.43351,1.43149,1.43234,11581
2025-03-19 16:00:00,1.4323299999999999,1.43378,1.43098,1.43317,14049
2025-03-19 20:00:00,1.43317,1.4349,1.43082,1.43262,19003
2025-03-20 00:00:00,1.43247,1.43334,1.43154,1.43229,6720
2025-03-20 04:00:00,1.43229,1.4335499999999999,1.43204,1.433,10097
2025-03-20 08:00:00,1.433,1.43556,1.43299,1.43543,9995
2025-03-20 12:00:00,1.43543,1.43909,1.43514,1.43854,15096
2025-03-20 16:00:00,1.43854,1.44015,1.43179,1.43333,18654
2025-03-20 20:00:00,1.43333,1.43365,1.43129,1.43221,9170
2025-03-21 00:00:00,1.43213,1.43266,1.4317,1.43211,5506
2025-03-21 04:00:00,1.43211,1.43341,1.43146,1.43326,8821
2025-03-21 08:00:00,1.43326,1.43441,1.4313799999999999,1.43297,11165
2025-03-21 12:00:00,1.43297,1.43578,1.43274,1.43577,12016
2025-03-21 16:00:00,1.43577,1.43731,1.43367,1.4340600000000001,18945
2025-03-21 20:00:00,1.4340600000000001,1.43522,1.43323,1.43469,8916
2025-03-24 00:00:00,1.435,1.435,1.4326699999999999,1.43323,5892
2025-03-24 04:00:00,1.43323,1.4351,1.43314,1.43446,8546
2025-03-24 08:00:00,1.43446,1.43487,1.43258,1.43342,10343
2025-03-24 12:00:00,1.43342,1.43465,1.43152,1.43358,10547
2025-03-24 16:00:00,1.43358,1.43442,1.42895,1.43171,18445
2025-03-24 20:00:00,1.43171,1.43277,1.43069,1.43184,10773
2025-03-25 00:00:00,1.43125,1.43273,1.43033,1.4321,4991
2025-03-25 04:00:00,1.4321,1.43243,1.4311,1.43243,8156
2025-03-25 08:00:00,1.43242,1.4332799999999999,1.43159,1.43249,10197
2025-03-25 12:00:00,1.43249,1.43271,1.42805,1.42808,11977
2025-03-25 16:00:00,1.42809,1.4314,1.4271,1.43003,15292
2025-03-25 20:00:00,1.43,1.43086,1.42726,1.42766,8990
2025-03-26 00:00:00,1.42737,1.42875,1.42689,1.42869,5967
2025-03-26 04:00:00,1.42869,1.42985,1.42702,1.42746,9370
2025-03-26 08:00:00,1.42746,1.42781,1.42463,1.42514,11094
2025-03-26 12:00:00,1.42514,1.42722,1.4245,1.42683,10724
2025-03-26 16:00:00,1.42676,1.42712,1.42351,1.42658,15638
2025-03-26 20:00:00,1.42658,1.42975,1.42632,1.42686,11219
2025-03-27 00:00:00,1.42656,1.4316,1.4261300000000001,1.42871,8094
2025-03-27 04:00:00,1.42871,1.42874,1.42594,1.42654,7985
2025-03-27 08:00:00,1.42654,1.43059,1.42626,1.42835,12270
2025-03-27 12:00:00,1.42836,1.4298,1.42759,1.42971,11534
2025-03-27 16:00:00,1.42971,1.4329100000000001,1.42923,1.43155,21434
2025-03-27 20:00:00,1.43153,1.43215,1.42996,1.43048,9339
2025-03-28 00:00:00,1.4304999999999999,1.43158,1.42975,1.43106,2922
2025-03-28 04:00:00,1.43106,1.43157,1.4308,1.43133,5999
2025-03-28 08:00:00,1.43133,1.43326,1.43105,1.43214,7873
2025-03-28 12:00:00,1.43213,1.43333,1.43085,1.43114,9587
2025-03-28 16:00:00,1.43113,1.43265,1.42763,1.42934,21679
2025-03-28 20:00:00,1.42934,1.43242,1.42924,1.43146,11483
2025-03-31 00:00:00,1.43014,1.43289,1.42932,1.43088,8923
2025-03-31 04:00:00,1.43087,1.43204,1.42992,1.43157,6223
2025-03-31 08:00:00,1.43157,1.43487,1.43094,1.43482,10681
2025-03-31 12:00:00,1.43483,1.43811,1.43412,1.4378600000000001,10136
2025-03-31 16:00:00,1.4378600000000001,1.43954,1.43605,1.43758,21757
2025-03-31 20:00:00,1.43758,1.43961,1.43715,1.4389,10636
2025-04-01 00:00:00,1.43868,1.43963,1.43812,1.43913,4634
2025-04-01 04:00:00,1.43913,1.44005,1.43729,1.43739,8103
2025-04-01 08:00:00,1.43739,1.44038,1.43734,1.43817,10036
2025-04-01 12:00:00,1.43818,1.44044,1.43666,1.43951,12558
2025-04-01 16:00:00,1.43951,1.4415200000000001,1.43057,1.4320599999999999,25717
2025-04-01 20:00:00,1.4320599999999999,1.43439,1.42977,1.43037,13790
2025-04-02 00:00:00,1.4302000000000001,1.4307699999999999,1.42889,1.4304700000000001,5249
2025-04-02 04:00:00,1.4304700000000001,1.4308100000000001,1.42922,1.43063,7081
2025-04-02 08:00:00,1.43063,1.43177,1.42932,1.43034,9658
2025-04-02 12:00:00,1.43034,1.43326,1.42993,1.43211,10520
2025-04-02 16:00:00,1.43211,1.43346,1.42957,1.4320599999999999,20626
2025-04-02 20:00:00,1.4320599999999999,1.43655,1.42298,1.42476,20811
2025-04-03 00:00:00,1.42272,1.43183,1.42151,1.42544,22482
2025-04-03 04:00:00,1.42544,1.42587,1.4237600000000001,1.42556,18043
2025-04-03 08:00:00,1.42556,1.42557,1.41167,1.41315,24124
2025-04-03 12:00:00,1.41315,1.41599,1.40693,1.4082,26409
2025-04-03 16:00:00,1.40821,1.40907,1.40274,1.40611,37160
2025-04-03 20:00:00,1.40612,1.41043,1.40604,1.40976,15138
2025-04-04 00:00:00,1.4096600000000001,1.40971,1.40615,1.40643,7702
2025-04-04 04:00:00,1.40643,1.41031,1.4053499999999999,1.4101,14254
2025-04-04 08:00:00,1.4101,1.41638,1.40819,1.41321,21568
2025-04-04 12:00:00,1.41321,1.42426,1.41311,1.42085,41975
2025-04-04 16:00:00,1.42085,1.42363,1.4178899999999999,1.42112,48436
2025-04-04 20:00:00,1.42111,1.4259,1.42013,1.42202,32244
2025-04-07 00:00:00,1.42202,1.42675,1.42056,1.4230800000000001,28102
2025-04-07 04:00:00,1.42307,1.42538,1.42126,1.4216,28841
2025-04-07 08:00:00,1.4216,1.42685,1.41957,1.42504,37654
2025-04-07 12:00:00,1.42504,1.42963,1.42382,1.42469,35153
2025-04-07 16:00:00,1.42469,1.4268,1.4178899999999999,1.42291,49465
2025-04-07 20:00:00,1.42291,1.42543,1.4184999999999999,1.42487,29661
2025-04-08 00:00:00,1.42484,1.42484,1.42011,1.4215900000000001,12181
2025-04-08 04:00:00,1.4215900000000001,1.42194,1.41581,1.41643,17391
2025-04-08 08:00:00,1.41643,1.41924,1.41501,1.41785,23809
2025-04-08 12:00:00,1.41785,1.4203999999999999,1.41529,1.4163999999999999,25861
2025-04-08 16:00:00,1.4163999999999999,1.42234,1.41431,1.42021,38884
2025-04-08 20:00:00,1.42023,1.42721,1.41952,1.42634,31778
2025-04-09 00:00:00,1.42557,1.4273500000000001,1.42419,1.42426,16417
2025-04-09 04:00:00,1.42426,1.42476,1.42062,1.42206,26516
2025-04-09 08:00:00,1.42206,1.42486,1.41933,1.4203299999999999,33618
2025-04-09 12:00:00,1.4203299999999999,1.4221599999999999,1.41563,1.4173499999999999,32805
2025-04-09 16:00:00,1.41733,1.42126,1.41321,1.41774,32418
2025-04-09 20:00:00,1.41774,1.41859,1.40747,1.40766,38333
2025-04-10 00:00:00,1.40782,1.41101,1.4074200000000001,1.41002,13011
2025-04-10 04:00:00,1.41003,1.41096,1.40711,1.4072200000000001,18209
2025-04-10 08:00:00,1.4072200000000001,1.40954,1.40522,1.40759,25293
2025-04-10 12:00:00,1.40759,1.40883,1.40302,1.40732,24267
2025-04-10 16:00:00,1.40732,1.4075199999999999,1.3988,1.39993,39436
2025-04-10 20:00:00,1.39992,1.4007100000000001,1.39513,1.39836,31021
2025-04-11 00:00:00,1.39805,1.39858,1.39097,1.39486,16651
2025-04-11 04:00:00,1.39487,1.39699,1.3908,1.39643,28543
2025-04-11 08:00:00,1.39643,1.39845,1.38808,1.39041,29112
2025-04-11 12:00:00,1.39045,1.3933499999999999,1.38395,1.38564,29172
2025-04-11 16:00:00,1.38564,1.3933200000000001,1.3841700000000001,1.3903400000000001,38419
2025-04-11 20:00:00,1.39033,1.39194,1.38596,1.38596,20844
2025-04-14 00:00:00,1.38605,1.38843,1.38501,1.3872900000000001,14271
2025-04-14 04:00:00,1.3873,1.38744,1.38489,1.38648,18690
2025-04-14 08:00:00,1.38648,1.38767,1.38285,1.3839299999999999,18134
2025-04-14 12:00:00,1.3839299999999999,1.38896,1.38351,1.3881999999999999,14330
2025-04-14 16:00:00,1.3881999999999999,1.3911,1.38621,1.39042,25732
2025-04-14 20:00:00,1.3904,1.39053,1.38629,1.38715,12873
2025-04-15 00:00:00,1.3872900000000001,1.3909,1.38619,1.38944,7041
2025-04-15 04:00:00,1.38944,1.3897300000000001,1.3850500000000001,1.38551,9552
2025-04-15 08:00:00,1.38551,1.38782,1.38501,1.3856,14131
2025-04-15 12:00:00,1.3856,1.39155,1.385,1.39005,14515
2025-04-15 16:00:00,1.39005,1.39698,1.38681,1.39696,23602
2025-04-15 20:00:00,1.39696,1.39778,1.3955899999999999,1.39596,12557
2025-04-16 00:00:00,1.39496,1.39654,1.39398,1.39512,6658
2025-04-16 04:00:00,1.39512,1.39512,1.39346,1.39363,8880
2025-04-16 08:00:00,1.39364,1.39425,1.39045,1.39132,16804
2025-04-16 12:00:00,1.39132,1.393,1.3903699999999999,1.39173,14643
2025-04-16 16:00:00,1.39173,1.39291,1.38677,1.38773,23233
2025-04-16 20:00:00,1.38773,1.38986,1.3854,1.38564,17293
2025-04-17 00:00:00,1.38522,1.38689,1.38469,1.38678,6316
2025-04-17 04:00:00,1.38678,1.38917,1.38678,1.3890799999999999,7916
2025-04-17 08:00:00,1.3890799999999999,1.38964,1.38652,1.38774,12069
2025-04-17 12:00:00,1.38774,1.3906100000000001,1.38683,1.3872499999999999,13500
2025-04-17 16:00:00,1.38728,1.3879299999999999,1.3844,1.3845100000000001,21825
2025-04-17 20:00:00,1.3845100000000001,1.38507,1.38282,1.38338,11503
2025-04-18 00:00:00,1.3829799999999999,1.38479,1.38284,1.38456,6951
2025-04-18 04:00:00,1.38456,1.3863699999999999,1.38453,1.38628,51301
2025-04-18 08:00:00,1.38626,1.38675,1.38461,1.3863400000000001,42620
2025-04-18 12:00:00,1.38635,1.3868,1.38448,1.38589,29188
2025-04-18 16:00:00,1.38589,1.38693,1.38441,1.38513,21837
2025-04-18 20:00:00,1.38513,1.38518,1.38344,1.38448,19562
2025-04-21 00:00:00,1.38388,1.38432,1.38055,1.38189,8774
2025-04-21 04:00:00,1.38189,1.38223,1.37943,1.37973,9662
2025-04-21 08:00:00,1.37973,1.38032,1.37909,1.37934,10451
2025-04-21 12:00:00,1.37934,1.38151,1.37813,1.3793199999999999,12091
2025-04-21 16:00:00,1.3793199999999999,1.3842400000000001,1.37849,1.38388,18211
2025-04-21 20:00:00,1.38388,1.38496,1.38259,1.38397,9832
2025-04-22 00:00:00,1.38362,1.38459,1.38274,1.3838,5683
2025-04-22 04:00:00,1.3838,1.38381,1.38006,1.38048,10238
2025-04-22 08:00:00,1.38048,1.38213,1.3793,1.3818,15875
2025-04-22 12:00:00,1.3818,1.38616,1.3817,1.38464,13610
2025-04-22 16:00:00,1.38464,1.38577,1.37969,1.38075,18693
2025-04-22 20:00:00,1.38075,1.38331,1.37996,1.38105,12505
2025-04-23 00:00:00,1.3807,1.3860299999999999,1.3807,1.38287,12442
2025-04-23 04:00:00,1.38287,1.38472,1.38199,1.38336,11087
2025-04-23 08:00:00,1.38336,1.38396,1.38087,1.38116,13953
2025-04-23 12:00:00,1.38116,1.38413,1.37982,1.38347,13121
2025-04-23 16:00:00,1.38347,1.38991,1.38252,1.38943,28490
2025-04-23 20:00:00,1.38943,1.39047,1.38766,1.38816,13238
2025-04-24 00:00:00,1.38811,1.38873,1.38681,1.38701,6069
2025-04-24 04:00:00,1.38701,1.38744,1.38628,1.38676,8457
2025-04-24 08:00:00,1.38676,1.38751,1.38399,1.385,12761
2025-04-24 12:00:00,1.38499,1.38708,1.38405,1.3860700000000001,11370
2025-04-24 16:00:00,1.3860700000000001,1.38991,1.38503,1.38792,17774
2025-04-24 20:00:00,1.38792,1.3884699999999999,1.38423,1.3855,7759
2025-04-25 00:00:00,1.38473,1.38655,1.3843,1.38641,4192
2025-04-25 04:00:00,1.38641,1.38769,1.3857599999999999,1.38758,8143
2025-04-25 08:00:00,1.38758,1.38903,1.38585,1.3887399999999999,11043
2025-04-25 12:00:00,1.3887399999999999,1.38922,1.38626,1.38728,11084
2025-04-25 16:00:00,1.38728,1.3875899999999999,1.38499,1.3860299999999999,13929
2025-04-25 20:00:00,1.3860299999999999,1.38761,1.38495,1.38535,9220
2025-04-28 00:00:00,1.38611,1.38775,1.38494,1.38739,4937
2025-04-28 04:00:00,1.38739,1.38846,1.38655,1.38658,6717
2025-04-28 08:00:00,1.38658,1.38924,1.38623,1.3885100000000001,8478
2025-04-28 12:00:00,1.3885,1.3885,1.3854899999999999,1.38694,9368
2025-04-28 16:00:00,1.38694,1.38723,1.38253,1.38475,17829
2025-04-28 20:00:00,1.38475,1.38579,1.38165,1.38289,9280
2025-04-29 00:00:00,1.38288,1.38399,1.38256,1.38367,5170
2025-04-29 04:00:00,1.38367,1.3866800000000001,1.38084,1.38629,10543
2025-04-29 08:00:00,1.38629,1.38715,1.38166,1.38297,10239
2025-04-29 12:00:00,1.38297,1.3852,1.38276,1.38328,9661
2025-04-29 16:00:00,1.38328,1.38675,1.38296,1.3854199999999999,11668
2025-04-29 20:00:00,1.38543,1.38602,1.38272,1.38337,5325
2025-04-30 00:00:00,1.38314,1.38414,1.38213,1.38308,4342
2025-04-30 04:00:00,1.38308,1.38462,1.3820299999999999,1.38337,7356
2025-04-30 08:00:00,1.38338,1.38436,1.3817300000000001,1.38432,7669
2025-04-30 12:00:00,1.38432,1.38538,1.38244,1.385,8326
2025-04-30 16:00:00,1.38501,1.38556,1.38028,1.38105,14565
2025-04-30 20:00:00,1.38105,1.38118,1.37701,1.37984,8908
2025-05-01 00:00:00,1.37977,1.38014,1.37867,1.37882,5314
2025-05-01 04:00:00,1.37882,1.38005,1.37843,1.37943,7368
2025-05-01 08:00:00,1.37943,1.38174,1.37931,1.38154,5965
2025-05-01 12:00:00,1.38154,1.38253,1.3808099999999999,1.38197,6420
2025-05-01 16:00:00,1.38201,1.38623,1.37965,1.38536,11643
2025-05-01 20:00:00,1.38536,1.38614,1.38354,1.38536,6070
2025-05-02 00:00:00,1.38532,1.38554,1.38409,1.38412,5374
2025-05-02 04:00:00,1.38412,1.38431,1.38151,1.3822,8984
2025-05-02 08:00:00,1.3822,1.38346,1.38032,1.38306,7220
2025-05-02 12:00:00,1.38306,1.3838599999999999,1.38055,1.38246,9792
2025-05-02 16:00:00,1.38246,1.38292,1.37603,1.37917,15401
2025-05-02 20:00:00,1.37917,1.38195,1.37917,1.38174,6122
2025-05-05 00:00:00,1.37832,1.3829,1.37832,1.38198,6199
2025-05-05 04:00:00,1.38198,1.38198,1.3794,1.37982,9334
2025-05-05 08:00:00,1.37982,1.38189,1.37885,1.38103,8491
2025-05-05 12:00:00,1.38101,1.3814899999999999,1.37869,1.38123,8337
2025-05-05 16:00:00,1.38123,1.3829799999999999,1.37996,1.38127,10555
2025-05-05 20:00:00,1.38127,1.38252,1.3808,1.38242,3895
2025-05-06 00:00:00,1.3824,1.38402,1.38159,1.38391,4372
2025-05-06 04:00:00,1.38391,1.38453,1.38141,1.38153,10133
2025-05-06 08:00:00,1.38153,1.38312,1.38074,1.38197,9071
2025-05-06 12:00:00,1.38197,1.38327,1.37951,1.3801700000000001,7511
2025-05-06 16:00:00,1.3801700000000001,1.38091,1.37507,1.37717,12068
2025-05-06 20:00:00,1.37717,1.37866,1.3762699999999999,1.37761,7123
2025-05-07 00:00:00,1.3775,1.37813,1.37613,1.3772199999999999,8148
2025-05-07 04:00:00,1.3772199999999999,1.3798599999999999,1.37706,1.37958,9874
2025-05-07 08:00:00,1.37958,1.37975,1.37814,1.37931,7646
2025-05-07 12:00:00,1.37931,1.38065,1.37851,1.38021,6603
2025-05-07 16:00:00,1.38021,1.38064,1.37731,1.37857,10098
2025-05-07 20:00:00,1.37857,1.38389,1.37846,1.38385,12058
2025-05-08 00:00:00,1.3838,1.38396,1.38221,1.38257,4697
2025-05-08 04:00:00,1.38257,1.38316,1.38136,1.3829799999999999,10720
2025-05-08 08:00:00,1.3829799999999999,1.38835,1.38297,1.38659,10775
2025-05-08 12:00:00,1.38658,1.38985,1.38652,1.3889,9302
2025-05-08 16:00:00,1.3889,1.3931200000000001,1.38689,1.39208,13114
2025-05-08 20:00:00,1.39208,1.3933,1.39151,1.39228,4884
2025-05-09 00:00:00,1.39194,1.39321,1.3913,1.39264,4351
2025-05-09 04:00:00,1.39264,1.39428,1.3916,1.39169,10651
2025-05-09 08:00:00,1.39169,1.39262,1.39101,1.3912,6888
2025-05-09 12:00:00,1.3912,1.39214,1.39085,1.39155,6121
2025-05-09 16:00:00,1.39155,1.39446,1.39066,1.39349,10231
2025-05-09 20:00:00,1.39349,1.39401,1.39201,1.39357,5199
2025-05-12 00:00:00,1.38877,1.39388,1.38877,1.39365,6770
2025-05-12 04:00:00,1.39365,1.39412,1.39199,1.39257,10991
2025-05-12 08:00:00,1.39257,1.39806,1.39144,1.39577,13638
2025-05-12 12:00:00,1.39577,1.3997899999999999,1.3955,1.39972,10359
2025-05-12 16:00:00,1.39972,1.40118,1.39783,1.40049,11708
2025-05-12 20:00:00,1.40049,1.40156,1.39722,1.39748,6918
2025-05-13 00:00:00,1.39747,1.39858,1.39704,1.39826,4510
2025-05-13 04:00:00,1.39826,1.39875,1.39581,1.39604,8850
2025-05-13 08:00:00,1.39604,1.39916,1.39595,1.39893,8620
2025-05-13 12:00:00,1.3989,1.40009,1.39755,1.39791,8067
2025-05-13 16:00:00,1.39798,1.40163,1.39533,1.39555,14143
2025-05-13 20:00:00,1.39555,1.39566,1.3931200000000001,1.39355,6273
2025-05-14 00:00:00,1.39355,1.3939599999999999,1.39273,1.39326,4190
2025-05-14 04:00:00,1.39326,1.39392,1.39193,1.39272,8626
2025-05-14 08:00:00,1.39272,1.39364,1.39076,1.39132,10649
2025-05-14 12:00:00,1.39132,1.39468,1.3902,1.3945,9709
2025-05-14 16:00:00,1.3945,1.39846,1.39382,1.3973200000000001,13893
2025-05-14 20:00:00,1.3973200000000001,1.3986100000000001,1.39664,1.39822,7071
2025-05-15 00:00:00,1.3982,1.3982,1.39653,1.3971,4191
2025-05-15 04:00:00,1.3971,1.39723,1.39592,1.39703,8067
2025-05-15 08:00:00,1.39703,1.3989,1.39686,1.39829,8806
2025-05-15 12:00:00,1.39829,1.39939,1.39764,1.3982299999999999,7970
2025-05-15 16:00:00,1.39822,1.40048,1.39767,1.39872,10628
2025-05-15 20:00:00,1.39872,1.39887,1.39558,1.39594,5688
2025-05-16 00:00:00,1.39592,1.39633,1.39502,1.39532,4555
2025-05-16 04:00:00,1.39532,1.39573,1.3941,1.39436,7042
2025-05-16 08:00:00,1.39436,1.39609,1.39355,1.39538,6666
2025-05-16 12:00:00,1.39538,1.39731,1.3952499999999999,1.39588,6465
2025-05-16 16:00:00,1.39588,1.39954,1.39496,1.39859,10844
2025-05-16 20:00:00,1.39859,1.39957,1.39567,1.39628,5233
2025-05-19 00:00:00,1.39688,1.39688,1.39517,1.39584,5259
2025-05-19 04:00:00,1.39584,1.3973,1.3957899999999999,1.39712,7136
2025-05-19 08:00:00,1.39712,1.39721,1.39485,1.39529,7857
2025-05-19 12:00:00,1.39529,1.39539,1.39384,1.39423,6777
2025-05-19 16:00:00,1.39423,1.3953,1.39174,1.39502,10364
2025-05-19 20:00:00,1.39502,1.39654,1.3947,1.39505,4593
2025-05-20 00:00:00,1.39508,1.39652,1.39293,1.39624,4720
2025-05-20 04:00:00,1.39624,1.39686,1.39568,1.39641,7447
2025-05-20 08:00:00,1.39641,1.39642,1.39322,1.3942,8798
2025-05-20 12:00:00,1.39421,1.39614,1.39206,1.39266,7187
2025-05-20 16:00:00,1.39266,1.39554,1.39178,1.39299,11435
2025-05-20 20:00:00,1.39298,1.3936,1.3909,1.39151,5050
2025-05-21 00:00:00,1.3915,1.39189,1.38993,1.3902999999999999,4582
2025-05-21 04:00:00,1.3902999999999999,1.39113,1.38863,1.38903,8288
2025-05-21 08:00:00,1.38903,1.38984,1.3879000000000001,1.3894199999999999,8743
2025-05-21 12:00:00,1.3894199999999999,1.38944,1.38683,1.38709,9411
2025-05-21 16:00:00,1.38709,1.38771,1.38156,1.38182,14722
2025-05-21 20:00:00,1.38182,1.38655,1.38143,1.38588,10135
2025-05-22 00:00:00,1.3859,1.38718,1.38491,1.38586,5592
2025-05-22 04:00:00,1.38586,1.38614,1.38461,1.38473,8325
2025-05-22 08:00:00,1.38473,1.38764,1.38469,1.38754,9207
2025-05-22 12:00:00,1.38754,1.38853,1.38619,1.38784,8199
2025-05-22 16:00:00,1.38784,1.38892,1.38552,1.38669,13708
2025-05-22 20:00:00,1.38669,1.3873,1.38565,1.3857,6072
2025-05-23 00:00:00,1.38572,1.38626,1.3849,1.38507,4747
2025-05-23 04:00:00,1.38507,1.3852,1.38256,1.38277,7551
2025-05-23 08:00:00,1.38277,1.38321,1.38094,1.38168,7721
2025-05-23 12:00:00,1.38168,1.38339,1.3794,1.37972,12995
2025-05-23 16:00:00,1.37973,1.38109,1.37307,1.3734600000000001,15213
2025-05-23 20:00:00,1.37347,1.37371,1.37093,1.37252,8206
2025-05-26 00:00:00,1.37279,1.37385,1.37158,1.3719000000000001,6304
2025-05-26 04:00:00,1.3719000000000001,1.37226,1.36901,1.37054,8243
2025-05-26 08:00:00,1.37054,1.37147,1.3686099999999999,1.37142,7878
2025-05-26 12:00:00,1.37141,1.37259,1.37106,1.37259,5113
2025-05-26 16:00:00,1.37259,1.37352,1.37199,1.3734199999999999,4800
2025-05-26 20:00:00,1.3734199999999999,1.37393,1.3731900000000001,1.37358,1941
2025-05-27 00:00:00,1.37352,1.37382,1.3722400000000001,1.37242,3627
2025-05-27 04:00:00,1.37242,1.37452,1.37222,1.3744399999999999,7213
2025-05-27 08:00:00,1.3744399999999999,1.37689,1.37327,1.37631,8882
2025-05-27 12:00:00,1.37631,1.3774600000000001,1.3758,1.37632,7001
2025-05-27 16:00:00,1.37633,1.3780000000000001,1.37549,1.37772,11734
2025-05-27 20:00:00,1.37772,1.3835899999999999,1.3773,1.38133,6905
2025-05-28 00:00:00,1.38083,1.38181,1.38016,1.38055,3823
2025-05-28 04:00:00,1.38055,1.38348,1.38046,1.38342,8758
2025-05-28 08:00:00,1.38342,1.3838599999999999,1.38138,1.3817599999999999,7503
2025-05-28 12:00:00,1.38175,1.38396,1.38121,1.3838599999999999,7093
2025-05-28 16:00:00,1.3838599999999999,1.3844699999999999,1.38089,1.38223,13217
2025-05-28 20:00:00,1.38223,1.38376,1.38184,1.3837,5834
2025-05-29 00:00:00,1.3835899999999999,1.38611,1.38315,1.38544,8715
2025-05-29 04:00:00,1.38544,1.38618,1.38409,1.38432,9855
2025-05-29 08:00:00,1.38432,1.3857,1.38167,1.38328,9744
2025-05-29 12:00:00,1.38328,1.38355,1.3796,1.37964,8809
2025-05-29 16:00:00,1.37964,1.38275,1.37851,1.38048,13620
2025-05-29 20:00:00,1.38048,1.38118,1.37968,1.38074,6224
2025-05-30 00:00:00,1.38077,1.38179,1.37982,1.38106,5157
2025-05-30 04:00:00,1.38106,1.38258,1.38026,1.38209,9220
2025-05-30 08:00:00,1.38209,1.383,1.38113,1.3818,8054
2025-05-30 12:00:00,1.3818,1.3820700000000001,1.3786800000000001,1.3794,8297
2025-05-30 16:00:00,1.3794,1.3798599999999999,1.37396,1.3756599999999999,14838
2025-05-30 20:00:00,1.3756599999999999,1.37609,1.3714,1.37362,7843
2025-06-02 00:00:00,1.37247,1.37366,1.37135,1.37177,6376
2025-06-02 04:00:00,1.37177,1.37289,1.37043,1.37225,8808
2025-06-02 08:00:00,1.3722400000000001,1.37244,1.36746,1.36951,8992
2025-06-02 12:00:00,1.36951,1.37109,1.3685800000000001,1.3696,9034
2025-06-02 16:00:00,1.3696,1.37145,1.36896,1.37114,14177
2025-06-02 20:00:00,1.37114,1.37238,1.37012,1.37118,5987
2025-06-03 00:00:00,1.3712900000000001,1.37264,1.3704399999999999,1.37201,4303
2025-06-03 04:00:00,1.37201,1.37353,1.3719000000000001,1.37329,7923
2025-06-03 08:00:00,1.37329,1.37392,1.37231,1.37301,8321
2025-06-03 12:00:00,1.37301,1.3743,1.3722699999999999,1.373,8548
2025-06-03 16:00:00,1.373,1.3734899999999999,1.37012,1.37256,11506
2025-06-03 20:00:00,1.37256,1.37266,1.3712900000000001,1.37202,4979
2025-06-04 00:00:00,1.37196,1.37235,1.37096,1.37137,4455
2025-06-04 04:00:00,1.37137,1.3724,1.37059,1.3722699999999999,9732
2025-06-04 08:00:00,1.3722699999999999,1.37318,1.3707099999999999,1.37087,9164
2025-06-04 12:00:00,1.37087,1.37198,1.36941,1.37,9016
2025-06-04 16:00:00,1.37,1.37103,1.36551,1.36555,14038
2025-06-04 20:00:00,1.36555,1.36856,1.36527,1.36791,5649
2025-06-05 00:00:00,1.36768,1.36828,1.3671,1.36726,5087
2025-06-05 04:00:00,1.36726,1.36842,1.3669799999999999,1.36787,8569
2025-06-05 08:00:00,1.36787,1.36832,1.36596,1.36647,7971
2025-06-05 12:00:00,1.36647,1.3667500000000001,1.36483,1.36552,9410
2025-06-05 16:00:00,1.36552,1.36756,1.36345,1.3667,15709
2025-06-05 20:00:00,1.3667,1.3674,1.36567,1.36738,6657
2025-06-06 00:00:00,1.3673899999999999,1.3676,1.36611,1.36653,3628
2025-06-06 04:00:00,1.36653,1.3670900000000001,1.36603,1.3661699999999999,7593
2025-06-06 08:00:00,1.3661699999999999,1.3681,1.36611,1.36808,7637
2025-06-06 12:00:00,1.36807,1.37006,1.36666,1.36815,9988
2025-06-06 16:00:00,1.36815,1.37046,1.36695,1.36996,16351
2025-06-06 20:00:00,1.36996,1.3703400000000001,1.36903,1.36969,6184
2025-06-09 00:00:00,1.3679000000000001,1.36999,1.36785,1.36925,3905
2025-06-09 04:00:00,1.36925,1.36925,1.36771,1.36846,7217
2025-06-09 08:00:00,1.36846,1.36895,1.367,1.3678,7319
2025-06-09 12:00:00,1.3678,1.3691200000000001,1.36696,1.36883,6824
2025-06-09 16:00:00,1.36883,1.3707500000000001,1.36707,1.36747,10145
2025-06-09 20:00:00,1.36747,1.37005,1.36722,1.3698299999999999,4711
2025-06-10 00:00:00,1.36992,1.37056,1.36884,1.3699,4736
2025-06-10 04:00:00,1.3699,1.3715899999999999,1.36947,1.3706800000000001,7155
2025-06-10 08:00:00,1.3706800000000001,1.37286,1.37047,1.3707099999999999,9798
2025-06-10 12:00:00,1.3707099999999999,1.37089,1.36843,1.36914,7467
2025-06-10 16:00:00,1.36913,1.36936,1.36681,1.36833,11258
2025-06-10 20:00:00,1.36833,1.36931,1.36696,1.3670200000000001,5645
2025-06-11 00:00:00,1.36689,1.36748,1.36633,1.36727,5355
2025-06-11 04:00:00,1.36727,1.36837,1.36703,1.36813,5862
2025-06-11 08:00:00,1.36813,1.36844,1.36742,1.3682400000000001,7370
2025-06-11 12:00:00,1.3682400000000001,1.36902,1.36502,1.36634,11339
2025-06-11 16:00:00,1.36634,1.36788,1.36541,1.36567,12287
2025-06-11 20:00:00,1.36567,1.36744,1.365,1.36717,7575
2025-06-12 00:00:00,1.36684,1.36725,1.36585,1.36643,4774
2025-06-12 04:00:00,1.36643,1.36733,1.3655,1.36565,8312
2025-06-12 08:00:00,1.36565,1.36753,1.36448,1.36566,9349
2025-06-12 12:00:00,1.36566,1.3661400000000001,1.36182,1.36184,11911
2025-06-12 16:00:00,1.36184,1.3627099999999999,1.36051,1.36072,11430
2025-06-12 20:00:00,1.36072,1.36148,1.3599700000000001,1.36016,4677
2025-06-13 00:00:00,1.36008,1.36345,1.35925,1.3627099999999999,8680
2025-06-13 04:00:00,1.3627099999999999,1.36499,1.36174,1.36494,14173
2025-06-13 08:00:00,1.36494,1.36517,1.36127,1.36161,12252
2025-06-13 12:00:00,1.36161,1.36507,1.36134,1.36161,11663
2025-06-13 16:00:00,1.36161,1.36326,1.35663,1.35858,15177
2025-06-13 20:00:00,1.35858,1.36011,1.35784,1.35829,10197
2025-06-16 00:00:00,1.35831,1.35941,1.3572899999999999,1.35903,13796
2025-06-16 04:00:00,1.3590499999999999,1.3607,1.35886,1.36018,12302
2025-06-16 08:00:00,1.36019,1.36019,1.35698,1.35731,11892
2025-06-16 12:00:00,1.35731,1.35745,1.35587,1.35596,7681
2025-06-16 16:00:00,1.35596,1.35651,1.35399,1.3555,12111
2025-06-16 20:00:00,1.3555,1.35802,1.35538,1.357,5706
2025-06-17 00:00:00,1.35698,1.35824,1.35614,1.35762,6270
2025-06-17 04:00:00,1.35759,1.35813,1.3568799999999999,1.35728,9421
2025-06-17 08:00:00,1.35728,1.35832,1.3563399999999999,1.35696,8711
2025-06-17 12:00:00,1.3569499999999999,1.35836,1.35565,1.35828,9530
2025-06-17 16:00:00,1.35828,1.36202,1.35742,1.36135,11917
2025-06-17 20:00:00,1.36135,1.36931,1.3609499999999999,1.36749,10512
2025-06-18 00:00:00,1.36741,1.3691499999999999,1.36503,1.36762,6650
2025-06-18 04:00:00,1.36762,1.3678,1.36572,1.36584,9916
2025-06-18 08:00:00,1.36584,1.3672,1.36513,1.36663,9050
2025-06-18 12:00:00,1.36663,1.36704,1.36344,1.36472,8219
2025-06-18 16:00:00,1.36472,1.36959,1.36449,1.36765,13724
2025-06-18 20:00:00,1.36767,1.37033,1.36538,1.36928,15119
2025-06-19 00:00:00,1.36914,1.3700999999999999,1.36804,1.37008,6225
2025-06-19 04:00:00,1.37008,1.37218,1.37005,1.37076,10252
2025-06-19 08:00:00,1.37076,1.37302,1.3707,1.37085,10574
2025-06-19 12:00:00,1.37085,1.3721999999999999,1.3703,1.37184,7626
2025-06-19 16:00:00,1.37182,1.37463,1.37117,1.37316,8518
2025-06-19 20:00:00,1.37316,1.37318,1.36967,1.36997,4582
2025-06-20 00:00:00,1.36988,1.37039,1.36874,1.36914,6674
2025-06-20 04:00:00,1.36914,1.37024,1.36886,1.36907,9768
2025-06-20 08:00:00,1.36907,1.37106,1.36897,1.3697,8598
2025-06-20 12:00:00,1.36971,1.37238,1.3692199999999999,1.37188,7849
2025-06-20 16:00:00,1.37183,1.37467,1.37123,1.373,11686
2025-06-20 20:00:00,1.373,1.37466,1.37199,1.37324,6979
2025-06-23 00:00:00,1.37478,1.37605,1.37369,1.37522,10910
2025-06-23 04:00:00,1.37521,1.3767,1.37501,1.3759299999999999,12616
2025-06-23 08:00:00,1.3759299999999999,1.37793,1.37431,1.37791,10668
2025-06-23 12:00:00,1.37791,1.3798,1.37782,1.37824,10051
2025-06-23 16:00:00,1.37824,1.37851,1.37253,1.37708,17301
2025-06-23 20:00:00,1.37707,1.37752,1.37273,1.37345,9338
2025-06-24 00:00:00,1.37329,1.3738299999999999,1.37223,1.37287,7816
2025-06-24 04:00:00,1.37287,1.37313,1.37173,1.37187,10168
2025-06-24 08:00:00,1.37187,1.37311,1.37101,1.37167,10397
2025-06-24 12:00:00,1.3716599999999999,1.37215,1.37062,1.37067,7344
2025-06-24 16:00:00,1.37067,1.37218,1.36787,1.37082,11982
2025-06-24 20:00:00,1.37082,1.373,1.37054,1.37243,6210
2025-06-25 00:00:00,1.37232,1.37289,1.36992,1.37236,5021
2025-06-25 04:00:00,1.37236,1.3735,1.37181,1.37329,7751
2025-06-25 08:00:00,1.37329,1.3737599999999999,1.3721,1.37233,8310
2025-06-25 12:00:00,1.37233,1.37469,1.37231,1.37396,7199
2025-06-25 16:00:00,1.37393,1.37546,1.3727,1.37382,11114
2025-06-25 20:00:00,1.37382,1.37449,1.37164,1.37253,7926
2025-06-26 00:00:00,1.37235,1.37247,1.37081,1.37145,4843
2025-06-26 04:00:00,1.37145,1.37229,1.37011,1.37186,9497
2025-06-26 08:00:00,1.37186,1.37232,1.36799,1.3685800000000001,10072
2025-06-26 12:00:00,1.3685800000000001,1.36947,1.36711,1.36714,10255
2025-06-26 16:00:00,1.36714,1.3673,1.36179,1.3627500000000001,14184
2025-06-26 20:00:00,1.3627500000000001,1.36452,1.36179,1.36401,6847
2025-06-27 00:00:00,1.36394,1.36476,1.36343,1.36407,6036
2025-06-27 04:00:00,1.36407,1.36499,1.3635,1.36497,7832
2025-06-27 08:00:00,1.36497,1.36497,1.3627799999999999,1.3642,8534
2025-06-27 12:00:00,1.36419,1.36629,1.36408,1.36428,9049
2025-06-27 16:00:00,1.36428,1.36778,1.36407,1.36733,11684
2025-06-27 20:00:00,1.36733,1.37589,1.36728,1.36842,12376
2025-06-30 00:00:00,1.36801,1.36999,1.36727,1.36942,7087
2025-06-30 04:00:00,1.36942,1.36957,1.3657599999999999,1.36725,11650
2025-06-30 08:00:00,1.36725,1.36796,1.36537,1.36754,10706
2025-06-30 12:00:00,1.36754,1.3682699999999999,1.36582,1.36661,8033
2025-06-30 16:00:00,1.36661,1.36782,1.36178,1.36267,14976
2025-06-30 20:00:00,1.36267,1.36438,1.3599700000000001,1.36067,8454
2025-07-01 00:00:00,1.36025,1.361,1.35988,1.36037,4147
2025-07-01 04:00:00,1.36037,1.36186,1.3602699999999999,1.36067,7128
2025-07-01 08:00:00,1.36068,1.36115,1.35931,1.35985,9045
2025-07-01 12:00:00,1.35985,1.36273,1.35911,1.3626800000000001,9399
2025-07-01 16:00:00,1.3626800000000001,1.3667099999999999,1.36227,1.36605,14702
2025-07-01 20:00:00,1.36605,1.36636,1.36419,1.3646099999999999,5615
2025-07-02 00:00:00,1.36452,1.36487,1.36401,1.36405,4954
2025-07-02 04:00:00,1.36405,1.36527,1.36384,1.3648500000000001,6794
2025-07-02 08:00:00,1.3648500000000001,1.36589,1.36442,1.36505,7246
2025-07-02 12:00:00,1.36505,1.36571,1.36307,1.36503,9931
2025-07-02 16:00:00,1.36504,1.36551,1.36057,1.36068,13275
2025-07-02 20:00:00,1.36068,1.36072,1.35837,1.35926,6193
2025-07-03 00:00:00,1.3586,1.35899,1.35772,1.35821,3675
2025-07-03 04:00:00,1.35821,1.35984,1.35792,1.35974,7161
2025-07-03 08:00:00,1.35974,1.36013,1.35863,1.35881,6925
2025-07-03 12:00:00,1.35881,1.36243,1.3578700000000001,1.36168,9417
2025-07-03 16:00:00,1.36168,1.362,1.3556599999999999,1.35613,15766
2025-07-03 20:00:00,1.35613,1.35889,1.35574,1.3584800000000001,3174
2025-07-04 00:00:00,1.35813,1.3588,1.35697,1.35731,7123
2025-07-04 04:00:00,1.35731,1.3581699999999999,1.35727,1.3575,8247
2025-07-04 08:00:00,1.3575,1.35962,1.35667,1.35916,7532
2025-07-04 12:00:00,1.35916,1.36048,1.3586,1.36045,6393
2025-07-04 16:00:00,1.36045,1.36128,1.35993,1.36077,7661
2025-07-04 20:00:00,1.36077,1.36174,1.3599700000000001,1.36015,26317
2025-07-07 00:00:00,1.35855,1.36094,1.35815,1.36086,6921
2025-07-07 04:00:00,1.36086,1.36351,1.36086,1.36345,9307
2025-07-07 08:00:00,1.36345,1.36847,1.36308,1.3683100000000001,8158
2025-07-07 12:00:00,1.3683100000000001,1.36859,1.36473,1.36479,7811
2025-07-07 16:00:00,1.36479,1.36742,1.36313,1.36718,11308
2025-07-07 20:00:00,1.36718,1.36834,1.36594,1.36826,8121
2025-07-08 00:00:00,1.36813,1.36813,1.36554,1.36559,5397
2025-07-08 04:00:00,1.36559,1.36646,1.3638,1.36529,8054
2025-07-08 08:00:00,1.36529,1.36626,1.36388,1.36463,8470
2025-07-08 12:00:00,1.36463,1.36624,1.36445,1.36571,6607
2025-07-08 16:00:00,1.36571,1.36944,1.36557,1.36811,12836
2025-07-08 20:00:00,1.36811,1.36906,1.36616,1.36621,7769
2025-07-09 00:00:00,1.36585,1.36779,1.36514,1.3674,4063
2025-07-09 04:00:00,1.3674,1.36893,1.36691,1.36796,8851
2025-07-09 08:00:00,1.36796,1.36941,1.36657,1.36852,9354
2025-07-09 12:00:00,1.3685100000000001,1.371,1.36821,1.3689200000000001,6770
2025-07-09 16:00:00,1.3689200000000001,1.37048,1.36768,1.36955,9459
2025-07-09 20:00:00,1.36955,1.36977,1.36846,1.3686,4105
2025-07-10 00:00:00,1.36845,1.3688500000000001,1.3673899999999999,1.36777,4418
2025-07-10 04:00:00,1.36777,1.36867,1.3676599999999999,1.36821,5729
2025-07-10 08:00:00,1.36821,1.36866,1.36638,1.3677000000000001,6794
2025-07-10 12:00:00,1.3677000000000001,1.3694899999999999,1.36685,1.3691900000000001,5944
2025-07-10 16:00:00,1.3691900000000001,1.37084,1.3672,1.36835,10740
2025-07-10 20:00:00,1.36834,1.36838,1.36534,1.36539,5050
2025-07-11 00:00:00,1.36541,1.37307,1.36523,1.36917,7300
2025-07-11 04:00:00,1.36917,1.37063,1.36804,1.36963,10343
2025-07-11 08:00:00,1.36963,1.37059,1.36852,1.37012,8616
2025-07-11 12:00:00,1.37012,1.37047,1.36521,1.36786,8347
2025-07-11 16:00:00,1.36786,1.37121,1.36761,1.36807,10588
2025-07-11 20:00:00,1.36807,1.36961,1.36695,1.36874,6258
2025-07-14 00:00:00,1.36982,1.36993,1.36751,1.36836,7682
2025-07-14 04:00:00,1.36836,1.37018,1.36802,1.3698299999999999,8225
2025-07-14 08:00:00,1.3698299999999999,1.37024,1.36757,1.36832,7779
2025-07-14 12:00:00,1.36832,1.36927,1.36701,1.36899,6055
2025-07-14 16:00:00,1.369,1.37009,1.36715,1.36935,10058
2025-07-14 20:00:00,1.36935,1.37081,1.36911,1.37042,5000
2025-07-15 00:00:00,1.37038,1.37091,1.36887,1.37004,4360
2025-07-15 04:00:00,1.37004,1.37035,1.3694,1.36996,8008
2025-07-15 08:00:00,1.36996,1.37033,1.36838,1.36853,6265
2025-07-15 12:00:00,1.36853,1.36943,1.36661,1.36747,7384
2025-07-15 16:00:00,1.36747,1.373,1.3673,1.37246,13772
2025-07-15 20:00:00,1.37246,1.3729,1.37124,1.3722400000000001,5471
2025-07-16 00:00:00,1.3721,1.37246,1.37091,1.37127,5236
2025-07-16 04:00:00,1.37125,1.37222,1.37091,1.37158,6785
2025-07-16 08:00:00,1.37158,1.37226,1.37065,1.3719999999999999,6634
2025-07-16 12:00:00,1.3719999999999999,1.37292,1.37127,1.3725399999999999,5848
2025-07-16 16:00:00,1.3725399999999999,1.37555,1.36802,1.36897,18807
2025-07-16 20:00:00,1.36897,1.37038,1.36804,1.3681,6621
2025-07-17 00:00:00,1.3681,1.37057,1.3677000000000001,1.37009,4309
2025-07-17 04:00:00,1.37009,1.37207,1.36991,1.37144,8376
2025-07-17 08:00:00,1.37144,1.37479,1.3709799999999999,1.37432,8218
2025-07-17 12:00:00,1.37431,1.3774199999999999,1.37425,1.37592,7750
2025-07-17 16:00:00,1.37592,1.37657,1.37415,1.37526,10032
2025-07-17 20:00:00,1.37526,1.3755899999999999,1.37428,1.37528,5056
2025-07-18 00:00:00,1.37517,1.37517,1.37301,1.37353,3606
2025-07-18 04:00:00,1.37353,1.37425,1.37305,1.3740700000000001,6978
2025-07-18 08:00:00,1.3740700000000001,1.37426,1.37243,1.37264,5656
2025-07-18 12:00:00,1.37262,1.37311,1.3702,1.37038,5473
2025-07-18 16:00:00,1.37038,1.3727800000000001,1.36958,1.3725800000000001,9478
2025-07-18 20:00:00,1.37257,1.37358,1.37232,1.37265,5367
2025-07-21 00:00:00,1.3707099999999999,1.37308,1.37059,1.37301,7280
2025-07-21 04:00:00,1.37301,1.37348,1.37216,1.37239,7885
2025-07-21 08:00:00,1.37239,1.37301,1.37144,1.37216,7040
2025-07-21 12:00:00,1.37216,1.37289,1.36957,1.36995,6143
2025-07-21 16:00:00,1.36994,1.37174,1.36786,1.36862,8854
2025-07-21 20:00:00,1.36863,1.36921,1.36769,1.36819,4304
2025-07-22 00:00:00,1.36821,1.36875,1.36751,1.36871,3734
2025-07-22 04:00:00,1.36871,1.36906,1.36826,1.36886,5879
2025-07-22 08:00:00,1.36886,1.36955,1.36798,1.36818,5429
2025-07-22 12:00:00,1.36818,1.36844,1.36647,1.36796,5686
2025-07-22 16:00:00,1.36796,1.36796,1.36054,1.3614,10593
2025-07-22 20:00:00,1.3614,1.36206,1.36028,1.36053,5145
2025-07-23 00:00:00,1.36045,1.3607,1.3594300000000001,1.35951,4424
2025-07-23 04:00:00,1.35951,1.3603399999999999,1.3593199999999999,1.35999,8008
2025-07-23 08:00:00,1.35999,1.36109,1.35834,1.35838,7694
2025-07-23 12:00:00,1.35838,1.36032,1.3575599999999999,1.36032,5469
2025-07-23 16:00:00,1.36032,1.36291,1.3595,1.36171,9469
2025-07-23 20:00:00,1.36171,1.36212,1.3595,1.35961,4837
2025-07-24 00:00:00,1.3596,1.36087,1.35901,1.3606099999999999,4323
2025-07-24 04:00:00,1.3606099999999999,1.36082,1.35964,1.36032,7751
2025-07-24 08:00:00,1.36032,1.36138,1.35986,1.36053,6690
2025-07-24 12:00:00,1.36053,1.36226,1.36053,1.36181,6076
2025-07-24 16:00:00,1.36181,1.36464,1.36108,1.36369,10010
2025-07-24 20:00:00,1.36369,1.36547,1.36303,1.36374,4616
2025-07-25 00:00:00,1.36322,1.36503,1.36265,1.36419,6265
2025-07-25 04:00:00,1.36419,1.36665,1.36388,1.36594,9583
2025-07-25 08:00:00,1.36594,1.36799,1.3648,1.36762,7738
2025-07-25 12:00:00,1.36762,1.3689,1.36674,1.36855,5901
2025-07-25 16:00:00,1.36855,1.3725800000000001,1.36814,1.37162,11616
2025-07-25 20:00:00,1.37162,1.37173,1.3697599999999999,1.36996,4536
2025-07-28 00:00:00,1.36969,1.3703400000000001,1.3691200000000001,1.36935,6811
2025-07-28 04:00:00,1.36935,1.37062,1.3688799999999999,1.36963,7567
2025-07-28 08:00:00,1.36963,1.37424,1.36957,1.37298,9011
2025-07-28 12:00:00,1.37298,1.37347,1.37154,1.37177,8909
2025-07-28 16:00:00,1.37177,1.37293,1.3710499999999999,1.37192,10050
2025-07-28 20:00:00,1.37191,1.3740299999999999,1.37176,1.3738000000000001,4932
2025-07-29 00:00:00,1.37381,1.37432,1.37305,1.3742,4923
2025-07-29 04:00:00,1.3742,1.37423,1.3731,1.37318,7815
2025-07-29 08:00:00,1.37318,1.37609,1.37317,1.37443,8469
2025-07-29 12:00:00,1.37443,1.37789,1.37393,1.37784,8217
2025-07-29 16:00:00,1.37785,1.37885,1.37497,1.37778,12352
2025-07-29 20:00:00,1.37778,1.37823,1.3762400000000001,1.377,6771
2025-07-30 00:00:00,1.37696,1.37758,1.37622,1.37631,3566
2025-07-30 04:00:00,1.37632,1.37721,1.37587,1.37693,7158
2025-07-30 08:00:00,1.37693,1.37771,1.37633,1.37732,8419
2025-07-30 12:00:00,1.37733,1.38066,1.37718,1.38049,8254
2025-07-30 16:00:00,1.38048,1.38192,1.37995,1.3809,11990
2025-07-30 20:00:00,1.3809,1.38449,1.37977,1.38299,13979
2025-07-31 00:00:00,1.38275,1.38331,1.38226,1.38306,5222
2025-07-31 04:00:00,1.38306,1.3845100000000001,1.38161,1.38163,12308
2025-07-31 08:00:00,1.38164,1.3846,1.38136,1.38398,9785
2025-07-31 12:00:00,1.38399,1.38537,1.3833,1.38336,8017
2025-07-31 16:00:00,1.38336,1.38525,1.38243,1.38483,12543
2025-07-31 20:00:00,1.38483,1.38572,1.38381,1.38558,7825
2025-08-01 00:00:00,1.38527,1.38711,1.38398,1.38473,6969
2025-08-01 04:00:00,1.38473,1.38621,1.38442,1.3854199999999999,13141
2025-08-01 08:00:00,1.3854199999999999,1.38761,1.3850799999999999,1.38757,10214
2025-08-01 12:00:00,1.38757,1.3879299999999999,1.37854,1.37958,12812
2025-08-01 16:00:00,1.37967,1.38,1.37632,1.37955,23799
2025-08-01 20:00:00,1.37955,1.3817599999999999,1.37713,1.37816,12280
2025-08-04 00:00:00,1.37711,1.37942,1.37621,1.37911,9206
2025-08-04 04:00:00,1.37911,1.37949,1.37707,1.37744,10987
2025-08-04 08:00:00,1.37744,1.37879,1.3767,1.37839,11670
2025-08-04 12:00:00,1.37839,1.3790499999999999,1.37662,1.37734,10634
2025-08-04 16:00:00,1.37734,1.3783400000000001,1.37584,1.37754,13036
2025-08-04 20:00:00,1.37754,1.37855,1.37725,1.37792,6726
2025-08-05 00:00:00,1.37777,1.3779,1.37626,1.3768500000000001,4831
2025-08-05 04:00:00,1.3768500000000001,1.37918,1.37672,1.37866,9404
2025-08-05 08:00:00,1.37866,1.38096,1.37738,1.38067,9656
2025-08-05 12:00:00,1.38067,1.38103,1.37913,1.37979,10200
2025-08-05 16:00:00,1.37979,1.38,1.37679,1.3778299999999999,15287
2025-08-05 20:00:00,1.37784,1.37888,1.377,1.37706,7027
2025-08-06 00:00:00,1.37707,1.3778299999999999,1.37659,1.37747,5828
2025-08-06 04:00:00,1.37747,1.37799,1.3765100000000001,1.37711,10322
2025-08-06 08:00:00,1.37711,1.37755,1.37634,1.3768799999999999,8278
2025-08-06 12:00:00,1.3768799999999999,1.37699,1.37436,1.37474,7892
2025-08-06 16:00:00,1.37474,1.37589,1.3739,1.37438,12641
2025-08-06 20:00:00,1.37439,1.3748,1.37355,1.37404,7611
2025-08-07 00:00:00,1.37395,1.3745,1.37298,1.3744100000000001,5272
2025-08-07 04:00:00,1.3744100000000001,1.37466,1.37294,1.37311,8782
2025-08-07 08:00:00,1.37311,1.37365,1.37218,1.37327,7578
2025-08-07 12:00:00,1.37327,1.37447,1.37216,1.37377,9525
2025-08-07 16:00:00,1.37377,1.3773900000000001,1.37305,1.37528,14419
2025-08-07 20:00:00,1.37528,1.37676,1.3739,1.37487,9614
2025-08-08 00:00:00,1.37438,1.37447,1.3731900000000001,1.37384,5933
2025-08-08 04:00:00,1.37384,1.37485,1.37341,1.37413,7805
2025-08-08 08:00:00,1.37413,1.37497,1.37275,1.37365,7630
2025-08-08 12:00:00,1.37365,1.37629,1.37259,1.37586,8205
2025-08-08 16:00:00,1.37586,1.37588,1.37429,1.37522,10618
2025-08-08 20:00:00,1.37523,1.37634,1.37425,1.37535,6846
2025-08-11 00:00:00,1.37442,1.37604,1.3744,1.37588,4558
2025-08-11 04:00:00,1.37588,1.37611,1.37451,1.37512,7727
2025-08-11 08:00:00,1.37512,1.3774199999999999,1.37496,1.37647,6990
2025-08-11 12:00:00,1.37647,1.37949,1.37628,1.37892,7970
2025-08-11 16:00:00,1.37893,1.37955,1.37738,1.3784,11753
2025-08-11 20:00:00,1.3784,1.37874,1.37745,1.3777300000000001,6615
2025-08-12 00:00:00,1.37774,1.37808,1.37668,1.37795,4053
2025-08-12 04:00:00,1.37795,1.37845,1.3771900000000001,1.3774600000000001,9005
2025-08-12 08:00:00,1.3774600000000001,1.37926,1.37738,1.37892,10705
2025-08-12 12:00:00,1.37892,1.3806,1.37628,1.37798,11670
2025-08-12 16:00:00,1.37799,1.37939,1.3754,1.37623,19188
2025-08-12 20:00:00,1.37623,1.37845,1.37621,1.37713,7457
2025-08-13 00:00:00,1.37714,1.37808,1.3765399999999999,1.37785,4161
2025-08-13 04:00:00,1.37785,1.37821,1.37732,1.37762,7723
2025-08-13 08:00:00,1.37762,1.37816,1.37542,1.37635,8100
2025-08-13 12:00:00,1.37636,1.3771499999999999,1.37517,1.37706,7966
2025-08-13 16:00:00,1.37706,1.37753,1.37561,1.37704,12065
2025-08-13 20:00:00,1.37704,1.3774,1.3756,1.37585,7306
2025-08-14 00:00:00,1.37577,1.37625,1.3749799999999999,1.37518,5023
2025-08-14 04:00:00,1.37518,1.37647,1.37445,1.37586,8020
2025-08-14 08:00:00,1.37586,1.37835,1.3757,1.3782,9687
2025-08-14 12:00:00,1.3782,1.38016,1.37705,1.37964,10267
2025-08-14 16:00:00,1.3796300000000001,1.38177,1.37899,1.38148,17176
2025-08-14 20:00:00,1.38148,1.38195,1.38058,1.38156,8116
2025-08-15 00:00:00,1.38159,1.3816,1.38106,1.38119,4849
2025-08-15 04:00:00,1.38119,1.38152,1.38019,1.3802699999999999,7723
2025-08-15 08:00:00,1.3802699999999999,1.38071,1.37912,1.37975,6389
2025-08-15 12:00:00,1.37975,1.38019,1.37875,1.37934,7714
2025-08-15 16:00:00,1.37934,1.3813900000000001,1.37885,1.38101,13867
2025-08-15 20:00:00,1.38101,1.38185,1.38076,1.38147,6212
2025-08-18 00:00:00,1.38067,1.38172,1.3806,1.38079,5669
2025-08-18 04:00:00,1.38079,1.38102,1.3798599999999999,1.38012,7757
2025-08-18 08:00:00,1.38012,1.38097,1.3792200000000001,1.3794,7479
2025-08-18 12:00:00,1.3794,1.37989,1.37831,1.37913,6944
2025-08-18 16:00:00,1.37913,1.38313,1.37909,1.38125,10992
2025-08-18 20:00:00,1.38127,1.38145,1.37992,1.38025,6158
2025-08-19 00:00:00,1.3801999999999999,1.38109,1.37948,1.38095,4132
2025-08-19 04:00:00,1.38095,1.38182,1.38063,1.38097,8339
2025-08-19 08:00:00,1.38097,1.3822,1.38013,1.38193,7746
2025-08-19 12:00:00,1.38192,1.3838,1.38011,1.38338,7837
2025-08-19 16:00:00,1.38338,1.38636,1.3833,1.38626,12042
2025-08-19 20:00:00,1.38626,1.38696,1.38536,1.3868,6618
2025-08-20 00:00:00,1.38672,1.3872900000000001,1.38516,1.38693,7595
2025-08-20 04:00:00,1.38693,1.38838,1.38651,1.38702,9023
2025-08-20 08:00:00,1.387,1.38814,1.38686,1.38796,8529
2025-08-20 12:00:00,1.38796,1.388,1.38537,1.38577,7249
2025-08-20 16:00:00,1.38578,1.38796,1.3857300000000001,1.38689,12098
2025-08-20 20:00:00,1.3869,1.38803,1.38619,1.3872900000000001,7439
2025-08-21 00:00:00,1.38724,1.38818,1.3862999999999999,1.38788,4754
2025-08-21 04:00:00,1.38788,1.38831,1.3873,1.38796,7232
2025-08-21 08:00:00,1.38796,1.3885399999999999,1.38739,1.38785,7825
2025-08-21 12:00:00,1.3878599999999999,1.38957,1.38738,1.38947,8688
2025-08-21 16:00:00,1.38947,1.39079,1.38898,1.3897300000000001,14392
2025-08-21 20:00:00,1.3897300000000001,1.3912,1.3891200000000001,1.39097,7080
2025-08-22 00:00:00,1.39097,1.39097,1.38993,1.39076,3932
2025-08-22 04:00:00,1.39076,1.3915600000000001,1.3903699999999999,1.39151,6104
2025-08-22 08:00:00,1.3914900000000001,1.39172,1.39077,1.39082,5818
2025-08-22 12:00:00,1.39081,1.3919000000000001,1.39079,1.39169,6679
2025-08-22 16:00:00,1.39169,1.39246,1.38301,1.38321,21892
2025-08-22 20:00:00,1.38321,1.38324,1.38145,1.38219,8365
2025-08-25 00:00:00,1.38091,1.38403,1.38091,1.38358,5630
2025-08-25 04:00:00,1.38358,1.3844,1.38321,1.38348,5379
2025-08-25 08:00:00,1.38348,1.38378,1.38212,1.38276,6313
2025-08-25 12:00:00,1.38276,1.38364,1.38174,1.38227,6228
2025-08-25 16:00:00,1.38226,1.38385,1.3817,1.38341,10723
2025-08-25 20:00:00,1.38341,1.3864,1.3832900000000001,1.3859,7335
2025-08-26 00:00:00,1.38578,1.3864,1.3841700000000001,1.3845100000000001,7931
2025-08-26 04:00:00,1.3845,1.3860299999999999,1.38448,1.38544,8536
2025-08-26 08:00:00,1.38544,1.38682,1.3850500000000001,1.3858,9863
2025-08-26 12:00:00,1.3858,1.38581,1.38401,1.38458,8199
2025-08-26 16:00:00,1.38458,1.3854600000000001,1.38224,1.38296,11641
2025-08-26 20:00:00,1.38297,1.38418,1.38286,1.38388,5555
2025-08-27 00:00:00,1.38376,1.38384,1.38242,1.38335,3413
2025-08-27 04:00:00,1.38334,1.38438,1.38284,1.38432,6231
2025-08-27 08:00:00,1.38431,1.38571,1.38343,1.38487,6922
2025-08-27 12:00:00,1.38487,1.3856600000000001,1.38432,1.3850799999999999,7472
2025-08-27 16:00:00,1.3850799999999999,1.3858,1.37981,1.37982,11640
2025-08-27 20:00:00,1.37982,1.38015,1.37829,1.37919,7099
2025-08-28 00:00:00,1.37889,1.379,1.3777,1.37824,4504
2025-08-28 04:00:00,1.37824,1.3783400000000001,1.37696,1.37816,7054
2025-08-28 08:00:00,1.37816,1.37882,1.3774899999999999,1.37764,7399
2025-08-28 12:00:00,1.37764,1.37768,1.3752900000000001,1.37607,9474
2025-08-28 16:00:00,1.37607,1.37852,1.37462,1.37479,13568
2025-08-28 20:00:00,1.37479,1.37564,1.37412,1.37489,5454
2025-08-29 00:00:00,1.37484,1.37541,1.3735,1.3746399999999999,4294
2025-08-29 04:00:00,1.3746399999999999,1.37573,1.3745,1.3752900000000001,7988
2025-08-29 08:00:00,1.37528,1.37575,1.37374,1.37408,7181
2025-08-29 12:00:00,1.37408,1.37791,1.374,1.37704,8518
2025-08-29 16:00:00,1.37703,1.37793,1.37269,1.37318,14015
2025-08-29 20:00:00,1.37318,1.3746800000000001,1.37275,1.37338,5662
2025-09-01 00:00:00,1.37221,1.37433,1.37221,1.37361,4131
2025-09-01 04:00:00,1.37361,1.37451,1.37327,1.37382,7268
2025-09-01 08:00:00,1.37385,1.37527,1.3734199999999999,1.37397,7591
2025-09-01 12:00:00,1.37397,1.3752499999999999,1.37339,1.3752499999999999,6186
2025-09-01 16:00:00,1.37524,1.37621,1.3743699999999999,1.37549,6924
2025-09-01 20:00:00,1.37549,1.37569,1.37491,1.37499,1803
2025-09-02 00:00:00,1.3749500000000001,1.3753600000000001,1.37402,1.3748,4627
2025-09-02 04:00:00,1.37481,1.37594,1.37459,1.37578,7643
2025-09-02 08:00:00,1.37578,1.37838,1.37456,1.37698,10594
2025-09-02 12:00:00,1.37698,1.3815,1.37669,1.38089,11672
2025-09-02 16:00:00,1.38087,1.38099,1.37733,1.37735,16008
2025-09-02 20:00:00,1.37736,1.37924,1.37723,1.3782,7095
2025-09-03 00:00:00,1.37809,1.37924,1.37698,1.3790499999999999,4020
2025-09-03 04:00:00,1.3790499999999999,1.37969,1.37838,1.3792200000000001,8019
2025-09-03 08:00:00,1.3792200000000001,1.3807800000000001,1.37881,1.38011,9877
2025-09-03 12:00:00,1.38012,1.38061,1.37937,1.37992,8848
2025-09-03 16:00:00,1.37992,1.38052,1.37832,1.37867,13637
2025-09-03 20:00:00,1.37865,1.38019,1.37855,1.37921,6752
2025-09-04 00:00:00,1.3792499999999999,1.37988,1.3787099999999999,1.37982,4002
2025-09-04 04:00:00,1.37982,1.38084,1.37944,1.38077,6605
2025-09-04 08:00:00,1.38077,1.3815,1.38073,1.38102,7134
2025-09-04 12:00:00,1.38102,1.38275,1.38011,1.38159,8240
2025-09-04 16:00:00,1.38159,1.38456,1.38065,1.38324,11951
2025-09-04 20:00:00,1.38324,1.38366,1.38157,1.38175,5523
2025-09-05 00:00:00,1.3818,1.38208,1.3804699999999999,1.38101,4638
2025-09-05 04:00:00,1.38101,1.38118,1.38042,1.38102,5040
2025-09-05 08:00:00,1.38102,1.38111,1.37899,1.3792200000000001,6788
2025-09-05 12:00:00,1.37923,1.38172,1.37561,1.3804699999999999,10042
2025-09-05 16:00:00,1.38046,1.38402,1.3796,1.38339,18163
2025-09-05 20:00:00,1.3834,1.38543,1.38218,1.38244,7919
2025-09-08 00:00:00,1.38251,1.38448,1.38248,1.38385,7222
2025-09-08 04:00:00,1.38385,1.38418,1.3829099999999999,1.38336,8972
2025-09-08 08:00:00,1.38335,1.38341,1.3812,1.38167,9134
2025-09-08 12:00:00,1.38167,1.38246,1.37889,1.3793199999999999,8141
2025-09-08 16:00:00,1.3793199999999999,1.38335,1.37884,1.38262,11151
2025-09-08 20:00:00,1.3826100000000001,1.38318,1.3801999999999999,1.38023,6429
2025-09-09 00:00:00,1.38022,1.3805100000000001,1.37924,1.38046,5129
2025-09-09 04:00:00,1.38046,1.3811499999999999,1.3798,1.3804699999999999,6058
2025-09-09 08:00:00,1.38045,1.38132,1.37936,1.3798300000000001,8396
2025-09-09 12:00:00,1.37982,1.38276,1.37945,1.3822999999999999,6896
2025-09-09 16:00:00,1.3822999999999999,1.38429,1.38049,1.38323,13337
2025-09-09 20:00:00,1.3832499999999999,1.38599,1.38309,1.38432,6493
2025-09-10 00:00:00,1.3841,1.38579,1.38367,1.38563,4884
2025-09-10 04:00:00,1.38563,1.38635,1.38412,1.38414,8042
2025-09-10 08:00:00,1.38418,1.38605,1.38391,1.38528,8916
2025-09-10 12:00:00,1.38527,1.38623,1.38402,1.38537,9640
2025-09-10 16:00:00,1.38536,1.38604,1.38307,1.38572,12917
2025-09-10 20:00:00,1.38572,1.387,1.38522,1.38614,6567
2025-09-11 00:00:00,1.38586,1.38699,1.3848799999999999,1.3869500000000001,4162
2025-09-11 04:00:00,1.3869500000000001,1.38735,1.38646,1.38718,5803
2025-09-11 08:00:00,1.38718,1.38821,1.38716,1.38811,7405
2025-09-11 12:00:00,1.38812,1.38906,1.3856,1.38577,10632
2025-09-11 16:00:00,1.38577,1.38678,1.38262,1.38333,13644
2025-09-11 20:00:00,1.38333,1.38431,1.38296,1.38324,7210
2025-09-12 00:00:00,1.38312,1.38414,1.38204,1.38384,5657
2025-09-12 04:00:00,1.3838300000000001,1.38487,1.3836,1.38426,6144
2025-09-12 08:00:00,1.38427,1.38492,1.38327,1.3848,7919
2025-09-12 12:00:00,1.3848,1.3860999999999999,1.38347,1.38433,8295
2025-09-12 16:00:00,1.38434,1.38636,1.38349,1.38502,11762
2025-09-12 20:00:00,1.38502,1.38534,1.38384,1.38443,6518
2025-09-15 00:00:00,1.38263,1.38445,1.38263,1.3842400000000001,3948
2025-09-15 04:00:00,1.3842400000000001,1.38462,1.38344,1.38352,5201
2025-09-15 08:00:00,1.38351,1.3841700000000001,1.38306,1.3835,8037
2025-09-15 12:00:00,1.38349,1.38349,1.38153,1.38254,8439
2025-09-15 16:00:00,1.38255,1.38425,1.37936,1.38003,12051
2025-09-15 20:00:00,1.38002,1.3801700000000001,1.37669,1.37778,9055
2025-09-16 00:00:00,1.37767,1.37809,1.3771200000000001,1.3774199999999999,4184
2025-09-16 04:00:00,1.3774199999999999,1.37771,1.37634,1.3772,5743
2025-09-16 08:00:00,1.3772,1.37772,1.3762400000000001,1.37756,8146
2025-09-16 12:00:00,1.37756,1.37758,1.3746399999999999,1.37579,8868
2025-09-16 16:00:00,1.37578,1.37632,1.37369,1.37417,12757
2025-09-16 20:00:00,1.37416,1.3755,1.37338,1.3736,6377
2025-09-17 00:00:00,1.37382,1.37448,1.37324,1.37432,3025
2025-09-17 04:00:00,1.37433,1.37546,1.37424,1.3751,3201
2025-09-17 08:00:00,1.3751,1.3761999999999999,1.37483,1.37564,5462
2025-09-17 12:00:00,1.37564,1.37591,1.37487,1.37535,5874
2025-09-17 16:00:00,1.37534,1.37695,1.3744100000000001,1.37604,9699
2025-09-17 20:00:00,1.37604,1.37873,1.37267,1.37732,21482
2025-09-18 00:00:00,1.37724,1.37792,1.37634,1.3768099999999999,3988
2025-09-18 04:00:00,1.3768,1.37874,1.37659,1.37858,4764
2025-09-18 08:00:00,1.37858,1.38,1.37744,1.37813,8861
2025-09-18 12:00:00,1.37813,1.379,1.37672,1.37865,11081
2025-09-18 16:00:00,1.3786800000000001,1.381,1.3786399999999999,1.38025,17444
2025-09-18 20:00:00,1.38025,1.38033,1.3787099999999999,1.37955,7486
2025-09-19 00:00:00,1.37957,1.37999,1.37883,1.3795899999999999,7674
2025-09-19 04:00:00,1.3795899999999999,1.38049,1.37887,1.37978,8234
2025-09-19 08:00:00,1.37978,1.38202,1.37948,1.38087,11276
2025-09-19 12:00:00,1.38087,1.38255,1.38052,1.38188,9427
2025-09-19 16:00:00,1.38188,1.38198,1.37693,1.37771,15306
2025-09-19 20:00:00,1.37771,1.37916,1.37691,1.37794,6872
2025-09-22 00:00:00,1.37709,1.3796,1.37702,1.37876,4253
2025-09-22 04:00:00,1.37876,1.38004,1.3783,1.3798599999999999,7900
2025-09-22 08:00:00,1.37985,1.38102,1.37917,1.38058,9570
2025-09-22 12:00:00,1.38058,1.38143,1.37977,1.37979,9025
2025-09-22 16:00:00,1.37975,1.3829099999999999,1.37931,1.38277,12042
2025-09-22 20:00:00,1.38278,1.38317,1.38167,1.38177,6630
2025-09-23 00:00:00,1.3817599999999999,1.3832200000000001,1.38106,1.38277,4588
2025-09-23 04:00:00,1.38277,1.38319,1.38235,1.3830200000000001,8073
2025-09-23 08:00:00,1.38304,1.3844400000000001,1.3822999999999999,1.38319,9833
2025-09-23 12:00:00,1.38318,1.38331,1.38174,1.38178,8767
2025-09-23 16:00:00,1.38177,1.384,1.38117,1.38293,13543
2025-09-23 20:00:00,1.38293,1.38501,1.38265,1.38352,8511
2025-09-24 00:00:00,1.38338,1.38469,1.38249,1.38432,6156
2025-09-24 04:00:00,1.38431,1.38497,1.3839000000000001,1.38449,7974
2025-09-24 08:00:00,1.38449,1.38643,1.38431,1.3860700000000001,8185
2025-09-24 12:00:00,1.3860700000000001,1.3879299999999999,1.3859,1.38766,9091
2025-09-24 16:00:00,1.38768,1.39067,1.38726,1.39065,14945
2025-09-24 20:00:00,1.39063,1.3906800000000001,1.38946,1.38961,7643
2025-09-25 00:00:00,1.38949,1.38994,1.3885,1.38924,5070
2025-09-25 04:00:00,1.38924,1.38959,1.3885100000000001,1.38872,6091
2025-09-25 08:00:00,1.38872,1.39024,1.38867,1.38937,8909
2025-09-25 12:00:00,1.3893499999999999,1.39132,1.389,1.39066,10523
2025-09-25 16:00:00,1.39067,1.39372,1.39041,1.39355,16213
2025-09-25 20:00:00,1.39357,1.39497,1.39353,1.3939300000000001,8743
2025-09-26 00:00:00,1.39392,1.39458,1.39112,1.39389,5810
2025-09-26 04:00:00,1.39389,1.39447,1.3934199999999999,1.39354,6282
2025-09-26 08:00:00,1.39354,1.39482,1.3935,1.39469,8506
2025-09-26 12:00:00,1.39469,1.39588,1.3933900000000001,1.39356,10141
2025-09-26 16:00:00,1.39356,1.39524,1.39318,1.39368,16290
2025-09-26 20:00:00,1.3936600000000001,1.39441,1.39344,1.39398,7589
2025-09-29 00:00:00,1.3924699999999999,1.39472,1.39234,1.39276,5288
2025-09-29 04:00:00,1.39275,1.3935,1.39191,1.39216,6512
2025-09-29 08:00:00,1.3921700000000001,1.39295,1.3915600000000001,1.39177,8545
2025-09-29 12:00:00,1.39177,1.39397,1.3916,1.39286,8895
2025-09-29 16:00:00,1.39286,1.3939599999999999,1.39032,1.39131,13667
2025-09-29 20:00:00,1.39133,1.39228,1.39092,1.39135,6723
2025-09-30 00:00:00,1.3912499999999999,1.39243,1.3899,1.39215,5179
2025-09-30 04:00:00,1.39214,1.39223,1.39128,1.39141,6871
2025-09-30 08:00:00,1.39141,1.3924400000000001,1.39062,1.39107,9354
2025-09-30 12:00:00,1.39107,1.39253,1.39081,1.39192,7637
2025-09-30 16:00:00,1.39193,1.39361,1.38963,1.39216,14630
2025-09-30 20:00:00,1.39216,1.39258,1.39137,1.39194,7417
2025-10-01 00:00:00,1.39191,1.39287,1.39085,1.3927100000000001,6507
2025-10-01 04:00:00,1.3927100000000001,1.3933200000000001,1.39144,1.39145,4791
2025-10-01 08:00:00,1.39145,1.39282,1.39069,1.3918300000000001,10234
2025-10-01 12:00:00,1.3918300000000001,1.3937,1.39146,1.39291,12195
2025-10-01 16:00:00,1.39292,1.39572,1.39229,1.39482,16575
2025-10-01 20:00:00,1.39482,1.3949500000000001,1.39345,1.39362,7175
2025-10-02 00:00:00,1.3934199999999999,1.39477,1.39304,1.39441,3594
2025-10-02 04:00:00,1.3944,1.39473,1.39348,1.39455,4831
2025-10-02 08:00:00,1.39455,1.3949,1.39324,1.39365,8365
2025-10-02 12:00:00,1.3936600000000001,1.39533,1.39337,1.3946399999999999,8295
2025-10-02 16:00:00,1.3946399999999999,1.39865,1.39402,1.39673,14793
2025-10-02 20:00:00,1.39673,1.39722,1.396,1.39663,7178
2025-10-03 00:00:00,1.39664,1.3967,1.39606,1.3964699999999999,4620
2025-10-03 04:00:00,1.3964699999999999,1.39695,1.39611,1.39682,7221
2025-10-03 08:00:00,1.39682,1.39685,1.39573,1.39612,8305
2025-10-03 12:00:00,1.39612,1.39691,1.39508,1.39509,8035
2025-10-03 16:00:00,1.39508,1.39632,1.3939599999999999,1.39477,13905
2025-10-03 20:00:00,1.39477,1.39611,1.39412,1.3947,8471
2025-10-06 00:00:00,1.39406,1.3968099999999999,1.39389,1.39569,8841
2025-10-06 04:00:00,1.39565,1.3961299999999999,1.39452,1.39526,6383
2025-10-06 08:00:00,1.39526,1.39588,1.39417,1.39507,11513
2025-10-06 12:00:00,1.39509,1.39645,1.39486,1.3961700000000001,9695
2025-10-06 16:00:00,1.39618,1.39677,1.39459,1.39493,11368
2025-10-06 20:00:00,1.39494,1.39545,1.3940000000000001,1.39416,6138
2025-10-07 00:00:00,1.39417,1.39514,1.39387,1.39492,5333
2025-10-07 04:00:00,1.39492,1.39531,1.39441,1.39486,6255
2025-10-07 08:00:00,1.39485,1.39623,1.39473,1.39565,8881
2025-10-07 12:00:00,1.39566,1.3963,1.39476,1.3954,8592
2025-10-07 16:00:00,1.3954,1.3957,1.39387,1.3952,14771
2025-10-07 20:00:00,1.39521,1.39604,1.3945699999999999,1.39493,8187
2025-10-08 00:00:00,1.3948800000000001,1.39595,1.39418,1.39561,5106
2025-10-08 04:00:00,1.39562,1.39687,1.3952,1.39643,9069
2025-10-08 08:00:00,1.39643,1.39709,1.39513,1.39542,9418
2025-10-08 12:00:00,1.39539,1.39592,1.39379,1.39383,9323
2025-10-08 16:00:00,1.39383,1.39611,1.39318,1.3959,12966
2025-10-08 20:00:00,1.39591,1.39629,1.39493,1.39524,7726
2025-10-09 00:00:00,1.39494,1.39561,1.39402,1.3949099999999999,4107
2025-10-09 04:00:00,1.3949,1.39492,1.39348,1.39358,6314
2025-10-09 08:00:00,1.39358,1.39638,1.3933499999999999,1.39535,10583
2025-10-09 12:00:00,1.39535,1.3955899999999999,1.3942700000000001,1.39452,10188
2025-10-09 16:00:00,1.39451,1.40251,1.39391,1.40225,19680
2025-10-09 20:00:00,1.40225,1.4034200000000001,1.40143,1.40229,10032
2025-10-10 00:00:00,1.40127,1.40258,1.40126,1.40173,4730
2025-10-10 04:00:00,1.40173,1.4021,1.4013900000000001,1.40156,6486
2025-10-10 08:00:00,1.40156,1.40344,1.40134,1.40171,10517
2025-10-10 12:00:00,1.40171,1.40228,1.39761,1.39839,11701
2025-10-10 16:00:00,1.39839,1.4011,1.39822,1.40093,24724
2025-10-10 20:00:00,1.40093,1.40179,1.39939,1.40003,13398
2025-10-13 00:00:00,1.39841,1.40045,1.39831,1.39931,10484
2025-10-13 04:00:00,1.3993,1.39966,1.39828,1.39933,8412
2025-10-13 08:00:00,1.39933,1.4010799999999999,1.3988399999999999,1.4001299999999999,12263
2025-10-13 12:00:00,1.4001299999999999,1.40167,1.39972,1.4013,10252
2025-10-13 16:00:00,1.40129,1.4034200000000001,1.40129,1.40309,13510
2025-10-13 20:00:00,1.40308,1.40395,1.40274,1.40358,6084
2025-10-14 00:00:00,1.40337,1.40439,1.40269,1.40378,4564
2025-10-14 04:00:00,1.4037600000000001,1.4047100000000001,1.40332,1.40432,7400
2025-10-14 08:00:00,1.40432,1.40664,1.4041299999999999,1.4058899999999999,13252
2025-10-14 12:00:00,1.40588,1.40802,1.40585,1.40717,11402
2025-10-14 16:00:00,1.40717,1.4075,1.40299,1.40429,18496
2025-10-14 20:00:00,1.40431,1.40521,1.40327,1.40431,10467
2025-10-15 00:00:00,1.40416,1.40487,1.40373,1.40449,4644
2025-10-15 04:00:00,1.40449,1.4046,1.4031799999999999,1.40367,7515
2025-10-15 08:00:00,1.40366,1.40454,1.40278,1.40431,10155
2025-10-15 12:00:00,1.40432,1.40542,1.40341,1.40511,10177
2025-10-15 16:00:00,1.4051,1.4053499999999999,1.40268,1.4034,16617
2025-10-15 20:00:00,1.40338,1.40601,1.40338,1.40392,10202
2025-10-16 00:00:00,1.4038300000000001,1.40482,1.40283,1.40394,5191
2025-10-16 04:00:00,1.40395,1.40397,1.40229,1.40344,7689
2025-10-16 08:00:00,1.40344,1.4040300000000001,1.40271,1.4038300000000001,11117
2025-10-16 12:00:00,1.4038300000000001,1.40582,1.40359,1.40518,10509
2025-10-16 16:00:00,1.40518,1.40609,1.40357,1.40448,18330
2025-10-16 20:00:00,1.4044699999999999,1.40607,1.4038300000000001,1.40553,10669
2025-10-17 00:00:00,1.40536,1.40536,1.40394,1.40405,4101
2025-10-17 04:00:00,1.40405,1.4052,1.40367,1.40404,5572
2025-10-17 08:00:00,1.40404,1.40674,1.40363,1.40507,10529
2025-10-17 12:00:00,1.40507,1.40522,1.40275,1.40397,11244
2025-10-17 16:00:00,1.40397,1.40539,1.40341,1.40394,13438
2025-10-17 20:00:00,1.40395,1.40422,1.40082,1.40209,7921
2025-10-20 00:00:00,1.4013499999999999,1.40202,1.40102,1.40133,4028
2025-10-20 04:00:00,1.4013200000000001,1.40155,1.40058,1.40117,3967
2025-10-20 08:00:00,1.40117,1.40331,1.40103,1.4032499999999999,7199
2025-10-20 12:00:00,1.4032499999999999,1.40496,1.40271,1.40454,8171
2025-10-20 16:00:00,1.40455,1.40512,1.4026100000000001,1.40294,9642
2025-10-20 20:00:00,1.40295,1.4039,1.40271,1.40389,5027
2025-10-21 00:00:00,1.40354,1.40368,1.40269,1.40317,3081
2025-10-21 04:00:00,1.40317,1.4053200000000001,1.40317,1.40495,4672
2025-10-21 08:00:00,1.40495,1.4066100000000001,1.40491,1.40612,8509
2025-10-21 12:00:00,1.40613,1.40613,1.40144,1.4028,9866
2025-10-21 16:00:00,1.4028100000000001,1.40441,1.40035,1.40171,13690
2025-10-21 20:00:00,1.40171,1.40241,1.4012,1.40235,5928
2025-10-22 00:00:00,1.4021,1.40237,1.40094,1.40143,3839
2025-10-22 04:00:00,1.40143,1.40151,1.4001000000000001,1.40019,4887
2025-10-22 08:00:00,1.40019,1.40118,1.39936,1.40082,7633
2025-10-22 12:00:00,1.40082,1.40324,1.40079,1.40233,7597
2025-10-22 16:00:00,1.40233,1.40272,1.39759,1.3979,13347
2025-10-22 20:00:00,1.3979,1.39985,1.39789,1.39954,7148
2025-10-23 00:00:00,1.39919,1.39946,1.3980299999999999,1.39903,3273
2025-10-23 04:00:00,1.39902,1.40049,1.39887,1.3998599999999999,5061
2025-10-23 08:00:00,1.3998599999999999,1.39997,1.3987,1.3994900000000001,6136
2025-10-23 12:00:00,1.3994900000000001,1.39997,1.39893,1.39941,6243
2025-10-23 16:00:00,1.39941,1.40032,1.39799,1.39984,8921
2025-10-23 20:00:00,1.39984,1.40034,1.39862,1.39921,5030
2025-10-24 00:00:00,1.39908,1.39909,1.39737,1.3988399999999999,3411
2025-10-24 04:00:00,1.39883,1.4029,1.39877,1.40117,5292
2025-10-24 08:00:00,1.40117,1.40218,1.40039,1.40202,7347
2025-10-24 12:00:00,1.40205,1.40326,1.39958,1.40201,8350
2025-10-24 16:00:00,1.40201,1.40391,1.40059,1.40076,11853
2025-10-24 20:00:00,1.40075,1.40112,1.39905,1.39907,4714
2025-10-27 00:00:00,1.39984,1.40076,1.39855,1.3986,5804
2025-10-27 04:00:00,1.39859,1.3993,1.39784,1.39902,5890
2025-10-27 08:00:00,1.39902,1.39921,1.39728,1.3978,7612
2025-10-27 12:00:00,1.39779,1.3985400000000001,1.39704,1.3982299999999999,6945
2025-10-27 16:00:00,1.39822,1.40086,1.39791,1.39965,9031
2025-10-27 20:00:00,1.39966,1.40015,1.39858,1.3989500000000001,4562
2025-10-28 00:00:00,1.39893,1.39946,1.3982999999999999,1.39855,4111
2025-10-28 04:00:00,1.3985699999999999,1.39929,1.39822,1.39829,6227
2025-10-28 08:00:00,1.3982999999999999,1.40045,1.3982700000000001,1.40041,6758
2025-10-28 12:00:00,1.40042,1.40056,1.39923,1.40005,6285
2025-10-28 16:00:00,1.40005,1.40025,1.39355,1.39417,11021
2025-10-28 20:00:00,1.39417,1.3949,1.3933499999999999,1.39449,4907
2025-10-29 00:00:00,1.39446,1.39476,1.39334,1.39392,4465
2025-10-29 04:00:00,1.39392,1.3943699999999999,1.39323,1.3942700000000001,5721
2025-10-29 08:00:00,1.3942700000000001,1.39465,1.39242,1.3946399999999999,6538
2025-10-29 12:00:00,1.3946399999999999,1.39497,1.39303,1.3931200000000001,6407
2025-10-29 16:00:00,1.3931200000000001,1.39318,1.38882,1.38981,10633
2025-10-29 20:00:00,1.38981,1.3955199999999999,1.3889,1.3942999999999999,16879
2025-10-30 00:00:00,1.39418,1.39462,1.39352,1.39367,4734
2025-10-30 04:00:00,1.39367,1.3943400000000001,1.39269,1.39286,9044
2025-10-30 08:00:00,1.39286,1.3951,1.39284,1.39455,8123
2025-10-30 12:00:00,1.39455,1.4001299999999999,1.39439,1.4001000000000001,7587
2025-10-30 16:00:00,1.4001299999999999,1.40144,1.39777,1.3982999999999999,13516
2025-10-30 20:00:00,1.39829,1.39907,1.39779,1.39859,6092
2025-10-31 00:00:00,1.39842,1.39866,1.39801,1.39815,3819
2025-10-31 04:00:00,1.39814,1.39907,1.39791,1.39867,6519
2025-10-31 08:00:00,1.39867,1.40112,1.39867,1.40023,6428
2025-10-31 12:00:00,1.40023,1.40343,1.40023,1.40283,7119
2025-10-31 16:00:00,1.40283,1.40354,1.40015,1.40187,12578
2025-10-31 20:00:00,1.40187,1.40271,1.40065,1.40107,6884
2025-11-03 00:00:00,1.40001,1.40238,1.39998,1.4021,5820
2025-11-03 04:00:00,1.4021,1.40217,1.40089,1.40104,3614
2025-11-03 08:00:00,1.4010500000000001,1.4040599999999999,1.40088,1.40395,5532
2025-11-03 12:00:00,1.40395,1.40628,1.40351,1.40617,5189
2025-11-03 16:00:00,1.40617,1.40757,1.4047,1.40519,9891
2025-11-03 20:00:00,1.40519,1.40606,1.40487,1.40553,4825
2025-11-04 00:00:00,1.40554,1.40702,1.40466,1.40662,4121
2025-11-04 04:00:00,1.4066100000000001,1.40704,1.40605,1.40685,6388
2025-11-04 08:00:00,1.4068399999999999,1.40741,1.40543,1.40713,8209
2025-11-04 12:00:00,1.40713,1.40833,1.40671,1.4080599999999999,6573
2025-11-04 16:00:00,1.4080599999999999,1.40971,1.40781,1.40929,9323
2025-11-04 20:00:00,1.40929,1.41073,1.40917,1.4102299999999999,6249
2025-11-05 00:00:00,1.41019,1.41194,1.40942,1.4114,6263
2025-11-05 04:00:00,1.4114,1.41181,1.4108,1.41107,7037
2025-11-05 08:00:00,1.41107,1.41269,1.41079,1.41266,6318
2025-11-05 12:00:00,1.41266,1.4138899999999999,1.4126400000000001,1.4134,6747
2025-11-05 16:00:00,1.41343,1.41406,1.4105699999999999,1.4117,11522
2025-11-05 20:00:00,1.4117199999999999,1.41193,1.4104,1.41069,4458
2025-11-06 00:00:00,1.41075,1.41093,1.40945,1.41043,5365
2025-11-06 04:00:00,1.41043,1.41052,1.41,1.4102999999999999,4605
2025-11-06 08:00:00,1.4102999999999999,1.41051,1.40903,1.4099300000000001,6634
2025-11-06 12:00:00,1.4099300000000001,1.41004,1.40903,1.40978,7298
2025-11-06 16:00:00,1.40978,1.41402,1.40967,1.41174,13813
2025-11-06 20:00:00,1.41175,1.41248,1.41051,1.4117,6096
2025-11-07 00:00:00,1.4114499999999999,1.41262,1.41025,1.41242,5576
2025-11-07 04:00:00,1.41242,1.41263,1.41199,1.41239,3765
2025-11-07 08:00:00,1.41239,1.4123999999999999,1.41137,1.4117,4828
2025-11-07 12:00:00,1.4117,1.4119,1.40558,1.4065400000000001,8035
2025-11-07 16:00:00,1.4065400000000001,1.40853,1.40519,1.40547,12363
2025-11-07 20:00:00,1.40546,1.40584,1.40275,1.40445,6235
2025-11-10 00:00:00,1.4041299999999999,1.40466,1.40262,1.40306,8743
2025-11-10 04:00:00,1.40306,1.4035199999999999,1.40202,1.40259,11514
2025-11-10 08:00:00,1.40259,1.40332,1.40014,1.40119,8594
2025-11-10 12:00:00,1.40119,1.40222,1.40014,1.40119,6066
2025-11-10 16:00:00,1.4012,1.40365,1.40118,1.40171,9790
2025-11-10 20:00:00,1.40171,1.40204,1.40133,1.4020299999999999,4833
2025-11-11 00:00:00,1.40204,1.40336,1.40125,1.40312,4893
2025-11-11 04:00:00,1.40312,1.4038599999999999,1.40285,1.4034900000000001,5040
2025-11-11 08:00:00,1.4034900000000001,1.40412,1.4026100000000001,1.40339,6677
2025-11-11 12:00:00,1.40338,1.40365,1.40043,1.40062,6542
2025-11-11 16:00:00,1.40063,1.40164,1.40023,1.40023,8450
2025-11-11 20:00:00,1.40024,1.40192,1.4002,1.40188,5170
2025-11-12 00:00:00,1.40158,1.40208,1.40099,1.40184,5665
2025-11-12 04:00:00,1.40184,1.40202,1.4009,1.40106,6384
2025-11-12 08:00:00,1.40106,1.40195,1.40034,1.40187,7512
2025-11-12 12:00:00,1.40188,1.40217,1.40067,1.40163,6728
2025-11-12 16:00:00,1.40163,1.40217,1.39934,1.39972,10141
2025-11-12 20:00:00,1.39971,1.40093,1.39902,1.40069,5418
2025-11-13 00:00:00,1.4004699999999999,1.4016600000000001,1.3993,1.40094,5827
2025-11-13 04:00:00,1.40094,1.40122,1.40032,1.40114,4992
2025-11-13 08:00:00,1.40114,1.4013200000000001,1.39853,1.39913,7514
2025-11-13 12:00:00,1.39914,1.40092,1.399,1.4008,6707
2025-11-13 16:00:00,1.4008,1.4025699999999999,1.3997600000000001,1.40232,11005
2025-11-13 20:00:00,1.40234,1.4037899999999999,1.40207,1.40348,7586
2025-11-14 00:00:00,1.40356,1.4044699999999999,1.40197,1.40228,6365
2025-11-14 04:00:00,1.40228,1.40305,1.40182,1.4025,6096
2025-11-14 08:00:00,1.4025,1.40454,1.40243,1.40355,8833
2025-11-14 12:00:00,1.40356,1.40454,1.40145,1.40259,8661
2025-11-14 16:00:00,1.40259,1.40341,1.40148,1.4026100000000001,11653
2025-11-14 20:00:00,1.4026100000000001,1.40327,1.4014,1.40259,7354
2025-11-17 00:00:00,1.40076,1.40326,1.40061,1.4032,6019
2025-11-17 04:00:00,1.4032,1.40393,1.40286,1.40304,4185
2025-11-17 08:00:00,1.40304,1.40329,1.40164,1.4028399999999999,6748
2025-11-17 12:00:00,1.40283,1.40405,1.40199,1.4038,7055
2025-11-17 16:00:00,1.4038,1.40419,1.4024,1.40267,10488
2025-11-17 20:00:00,1.40268,1.4058,1.4026,1.40554,7726
2025-11-18 00:00:00,1.40544,1.4056899999999999,1.4034,1.40504,5167
2025-11-18 04:00:00,1.4050500000000001,1.40624,1.40476,1.40497,7166
2025-11-18 08:00:00,1.4049800000000001,1.4055900000000001,1.40353,1.40365,8276
2025-11-18 12:00:00,1.40365,1.40391,1.4007399999999999,1.40113,7436
2025-11-18 16:00:00,1.40113,1.40212,1.39778,1.39792,13428
2025-11-18 20:00:00,1.39791,1.39902,1.39715,1.3988,7305
2025-11-19 00:00:00,1.39876,1.39985,1.39786,1.3997899999999999,5112
2025-11-19 04:00:00,1.3997899999999999,1.40011,1.3993,1.39953,6928
2025-11-19 08:00:00,1.3995199999999999,1.40059,1.39887,1.39998,7235
2025-11-19 12:00:00,1.39999,1.4020000000000001,1.3999,1.40171,7419
2025-11-19 16:00:00,1.4016899999999999,1.40655,1.4007100000000001,1.40564,12116
2025-11-19 20:00:00,1.40563,1.40608,1.40436,1.4049,8080
2025-11-20 00:00:00,1.40486,1.40557,1.40407,1.40549,4152
2025-11-20 04:00:00,1.4055,1.40612,1.40511,1.40601,4846
2025-11-20 08:00:00,1.40601,1.4062999999999999,1.4050500000000001,1.40507,6518
2025-11-20 12:00:00,1.40507,1.40712,1.40401,1.405,8969
2025-11-20 16:00:00,1.4050099999999999,1.41072,1.40434,1.41017,16940
2025-11-20 20:00:00,1.41018,1.41052,1.40903,1.40968,9497
2025-11-21 00:00:00,1.40945,1.40985,1.40841,1.40892,6994
2025-11-21 04:00:00,1.4089,1.40941,1.4086699999999999,1.4092,6259
2025-11-21 08:00:00,1.4092,1.41058,1.40824,1.4093,9026
2025-11-21 12:00:00,1.40931,1.41135,1.40817,1.40893,10744
2025-11-21 16:00:00,1.40893,1.4131,1.40881,1.4093499999999999,14621
2025-11-21 20:00:00,1.40933,1.41037,1.40895,1.4098899999999999,7674
2025-11-24 00:00:00,1.4089,1.41045,1.4089,1.41,5498
2025-11-24 04:00:00,1.41,1.41011,1.40921,1.40945,4403
2025-11-24 08:00:00,1.40945,1.41151,1.40917,1.41141,6885
2025-11-24 12:00:00,1.4114200000000001,1.41184,1.40975,1.41025,5950
2025-11-24 16:00:00,1.41024,1.41191,1.40987,1.41125,8572
2025-11-24 20:00:00,1.41126,1.41136,1.4102999999999999,1.41058,3757
2025-11-25 00:00:00,1.41064,1.41147,1.41007,1.41086,4238
2025-11-25 04:00:00,1.41086,1.41212,1.41063,1.41178,4905
2025-11-25 08:00:00,1.4117899999999999,1.4123999999999999,1.41137,1.41158,5462
2025-11-25 12:00:00,1.41158,1.4125,1.41044,1.41069,8398
2025-11-25 16:00:00,1.41069,1.41193,1.40909,1.40946,12253
2025-11-25 20:00:00,1.40946,1.41041,1.409,1.4099599999999999,6026
2025-11-26 00:00:00,1.40961,1.41051,1.4080599999999999,1.40854,6699
2025-11-26 04:00:00,1.40855,1.40863,1.40709,1.40739,7246
2025-11-26 08:00:00,1.40739,1.4083999999999999,1.40679,1.40825,6978
2025-11-26 12:00:00,1.40825,1.4099599999999999,1.40784,1.40963,9903
2025-11-26 16:00:00,1.40963,1.41011,1.40425,1.4044699999999999,10091
2025-11-26 20:00:00,1.40446,1.40462,1.40348,1.40425,4858
2025-11-27 00:00:00,1.40402,1.40451,1.40336,1.40347,4373
2025-11-27 04:00:00,1.40346,1.40373,1.4029,1.40332,5745
2025-11-27 08:00:00,1.40331,1.40492,1.40303,1.40484,6568
2025-11-27 12:00:00,1.40485,1.4050099999999999,1.40397,1.40449,4655
2025-11-27 16:00:00,1.40448,1.40468,1.40287,1.40302,4007
2025-11-27 20:00:00,1.40303,1.40331,1.40276,1.40286,2079
2025-11-28 00:00:00,1.40272,1.40347,1.4022999999999999,1.4034,5354
2025-11-28 04:00:00,1.4034,1.40419,1.4028100000000001,1.4035199999999999,33247
2025-11-28 08:00:00,1.4035199999999999,1.40448,1.40331,1.40394,27050
2025-11-28 12:00:00,1.40393,1.40514,1.39921,1.3997,21747
2025-11-28 16:00:00,1.39969,1.3998599999999999,1.39382,1.39747,13502
2025-11-28 20:00:00,1.39746,1.39822,1.39629,1.39673,12632
2025-12-01 00:00:00,1.39707,1.3980299999999999,1.39645,1.39717,6208
2025-12-01 04:00:00,1.39718,1.399,1.39714,1.39867,5351
2025-12-01 08:00:00,1.39867,1.39916,1.39702,1.39852,8318
2025-12-01 12:00:00,1.39852,1.39873,1.39546,1.39634,8119
2025-12-01 16:00:00,1.39634,1.3985400000000001,1.3956,1.3982299999999999,11772
2025-12-01 20:00:00,1.3982299999999999,1.40016,1.39818,1.39973,5626
2025-12-02 00:00:00,1.39977,1.40075,1.39843,1.4001299999999999,2907
2025-12-02 04:00:00,1.40012,1.40032,1.39961,1.39981,2884
2025-12-02 08:00:00,1.39981,1.40097,1.39927,1.40083,5687
2025-12-02 12:00:00,1.40083,1.40146,1.39972,1.3997600000000001,7081
2025-12-02 16:00:00,1.39977,1.3998599999999999,1.39756,1.3986100000000001,12945
2025-12-02 20:00:00,1.3986100000000001,1.39871,1.3967,1.3967800000000001,5992
2025-12-03 00:00:00,1.39648,1.39755,1.396,1.39659,4038
2025-12-03 04:00:00,1.39662,1.39747,1.39652,1.39722,3183
2025-12-03 08:00:00,1.39722,1.39737,1.3954900000000001,1.39554,9005
2025-12-03 12:00:00,1.39554,1.3955600000000001,1.39385,1.39459,7946
2025-12-03 16:00:00,1.39459,1.39695,1.39412,1.39443,13600
2025-12-03 20:00:00,1.39442,1.39548,1.3942,1.395,5060
2025-12-04 00:00:00,1.39497,1.39629,1.3937,1.3961700000000001,3883
2025-12-04 04:00:00,1.3961700000000001,1.39687,1.39584,1.3961299999999999,4645
2025-12-04 08:00:00,1.39612,1.39713,1.39574,1.39602,7445
2025-12-04 12:00:00,1.39602,1.39773,1.39581,1.39677,8921
2025-12-04 16:00:00,1.39677,1.39686,1.39256,1.39458,11986
2025-12-04 20:00:00,1.39458,1.39603,1.39445,1.39571,6818
2025-12-05 00:00:00,1.39574,1.39608,1.3941,1.39511,2550
2025-12-05 04:00:00,1.39511,1.39578,1.39493,1.3949500000000001,2576
2025-12-05 08:00:00,1.3949500000000001,1.3951,1.39404,1.39441,6033
2025-12-05 12:00:00,1.39441,1.3952499999999999,1.3885100000000001,1.38877,8297
2025-12-05 16:00:00,1.38876,1.38933,1.38337,1.38351,13353
2025-12-05 20:00:00,1.38349,1.38457,1.38198,1.3826399999999999,6998
2025-12-08 00:00:00,1.38153,1.38357,1.38153,1.38243,6679
2025-12-08 04:00:00,1.38243,1.38269,1.38192,1.38202,3942
2025-12-08 08:00:00,1.38202,1.38293,1.38136,1.3824100000000001,7378
2025-12-08 12:00:00,1.3824100000000001,1.38273,1.38,1.38101,7141
2025-12-08 16:00:00,1.38101,1.38528,1.38002,1.38418,12006
2025-12-08 20:00:00,1.38418,1.38598,1.384,1.38572,6185
2025-12-09 00:00:00,1.38562,1.38562,1.38429,1.38492,4433
2025-12-09 04:00:00,1.3849,1.38528,1.38445,1.38499,7125
2025-12-09 08:00:00,1.38499,1.38577,1.38391,1.38399,7278
2025-12-09 12:00:00,1.38398,1.38497,1.38378,1.38404,7529
2025-12-09 16:00:00,1.38404,1.38577,1.38236,1.38552,12393
2025-12-09 20:00:00,1.38552,1.38608,1.38438,1.3844400000000001,5467
2025-12-10 00:00:00,1.38449,1.38548,1.38392,1.3854199999999999,5185
2025-12-10 04:00:00,1.3854199999999999,1.3857599999999999,1.38522,1.38534,5897
2025-12-10 08:00:00,1.38534,1.38589,1.3845399999999999,1.38556,7589
2025-12-10 12:00:00,1.38556,1.38568,1.3838,1.38446,7620
2025-12-10 16:00:00,1.38446,1.38721,1.38258,1.38306,11464
2025-12-10 20:00:00,1.38307,1.38411,1.37839,1.37931,15979
2025-12-11 00:00:00,1.3792,1.3799299999999999,1.3783699999999999,1.37951,6018
2025-12-11 04:00:00,1.3795,1.38179,1.3792499999999999,1.3813,8062
2025-12-11 08:00:00,1.3813,1.38228,1.38069,1.38073,8811
2025-12-11 12:00:00,1.38073,1.3810799999999999,1.3780999999999999,1.37867,8861
2025-12-11 16:00:00,1.37867,1.37877,1.37568,1.37729,13005
2025-12-11 20:00:00,1.37729,1.3780999999999999,1.37666,1.37699,7084
2025-12-12 00:00:00,1.37684,1.37772,1.37601,1.37734,7306
2025-12-12 04:00:00,1.37737,1.37792,1.37711,1.37723,5120
2025-12-12 08:00:00,1.37723,1.37753,1.37553,1.37612,7372
2025-12-12 12:00:00,1.37612,1.37699,1.37544,1.37614,7710
2025-12-12 16:00:00,1.37614,1.37948,1.37535,1.37665,15167
2025-12-12 20:00:00,1.37665,1.37747,1.37603,1.37697,7734
2025-12-15 00:00:00,1.37591,1.37743,1.37549,1.37608,6117
2025-12-15 04:00:00,1.37608,1.37705,1.37602,1.3765100000000001,6866
2025-12-15 08:00:00,1.3765100000000001,1.37686,1.37577,1.3765399999999999,7261
2025-12-15 12:00:00,1.3765399999999999,1.37769,1.37477,1.3768799999999999,6646
2025-12-15 16:00:00,1.3769,1.37759,1.3755,1.3775,13293
2025-12-15 20:00:00,1.3775,1.37885,1.37667,1.37672,7099
2025-12-16 00:00:00,1.37679,1.37814,1.37606,1.37781,6582
2025-12-16 04:00:00,1.37781,1.37799,1.37648,1.377,7661
2025-12-16 08:00:00,1.377,1.37784,1.37641,1.37754,7738
2025-12-16 12:00:00,1.37755,1.3780000000000001,1.37375,1.3753600000000001,9522
2025-12-16 16:00:00,1.37535,1.37636,1.37301,1.3746,15381
2025-12-16 20:00:00,1.37459,1.37625,1.37377,1.37523,8863
2025-12-17 00:00:00,1.3751,1.37643,1.37448,1.37596,5782
2025-12-17 04:00:00,1.37596,1.3778000000000001,1.37592,1.3774899999999999,5977
2025-12-17 08:00:00,1.3775,1.37858,1.37716,1.37772,7892
2025-12-17 12:00:00,1.37774,1.37958,1.3774,1.37775,7695
2025-12-17 16:00:00,1.37775,1.37982,1.37623,1.37832,13155
2025-12-17 20:00:00,1.37833,1.37923,1.37757,1.37867,6890
2025-12-18 00:00:00,1.3784399999999999,1.37891,1.3778299999999999,1.37866,4843
2025-12-18 04:00:00,1.37866,1.37885,1.37769,1.37775,5840
2025-12-18 08:00:00,1.37775,1.3783699999999999,1.37682,1.37823,7432
2025-12-18 12:00:00,1.37823,1.37962,1.37621,1.37766,9728
2025-12-18 16:00:00,1.37767,1.37811,1.3756,1.37726,16195
2025-12-18 20:00:00,1.37724,1.37838,1.37664,1.37772,8136
2025-12-19 00:00:00,1.37721,1.37811,1.37687,1.37786,5177
2025-12-19 04:00:00,1.37788,1.37892,1.37755,1.37888,5744
2025-12-19 08:00:00,1.37888,1.3797,1.3786100000000001,1.37943,7717
2025-12-19 12:00:00,1.37941,1.38014,1.37806,1.37823,7392
2025-12-19 16:00:00,1.37823,1.3788,1.37552,1.37795,10733
2025-12-19 20:00:00,1.37795,1.38056,1.37733,1.3798,5893
2025-12-22 00:00:00,1.37818,1.38023,1.37766,1.37985,8446
2025-12-22 04:00:00,1.3798599999999999,1.37988,1.3792200000000001,1.3792499999999999,4435
2025-12-22 08:00:00,1.37926,1.37962,1.37698,1.37716,6296
2025-12-22 12:00:00,1.37716,1.37735,1.37551,1.37553,6917
2025-12-22 16:00:00,1.37553,1.37643,1.37362,1.37382,9794
2025-12-22 20:00:00,1.3738299999999999,1.37539,1.37359,1.37465,4989
2025-12-23 00:00:00,1.37443,1.37508,1.37393,1.3740999999999999,3983
2025-12-23 04:00:00,1.37411,1.37411,1.37332,1.37397,5625
2025-12-23 08:00:00,1.37397,1.3743,1.37049,1.37051,6402
2025-12-23 12:00:00,1.37051,1.37112,1.36884,1.3699,8314
2025-12-23 16:00:00,1.36989,1.37271,1.3696,1.37093,16331
2025-12-23 20:00:00,1.37093,1.37133,1.36855,1.36867,8567
2025-12-24 00:00:00,1.36859,1.36905,1.36775,1.36777,8071
2025-12-24 04:00:00,1.36775,1.36843,1.36747,1.36801,8227
2025-12-24 08:00:00,1.3679999999999999,1.36882,1.36724,1.36746,8171
2025-12-24 12:00:00,1.36746,1.3686,1.36664,1.36753,5756
2025-12-24 16:00:00,1.36753,1.36803,1.36651,1.36711,8500
2025-12-24 20:00:00,1.36711,1.36789,1.36672,1.36703,3016
2025-12-26 00:00:00,1.3676300000000001,1.36767,1.36663,1.36757,7256
2025-12-26 04:00:00,1.36757,1.36821,1.36701,1.3675899999999999,7085
2025-12-26 08:00:00,1.3675899999999999,1.36825,1.3666,1.3682400000000001,7572
2025-12-26 12:00:00,1.36825,1.3685100000000001,1.36491,1.3654600000000001,6383
2025-12-26 16:00:00,1.36542,1.36733,1.36425,1.36688,9211
2025-12-26 20:00:00,1.36688,1.36749,1.36667,1.36718,6231
2025-12-29 00:00:00,1.36501,1.3673899999999999,1.36501,1.36624,6306
2025-12-29 04:00:00,1.36624,1.3674,1.36575,1.3673899999999999,5717
2025-12-29 08:00:00,1.3673899999999999,1.36968,1.36714,1.36878,9007
2025-12-29 12:00:00,1.36877,1.3701400000000001,1.36805,1.36872,8259
2025-12-29 16:00:00,1.36872,1.36984,1.36635,1.36908,13182
2025-12-29 20:00:00,1.36909,1.36985,1.36826,1.36884,5853
2025-12-30 00:00:00,1.36887,1.36957,1.36794,1.36845,4344
2025-12-30 04:00:00,1.36845,1.36904,1.3683100000000001,1.36865,5145
2025-12-30 08:00:00,1.36865,1.36918,1.36787,1.36849,6360
2025-12-30 12:00:00,1.36849,1.37082,1.36825,1.3704,6945
2025-12-30 16:00:00,1.3704,1.37088,1.36799,1.36863,10779
2025-12-30 20:00:00,1.36862,1.36995,1.3683,1.36962,5512
2025-12-31 00:00:00,1.36955,1.36993,1.36863,1.36963,4581
2025-12-31 04:00:00,1.36963,1.3704399999999999,1.36955,1.37016,6244
2025-12-31 08:00:00,1.37016,1.37103,1.36996,1.37031,5956
2025-12-31 12:00:00,1.3703,1.37125,1.36882,1.36981,6919
2025-12-31 16:00:00,1.36981,1.37269,1.36927,1.37207,13314
2025-12-31 20:00:00,1.37207,1.3728099999999999,1.37147,1.37247,7228
2026-01-02 00:00:00,1.37218,1.37232,1.3706800000000001,1.37085,4274
2026-01-02 04:00:00,1.37085,1.37179,1.37046,1.37164,5601
2026-01-02 08:00:00,1.3716599999999999,1.37223,1.37002,1.37213,7356
2026-01-02 12:00:00,1.37213,1.37415,1.37175,1.37398,6376
2026-01-02 16:00:00,1.37398,1.37476,1.3721,1.3740299999999999,13039
2026-01-02 20:00:00,1.3740299999999999,1.37477,1.3727,1.37292,6929
2026-01-05 00:00:00,1.37259,1.37487,1.37249,1.3746800000000001,8639
2026-01-05 04:00:00,1.3746800000000001,1.37778,1.37459,1.37689,9044
2026-01-05 08:00:00,1.37689,1.37887,1.37647,1.37781,9103
2026-01-05 12:00:00,1.37781,1.38155,1.37623,1.37991,9974
2026-01-05 16:00:00,1.3799000000000001,1.38002,1.37452,1.37615,16150
2026-01-05 20:00:00,1.37615,1.37733,1.37553,1.37727,7335
2026-01-06 00:00:00,1.3768099999999999,1.37764,1.3755,1.37645,5299
2026-01-06 04:00:00,1.37644,1.37699,1.37603,1.37642,7029
2026-01-06 08:00:00,1.37641,1.37701,1.37515,1.37686,9003
2026-01-06 12:00:00,1.3768500000000001,1.37854,1.37606,1.37714,8267
2026-01-06 16:00:00,1.37713,1.37967,1.37568,1.3790200000000001,13850
2026-01-06 20:00:00,1.3790200000000001,1.38163,1.37887,1.38145,6069
2026-01-07 00:00:00,1.38132,1.38253,1.38069,1.3820000000000001,6409
2026-01-07 04:00:00,1.3820000000000001,1.38205,1.38104,1.38135,7221
2026-01-07 08:00:00,1.38135,1.3827099999999999,1.38116,1.38138,6665
2026-01-07 12:00:00,1.38138,1.38145,1.37946,1.3796,6887
2026-01-07 16:00:00,1.37961,1.38328,1.37903,1.38313,12496
2026-01-07 20:00:00,1.38312,1.38618,1.3829799999999999,1.38602,6552
2026-01-08 00:00:00,1.3860299999999999,1.38662,1.38514,1.38636,5036
2026-01-08 04:00:00,1.38635,1.38702,1.38585,1.38672,7098
2026-01-08 08:00:00,1.38673,1.38885,1.38669,1.38789,8411
2026-01-08 12:00:00,1.3879000000000001,1.3881999999999999,1.38538,1.38636,7670
2026-01-08 16:00:00,1.38636,1.3875600000000001,1.38509,1.3868800000000001,12542
2026-01-08 20:00:00,1.3868800000000001,1.38768,1.38547,1.38662,7218
2026-01-09 00:00:00,1.38594,1.3873,1.38564,1.3872200000000001,4750
2026-01-09 04:00:00,1.38723,1.38762,1.38681,1.38704,5859
2026-01-09 08:00:00,1.38704,1.3879299999999999,1.38648,1.38748,6709
2026-01-09 12:00:00,1.38747,1.38893,1.38673,1.38779,10005
2026-01-09 16:00:00,1.38778,1.39062,1.38745,1.39015,16590
2026-01-09 20:00:00,1.39015,1.39194,1.39011,1.3915600000000001,5801
2026-01-12 00:00:00,1.39092,1.39177,1.38835,1.38938,8544
2026-01-12 04:00:00,1.38938,1.3899,1.38876,1.3890500000000001,7181
2026-01-12 08:00:00,1.3890500000000001,1.3893900000000001,1.38674,1.38803,8942
2026-01-12 12:00:00,1.38805,1.38845,1.38686,1.38707,8342
2026-01-12 16:00:00,1.38708,1.38948,1.3869,1.3872499999999999,11386
2026-01-12 20:00:00,1.3872499999999999,1.38804,1.38683,1.38799,6429
2026-01-13 00:00:00,1.38719,1.38839,1.38633,1.38807,5360
2026-01-13 04:00:00,1.38807,1.38809,1.38674,1.38719,6381
2026-01-13 08:00:00,1.38719,1.38879,1.38696,1.3876,7051
2026-01-13 12:00:00,1.3876,1.38845,1.3854199999999999,1.38711,8990
2026-01-13 16:00:00,1.38711,1.38981,1.38631,1.38948,14676
2026-01-13 20:00:00,1.38948,1.38972,1.38804,1.38899,7534
2026-01-14 00:00:00,1.38863,1.38974,1.38765,1.38955,4852
2026-01-14 04:00:00,1.38956,1.38979,1.38833,1.3887,6023
2026-01-14 08:00:00,1.3887,1.38967,1.38801,1.38917,7432
2026-01-14 12:00:00,1.38917,1.3894,1.38708,1.38789,7430
2026-01-14 16:00:00,1.38789,1.38848,1.38663,1.3878300000000001,13195
2026-01-14 20:00:00,1.3878300000000001,1.38864,1.38712,1.38833,8371
2026-01-15 00:00:00,1.38782,1.38931,1.3866,1.38894,5974
2026-01-15 04:00:00,1.38894,1.3902999999999999,1.38885,1.39004,5154
2026-01-15 08:00:00,1.39004,1.39079,1.38965,1.3905,6517
2026-01-15 12:00:00,1.3905,1.39137,1.38963,1.39114,6830
2026-01-15 16:00:00,1.39113,1.39198,1.389,1.38971,11149
2026-01-15 20:00:00,1.38972,1.3899599999999999,1.38848,1.3894,7042
2026-01-16 00:00:00,1.38855,1.38983,1.38805,1.38956,5557
2026-01-16 04:00:00,1.38955,1.38975,1.38845,1.38916,6738
2026-01-16 08:00:00,1.38916,1.38975,1.38884,1.38951,7261
2026-01-16 12:00:00,1.38951,1.39006,1.38846,1.38998,7519
2026-01-16 16:00:00,1.38998,1.39284,1.38902,1.3924699999999999,13878
2026-01-16 20:00:00,1.3924699999999999,1.39287,1.39139,1.39154,6720
2026-01-19 00:00:00,1.39083,1.3918300000000001,1.38904,1.38972,10669
2026-01-19 04:00:00,1.3896899999999999,1.39026,1.38892,1.38929,7795
2026-01-19 08:00:00,1.38929,1.38985,1.3884400000000001,1.38865,8744
2026-01-19 12:00:00,1.38866,1.3893499999999999,1.3878,1.38838,6269
2026-01-19 16:00:00,1.38839,1.3884699999999999,1.38598,1.3866800000000001,6952
2026-01-19 20:00:00,1.3866800000000001,1.38738,1.38638,1.3869099999999999,2202
2026-01-20 00:00:00,1.38645,1.38791,1.3860299999999999,1.3868800000000001,5474
2026-01-20 04:00:00,1.3868800000000001,1.38736,1.3844699999999999,1.38526,7275
2026-01-20 08:00:00,1.38526,1.38653,1.38243,1.38279,12258
2026-01-20 12:00:00,1.38275,1.38382,1.38144,1.38281,11463
2026-01-20 16:00:00,1.38281,1.38408,1.38181,1.38313,16108
2026-01-20 20:00:00,1.38313,1.38428,1.38253,1.38367,7771
2026-01-21 00:00:00,1.38327,1.38406,1.3820999999999999,1.38267,5416
2026-01-21 04:00:00,1.38267,1.38405,1.38258,1.38367,5035
2026-01-21 08:00:00,1.38367,1.3843,1.38284,1.3841,7940
2026-01-21 12:00:00,1.3841,1.38423,1.37912,1.3794,9262
2026-01-21 16:00:00,1.3794,1.38289,1.37856,1.38162,17911
2026-01-21 20:00:00,1.38161,1.384,1.3816,1.38317,11709
2026-01-22 00:00:00,1.3833,1.38449,1.3826399999999999,1.3827099999999999,6991
2026-01-22 04:00:00,1.38269,1.38313,1.38168,1.38212,7711
2026-01-22 08:00:00,1.38212,1.38306,1.38151,1.38257,9145
2026-01-22 12:00:00,1.38256,1.38333,1.38039,1.38084,9000
2026-01-22 16:00:00,1.38083,1.3820999999999999,1.37846,1.37857,13842
2026-01-22 20:00:00,1.37858,1.37933,1.37829,1.3786399999999999,6416
2026-01-23 00:00:00,1.37845,1.3792900000000001,1.3776,1.37879,6372
2026-01-23 04:00:00,1.37879,1.37964,1.3783699999999999,1.3789,5722
2026-01-23 08:00:00,1.3789,1.37997,1.3784,1.37924,10249
2026-01-23 12:00:00,1.37924,1.37958,1.37592,1.37659,8229
2026-01-23 16:00:00,1.3766,1.37702,1.3704100000000001,1.37137,13285
2026-01-23 20:00:00,1.37137,1.37259,1.36939,1.3697300000000001,11297
2026-01-26 00:00:00,1.36955,1.371,1.3678,1.36844,14439
2026-01-26 04:00:00,1.36844,1.36898,1.36755,1.3681,9349
2026-01-26 08:00:00,1.3681,1.36964,1.36744,1.36767,12208
2026-01-26 12:00:00,1.3676599999999999,1.3712900000000001,1.36717,1.3703400000000001,9002
2026-01-26 16:00:00,1.37033,1.37118,1.36757,1.3703400000000001,15068
2026-01-26 20:00:00,1.3703400000000001,1.3719999999999999,1.36998,1.37079,9518
2026-01-27 00:00:00,1.37054,1.37203,1.3692,1.37183,6317
2026-01-27 04:00:00,1.37183,1.37393,1.37085,1.37353,7521
2026-01-27 08:00:00,1.37353,1.37392,1.37062,1.37077,8010
2026-01-27 12:00:00,1.37077,1.37143,1.36577,1.36713,10266
2026-01-27 16:00:00,1.36713,1.3673199999999999,1.35913,1.35982,17160
2026-01-27 20:00:00,1.35982,1.3623,1.3559,1.35758,14661
2026-01-28 00:00:00,1.35698,1.36134,1.35598,1.36124,9972
2026-01-28 04:00:00,1.36124,1.36148,1.35843,1.35849,9654
2026-01-28 08:00:00,1.35847,1.35866,1.35609,1.35645,14027
2026-01-28 12:00:00,1.35644,1.35775,1.35511,1.35581,11810
2026-01-28 16:00:00,1.35581,1.35916,1.35361,1.35736,21673
2026-01-28 20:00:00,1.35737,1.36078,1.35462,1.35581,16274
2026-01-29 00:00:00,1.3553899999999999,1.35681,1.35311,1.35516,10430
2026-01-29 04:00:00,1.35517,1.35583,1.35162,1.35262,12344
2026-01-29 08:00:00,1.35263,1.35407,1.35095,1.3535300000000001,13033
2026-01-29 12:00:00,1.35352,1.35626,1.35073,1.35203,12009
2026-01-29 16:00:00,1.35202,1.35781,1.3492199999999999,1.3515,33716
2026-01-29 20:00:00,1.35152,1.35215,1.34848,1.34887,14911
2026-01-30 00:00:00,1.3489,1.35293,1.34789,1.35288,11115
2026-01-30 04:00:00,1.35288,1.35456,1.35098,1.3517299999999999,15470
2026-01-30 08:00:00,1.3517299999999999,1.35533,1.35076,1.35453,16660
2026-01-30 12:00:00,1.35456,1.35557,1.34933,1.35466,16822
2026-01-30 16:00:00,1.35462,1.35887,1.35117,1.35832,27990
2026-01-30 20:00:00,1.35832,1.36229,1.35713,1.36227,21187
2026-02-02 00:00:00,1.3598,1.36581,1.35917,1.36255,21047
2026-02-02 04:00:00,1.36256,1.36721,1.36198,1.36622,21241
2026-02-02 08:00:00,1.36622,1.36749,1.36272,1.36315,19222
2026-02-02 12:00:00,1.36315,1.36665,1.3625,1.36632,15781
2026-02-02 16:00:00,1.36631,1.36932,1.36374,1.36853,25449
2026-02-02 20:00:00,1.36853,1.37025,1.36674,1.36806,14007
2026-02-03 00:00:00,1.36799,1.36837,1.36588,1.36612,6824
2026-02-03 04:00:00,1.36612,1.36806,1.3654899999999999,1.36651,12894
2026-02-03 08:00:00,1.36651,1.3685399999999999,1.3651499999999999,1.36842,16923
2026-02-03 12:00:00,1.36841,1.3686,1.36467,1.36661,14244
2026-02-03 16:00:00,1.36659,1.36805,1.3636300000000001,1.3649200000000001,23872
2026-02-03 20:00:00,1.3649200000000001,1.36589,1.36325,1.36418,15474
2026-02-04 00:00:00,1.36376,1.36457,1.36245,1.36377,7325
2026-02-04 04:00:00,1.36377,1.36507,1.36326,1.36349,7918
2026-02-04 08:00:00,1.3635,1.36493,1.36288,1.36471,11806
2026-02-04 12:00:00,1.36472,1.36742,1.36442,1.36494,13104
2026-02-04 16:00:00,1.3649200000000001,1.36832,1.36486,1.36723,28152
2026-02-04 20:00:00,1.36723,1.36843,1.36575,1.3663,15428
2026-02-05 00:00:00,1.36606,1.3672,1.36442,1.36677,6874
2026-02-05 04:00:00,1.3667799999999999,1.36931,1.36665,1.36845,15281
2026-02-05 08:00:00,1.36845,1.37001,1.36768,1.36995,11965
2026-02-05 12:00:00,1.36995,1.37,1.36626,1.36679,15503
2026-02-05 16:00:00,1.3668,1.36939,1.36526,1.3674,26473
2026-02-05 20:00:00,1.3674,1.3710499999999999,1.36697,1.3710200000000001,12521
2026-02-06 00:00:00,1.3708,1.37245,1.36967,1.37043,11485
2026-02-06 04:00:00,1.37043,1.37051,1.3688799999999999,1.36907,10471
2026-02-06 08:00:00,1.36909,1.36948,1.36782,1.36832,10642
2026-02-06 12:00:00,1.36832,1.36908,1.36445,1.36567,10329
2026-02-06 16:00:00,1.36569,1.36578,1.36245,1.36445,15516
2026-02-06 20:00:00,1.36445,1.3664,1.3639999999999999,1.3661699999999999,6818
2026-02-09 00:00:00,1.36693,1.3674,1.36511,1.36601,10541
2026-02-09 04:00:00,1.36601,1.36674,1.36526,1.3655300000000001,6906
2026-02-09 08:00:00,1.3655300000000001,1.36578,1.36335,1.36442,11035
2026-02-09 12:00:00,1.36442,1.36557,1.36023,1.3603399999999999,11555
2026-02-09 16:00:00,1.3603399999999999,1.36082,1.35676,1.35705,13797
2026-02-09 20:00:00,1.35705,1.3575,1.35526,1.3555,8149
2026-02-10 00:00:00,1.35565,1.35683,1.35492,1.35588,6786
2026-02-10 04:00:00,1.35589,1.3559,1.35484,1.35569,5985
2026-02-10 08:00:00,1.35569,1.35687,1.35541,1.35642,7534
2026-02-10 12:00:00,1.35642,1.35765,1.35487,1.3549,7620
2026-02-10 16:00:00,1.3549,1.35542,1.35233,1.35427,16967
2026-02-10 20:00:00,1.35427,1.35581,1.35416,1.35527,7675
2026-02-11 00:00:00,1.35409,1.35632,1.35386,1.35399,6098
2026-02-11 04:00:00,1.35399,1.35399,1.3517299999999999,1.35212,5721
2026-02-11 08:00:00,1.35212,1.35317,1.35091,1.3511600000000001,8603
2026-02-11 12:00:00,1.3511600000000001,1.36073,1.35043,1.35835,14433
2026-02-11 16:00:00,1.35836,1.36189,1.35518,1.35553,24424
2026-02-11 20:00:00,1.35553,1.35842,1.35507,1.35759,9159
2026-02-12 00:00:00,1.35742,1.35849,1.3559,1.35691,5915
2026-02-12 04:00:00,1.35691,1.35861,1.35651,1.35801,6694
2026-02-12 08:00:00,1.35801,1.35965,1.35632,1.35642,10578
2026-02-12 12:00:00,1.35642,1.35824,1.35557,1.35671,9059
2026-02-12 16:00:00,1.35671,1.36358,1.35593,1.36259,24432
2026-02-12 20:00:00,1.36258,1.36345,1.36059,1.36096,13861
2026-02-13 00:00:00,1.36081,1.36172,1.3605800000000001,1.36144,6008
2026-02-13 04:00:00,1.36144,1.36273,1.36107,1.36255,6528
2026-02-13 08:00:00,1.36255,1.36375,1.35975,1.36047,10177
2026-02-13 12:00:00,1.36047,1.3636,1.36003,1.36022,13431
2026-02-13 16:00:00,1.36023,1.36364,1.35934,1.36043,21418
2026-02-13 20:00:00,1.36038,1.36258,1.35987,1.36165,9266
2026-02-16 00:00:00,1.36054,1.36256,1.36012,1.36147,6637
2026-02-16 04:00:00,1.36147,1.36194,1.36104,1.36168,4498
2026-02-16 08:00:00,1.36168,1.36199,1.36035,1.36185,7818
2026-02-16 12:00:00,1.36186,1.36331,1.36097,1.36267,6042
2026-02-16 16:00:00,1.36267,1.36388,1.36189,1.36384,5654
2026-02-16 20:00:00,1.36384,1.36387,1.3633899999999999,1.36365,1676
2026-02-17 00:00:00,1.36341,1.36443,1.36206,1.36428,5410
2026-02-17 04:00:00,1.3643,1.36479,1.36369,1.36408,6154
2026-02-17 08:00:00,1.36408,1.36532,1.36382,1.36439,8173
2026-02-17 12:00:00,1.3644,1.36715,1.36369,1.36713,9933
2026-02-17 16:00:00,1.36713,1.36928,1.36462,1.3648500000000001,21200
2026-02-17 20:00:00,1.3648500000000001,1.36507,1.36331,1.36365,7704
2026-02-18 00:00:00,1.36355,1.36481,1.36324,1.36457,5128
2026-02-18 04:00:00,1.36456,1.36548,1.36444,1.36527,4314
2026-02-18 08:00:00,1.36527,1.36684,1.3649499999999999,1.3655599999999999,6063
2026-02-18 12:00:00,1.36557,1.36687,1.36374,1.36683,6740
2026-02-18 16:00:00,1.36682,1.36876,1.36595,1.3679999999999999,14939
2026-02-18 20:00:00,1.3679999999999999,1.37002,1.36778,1.36948,10344
2026-02-19 00:00:00,1.36955,1.37012,1.36893,1.36895,3651
2026-02-19 04:00:00,1.36895,1.37045,1.36868,1.3702,3778
2026-02-19 08:00:00,1.3702,1.37026,1.36716,1.36738,7075
2026-02-19 12:00:00,1.3673899999999999,1.37065,1.36677,1.3685800000000001,10771
2026-02-19 16:00:00,1.3685800000000001,1.37148,1.3675899999999999,1.36962,20206
2026-02-19 20:00:00,1.36961,1.37074,1.36799,1.36812,8672
2026-02-20 00:00:00,1.36786,1.37022,1.36774,1.36977,6034
2026-02-20 04:00:00,1.36977,1.37029,1.36843,1.3686099999999999,6241
2026-02-20 08:00:00,1.3686099999999999,1.37029,1.3681,1.36897,8257
2026-02-20 12:00:00,1.36896,1.36985,1.36792,1.3689200000000001,10929
2026-02-20 16:00:00,1.3689200000000001,1.3711,1.36699,1.36864,27231
2026-02-20 20:00:00,1.36863,1.36933,1.36693,1.36787,14265
2026-02-23 00:00:00,1.3664,1.36788,1.36487,1.36643,10859
2026-02-23 04:00:00,1.36645,1.36746,1.36604,1.36694,8044
2026-02-23 08:00:00,1.36693,1.36737,1.36621,1.36706,8399
2026-02-23 12:00:00,1.36706,1.37001,1.36706,1.36783,10118
2026-02-23 16:00:00,1.36783,1.36967,1.3667500000000001,1.36901,19022
2026-02-23 20:00:00,1.36902,1.37042,1.36876,1.36972,7762
2026-02-24 00:00:00,1.3695300000000001,1.37176,1.36842,1.37064,6431
2026-02-24 04:00:00,1.37065,1.371,1.36964,1.3699,5113
2026-02-24 08:00:00,1.36991,1.37083,1.36963,1.36982,9182
2026-02-24 12:00:00,1.36982,1.37175,1.36962,1.37143,7631
2026-02-24 16:00:00,1.37143,1.3725,1.37008,1.37052,13217
2026-02-24 20:00:00,1.37052,1.37067,1.36945,1.36984,6779
2026-02-25 00:00:00,1.36978,1.37059,1.36878,1.36992,4876
2026-02-25 04:00:00,1.36992,1.36997,1.3676,1.36774,7835
2026-02-25 08:00:00,1.36774,1.36972,1.36743,1.36923,8331
2026-02-25 12:00:00,1.36923,1.37067,1.36849,1.37011,7181
2026-02-25 16:00:00,1.3700700000000001,1.37047,1.36748,1.36839,13077
2026-02-25 20:00:00,1.36839,1.36859,1.36725,1.36735,6758
2026-02-26 00:00:00,1.36735,1.36777,1.36615,1.36622,5333
2026-02-26 04:00:00,1.36622,1.36756,1.36592,1.36657,6058
2026-02-26 08:00:00,1.36657,1.36789,1.36595,1.36778,8605
2026-02-26 12:00:00,1.36777,1.3691499999999999,1.36723,1.36873,7060
2026-02-26 16:00:00,1.36874,1.37125,1.36795,1.36992,18612
2026-02-26 20:00:00,1.36992,1.37026,1.36781,1.36805,7171
2026-02-27 00:00:00,1.36802,1.36822,1.3667500000000001,1.3679999999999999,5881
2026-02-27 04:00:00,1.36799,1.36799,1.36631,1.3664,5089
2026-02-27 08:00:00,1.3664,1.36776,1.36623,1.36692,8176
2026-02-27 12:00:00,1.36692,1.36849,1.36618,1.36746,10777
2026-02-27 16:00:00,1.36744,1.36752,1.3625099999999999,1.36304,19519
2026-02-27 20:00:00,1.36304,1.36516,1.36259,1.36462,7927
2026-03-02 00:00:00,1.3643,1.36738,1.36303,1.36465,18687
2026-03-02 04:00:00,1.36465,1.36595,1.3641,1.36591,11468
2026-03-02 08:00:00,1.36591,1.36868,1.36421,1.36527,19238
2026-03-02 12:00:00,1.36526,1.36853,1.36408,1.3684,15268
2026-03-02 16:00:00,1.36841,1.37187,1.36653,1.37022,22842
2026-03-02 20:00:00,1.37023,1.37115,1.36601,1.36765,13634
2026-03-03 00:00:00,1.36725,1.36773,1.36612,1.36693,9280
2026-03-03 04:00:00,1.36693,1.36799,1.36604,1.36764,14291
2026-03-03 08:00:00,1.36764,1.37107,1.36673,1.37003,21443
2026-03-03 12:00:00,1.37003,1.37222,1.36825,1.37082,24189
2026-03-03 16:00:00,1.37082,1.3753,1.3659,1.36765,37493
2026-03-03 20:00:00,1.36764,1.3685399999999999,1.36532,1.36775,17876
2026-03-04 00:00:00,1.36789,1.37002,1.36685,1.36896,14036
2026-03-04 04:00:00,1.36895,1.3695,1.36775,1.36893,16493
2026-03-04 08:00:00,1.36894,1.36951,1.36483,1.36756,17543
2026-03-04 12:00:00,1.36757,1.36791,1.36442,1.36714,19670
2026-03-04 16:00:00,1.36719,1.36905,1.3651499999999999,1.36636,21763
2026-03-04 20:00:00,1.36636,1.3673,1.3626800000000001,1.36416,10440
2026-03-05 00:00:00,1.36413,1.36467,1.36306,1.36455,8544
2026-03-05 04:00:00,1.3645399999999999,1.3664100000000001,1.36402,1.36638,13334
2026-03-05 08:00:00,1.36638,1.36707,1.3627799999999999,1.36465,22210
2026-03-05 12:00:00,1.36464,1.36509,1.36154,1.36483,15245
2026-03-05 16:00:00,1.36483,1.37162,1.36349,1.37016,27108
2026-03-05 20:00:00,1.3701699999999999,1.37055,1.36654,1.36746,19727
2026-03-06 00:00:00,1.36718,1.36777,1.36565,1.36578,8135
2026-03-06 04:00:00,1.36578,1.36647,1.36536,1.36642,9423
2026-03-06 08:00:00,1.36642,1.36726,1.36445,1.36696,14264
2026-03-06 12:00:00,1.36696,1.36718,1.36288,1.3648799999999999,19761
2026-03-06 16:00:00,1.36489,1.36746,1.35952,1.3599,32911
2026-03-06 20:00:00,1.35989,1.36013,1.3563100000000001,1.35657,17187
2026-03-09 00:00:00,1.35979,1.36067,1.35511,1.35993,17151
2026-03-09 04:00:00,1.35993,1.36062,1.3551199999999999,1.35527,19283
2026-03-09 08:00:00,1.35529,1.35813,1.35455,1.35746,23786
2026-03-09 12:00:00,1.35745,1.35784,1.35256,1.35683,22314
2026-03-09 16:00:00,1.35681,1.35906,1.35533,1.35705,27058
2026-03-09 20:00:00,1.35705,1.35982,1.35602,1.3584800000000001,19185
2026-03-10 00:00:00,1.35861,1.35949,1.35725,1.35915,10884
2026-03-10 04:00:00,1.35915,1.36016,1.3589,1.35895,11579
2026-03-10 08:00:00,1.35896,1.35927,1.35657,1.3584,12793
2026-03-10 12:00:00,1.3584,1.35854,1.3542100000000001,1.35494,16700
2026-03-10 16:00:00,1.35494,1.35801,1.35463,1.35708,19286
2026-03-10 20:00:00,1.35708,1.35857,1.3566,1.35789,19418
2026-03-11 00:00:00,1.3578299999999999,1.35853,1.35716,1.35791,5890
2026-03-11 04:00:00,1.35793,1.3580999999999999,1.35556,1.3559,8491
2026-03-11 08:00:00,1.3559,1.35733,1.35549,1.35642,11285
2026-03-11 12:00:00,1.35642,1.35933,1.35565,1.35922,14883
2026-03-11 16:00:00,1.35924,1.36051,1.35735,1.35838,19886
2026-03-11 20:00:00,1.35839,1.35954,1.35748,1.3591,11810
2026-03-12 00:00:00,1.35923,1.36047,1.35801,1.35874,7476
2026-03-12 04:00:00,1.35874,1.3593199999999999,1.35785,1.35925,10198
2026-03-12 08:00:00,1.35925,1.3594300000000001,1.35768,1.35877,10244
2026-03-12 12:00:00,1.3587799999999999,1.36045,1.3584,1.36008,10257
2026-03-12 16:00:00,1.36008,1.3634,1.35946,1.36283,24524
2026-03-12 20:00:00,1.36283,1.36426,1.36191,1.36375,14651
2026-03-13 00:00:00,1.3637299999999999,1.3646099999999999,1.36228,1.36262,5486
2026-03-13 04:00:00,1.36261,1.36472,1.3620999999999999,1.3645100000000001,8710
2026-03-13 08:00:00,1.3645100000000001,1.36718,1.3643100000000001,1.36634,11717
2026-03-13 12:00:00,1.36636,1.37033,1.3655,1.37021,14263
2026-03-13 16:00:00,1.37023,1.37417,1.36809,1.37337,25999
2026-03-13 20:00:00,1.37336,1.37388,1.37185,1.37265,14277
2026-03-16 00:00:00,1.3714,1.3726099999999999,1.37065,1.3707099999999999,8581
2026-03-16 04:00:00,1.37072,1.37168,1.37047,1.37168,7309
2026-03-16 08:00:00,1.37168,1.37229,1.3698000000000001,1.36986,10111
2026-03-16 12:00:00,1.36987,1.3704399999999999,1.36738,1.3692199999999999,9945
2026-03-16 16:00:00,1.3692199999999999,1.3692199999999999,1.36531,1.36788,15644
2026-03-16 20:00:00,1.36786,1.36869,1.36691,1.36847,11699
2026-03-17 00:00:00,1.36852,1.36907,1.36775,1.36867,3335
2026-03-17 04:00:00,1.36867,1.36899,1.36799,1.36846,7080
2026-03-17 08:00:00,1.36846,1.3701400000000001,1.36834,1.36894,9839
2026-03-17 12:00:00,1.36893,1.37097,1.36865,1.37027,9180
2026-03-17 16:00:00,1.37028,1.37226,1.36805,1.37008,17113
2026-03-17 20:00:00,1.37008,1.37016,1.36887,1.369,6986
2026-03-18 00:00:00,1.369,1.36965,1.36863,1.36927,5856
2026-03-18 04:00:00,1.36927,1.37016,1.36873,1.37003,5446
2026-03-18 08:00:00,1.37003,1.37127,1.36954,1.36966,7328
2026-03-18 12:00:00,1.36965,1.37084,1.36882,1.37083,12772
2026-03-18 16:00:00,1.37083,1.37239,1.36879,1.36981,19266
2026-03-18 20:00:00,1.36982,1.3737599999999999,1.3691900000000001,1.37321,16285
2026-03-19 00:00:00,1.37303,1.37381,1.3719000000000001,1.37199,5748
2026-03-19 04:00:00,1.37198,1.37299,1.37141,1.37279,7740
2026-03-19 08:00:00,1.37279,1.37474,1.37216,1.37446,11788
2026-03-19 12:00:00,1.37446,1.37485,1.37262,1.37264,16070
2026-03-19 16:00:00,1.37265,1.37405,1.37059,1.37284,29008
2026-03-19 20:00:00,1.3728500000000001,1.3745,1.37047,1.37391,16029
2026-03-20 00:00:00,1.3738299999999999,1.37427,1.3728500000000001,1.37377,5027
2026-03-20 04:00:00,1.37377,1.37395,1.3725100000000001,1.37321,7698
2026-03-20 08:00:00,1.3732,1.37408,1.37131,1.37164,10626
2026-03-20 12:00:00,1.3716300000000001,1.3729,1.36996,1.37144,14791
2026-03-20 16:00:00,1.37144,1.37477,1.3704100000000001,1.37143,23323
2026-03-20 20:00:00,1.37142,1.3728799999999999,1.3704399999999999,1.3721700000000001,18284
2026-03-23 00:00:00,1.37101,1.37328,1.37051,1.37205,11448
2026-03-23 04:00:00,1.37205,1.37205,1.37008,1.37164,14545
2026-03-23 08:00:00,1.37164,1.37394,1.37152,1.37341,16028
2026-03-23 12:00:00,1.37341,1.37547,1.36838,1.36974,30335
2026-03-23 16:00:00,1.36969,1.37292,1.36699,1.37243,33816
2026-03-23 20:00:00,1.37241,1.37355,1.37134,1.37257,13127
2026-03-24 00:00:00,1.37243,1.37428,1.3713899999999999,1.37424,9097
2026-03-24 04:00:00,1.37423,1.3759299999999999,1.37397,1.3756599999999999,14002
2026-03-24 08:00:00,1.37567,1.3761700000000001,1.37257,1.37478,18944
2026-03-24 12:00:00,1.37476,1.37568,1.3728500000000001,1.3744,15190
2026-03-24 16:00:00,1.3744100000000001,1.37748,1.37299,1.37726,24628
2026-03-24 20:00:00,1.37725,1.37855,1.37417,1.37643,16735
2026-03-25 00:00:00,1.3762699999999999,1.37668,1.37501,1.3756300000000001,8116
2026-03-25 04:00:00,1.3756300000000001,1.37743,1.37545,1.3773,11303
2026-03-25 08:00:00,1.3773,1.3787099999999999,1.37718,1.3786800000000001,11331
2026-03-25 12:00:00,1.37869,1.38001,1.37847,1.3786100000000001,13042
2026-03-25 16:00:00,1.3786,1.38097,1.37785,1.38092,10341
2026-03-25 20:00:00,1.38092,1.3820000000000001,1.37995,1.38116,10448
2026-03-26 00:00:00,1.38101,1.38248,1.38002,1.38228,4074
2026-03-26 04:00:00,1.38228,1.38315,1.3817,1.3820299999999999,7278
2026-03-26 08:00:00,1.3820299999999999,1.38382,1.38177,1.3832,8818
2026-03-26 12:00:00,1.3832,1.38498,1.38246,1.38354,8934
2026-03-26 16:00:00,1.38354,1.38579,1.38213,1.38434,15497
2026-03-26 20:00:00,1.38434,1.38658,1.38362,1.38595,10137
2026-03-27 00:00:00,1.38594,1.38618,1.3845100000000001,1.38589,5881
2026-03-27 04:00:00,1.38588,1.38609,1.38453,1.38518,7744
2026-03-27 08:00:00,1.38518,1.38564,1.38461,1.3851499999999999,7705
2026-03-27 12:00:00,1.3851499999999999,1.38707,1.38471,1.38685,10561
2026-03-27 16:00:00,1.38684,1.38842,1.3850799999999999,1.38804,14969
2026-03-27 20:00:00,1.38804,1.38956,1.3876,1.38914,8677
2026-03-30 00:00:00,1.3878,1.3902999999999999,1.38764,1.38872,12256
2026-03-30 04:00:00,1.38872,1.38951,1.3886,1.3893499999999999,8013
2026-03-30 08:00:00,1.3893499999999999,1.3919000000000001,1.38861,1.39184,7145
2026-03-30 12:00:00,1.3918300000000001,1.39264,1.39074,1.39257,9032
2026-03-30 16:00:00,1.39257,1.39451,1.3915,1.39241,14347
2026-03-30 20:00:00,1.3924,1.39311,1.3917,1.39234,9057
2026-03-31 00:00:00,1.3921999999999999,1.39358,1.39093,1.39222,7563
2026-03-31 04:00:00,1.39222,1.39323,1.39165,1.3931200000000001,11517
2026-03-31 08:00:00,1.3931200000000001,1.39418,1.3926,1.3940000000000001,8239
2026-03-31 12:00:00,1.3940000000000001,1.39449,1.39313,1.39397,8269
2026-03-31 16:00:00,1.3939599999999999,1.39667,1.3924400000000001,1.39345,18200
2026-03-31 20:00:00,1.39345,1.39398,1.39059,1.39134,13955
2026-04-01 00:00:00,1.3912499999999999,1.39132,1.3897,1.38986,3058
2026-04-01 04:00:00,1.38986,1.39121,1.3898,1.39094,7702
2026-04-01 08:00:00,1.39093,1.39115,1.38868,1.38902,11072
2026-04-01 12:00:00,1.38901,1.38991,1.38837,1.38952,11154
2026-04-01 16:00:00,1.38952,1.39046,1.38739,1.3874900000000001,15742
2026-04-01 20:00:00,1.3874900000000001,1.38959,1.3872200000000001,1.38734,9429
2026-04-02 00:00:00,1.38726,1.38796,1.38693,1.38726,7832
2026-04-02 04:00:00,1.38727,1.39151,1.3869099999999999,1.39117,16727
2026-04-02 08:00:00,1.39116,1.39216,1.3906399999999999,1.39207,10345
2026-04-02 12:00:00,1.39208,1.3933499999999999,1.3906800000000001,1.39187,8044
2026-04-02 16:00:00,1.3918599999999999,1.39265,1.39092,1.39138,13667
2026-04-02 20:00:00,1.3914,1.39226,1.391,1.39196,7931
2026-04-03 00:00:00,1.39173,1.39222,1.39117,1.39208,2387
2026-04-03 04:00:00,1.39208,1.39257,1.39206,1.3925,3011
2026-04-03 08:00:00,1.3925,1.39268,1.39185,1.39202,2551
2026-04-03 12:00:00,1.39202,1.3942700000000001,1.3918,1.39398,4086
2026-04-03 16:00:00,1.39398,1.39493,1.39352,1.39421,6843
2026-04-03 20:00:00,1.39421,1.3948,1.39338,1.39364,9399
2026-04-06 00:00:00,1.39351,1.39476,1.39291,1.39444,6424
2026-04-06 04:00:00,1.39443,1.39478,1.39355,1.3938,6914
2026-04-06 08:00:00,1.3938,1.39424,1.39163,1.39221,5949
2026-04-06 12:00:00,1.39221,1.39291,1.39094,1.39114,6732
2026-04-06 16:00:00,1.39115,1.39239,1.39025,1.39171,12017
2026-04-06 20:00:00,1.39171,1.39236,1.39083,1.39083,7769
2026-04-07 00:00:00,1.3906100000000001,1.3919000000000001,1.39015,1.3919000000000001,5674
2026-04-07 04:00:00,1.39189,1.39299,1.39154,1.39176,8653
2026-04-07 08:00:00,1.39176,1.39267,1.3909500000000001,1.39108,8170
2026-04-07 12:00:00,1.39108,1.39287,1.3906399999999999,1.39146,8738
2026-04-07 16:00:00,1.39146,1.39253,1.38909,1.39018,12381
2026-04-07 20:00:00,1.39018,1.3905699999999999,1.38855,1.38855,8990
2026-04-08 00:00:00,1.38825,1.38998,1.38346,1.38493,16100
2026-04-08 04:00:00,1.38494,1.38502,1.38324,1.38344,11521
2026-04-08 08:00:00,1.38344,1.38662,1.38238,1.3866100000000001,11747
2026-04-08 12:00:00,1.38662,1.38747,1.38353,1.38413,10944
2026-04-08 16:00:00,1.38413,1.38693,1.38395,1.38423,15621
2026-04-08 20:00:00,1.38423,1.38609,1.38354,1.38448,12134
2026-04-09 00:00:00,1.38391,1.38557,1.38336,1.38536,4695
2026-04-09 04:00:00,1.38536,1.38595,1.38452,1.38495,7180
2026-04-09 08:00:00,1.38494,1.38604,1.38456,1.38495,7264
2026-04-09 12:00:00,1.38495,1.38572,1.38309,1.38349,6213
2026-04-09 16:00:00,1.38348,1.38349,1.38046,1.38172,13602
2026-04-09 20:00:00,1.38172,1.38246,1.38093,1.38144,7262
2026-04-10 00:00:00,1.38089,1.3826800000000001,1.38073,1.38245,3957
2026-04-10 04:00:00,1.38245,1.38276,1.38182,1.38253,5163
2026-04-10 08:00:00,1.38252,1.38441,1.38236,1.38372,6267
2026-04-10 12:00:00,1.38372,1.38415,1.38086,1.3820299999999999,9561
2026-04-10 16:00:00,1.3820299999999999,1.38387,1.37992,1.38339,12536
2026-04-10 20:00:00,1.38339,1.38429,1.38217,1.38367,6935
2026-04-13 00:00:00,1.38597,1.38777,1.38517,1.38625,7384
2026-04-13 04:00:00,1.38626,1.38675,1.38579,1.38595,7407
2026-04-13 08:00:00,1.38595,1.3863699999999999,1.38421,1.38426,8284
2026-04-13 12:00:00,1.38427,1.38521,1.38347,1.38422,9198
2026-04-13 16:00:00,1.38423,1.38426,1.37971,1.37976,14964
2026-04-13 20:00:00,1.37976,1.37995,1.3786100000000001,1.3792900000000001,7114
2026-04-14 00:00:00,1.37901,1.37921,1.37853,1.3786,3852
2026-04-14 04:00:00,1.3786100000000001,1.379,1.37818,1.3783,5593
2026-04-14 08:00:00,1.3783,1.37888,1.37616,1.37632,8554
2026-04-14 12:00:00,1.37632,1.37667,1.3737,1.37372,9967
2026-04-14 16:00:00,1.37372,1.37633,1.37309,1.37616,11519
2026-04-14 20:00:00,1.3761700000000001,1.3778299999999999,1.37569,1.3765800000000001,6798
2026-04-15 00:00:00,1.37636,1.37706,1.37598,1.37675,5011
2026-04-15 04:00:00,1.37675,1.37823,1.37649,1.37752,5800
2026-04-15 08:00:00,1.37753,1.37764,1.3761,1.37661,7045
2026-04-15 12:00:00,1.37662,1.37884,1.3765100000000001,1.37744,10763
2026-04-15 16:00:00,1.37745,1.37761,1.37337,1.3734199999999999,13998
2026-04-15 20:00:00,1.3734199999999999,1.37428,1.37268,1.37408,7970
2026-04-16 00:00:00,1.37372,1.37394,1.3728500000000001,1.3728500000000001,4344
2026-04-16 04:00:00,1.37286,1.3734600000000001,1.3713199999999999,1.37186,8230
2026-04-16 08:00:00,1.37188,1.37345,1.37143,1.37284,10131
2026-04-16 12:00:00,1.37284,1.37381,1.37204,1.37231,10513
2026-04-16 16:00:00,1.37231,1.3725100000000001,1.37018,1.3703,15844
2026-04-16 20:00:00,1.37029,1.37089,1.36954,1.3703,8615
2026-04-17 00:00:00,1.37027,1.37056,1.36928,1.3700999999999999,3319
2026-04-17 04:00:00,1.3700999999999999,1.37036,1.36877,1.36878,4608
2026-04-17 08:00:00,1.36877,1.36889,1.36701,1.36727,7532
2026-04-17 12:00:00,1.36727,1.36839,1.36604,1.36612,9218
2026-04-17 16:00:00,1.36612,1.36762,1.3649499999999999,1.36679,18554
2026-04-17 20:00:00,1.36679,1.3694899999999999,1.3667799999999999,1.36869,10968
2026-04-20 00:00:00,1.36801,1.3709799999999999,1.36741,1.36952,7061
2026-04-20 04:00:00,1.36952,1.37025,1.36926,1.36948,6948
2026-04-20 08:00:00,1.36948,1.37032,1.36873,1.36932,8536
2026-04-20 12:00:00,1.36932,1.37005,1.3683,1.36921,7720
2026-04-20 16:00:00,1.36921,1.36987,1.36398,1.3645100000000001,14822
2026-04-20 20:00:00,1.36452,1.3651,1.36349,1.36444,6692
2026-04-21 00:00:00,1.36419,1.36491,1.36384,1.36432,4088
2026-04-21 04:00:00,1.36432,1.36514,1.36411,1.36483,5010
2026-04-21 08:00:00,1.36483,1.3663699999999999,1.36433,1.36577,9415
2026-04-21 12:00:00,1.36577,1.36624,1.36511,1.3651200000000001,9294
2026-04-21 16:00:00,1.36513,1.36591,1.36311,1.36588,13648
2026-04-21 20:00:00,1.36589,1.36767,1.36496,1.36609,16054
2026-04-22 00:00:00,1.36624,1.36667,1.36543,1.36564,4280
2026-04-22 04:00:00,1.36563,1.3663699999999999,1.3656,1.36566,5825
2026-04-22 08:00:00,1.36566,1.3660999999999999,1.3643399999999999,1.36469,8938
2026-04-22 12:00:00,1.36469,1.36723,1.36447,1.36679,8871
2026-04-22 16:00:00,1.36679,1.36695,1.36465,1.36574,12911
2026-04-22 20:00:00,1.36575,1.36747,1.36544,1.36715,8105
2026-04-23 00:00:00,1.36707,1.36796,1.36573,1.36657,6054
2026-04-23 04:00:00,1.36657,1.3677000000000001,1.36651,1.36713,11233
2026-04-23 08:00:00,1.36713,1.36743,1.36603,1.3664,9252
2026-04-23 12:00:00,1.3664,1.36845,1.36624,1.3679999999999999,10391
2026-04-23 16:00:00,1.3679999999999999,1.36954,1.36673,1.36936,13719
2026-04-23 20:00:00,1.36935,1.37142,1.3689200000000001,1.36987,13903
2026-04-24 00:00:00,1.36997,1.37087,1.36893,1.3698299999999999,4649
2026-04-24 04:00:00,1.36984,1.37145,1.36967,1.371,8412
2026-04-24 08:00:00,1.37099,1.37137,1.36868,1.36893,9565
2026-04-24 12:00:00,1.36894,1.3691900000000001,1.36783,1.36812,11161
2026-04-24 16:00:00,1.36812,1.36994,1.36728,1.36738,13125
2026-04-24 20:00:00,1.3673899999999999,1.36744,1.36629,1.3664,6564
2026-04-27 00:00:00,1.3679700000000001,1.36817,1.3662,1.36701,5123
2026-04-27 04:00:00,1.36699,1.36699,1.36609,1.36643,6579
2026-04-27 08:00:00,1.36643,1.36674,1.36108,1.36169,8668
2026-04-27 12:00:00,1.36169,1.36178,1.35975,1.36026,9639
2026-04-27 16:00:00,1.36025,1.36221,1.35988,1.36173,11857
2026-04-27 20:00:00,1.36173,1.36361,1.36152,1.3626,6086
2026-04-28 00:00:00,1.36249,1.3627500000000001,1.36128,1.36253,4089
2026-04-28 04:00:00,1.36252,1.36406,1.36247,1.36333,6971
2026-04-28 08:00:00,1.36333,1.3648500000000001,1.3630200000000001,1.36471,10863
2026-04-28 12:00:00,1.3647,1.36798,1.36452,1.36747,11671
2026-04-28 16:00:00,1.36746,1.36917,1.36638,1.36813,14021
2026-04-28 20:00:00,1.36813,1.36878,1.36741,1.3684,6297
2026-04-29 00:00:00,1.36792,1.36837,1.36695,1.3681,3054
2026-04-29 04:00:00,1.3681,1.36896,1.36787,1.36859,7467
2026-04-29 08:00:00,1.36859,1.36923,1.3676300000000001,1.36846,9775
2026-04-29 12:00:00,1.36845,1.36933,1.3673,1.36771,9778
2026-04-29 16:00:00,1.36771,1.37108,1.36674,1.36757,17967
2026-04-29 20:00:00,1.36756,1.3692,1.36711,1.36835,15787
2026-04-30 00:00:00,1.36833,1.36879,1.36674,1.36758,5739
2026-04-30 04:00:00,1.3675899999999999,1.3689,1.36741,1.3686099999999999,9562
2026-04-30 08:00:00,1.3686,1.36889,1.36642,1.36712,11789
2026-04-30 12:00:00,1.36711,1.36765,1.36473,1.36711,17085
2026-04-30 16:00:00,1.36711,1.36713,1.36037,1.36125,19221
2026-04-30 20:00:00,1.36124,1.36155,1.35801,1.35815,10581
2026-05-01 00:00:00,1.35803,1.35852,1.3572199999999999,1.35796,5128
2026-05-01 04:00:00,1.35795,1.35869,1.35728,1.35867,6814
2026-05-01 08:00:00,1.35867,1.35881,1.35704,1.3572600000000001,11124
2026-05-01 12:00:00,1.3572600000000001,1.35806,1.35501,1.35639,10398
2026-05-01 16:00:00,1.35643,1.35882,1.35541,1.35879,13900
2026-05-01 20:00:00,1.35879,1.35935,1.3584,1.35906,8117
2026-05-04 00:00:00,1.3585099999999999,1.35896,1.35738,1.35883,4437
2026-05-04 04:00:00,1.35884,1.3596,1.3584100000000001,1.35901,9460
2026-05-04 08:00:00,1.35901,1.36078,1.3588,1.36016,9365
2026-05-04 12:00:00,1.36015,1.36194,1.35979,1.36171,11588
2026-05-04 16:00:00,1.36171,1.36194,1.36014,1.36159,15702
2026-05-04 20:00:00,1.36158,1.36262,1.36038,1.3624399999999999,9539
2026-05-05 00:00:00,1.3623,1.36274,1.3609200000000001,1.36263,3819
2026-05-05 04:00:00,1.36263,1.36285,1.36191,1.36283,5881
2026-05-05 08:00:00,1.36282,1.3630200000000001,1.36117,1.36173,9776
2026-05-05 12:00:00,1.36175,1.36272,1.36042,1.36225,9944
2026-05-05 16:00:00,1.36226,1.36226,1.36068,1.362,10738
2026-05-05 20:00:00,1.362,1.36264,1.36162,1.36195,5659
2026-05-06 00:00:00,1.36177,1.36219,1.3596300000000001,1.3597299999999999,7963
2026-05-06 04:00:00,1.3597299999999999,1.36035,1.35831,1.35872,9633
2026-05-06 08:00:00,1.3587099999999999,1.35996,1.35781,1.3585,11581
2026-05-06 12:00:00,1.3585099999999999,1.36138,1.35832,1.36111,13484
2026-05-06 16:00:00,1.3611,1.36358,1.36072,1.36346,13998
2026-05-06 20:00:00,1.36348,1.36415,1.36288,1.36324,7779
2026-05-07 00:00:00,1.36319,1.3642,1.36192,1.36384,5137
2026-05-07 04:00:00,1.36384,1.36418,1.36279,1.36354,6597
2026-05-07 08:00:00,1.36354,1.36436,1.36232,1.36259,9672
2026-05-07 12:00:00,1.36259,1.36357,1.36202,1.36344,9580
2026-05-07 16:00:00,1.36345,1.36452,1.36285,1.36314,13952
2026-05-07 20:00:00,1.36313,1.36652,1.36266,1.3664399999999999,12604
2026-05-08 00:00:00,1.3649200000000001,1.36651,1.3649200000000001,1.36599,5841
2026-05-08 04:00:00,1.36599,1.36643,1.3654600000000001,1.36558,8424
2026-05-08 08:00:00,1.3656,1.36593,1.36501,1.36511,7790
2026-05-08 12:00:00,1.3651200000000001,1.36932,1.36428,1.36905,10802
2026-05-08 16:00:00,1.36905,1.37103,1.3677000000000001,1.36894,13312
2026-05-08 20:00:00,1.36896,1.36898,1.36704,1.36743,5848
2026-05-11 00:00:00,1.3675,1.3692,1.3669,1.36835,5517
2026-05-11 04:00:00,1.36834,1.3695,1.3682400000000001,1.36942,8452
2026-05-11 08:00:00,1.36942,1.36944,1.36667,1.36693,9068
2026-05-11 12:00:00,1.36692,1.36825,1.36609,1.36673,9834
2026-05-11 16:00:00,1.36672,1.36701,1.36483,1.3664,11433
2026-05-11 20:00:00,1.3664,1.36819,1.36624,1.36777,6159
2026-05-12 00:00:00,1.36753,1.3688799999999999,1.36695,1.36883,3794
2026-05-12 04:00:00,1.36883,1.36945,1.3687,1.36927,8521
2026-05-12 08:00:00,1.36928,1.3709799999999999,1.36838,1.37047,12700
2026-05-12 12:00:00,1.37048,1.37126,1.36933,1.3701400000000001,11575
2026-05-12 16:00:00,1.37015,1.37245,1.36987,1.37134,17823
2026-05-12 20:00:00,1.37134,1.3715899999999999,1.36926,1.36962,7034
2026-05-13 00:00:00,1.36936,1.36995,1.3684,1.3694899999999999,4202
2026-05-13 04:00:00,1.3694899999999999,1.3698000000000001,1.36842,1.36947,7636
2026-05-13 08:00:00,1.36947,1.37107,1.36937,1.36998,9672
2026-05-13 12:00:00,1.36998,1.37086,1.36897,1.36961,10949
2026-05-13 16:00:00,1.36961,1.3712,1.36924,1.37055,13148
2026-05-13 20:00:00,1.37055,1.37187,1.37024,1.37059,8287
2026-05-14 00:00:00,1.37043,1.37077,1.36987,1.37057,4649
2026-05-14 04:00:00,1.37058,1.37093,1.37024,1.37049,7133
2026-05-14 08:00:00,1.37049,1.37161,1.37016,1.37054,10293
2026-05-14 12:00:00,1.37055,1.37275,1.37042,1.37249,9448
2026-05-14 16:00:00,1.37249,1.37378,1.37135,1.37223,15879
2026-05-14 20:00:00,1.37223,1.37303,1.37173,1.37199,9064
2026-05-15 00:00:00,1.3718,1.3737300000000001,1.37114,1.37355,4375
2026-05-15 04:00:00,1.37356,1.37469,1.37354,1.37463,9820
2026-05-15 08:00:00,1.37463,1.37575,1.37392,1.37482,14088
2026-05-15 12:00:00,1.3748,1.3759700000000001,1.3734600000000001,1.37538,13498
2026-05-15 16:00:00,1.37538,1.37671,1.37332,1.3735,19684
2026-05-15 20:00:00,1.37351,1.37586,1.37309,1.37452,10420
2026-05-18 00:00:00,1.37453,1.37637,1.374,1.37609,7469
2026-05-18 04:00:00,1.37608,1.37632,1.375,1.37537,11449
2026-05-18 08:00:00,1.37537,1.3756300000000001,1.37332,1.3737,10812
2026-05-18 12:00:00,1.3737,1.37537,1.37323,1.37393,11423
2026-05-18 16:00:00,1.37393,1.37518,1.37343,1.37415,15799
2026-05-18 20:00:00,1.37415,1.37507,1.37358,1.37388,10482
2026-05-19 00:00:00,1.3738299999999999,1.37484,1.37337,1.3748,4715
2026-05-19 04:00:00,1.3748,1.3753199999999999,1.3743699999999999,1.37524,11318
2026-05-19 08:00:00,1.37523,1.37605,1.37432,1.37601,12437
2026-05-19 12:00:00,1.37602,1.37741,1.37368,1.3765100000000001,11654
2026-05-19 16:00:00,1.37653,1.3772,1.37469,1.37491,18559
2026-05-19 20:00:00,1.37491,1.37534,1.37432,1.37433,7815
2026-05-20 00:00:00,1.37436,1.37585,1.37409,1.37578,5303
2026-05-20 04:00:00,1.3758,1.3761,1.37516,1.3759299999999999,13229
2026-05-20 08:00:00,1.37594,1.37726,1.37561,1.37726,10789
2026-05-20 12:00:00,1.37726,1.37785,1.3752900000000001,1.37618,8151
2026-05-20 16:00:00,1.37618,1.37761,1.3731,1.37479,18810
2026-05-20 20:00:00,1.37478,1.37555,1.37404,1.37445,9187
2026-05-21 00:00:00,1.37445,1.37516,1.37331,1.3749500000000001,3870
2026-05-21 04:00:00,1.3749500000000001,1.37665,1.3746,1.37629,9873
2026-05-21 08:00:00,1.37629,1.37768,1.37595,1.37679,11944
2026-05-21 12:00:00,1.37679,1.37753,1.37608,1.37752,11065
2026-05-21 16:00:00,1.37752,1.38002,1.37736,1.3786100000000001,15380
2026-05-21 20:00:00,1.3786100000000001,1.37884,1.37674,1.37775,13389
2026-05-22 00:00:00,1.3776,1.37882,1.37684,1.3783699999999999,4305
2026-05-22 04:00:00,1.3784,1.37926,1.37833,1.37892,7318
2026-05-22 08:00:00,1.37893,1.37954,1.3783699999999999,1.37849,8784
2026-05-22 12:00:00,1.37849,1.38071,1.3784,1.38037,9315
2026-05-22 16:00:00,1.38036,1.38224,1.37911,1.38083,13007
2026-05-22 20:00:00,1.38083,1.3824,1.38043,1.38206,7266
2026-05-25 00:00:00,1.38046,1.38118,1.3796300000000001,1.38036,4744
2026-05-25 04:00:00,1.38036,1.38107,1.3795600000000001,1.38061,5231
2026-05-25 08:00:00,1.38061,1.38206,1.38038,1.38127,7065
2026-05-25 12:00:00,1.38127,1.38181,1.38048,1.38069,4784
2026-05-25 16:00:00,1.38069,1.38106,1.37949,1.3803,7004
2026-05-25 20:00:00,1.3803,1.38053,1.3799000000000001,1.38025,2074
2026-05-26 00:00:00,1.38022,1.3809,1.3796599999999999,1.38037,4358
2026-05-26 04:00:00,1.38038,1.38113,1.38025,1.3811200000000001,7745
2026-05-26 08:00:00,1.3811200000000001,1.38152,1.37989,1.38032,10682
2026-05-26 12:00:00,1.38032,1.38213,1.37992,1.3818,9722
2026-05-26 16:00:00,1.3818,1.3819,1.37998,1.38123,13949
2026-05-26 20:00:00,1.38123,1.38197,1.3808500000000001,1.38113,7572
2026-05-27 00:00:00,1.38118,1.38132,1.38001,1.38074,3762
2026-05-27 04:00:00,1.38074,1.38148,1.38065,1.38092,8302
2026-05-27 08:00:00,1.38092,1.38294,1.38083,1.38283,9376
2026-05-27 12:00:00,1.38283,1.38397,1.38204,1.3828,10361
2026-05-27 16:00:00,1.38281,1.3852,1.3822999999999999,1.3826399999999999,14645
2026-05-27 20:00:00,1.3826399999999999,1.38408,1.38263,1.38403,6969
2026-05-28 00:00:00,1.38378,1.38497,1.38239,1.38477,4997
2026-05-28 04:00:00,1.38477,1.3869799999999999,1.38471,1.38616,9501
2026-05-28 08:00:00,1.38616,1.38649,1.38456,1.38601,10541
2026-05-28 12:00:00,1.38602,1.387,1.384,1.38437,10728
2026-05-28 16:00:00,1.38437,1.3852,1.37893,1.37917,17367
2026-05-28 20:00:00,1.37917,1.37923,1.3773900000000001,1.37839,8455
2026-05-29 00:00:00,1.37824,1.3786100000000001,1.37731,1.3784399999999999,4495
2026-05-29 04:00:00,1.37843,1.37916,1.3778299999999999,1.37894,6271
2026-05-29 08:00:00,1.37893,1.38077,1.37847,1.38058,9835
2026-05-29 12:00:00,1.38058,1.3829500000000001,1.37997,1.38181,10304
2026-05-29 16:00:00,1.38181,1.38209,1.37703,1.37992,17811
2026-05-29 20:00:00,1.3799000000000001,1.38011,1.37849,1.37919,9879
2026-06-01 00:00:00,1.37953,1.38063,1.37862,1.38049,6115
2026-06-01 04:00:00,1.38049,1.38138,1.38046,1.38084,8780
2026-06-01 08:00:00,1.38084,1.38202,1.38018,1.38152,9228
2026-06-01 12:00:00,1.38152,1.38384,1.3812,1.38262,10507
2026-06-01 16:00:00,1.38265,1.38494,1.3826399999999999,1.38285,19555
2026-06-01 20:00:00,1.38284,1.38429,1.38276,1.38408,6955
2026-06-02 00:00:00,1.384,1.38456,1.3831,1.38449,4254
2026-06-02 04:00:00,1.38448,1.38483,1.38426,1.3844699999999999,5850
2026-06-02 08:00:00,1.38446,1.3848500000000001,1.38355,1.38475,8054
2026-06-02 12:00:00,1.38474,1.3854199999999999,1.3835899999999999,1.38371,7757
2026-06-02 16:00:00,1.3837,1.38436,1.3815,1.3833,15317
2026-06-02 20:00:00,1.3833,1.38408,1.38294,1.3838599999999999,7004
2026-06-03 00:00:00,1.38375,1.38471,1.3827,1.38408,4167
2026-06-03 04:00:00,1.38408,1.38504,1.38365,1.38487,7053
2026-06-03 08:00:00,1.38487,1.38594,1.38463,1.3857300000000001,10986
2026-06-03 12:00:00,1.3857300000000001,1.38699,1.38472,1.38675,11735
2026-06-03 16:00:00,1.38675,1.38985,1.38633,1.38943,17657
2026-06-03 20:00:00,1.38943,1.38998,1.38895,1.38975,7010
2026-06-04 00:00:00,1.38949,1.38998,1.38875,1.3893900000000001,5067
2026-06-04 04:00:00,1.3894199999999999,1.39046,1.3893,1.39035,7835
2026-06-04 08:00:00,1.39035,1.3925100000000001,1.39017,1.39167,9800
2026-06-04 12:00:00,1.39168,1.39168,1.3888,1.38909,12383
2026-06-04 16:00:00,1.3891,1.39049,1.38811,1.38967,15084
2026-06-04 20:00:00,1.38968,1.39117,1.38955,1.39102,6474
2026-06-05 00:00:00,1.39069,1.39102,1.3886,1.39065,4199
2026-06-05 04:00:00,1.39066,1.3912200000000001,1.39006,1.39039,6162
2026-06-05 08:00:00,1.39038,1.3909099999999999,1.38828,1.38888,9082
2026-06-05 12:00:00,1.38888,1.38953,1.3866399999999999,1.38946,12469
2026-06-05 16:00:00,1.38946,1.39441,1.38883,1.39364,20789
2026-06-05 20:00:00,1.39364,1.39506,1.39351,1.3939300000000001,11274
2026-06-08 00:00:00,1.39326,1.3952499999999999,1.39241,1.39387,7169
2026-06-08 04:00:00,1.39386,1.39524,1.39381,1.39436,9579
2026-06-08 08:00:00,1.3943400000000001,1.39523,1.39362,1.39511,14021
2026-06-08 12:00:00,1.39512,1.39538,1.39263,1.39314,12835
2026-06-08 16:00:00,1.39314,1.3954,1.39268,1.39537,16556
2026-06-08 20:00:00,1.39538,1.39612,1.39458,1.39537,9096
2026-06-09 00:00:00,1.39497,1.39595,1.39313,1.39527,7049
2026-06-09 04:00:00,1.39528,1.3956,1.39425,1.39443,9043
2026-06-09 08:00:00,1.39443,1.39475,1.39304,1.39379,10669
2026-06-09 12:00:00,1.39379,1.39388,1.3919000000000001,1.39216,9393
2026-06-09 16:00:00,1.39216,1.39693,1.39204,1.3961000000000001,21105
2026-06-09 20:00:00,1.39608,1.39623,1.39455,1.3949099999999999,13792
2026-06-10 00:00:00,1.39467,1.39572,1.39413,1.39487,5484
2026-06-10 04:00:00,1.39487,1.39545,1.39451,1.39478,9574
2026-06-10 08:00:00,1.39478,1.39493,1.39296,1.39322,11809
2026-06-10 12:00:00,1.39323,1.3937,1.39232,1.39364,14005
2026-06-10 16:00:00,1.39365,1.39385,1.38993,1.39313,20961
2026-06-10 20:00:00,1.39313,1.39504,1.39254,1.39431,13123
2026-06-11 00:00:00,1.39412,1.39502,1.3933499999999999,1.39405,8054
2026-06-11 04:00:00,1.39405,1.39409,1.39316,1.39382,8753
2026-06-11 08:00:00,1.39382,1.39767,1.39353,1.39765,8888
2026-06-11 12:00:00,1.39764,1.39896,1.3973499999999999,1.3985400000000001,12274
2026-06-11 16:00:00,1.3985400000000001,1.4024,1.39846,1.40062,18075
2026-06-11 20:00:00,1.40066,1.40157,1.39533,1.3966,16914
2026-06-12 00:00:00,1.39654,1.39782,1.39512,1.3977,6504
2026-06-12 04:00:00,1.3977,1.39802,1.3971,1.39738,12909
2026-06-12 08:00:00,1.39738,1.3996,1.39723,1.39838,14967
2026-06-12 12:00:00,1.3984,1.3994,1.39751,1.39831,14096
2026-06-12 16:00:00,1.39829,1.39878,1.39592,1.39725,21079
2026-06-12 20:00:00,1.39725,1.39913,1.39698,1.39897,8887
2026-06-15 00:00:00,1.39865,1.39865,1.39554,1.39707,7881
2026-06-15 04:00:00,1.39707,1.39767,1.39608,1.39611,8297
2026-06-15 08:00:00,1.39609,1.39809,1.39506,1.39743,11121
2026-06-15 12:00:00,1.39744,1.39841,1.39667,1.3973200000000001,9212
2026-06-15 16:00:00,1.39731,1.39926,1.39703,1.39815,12447
2026-06-15 20:00:00,1.39815,1.39941,1.39806,1.39903,9195
2026-06-16 00:00:00,1.39874,1.39958,1.39821,1.3991500000000001,3821
2026-06-16 04:00:00,1.39916,1.40167,1.39897,1.40115,8773
2026-06-16 08:00:00,1.40116,1.40185,1.40018,1.40032,10285
2026-06-16 12:00:00,1.40031,1.40158,1.3992200000000001,1.40127,8160
2026-06-16 16:00:00,1.40128,1.4016,1.39801,1.3985699999999999,13660
2026-06-16 20:00:00,1.3985699999999999,1.40028,1.39838,1.39943,6407
2026-06-17 00:00:00,1.39938,1.3998599999999999,1.39839,1.3993,5379
2026-06-17 04:00:00,1.3993,1.40018,1.39927,1.39975,5026
2026-06-17 08:00:00,1.39975,1.40077,1.39959,1.39995,7941
2026-06-17 12:00:00,1.39995,1.4017,1.39955,1.4012,7796
2026-06-17 16:00:00,1.40122,1.40368,1.4004400000000001,1.40311,11072
2026-06-17 20:00:00,1.4031,1.4123,1.40277,1.40994,22805
2026-06-18 00:00:00,1.4098600000000001,1.41038,1.40921,1.40973,6254
2026-06-18 04:00:00,1.40974,1.41095,1.40952,1.41016,8222
2026-06-18 08:00:00,1.41016,1.41224,1.40981,1.41214,11187
2026-06-18 12:00:00,1.41214,1.41342,1.41107,1.41173,15669
2026-06-18 16:00:00,1.41173,1.41467,1.4111500000000001,1.41371,17380
2026-06-18 20:00:00,1.4137,1.41446,1.41289,1.41363,10194
2026-06-19 00:00:00,1.41277,1.41424,1.4121299999999999,1.41385,3617
2026-06-19 04:00:00,1.41385,1.41581,1.41382,1.41575,6815
2026-06-19 08:00:00,1.41575,1.41596,1.41347,1.41347,11918
2026-06-19 12:00:00,1.41347,1.4156900000000001,1.41347,1.41531,8963
2026-06-19 16:00:00,1.41531,1.41833,1.41527,1.41768,8083
2026-06-19 20:00:00,1.41767,1.41782,1.41643,1.4165,6511
2026-06-22 00:00:00,1.41611,1.41787,1.41554,1.41721,4505
2026-06-22 04:00:00,1.41718,1.4191,1.41678,1.41885,7996
2026-06-22 08:00:00,1.41885,1.41934,1.4172,1.41795,12218
2026-06-22 12:00:00,1.41795,1.4179599999999999,1.41451,1.4156,11207
2026-06-22 16:00:00,1.4156,1.41781,1.41476,1.41643,17757
2026-06-22 20:00:00,1.41644,1.41683,1.41539,1.41586,7797
2026-06-23 00:00:00,1.4154200000000001,1.41649,1.41496,1.41593,5214
2026-06-23 04:00:00,1.41591,1.41751,1.41577,1.41741,9622
2026-06-23 08:00:00,1.41741,1.41861,1.41677,1.41817,13110
2026-06-23 12:00:00,1.41817,1.41916,1.41775,1.41872,11424
2026-06-23 16:00:00,1.41873,1.42081,1.4169100000000001,1.42079,16446
2026-06-23 20:00:00,1.42079,1.42172,1.42059,1.42096,8355
2026-06-24 00:00:00,1.4209100000000001,1.42156,1.41964,1.42107,5175
2026-06-24 04:00:00,1.42107,1.42241,1.42062,1.4215,9278
2026-06-24 08:00:00,1.42149,1.42388,1.42118,1.42285,10923
2026-06-24 12:00:00,1.42286,1.42451,1.42214,1.42401,12187
2026-06-24 16:00:00,1.424,1.42481,1.42154,1.42188,16971
2026-06-24 20:00:00,1.42188,1.42413,1.42178,1.42321,10432
2026-06-25 00:00:00,1.42314,1.42434,1.42218,1.42368,3451
2026-06-25 04:00:00,1.42368,1.42374,1.42275,1.42305,7889
2026-06-25 08:00:00,1.42305,1.42432,1.42227,1.42285,9339
2026-06-25 12:00:00,1.42285,1.42482,1.42214,1.42362,10992
2026-06-25 16:00:00,1.42362,1.42384,1.41775,1.41903,20418
2026-06-25 20:00:00,1.41903,1.42027,1.41882,1.42007,11154
2026-06-26 00:00:00,1.42005,1.42028,1.4188,1.41977,5743
2026-06-26 04:00:00,1.41978,1.4209800000000001,1.41906,1.41917,11464
2026-06-26 08:00:00,1.41917,1.42009,1.4181300000000001,1.41862,13203
2026-06-26 12:00:00,1.41862,1.4190800000000001,1.41743,1.41777,11849
2026-06-26 16:00:00,1.41776,1.42005,1.41693,1.41923,17016
2026-06-26 20:00:00,1.41921,1.41959,1.4178,1.41889,8583
2026-06-29 00:00:00,1.4188100000000001,1.41985,1.41791,1.41922,4665
2026-06-29 04:00:00,1.41921,1.41973,1.41818,1.41924,9041
2026-06-29 08:00:00,1.41925,1.41994,1.41771,1.41971,5416
2026-06-29 12:00:00,1.41971,1.421,1.41886,1.42047,9440
2026-06-29 16:00:00,1.42045,1.42178,1.4196,1.42023,14865
2026-06-29 20:00:00,1.42022,1.42137,1.41961,1.42106,7129
2026-06-30 00:00:00,1.42025,1.42231,1.42001,1.42167,4791
2026-06-30 04:00:00,1.42167,1.42368,1.42141,1.42368,7106
2026-06-30 08:00:00,1.4237,1.42395,1.42238,1.42329,10146
2026-06-30 12:00:00,1.4233,1.42475,1.42238,1.42278,9653
2026-06-30 16:00:00,1.42279,1.42282,1.41835,1.42079,15466
2026-06-30 20:00:00,1.42079,1.4212500000000001,1.41783,1.41952,8827
2026-07-01 00:00:00,1.41943,1.42148,1.4192,1.42132,2659
2026-07-01 04:00:00,1.42132,1.4222000000000001,1.42117,1.42143,8353
2026-07-01 08:00:00,1.42143,1.42249,1.42092,1.42219,8775
2026-07-01 12:00:00,1.4222000000000001,1.42347,1.42133,1.42319,9286
2026-07-01 16:00:00,1.42318,1.42352,1.41919,1.4209,19551
2026-07-01 20:00:00,1.4209100000000001,1.42185,1.4206400000000001,1.42153,6269
2026-07-02 00:00:00,1.42141,1.42243,1.4199899999999999,1.42187,3339
2026-07-02 04:00:00,1.42187,1.42207,1.42082,1.42144,6797
2026-07-02 08:00:00,1.42144,1.4218600000000001,1.4186,1.41902,12313
2026-07-02 12:00:00,1.41903,1.42191,1.41502,1.41754,15314
2026-07-02 16:00:00,1.4175200000000001,1.41903,1.41618,1.41792,19972
2026-07-02 20:00:00,1.4179300000000001,1.41871,1.41753,1.41808,9815
2026-07-03 00:00:00,1.41809,1.41977,1.41704,1.41855,3935
2026-07-03 04:00:00,1.41855,1.41886,1.41641,1.41655,8903
2026-07-03 08:00:00,1.41655,1.41817,1.41596,1.41804,9162
2026-07-03 12:00:00,1.41803,1.42045,1.41791,1.42022,7507
2026-07-03 16:00:00,1.42023,1.4206699999999999,1.41919,1.42022,7914
2026-07-03 20:00:00,1.42022,1.42071,1.41963,1.42025,15741
2026-07-06 00:00:00,1.41891,1.42118,1.41825,1.42055,5188
2026-07-06 04:00:00,1.42055,1.42136,1.42036,1.42078,9209
2026-07-06 08:00:00,1.42078,1.4228399999999999,1.42055,1.42279,10118
2026-07-06 12:00:00,1.42279,1.42388,1.4212799999999999,1.42353,9848
2026-07-06 16:00:00,1.42351,1.4236900000000001,1.42108,1.42165,12516
2026-07-06 20:00:00,1.42166,1.4218199999999999,1.42036,1.42047,6343
2026-07-07 00:00:00,1.41986,1.42135,1.4197199999999999,1.42133,3356
2026-07-07 04:00:00,1.42133,1.4218600000000001,1.42085,1.4218,6709
2026-07-07 08:00:00,1.4218,1.42221,1.42092,1.42134,10282
2026-07-07 12:00:00,1.42134,1.42229,1.42029,1.42194,8535
2026-07-07 16:00:00,1.42194,1.42264,1.41879,1.41924,14179
2026-07-07 20:00:00,1.41924,1.42065,1.41836,1.41998,8939
2026-07-08 00:00:00,1.4199899999999999,1.4208,1.41821,1.42019,5396
2026-07-08 04:00:00,1.42019,1.42087,1.41917,1.41928,10034
2026-07-08 08:00:00,1.41929,1.41931,1.41585,1.41639,14538
2026-07-08 12:00:00,1.41641,1.41904,1.41551,1.41871,14264
2026-07-08 16:00:00,1.41871,1.41962,1.41642,1.41741,17898
2026-07-08 20:00:00,1.41741,1.41791,1.41612,1.41733,9801
2026-07-09 00:00:00,1.41706,1.41758,1.41585,1.41636,3212
2026-07-09 04:00:00,1.41636,1.41685,1.41618,1.41642,6815
2026-07-09 08:00:00,1.41642,1.41883,1.41528,1.41882,9549
2026-07-09 12:00:00,1.41883,1.41897,1.41645,1.41766,10813
2026-07-09 16:00:00,1.41766,1.41822,1.41586,1.41647,12928
2026-07-09 20:00:00,1.41647,1.4173200000000001,1.41604,1.41678,6592
2026-07-10 00:00:00,1.41668,1.41726,1.41525,1.41615,3598
2026-07-10 04:00:00,1.41615,1.4163000000000001,1.4136,1.41561,8238
2026-07-10 08:00:00,1.41559,1.41693,1.41534,1.41689,10060
2026-07-10 12:00:00,1.41688,1.41717,1.41437,1.41448,10313
2026-07-10 16:00:00,1.41448,1.41695,1.41175,1.41242,16847
2026-07-10 20:00:00,1.41242,1.41599,1.41227,1.41552,7424
2026-07-13 00:00:00,1.41525,1.41716,1.41493,1.4169399999999999,5893
2026-07-13 04:00:00,1.4169399999999999,1.41748,1.41534,1.4154,10803
2026-07-13 08:00:00,1.4154,1.41651,1.41327,1.41357,14107
2026-07-13 12:00:00,1.41357,1.41436,1.41253,1.41345,13270
2026-07-13 16:00:00,1.41344,1.41553,1.41311,1.4148800000000001,19254
2026-07-13 20:00:00,1.4148800000000001,1.41602,1.41456,1.41554,9113
2026-07-14 00:00:00,1.41523,1.41556,1.4144700000000001,1.41478,6401
2026-07-14 04:00:00,1.4148,1.4148800000000001,1.41286,1.4132,10345
2026-07-14 08:00:00,1.4132,1.4135499999999999,1.40903,1.40927,11883
2026-07-14 12:00:00,1.40926,1.41159,1.40547,1.40736,16852
2026-07-14 16:00:00,1.40731,1.40747,1.40476,1.4060000000000001,22226
2026-07-14 20:00:00,1.40601,1.40747,1.40578,1.4059300000000001,8802
2026-07-15 00:00:00,1.40548,1.40658,1.4047,1.40472,3893
2026-07-15 04:00:00,1.40472,1.40502,1.40395,1.40492,8405
2026-07-15 08:00:00,1.40491,1.40591,1.40436,1.4055,10332
2026-07-15 12:00:00,1.4055,1.40774,1.40525,1.40536,11227
2026-07-15 16:00:00,1.40534,1.40679,1.40457,1.40489,13943
2026-07-15 20:00:00,1.40487,1.40493,1.40248,1.40408,7683
2026-07-16 00:00:00,1.40404,1.40441,1.40282,1.40389,4199
2026-07-16 04:00:00,1.40389,1.40537,1.40378,1.4047,6138
2026-07-16 08:00:00,1.40469,1.40516,1.40404,1.40419,7863
2026-07-16 12:00:00,1.40419,1.4048,1.40204,1.40287,9929
2026-07-16 16:00:00,1.40286,1.40513,1.4010500000000001,1.4050500000000001,11525
2026-07-16 20:00:00,1.4050500000000001,1.40582,1.40407,1.40415,6057
2026-07-17 00:00:00,1.4034900000000001,1.40452,1.40336,1.40344,3525
2026-07-17 04:00:00,1.40344,1.4041299999999999,1.40296,1.40374,7496
2026-07-17 08:00:00,1.40374,1.40401,1.4026,1.40313,9848
2026-07-17 12:00:00,1.40313,1.404,1.40201,1.4025699999999999,9387
2026-07-17 16:00:00,1.40256,1.40265,1.40056,1.40099,13675
2026-07-17 20:00:00,1.40099,1.40214,1.40086,1.40153,5614
2026-07-20 00:00:00,1.40096,1.40234,1.40064,1.40126,4328
2026-07-20 04:00:00,1.40127,1.4013200000000001,1.40041,1.40052,4863
2026-07-20 08:00:00,1.40052,1.4026100000000001,1.40032,1.4022700000000001,6896
2026-07-20 12:00:00,1.4022700000000001,1.40522,1.40188,1.40454,7904
2026-07-20 16:00:00,1.40455,1.40662,1.40395,1.40573,9481
2026-07-20 20:00:00,1.40573,1.40721,1.40534,1.407,5820
2026-07-21 00:00:00,1.40692,1.40854,1.40612,1.40746,4790
2026-07-21 04:00:00,1.4074499999999999,1.40812,1.40716,1.40716,6066
2026-07-21 08:00:00,1.40716,1.40778,1.40581,1.40663,6567
2026-07-21 12:00:00,1.40663,1.40814,1.40544,1.40759,7610
2026-07-21 16:00:00,1.40751,1.4104700000000001,1.40746,1.4098,11518
2026-07-21 20:00:00,1.4098,1.4111,1.40952,1.41104,5402
2026-07-22 00:00:00,1.41075,1.41114,1.41012,1.41051,3696
2026-07-22 04:00:00,1.41051,1.41083,1.40992,1.41051,5649
2026-07-22 08:00:00,1.41051,1.41065,1.40826,1.40941,7636
2026-07-22 12:00:00,1.40941,1.41052,1.40811,1.40915,9008
2026-07-22 16:00:00,1.40916,1.40947,1.40765,1.40934,10739
2026-07-22 20:00:00,1.4093499999999999,1.40948,1.40807,1.40872,5272
2026-07-23 00:00:00,1.40863,1.40899,1.4074900000000001,1.40797,4096
2026-07-23 04:00:00,1.40797,1.40797,1.40612,1.4064999999999999,5933
2026-07-23 08:00:00,1.4064999999999999,1.40777,1.40567,1.4076,8881
2026-07-23 12:00:00,1.40761,1.40913,1.40712,1.40829,10999
2026-07-23 16:00:00,1.4083,1.40998,1.40698,1.40771,18785
2026-07-23 20:00:00,1.40769,1.40895,1.40754,1.40839,8623
2026-07-24 00:00:00,1.40842,1.4086699999999999,1.40709,1.40709,5693
2026-07-24 04:00:00,1.40703,1.4083999999999999,1.4068100000000001,1.40821,10191
2026-07-24 08:00:00,1.4082,1.4084699999999999,1.40664,1.40789,10553
2026-07-24 12:00:00,1.40789,1.41065,1.40729,1.41063,9925
2026-07-24 16:00:00,1.41066,1.41148,1.40744,1.40852,14407
2026-07-24 20:00:00,1.40852,1.41038,1.40852,1.40921,5952
2026-07-27 00:00:00,1.40856,1.40916,1.40735,1.40814,5599
2026-07-27 04:00:00,1.40814,1.40869,1.40706,1.4083700000000001,7999
2026-07-27 08:00:00,1.4083700000000001,1.41026,1.40809,1.4098899999999999,9420
2026-07-27 12:00:00,1.4098899999999999,1.41093,1.40978,1.41086,8259
2026-07-27 16:00:00,1.41086,1.41183,1.40994,1.41123,16187
2026-07-27 20:00:00,1.41123,1.41265,1.41123,1.41236,7391
2026-07-28 00:00:00,1.4123,1.4129,1.41158,1.41173,3288
2026-07-28 04:00:00,1.41171,1.41228,1.4111099999999999,1.4119,7036
2026-07-28 08:00:00,1.4119,1.4127100000000001,1.41101,1.4111099999999999,11188
2026-07-28 12:00:00,1.41112,1.4117899999999999,1.41042,1.41135,9499
2026-07-28 16:00:00,1.41136,1.41136,1.40862,1.40884,13445
2026-07-28 20:00:00,1.40884,1.41116,1.40881,1.41077,7702
2026-07-29 00:00:00,1.41066,1.41098,1.40914,1.41012,4704
2026-07-29 04:00:00,1.41012,1.41056,1.40883,1.4090500000000001,11164
2026-07-29 08:00:00,1.4090500000000001,1.41007,1.40846,1.40984,10521
2026-07-29 12:00:00,1.40984,1.41064,1.4090799999999999,1.4092799999999999,11944
2026-07-29 16:00:00,1.4092799999999999,1.41009,1.40774,1.40953,14331
2026-07-29 20:00:00,1.40953,1.4098,1.40235,1.40469,20726
2026-07-30 00:00:00,1.40463,1.40476,1.4031,1.40438,5356
2026-07-30 04:00:00,1.40438,1.4056199999999999,1.40399,1.40554,7115
2026-07-30 08:00:00,1.40553,1.40679,1.40488,1.40578,10387
2026-07-30 12:00:00,1.40581,1.40584,1.40369,1.40557,13138
2026-07-30 16:00:00,1.40555,1.4059,1.39951,1.39951,23065
2026-07-30 20:00:00,1.39951,1.40107,1.39908,1.4010099999999999,9380
2026-07-31 00:00:00,1.40109,1.40149,1.40027,1.40148,5328
2026-07-31 04:00:00,1.40149,1.40236,1.40093,1.40197,8850
2026-07-31 08:00:00,1.40197,1.40229,1.40075,1.40097,13071
2026-07-31 12:00:00,1.4009800000000001,1.40499,1.4003700000000001,1.40364,12122
2026-07-31 16:00:00,1.40364,1.40588,1.40158,1.40299,21849
2026-07-31 20:00:00,1.403,1.40309,1.40094,1.4015,12926
2026-08-03 00:00:00,1.4007800000000001,1.40217,1.4003700000000001,1.40215,7996
2026-08-03 04:00:00,1.40215,1.40354,1.40198,1.40333,8214
2026-08-03 08:00:00,1.40333,1.40446,1.40275,1.40417,10060
2026-08-03 12:00:00,1.40417,1.40456,1.40272,1.40392,11495
2026-08-03 16:00:00,1.40392,1.40496,1.40338,1.40434,15494
2026-08-03 20:00:00,1.40434,1.40536,1.40422,1.4046,7113
2026-08-04 00:00:00,1.40431,1.40482,1.40387,1.40435,5389
2026-08-04 04:00:00,1.40435,1.40481,1.40397,1.40445,8978
2026-08-04 08:00:00,1.40445,1.40655,1.40391,1.40393,10066
2026-08-04 12:00:00,1.40392,1.40645,1.4035199999999999,1.40632,11640
2026-08-04 16:00:00,1.40633,1.4080300000000001,1.40518,1.40764,14270
2026-08-04 20:00:00,1.40764,1.40788,1.40601,1.40606,7592
2026-08-05 00:00:00,1.4062000000000001,1.40689,1.40584,1.40674,4578
2026-08-05 04:00:00,1.40675,1.40758,1.40641,1.40732,9876
2026-08-05 08:00:00,1.40732,1.40802,1.40655,1.4069099999999999,10052
2026-08-05 12:00:00,1.40692,1.40701,1.40409,1.40514,13327
2026-08-05 16:00:00,1.40513,1.4056,1.40146,1.4026399999999999,17226
2026-08-05 20:00:00,1.40258,1.4028800000000001,1.40051,1.40112,7372
2026-08-06 00:00:00,1.40107,1.40131,1.40062,1.40079,3630
2026-08-06 04:00:00,1.40079,1.40158,1.40026,1.40143,7480
2026-08-06 08:00:00,1.40144,1.40179,1.40066,1.40102,9120
2026-08-06 12:00:00,1.40102,1.40122,1.39905,1.40069,8239
2026-08-06 16:00:00,1.40069,1.4037899999999999,1.40055,1.40222,12531
2026-08-06 20:00:00,1.40222,1.40235,1.40117,1.40128,6302
2026-08-07 00:00:00,1.40119,1.40198,1.40026,1.40188,3425
2026-08-07 04:00:00,1.40187,1.40213,1.4013,1.40194,6890
2026-08-07 08:00:00,1.40194,1.40292,1.40188,1.40229,7192
2026-08-07 12:00:00,1.40229,1.40236,1.39428,1.3948,12704
2026-08-07 16:00:00,1.39481,1.3958599999999999,1.39257,1.3935,18432
2026-08-07 20:00:00,1.39351,1.39534,1.39314,1.3940299999999999,8142
2026-08-10 00:00:00,1.39456,1.39535,1.39412,1.39497,3808
2026-08-10 04:00:00,1.39497,1.39639,1.39497,1.39608,7243
2026-08-10 08:00:00,1.39608,1.39629,1.39334,1.39405,8157
2026-08-10 12:00:00,1.39406,1.39511,1.39374,1.39484,9488
2026-08-10 16:00:00,1.39483,1.39575,1.39266,1.3933900000000001,11505
2026-08-10 20:00:00,1.3933900000000001,1.39471,1.39327,1.39402,7086
2026-08-11 00:00:00,1.3939300000000001,1.39411,1.39298,1.39326,3884
2026-08-11 04:00:00,1.39326,1.39378,1.39292,1.3930799999999999,8672
2026-08-11 08:00:00,1.39307,1.3946100000000001,1.3928,1.3934199999999999,10064
2026-08-11 12:00:00,1.3934199999999999,1.39415,1.39295,1.3934,9708
2026-08-11 16:00:00,1.3934,1.39391,1.39165,1.39169,10672
2026-08-11 20:00:00,1.39168,1.39266,1.39154,1.39249,6566
2026-08-12 00:00:00,1.39221,1.3925,1.3918599999999999,1.39231,2673
2026-08-12 04:00:00,1.3923,1.39316,1.39227,1.3930500000000001,4453
2026-08-12 08:00:00,1.3930500000000001,1.39344,1.39283,1.39311,7778
2026-08-12 12:00:00,1.3931,1.3938,1.39113,1.39117,11666
2026-08-12 16:00:00,1.39114,1.39421,1.39082,1.39415,13370
2026-08-12 20:00:00,1.39415,1.39471,1.3937599999999999,1.39387,7117
2026-08-13 00:00:00,1.39391,1.39432,1.393,1.39394,4066
2026-08-13 04:00:00,1.39394,1.39511,1.39389,1.39456,7382
2026-08-13 08:00:00,1.39456,1.39584,1.39443,1.39538,9424
2026-08-13 12:00:00,1.39537,1.3956,1.3931,1.39317,9259
2026-08-13 16:00:00,1.3931499999999999,1.39541,1.39297,1.39316,13674
2026-08-13 20:00:00,1.39316,1.39391,1.3928099999999999,1.3931,7204
2026-08-14 00:00:00,1.39297,1.39334,1.39211,1.39216,3618
2026-08-14 04:00:00,1.39216,1.3930500000000001,1.39184,1.3919000000000001,6407
2026-08-14 08:00:00,1.3919000000000001,1.39193,1.38863,1.38921,9484
2026-08-14 12:00:00,1.3892,1.38926,1.38672,1.38812,9815
2026-08-14 16:00:00,1.3881299999999999,1.38836,1.38642,1.38728,14198
2026-08-14 20:00:00,1.38726,1.3881000000000001,1.38705,1.3872,6412
2026-08-17 00:00:00,1.38706,1.3875199999999999,1.38636,1.38666,3983
2026-08-17 04:00:00,1.38666,1.3872,1.38621,1.38641,6761
2026-08-17 08:00:00,1.38641,1.3867,1.38524,1.3858,7842
2026-08-17 12:00:00,1.38579,1.38672,1.38507,1.38514,8008
2026-08-17 16:00:00,1.38513,1.38744,1.3844699999999999,1.38692,11502
2026-08-17 20:00:00,1.38693,1.38778,1.3866399999999999,1.38744,6498
2026-08-18 00:00:00,1.38716,1.38767,1.38615,1.38703,3059
2026-08-18 04:00:00,1.38703,1.38778,1.3866100000000001,1.38763,7944
2026-08-18 08:00:00,1.38762,1.38789,1.38636,1.38675,8483
2026-08-18 12:00:00,1.38676,1.38781,1.38618,1.38741,7733
2026-08-18 16:00:00,1.38743,1.38978,1.3867,1.3897,13037
2026-08-18 20:00:00,1.3897,1.39101,1.3893499999999999,1.38962,7087
2026-08-19 00:00:00,1.38957,1.39025,1.3888,1.39024,4976
2026-08-19 04:00:00,1.39024,1.39081,1.38719,1.38809,10300
2026-08-19 08:00:00,1.38809,1.38841,1.38702,1.38781,10030
2026-08-19 12:00:00,1.38781,1.38788,1.38572,1.38606,10193
2026-08-19 16:00:00,1.38606,1.3860700000000001,1.38033,1.38126,21451
2026-08-19 20:00:00,1.38125,1.3826399999999999,1.38067,1.38079,11865
2026-08-20 00:00:00,1.38079,1.38111,1.38003,1.38098,4750
2026-08-20 04:00:00,1.38097,1.38128,1.37934,1.38028,8369
2026-08-20 08:00:00,1.38028,1.38036,1.37701,1.37705,11041
2026-08-20 12:00:00,1.37704,1.3786399999999999,1.37557,1.37784,13855
2026-08-20 16:00:00,1.3778299999999999,1.37957,1.3765800000000001,1.37914,16846
2026-08-20 20:00:00,1.37914,1.3795,1.3786,1.37894,7753
2026-08-21 00:00:00,1.37894,1.37894,1.37764,1.37779,4034
2026-08-21 04:00:00,1.37779,1.3780700000000001,1.37607,1.37664,6132
2026-08-21 08:00:00,1.37664,1.3768500000000001,1.3746399999999999,1.37467,8965
2026-08-21 12:00:00,1.37467,1.37515,1.3732,1.37459,12419
2026-08-21 16:00:00,1.37459,1.37775,1.3743699999999999,1.37655,13821
2026-08-21 20:00:00,1.37655,1.37696,1.37554,1.37673,7027
2026-08-24 00:00:00,1.38058,1.3815,1.37829,1.37875,5030
2026-08-24 04:00:00,1.37876,1.37988,1.37875,1.37948,7791
2026-08-24 08:00:00,1.37949,1.38439,1.3794,1.38426,11154
2026-08-24 12:00:00,1.38427,1.38506,1.38293,1.38354,10208
2026-08-24 16:00:00,1.38354,1.3848500000000001,1.38212,1.3848099999999999,16366
2026-08-24 20:00:00,1.3848099999999999,1.38601,1.38429,1.38445,7762
2026-08-25 00:00:00,1.3844,1.38487,1.38316,1.38456,3115
2026-08-25 04:00:00,1.38457,1.38604,1.38448,1.38595,6045
2026-08-25 08:00:00,1.38595,1.3867,1.38558,1.38606,8520
2026-08-25 12:00:00,1.38606,1.38646,1.3851200000000001,1.3851499999999999,10370
2026-08-25 16:00:00,1.38514,1.38558,1.3826,1.38385,15288
2026-08-25 20:00:00,1.38385,1.38463,1.38252,1.38408,7288
2026-08-26 00:00:00,1.38244,1.38434,1.38244,1.38425,3448
2026-08-26 04:00:00,1.38425,1.38657,1.3841999999999999,1.38648,5863
2026-08-26 08:00:00,1.38648,1.38674,1.38557,1.3866,6611
2026-08-26 12:00:00,1.3866,1.38742,1.38561,1.38721,8901
2026-08-26 16:00:00,1.38719,1.38931,1.3866100000000001,1.38776,15281
2026-08-26 20:00:00,1.38776,1.38807,1.38713,1.3875600000000001,6079
2026-08-27 00:00:00,1.38761,1.3881299999999999,1.3869500000000001,1.38736,3579
2026-08-27 04:00:00,1.38736,1.38855,1.38733,1.38822,5024
2026-08-27 08:00:00,1.38822,1.38911,1.38776,1.38818,8493
2026-08-27 12:00:00,1.38818,1.38879,1.38669,1.38728,10807
2026-08-27 16:00:00,1.38728,1.38739,1.38526,1.38568,13654
2026-08-27 20:00:00,1.3856899999999999,1.38622,1.38521,1.38552,6080
2026-08-28 00:00:00,1.38431,1.38564,1.38431,1.38491,2295
2026-08-28 04:00:00,1.38491,1.38556,1.3847800000000001,1.38526,4224
2026-08-28 08:00:00,1.38526,1.38584,1.38471,1.38555,6617
2026-08-28 12:00:00,1.38556,1.38604,1.38448,1.38536,8693
2026-08-28 16:00:00,1.38536,1.39083,1.38434,1.39021,20846
2026-08-28 20:00:00,1.39021,1.39099,1.38994,1.39076,9345
2026-08-31 00:00:00,1.3908,1.39114,1.38967,1.38993,4707
2026-08-31 04:00:00,1.38993,1.39036,1.38889,1.38901,8423
2026-08-31 08:00:00,1.38901,1.39017,1.38885,1.38986,9785
2026-08-31 12:00:00,1.38984,1.38994,1.38802,1.38806,10156
2026-08-31 16:00:00,1.38805,1.38835,1.38562,1.38601,14418
2026-08-31 20:00:00,1.38601,1.38625,1.38527,1.38544,6631
2026-09-01 00:00:00,1.38529,1.38581,1.38453,1.38543,3546
2026-09-01 04:00:00,1.38543,1.38705,1.38538,1.38666,6360
2026-09-01 08:00:00,1.38666,1.38767,1.38597,1.3871,9016
2026-09-01 12:00:00,1.3871,1.3888,1.38659,1.38834,10678
2026-09-01 16:00:00,1.38834,1.39067,1.38801,1.39049,13141
2026-09-01 20:00:00,1.39049,1.39066,1.3892,1.38959,7714
2026-09-02 00:00:00,1.3895,1.39028,1.38825,1.38992,4072
2026-09-02 04:00:00,1.38992,1.39221,1.38965,1.3921700000000001,10197
2026-09-02 08:00:00,1.3921700000000001,1.39368,1.39106,1.39361,12137
2026-09-02 12:00:00,1.39361,1.39398,1.39106,1.39167,12452
2026-09-02 16:00:00,1.39167,1.39196,1.38378,1.38463,19208
2026-09-02 20:00:00,1.38463,1.38491,1.3835,1.38439,8359
2026-09-03 00:00:00,1.38387,1.3847800000000001,1.3835899999999999,1.38391,4090
2026-09-03 04:00:00,1.38389,1.3841,1.3826800000000001,1.38321,8720
2026-09-03 08:00:00,1.38321,1.38369,1.38038,1.3807,13386
2026-09-03 12:00:00,1.38071,1.3813900000000001,1.37862,1.3792,14551
2026-09-03 16:00:00,1.3792,1.38074,1.37652,1.37711,17154
2026-09-03 20:00:00,1.37711,1.3796,1.37707,1.3794,8396
2026-09-04 00:00:00,1.3791,1.37965,1.37772,1.3789799999999999,3868
2026-09-04 04:00:00,1.3789799999999999,1.3795600000000001,1.3785,1.37915,6079
2026-09-04 08:00:00,1.37915,1.38061,1.37883,1.38008,7649
2026-09-04 12:00:00,1.38008,1.38721,1.37915,1.3866800000000001,12255
2026-09-04 16:00:00,1.38667,1.38718,1.38306,1.38368,17579
2026-09-04 20:00:00,1.38367,1.3841700000000001,1.38274,1.38366,6344
2026-09-07 00:00:00,1.3829099999999999,1.38385,1.38249,1.38314,4057
2026-09-07 04:00:00,1.38314,1.38416,1.38305,1.38353,6889
2026-09-07 08:00:00,1.38353,1.3838,1.38191,1.3826,8638
2026-09-07 12:00:00,1.3826100000000001,1.38275,1.38102,1.38128,7171
2026-09-07 16:00:00,1.38128,1.38192,1.38049,1.38103,5406
2026-09-07 20:00:00,1.38103,1.38178,1.38102,1.38138,1221
2026-09-08 00:00:00,1.38138,1.38165,1.3802400000000001,1.38082,5782
2026-09-08 04:00:00,1.38082,1.38119,1.37999,1.38031,9381
2026-09-08 08:00:00,1.38031,1.38035,1.37758,1.38022,12630
2026-09-08 12:00:00,1.38022,1.38148,1.37892,1.37892,12205
2026-09-08 16:00:00,1.37893,1.37934,1.37598,1.37885,15936
2026-09-08 20:00:00,1.37881,1.37919,1.37766,1.37825,9179
2026-09-09 00:00:00,1.37826,1.37872,1.37683,1.3774600000000001,3857
2026-09-09 04:00:00,1.37745,1.37828,1.37727,1.37731,6384
2026-09-09 08:00:00,1.37732,1.37797,1.37667,1.37792,9131
2026-09-09 12:00:00,1.37792,1.37869,1.37661,1.37782,9973
2026-09-09 16:00:00,1.37782,1.38205,1.3778000000000001,1.38065,14643
2026-09-09 20:00:00,1.38065,1.38125,1.38014,1.38053,6888
2026-09-10 00:00:00,1.38013,1.38099,1.37937,1.38084,3475
2026-09-10 04:00:00,1.38084,1.3812,1.38041,1.3808799999999999,5214
2026-09-10 08:00:00,1.3808799999999999,1.38116,1.3803,1.38052,6363
2026-09-10 12:00:00,1.38052,1.38349,1.38012,1.3826,12731
2026-09-10 16:00:00,1.3826100000000001,1.38327,1.38046,1.38177,18105
2026-09-10 20:00:00,1.3817599999999999,1.38395,1.38133,1.38334,7742
2026-09-11 00:00:00,1.3832499999999999,1.38374,1.38178,1.3835,4459
2026-09-11 04:00:00,1.38351,1.38464,1.38341,1.38404,8222
2026-09-11 08:00:00,1.38404,1.38474,1.38347,1.38468,10006
2026-09-11 12:00:00,1.38467,1.38821,1.38431,1.38626,13839
2026-09-11 16:00:00,1.38625,1.3884,1.38598,1.3863699999999999,19736
2026-09-11 20:00:00,1.3863699999999999,1.3872900000000001,1.38609,1.3872499999999999,9683
2026-09-14 00:00:00,1.3867,1.3872900000000001,1.38543,1.38674,5583
2026-09-14 04:00:00,1.38674,1.3875199999999999,1.38672,1.38746,8672
2026-09-14 08:00:00,1.38746,1.38979,1.38715,1.38974,9867
2026-09-14 12:00:00,1.38974,1.39171,1.38861,1.39164,10743
2026-09-14 16:00:00,1.39164,1.39296,1.39002,1.39029,14710
2026-09-14 20:00:00,1.3902999999999999,1.39066,1.38977,1.39011,6057
2026-09-15 00:00:00,1.39013,1.39051,1.3894,1.39032,3799
2026-09-15 04:00:00,1.39032,1.39161,1.39029,1.39136,7510
2026-09-15 08:00:00,1.39136,1.39143,1.38982,1.3905,9328
2026-09-15 12:00:00,1.39051,1.39292,1.39024,1.39256,7363
2026-09-15 16:00:00,1.39255,1.3928,1.39069,1.39117,11762
2026-09-15 20:00:00,1.39117,1.3924699999999999,1.39106,1.39206,5686
2026-09-16 00:00:00,1.3916,1.39311,1.3909799999999999,1.39297,3251
2026-09-16 04:00:00,1.39297,1.39368,1.3927800000000001,1.3929,4762
2026-09-16 08:00:00,1.39289,1.39384,1.39211,1.39288,6493
2026-09-16 12:00:00,1.39288,1.3944,1.39238,1.39362,5915
2026-09-16 16:00:00,1.39363,1.39422,1.39293,1.39399,11114
2026-09-16 20:00:00,1.39399,1.39948,1.39252,1.39896,17714
2026-09-17 00:00:00,1.39874,1.39951,1.3986100000000001,1.39932,4312
2026-09-17 04:00:00,1.39932,1.39985,1.3988800000000001,1.39893,6818
2026-09-17 08:00:00,1.39893,1.39966,1.39813,1.39893,6848
2026-09-17 12:00:00,1.39892,1.4001700000000001,1.39816,1.3982700000000001,11031
2026-09-17 16:00:00,1.3982700000000001,1.39975,1.39738,1.3985699999999999,12701
2026-09-17 20:00:00,1.39855,1.39931,1.39852,1.39903,5739
2026-09-18 00:00:00,1.399,1.39938,1.39824,1.3988800000000001,3338
2026-09-18 04:00:00,1.3988800000000001,1.39907,1.3976199999999999,1.3982700000000001,6240
2026-09-18 08:00:00,1.3982700000000001,1.4003999999999999,1.39812,1.40005,7504
2026-09-18 12:00:00,1.40004,1.40145,1.39965,1.40054,8267
2026-09-18 16:00:00,1.40053,1.4014199999999999,1.39997,1.40007,14079
2026-09-18 20:00:00,1.40007,1.40007,1.39811,1.39833,7554
2026-09-21 00:00:00,1.39851,1.39962,1.3979,1.39961,4487
2026-09-21 04:00:00,1.39961,1.40067,1.39943,1.4005,6407
2026-09-21 08:00:00,1.4005,1.40233,1.40046,1.40143,8020
2026-09-21 12:00:00,1.40143,1.4022700000000001,1.39964,1.39965,8505
2026-09-21 16:00:00,1.39968,1.40321,1.39967,1.40313,10713
2026-09-21 20:00:00,1.40314,1.40391,1.4028,1.40346,4264
2026-09-22 00:00:00,1.4034,1.40341,1.4025400000000001,1.40312,3137
2026-09-22 04:00:00,1.40313,1.40436,1.40249,1.40252,6574
2026-09-22 08:00:00,1.40252,1.40499,1.40247,1.40394,9876
2026-09-22 12:00:00,1.40395,1.4048,1.40278,1.4048,12268
2026-09-22 16:00:00,1.4048,1.4079,1.40449,1.40708,12775
2026-09-22 20:00:00,1.40708,1.40841,1.40606,1.40648,7713
2026-09-23 00:00:00,1.40595,1.40701,1.4057,1.40674,3072
2026-09-23 04:00:00,1.40675,1.40857,1.40673,1.40834,6863
2026-09-23 08:00:00,1.40835,1.40919,1.4077899999999999,1.4081299999999999,8741
2026-09-23 12:00:00,1.4081299999999999,1.40945,1.4078,1.4084699999999999,10004
2026-09-23 16:00:00,1.4084699999999999,1.41063,1.40819,1.41043,17336
2026-09-23 20:00:00,1.41043,1.41096,1.40911,1.41038,9020
2026-09-24 00:00:00,1.41013,1.41125,1.40863,1.41077,3431
2026-09-24 04:00:00,1.41076,1.41136,1.41001,1.41041,6894
2026-09-24 08:00:00,1.41041,1.41099,1.4096899999999999,1.41059,9058
2026-09-24 12:00:00,1.41059,1.41243,1.41035,1.41226,9209
2026-09-24 16:00:00,1.41226,1.41497,1.41215,1.41344,14106
2026-09-24 20:00:00,1.41344,1.41467,1.41322,1.4138,9999
2026-09-25 00:00:00,1.4131,1.41476,1.41261,1.41452,3170
2026-09-25 04:00:00,1.41452,1.41498,1.41401,1.41492,4654
2026-09-25 08:00:00,1.41492,1.4154499999999999,1.41401,1.4149,8208
2026-09-25 12:00:00,1.4149,1.415,1.41333,1.41407,9793
2026-09-25 16:00:00,1.41406,1.4152,1.41343,1.41512,15811
2026-09-25 20:00:00,1.41512,1.41544,1.41403,1.41424,6185
2026-09-28 00:00:00,1.41375,1.41645,1.41311,1.41565,4342
2026-09-28 04:00:00,1.41565,1.41587,1.4148,1.41502,5596
2026-09-28 08:00:00,1.41503,1.41621,1.41491,1.41566,10059
2026-09-28 12:00:00,1.41567,1.41736,1.41544,1.41643,8365
2026-09-28 16:00:00,1.41643,1.41753,1.41556,1.41695,13381
2026-09-28 20:00:00,1.41696,1.41777,1.41608,1.41743,7431
2026-09-29 00:00:00,1.4174,1.41849,1.41654,1.41818,2975
2026-09-29 04:00:00,1.41818,1.41898,1.41733,1.41892,6720
2026-09-29 08:00:00,1.41892,1.41946,1.41811,1.41923,10007
2026-09-29 12:00:00,1.41922,1.42016,1.41757,1.41827,9666
2026-09-29 16:00:00,1.41827,1.42,1.41766,1.4197899999999999,12713
2026-09-29 20:00:00,1.4197899999999999,1.41992,1.41754,1.41897,9251
2026-09-30 00:00:00,1.41891,1.4194499999999999,1.4181300000000001,1.41926,2914
2026-09-30 04:00:00,1.41927,1.42001,1.41903,1.41987,7631
2026-09-30 08:00:00,1.41987,1.41988,1.4175200000000001,1.41788,9683
2026-09-30 12:00:00,1.4178899999999999,1.4189,1.41548,1.41758,10355
2026-09-30 16:00:00,1.41757,1.42219,1.41705,1.42158,15967
2026-09-30 20:00:00,1.42156,1.4236900000000001,1.42134,1.42322,7251
2026-10-01 00:00:00,1.42305,1.42382,1.42176,1.42368,3090
2026-10-01 04:00:00,1.42368,1.42483,1.42347,1.4248,6420
2026-10-01 08:00:00,1.4248,1.4250099999999999,1.4231500000000001,1.42474,10999
2026-10-01 12:00:00,1.42475,1.42587,1.42383,1.42444,11759
2026-10-01 16:00:00,1.42444,1.42627,1.4232,1.42495,20249
2026-10-01 20:00:00,1.42495,1.4252,1.42212,1.42219,11571
2026-10-02 00:00:00,1.422,1.42292,1.42163,1.4229,3436
2026-10-02 04:00:00,1.42291,1.42356,1.4211,1.42137,5812
2026-10-02 08:00:00,1.42137,1.42366,1.42093,1.4234,9645
2026-10-02 12:00:00,1.4233799999999999,1.42461,1.42036,1.4218600000000001,15528
2026-10-02 16:00:00,1.4218600000000001,1.42595,1.42168,1.42569,20411
2026-10-02 20:00:00,1.42569,1.42615,1.42476,1.4252500000000001,9251
