time,open,high,low,close,volume
2015-01-02,120.401,120.741,119.808,120.419,29601
2015-01-05,120.363,120.643,119.373,119.626,69509
2015-01-06,119.592,119.639,118.053,118.29,74449
2015-01-07,118.29,119.647,118.29,119.241,81499
2015-01-08,119.24,119.956,119.152,119.619,78444
2015-01-09,119.559,119.875,118.376,118.376,127639
2015-01-12,118.317,119.317,118.101,118.339,242241
2015-01-13,118.339,118.847,117.536,117.921,282649
2015-01-14,117.921,117.957,116.068,117.317,302038
2015-01-15,117.319,117.94,116.139,116.147,330141
2015-01-16,116.147,117.756,115.85,117.614,227005
2015-01-19,117.476,117.776,116.916,117.54,58274
2015-01-20,117.568,118.858,117.556,118.792,56341
2015-01-21,118.793,118.818,117.173,117.948,61288
2015-01-22,117.961,118.658,117.245,118.465,57786
2015-01-23,118.481,118.807,117.539,117.733,57981
2015-01-26,117.506,118.494,117.257,118.446,47259
2015-01-27,118.452,118.651,117.334,117.862,60004
2015-01-28,117.865,118.259,117.25,117.521,70361
2015-01-29,117.531,118.484,117.381,118.268,56016
2015-01-30,118.296,118.453,117.296,117.47,51983
2015-02-02,116.93,117.873,116.93,117.581,69637
2015-02-03,117.53,117.741,116.872,117.557,73829
2015-02-04,117.573,117.996,117.07,117.266,70108
2015-02-05,117.27,117.593,117.019,117.518,73039
2015-02-06,117.517,119.218,117.152,119.098,71495
2015-02-09,119.021,119.091,118.329,118.623,68747
2015-02-10,118.634,119.612,118.398,119.42,70378
2015-02-11,119.421,120.471,119.283,120.445,68687
2015-02-12,120.443,120.465,118.509,119.102,79269
2015-02-13,119.101,119.195,118.41,118.652,64922
2015-02-16,118.443,118.772,118.277,118.47,53838
2015-02-17,118.469,119.413,118.233,119.241,65930
2015-02-18,119.239,119.408,118.541,118.78,68652
2015-02-19,118.781,119.175,118.432,118.939,63728
2015-02-20,118.94,119.186,118.301,118.993,68226
2015-02-23,119.097,119.351,118.736,118.809,55689
2015-02-24,118.812,119.817,118.764,118.966,60863
2015-02-25,118.962,119.063,118.624,118.856,57624
2015-02-26,118.849,119.499,118.678,119.411,60093
2015-02-27,119.412,119.795,119.115,119.622,62144
2015-03-02,119.698,120.189,119.629,120.126,54384
2015-03-03,120.126,120.262,119.381,119.719,60058
2015-03-04,119.724,119.823,119.469,119.668,58382
2015-03-05,119.667,120.393,119.627,120.126,58980
2015-03-06,120.127,121.275,119.902,120.835,64189
2015-03-09,120.803,121.41,120.609,121.2,59867
2015-03-10,121.201,122.021,120.921,121.173,79950
2015-03-11,121.185,121.622,120.852,121.482,77275
2015-03-12,121.482,121.666,120.655,121.283,70532
2015-03-13,121.288,121.568,121.131,121.367,71800
2015-03-16,121.375,121.458,121.088,121.367,66841
2015-03-17,121.4,121.515,121.111,121.342,54347
2015-03-18,121.357,121.406,119.293,120.211,61890
2015-03-19,120.202,121.027,119.674,120.784,89680
2015-03-20,120.787,121.197,119.895,120.014,66641
2015-03-23,119.838,120.159,119.581,119.692,65839
2015-03-24,119.697,119.978,119.217,119.722,60668
2015-03-25,119.723,119.821,119.231,119.465,53775
2015-03-26,119.466,119.568,118.324,119.218,81618
2015-03-27,119.219,119.485,118.929,119.128,72636
2015-03-30,119.128,120.223,119.109,120.054,64538
2015-03-31,120.056,120.36,119.773,120.113,58680
2015-04-01,120.092,120.324,119.41,119.753,66268
2015-04-02,119.747,119.89,119.448,119.71,53043
2015-04-03,119.718,119.942,118.716,118.939,34564
2015-04-06,118.939,119.676,118.797,119.526,35726
2015-04-07,119.523,120.444,119.435,120.257,53086
2015-04-08,120.265,120.344,119.639,120.124,64876
2015-04-09,120.126,120.736,119.856,120.569,57723
2015-04-10,120.565,120.621,120.052,120.184,56370
2015-04-13,120.184,120.841,119.692,120.12,55857
2015-04-14,120.133,120.169,119.068,119.386,65771
2015-04-15,119.382,119.741,118.786,119.164,62590
2015-04-16,119.164,119.464,118.791,118.938,75045
2015-04-17,118.938,119.255,118.566,118.931,68037
2015-04-20,118.931,119.432,118.526,119.198,54551
2015-04-21,119.198,119.827,119.161,119.63,70734
2015-04-22,119.63,119.957,119.339,119.858,77478
2015-04-23,119.858,120.089,119.421,119.58,85166
2015-04-24,119.58,119.654,118.822,118.992,83454
2015-04-27,118.877,119.429,118.771,119.033,62471
2015-04-28,119.023,119.193,118.77,118.889,69245
2015-04-29,118.85,119.357,118.604,119.029,79519
2015-04-30,119.028,119.89,118.492,119.395,102970
2015-05-01,119.386,120.287,119.371,120.114,66050
2015-05-04,120.232,120.27,119.992,120.136,38131
2015-05-05,120.098,120.501,119.723,119.864,25526
2015-05-06,119.826,120.046,119.212,119.431,32789
2015-05-07,119.426,119.856,119.057,119.729,17099
2015-05-08,119.728,120.229,119.587,119.729,21010
2015-05-11,119.674,120.148,119.674,120.071,32023
2015-05-12,120.07,120.271,119.785,119.856,73480
2015-05-13,119.854,120.015,119.033,119.137,64173
2015-05-14,119.137,119.334,118.886,119.157,77997
2015-05-15,119.137,119.92,119.137,119.379,60115
2015-05-18,119.269,120.028,119.252,119.973,36917
2015-05-19,119.966,120.73,119.825,120.685,78619
2015-05-20,120.675,121.466,120.575,121.32,89207
2015-05-21,121.306,121.372,120.84,121.02,83377
2015-05-22,121.031,121.565,120.634,121.543,76254
2015-05-25,121.485,121.769,121.439,121.548,45357
2015-05-26,121.553,123.315,121.495,123.081,92785
2015-05-27,123.058,124.062,122.77,123.641,94204
2015-05-28,123.616,124.448,123.487,123.946,100086
2015-05-29,123.937,124.176,123.6,124.112,90015
2015-06-01,124.096,124.909,123.852,124.763,91070
2015-06-02,124.761,125.046,123.747,124.1,159437
2015-06-03,124.083,124.678,123.784,124.24,81313
2015-06-04,124.242,124.679,123.777,124.348,53888
2015-06-05,124.348,125.853,124.336,125.57,124309
2015-06-08,125.586,125.675,124.291,124.471,117844
2015-06-09,124.475,124.734,123.858,124.33,127375
2015-06-10,124.322,124.617,122.456,122.651,163683
2015-06-11,122.618,124.116,122.617,123.406,128916
2015-06-12,123.405,123.813,123.127,123.417,144502
2015-06-15,123.163,123.657,123.141,123.403,82930
2015-06-16,123.394,123.798,123.287,123.351,85175
2015-06-17,123.348,124.435,123.207,123.416,108965
2015-06-18,123.414,123.608,122.471,122.948,126222
2015-06-19,122.944,123.213,122.555,122.674,95503
2015-06-22,122.927,123.415,122.556,123.349,96238
2015-06-23,123.346,124.18,123.337,123.934,96856
2015-06-24,123.929,124.372,123.712,123.831,105195
2015-06-25,123.835,123.952,123.315,123.617,96345
2015-06-26,123.618,123.984,123.22,123.837,92636
2015-06-29,122.741,123.187,122.099,122.525,157416
2015-06-30,122.53,122.72,121.935,122.487,130682
2015-07-01,122.483,123.232,122.352,123.163,105112
2015-07-02,123.154,123.719,122.952,123.044,107165
2015-07-03,123.049,123.179,122.597,122.87,80623
2015-07-06,121.985,122.926,121.841,122.561,144764
2015-07-07,122.56,122.88,122.002,122.521,144701
2015-07-08,122.517,122.561,120.408,120.695,189780
2015-07-09,120.695,121.573,120.456,121.323,150174
2015-07-10,121.321,122.876,121.272,122.751,142987
2015-07-13,122.305,123.53,122.305,123.414,126331
2015-07-14,123.416,123.728,122.912,123.381,107618
2015-07-15,123.38,123.966,123.256,123.751,114377
2015-07-16,123.749,124.173,123.718,124.14,111574
2015-07-17,124.141,124.227,123.911,124.047,86621
2015-07-20,124.029,124.37,124.023,124.275,48911
2015-07-21,124.268,124.471,123.757,123.86,111358
2015-07-22,123.847,124.145,123.566,123.94,103851
2015-07-23,123.947,124.184,123.671,123.885,131496
2015-07-24,123.851,124.092,123.593,123.821,116881
2015-07-27,123.753,123.833,123.006,123.235,131486
2015-07-28,123.233,123.79,123.072,123.543,131434
2015-07-29,123.548,124.022,123.328,123.935,132138
2015-07-30,123.902,124.577,123.865,124.134,130563
2015-07-31,124.119,124.371,123.516,123.85,145026
2015-08-03,123.866,124.267,123.852,124.026,121611
2015-08-04,124.017,124.398,123.797,124.371,134861
2015-08-05,124.372,125.009,124.014,124.842,134314
2015-08-06,124.836,124.959,124.538,124.722,120016
2015-08-07,124.708,125.064,124.1,124.203,102148
2015-08-10,124.145,124.779,124.145,124.601,71168
2015-08-11,124.607,125.203,124.516,125.035,109222
2015-08-12,125.096,125.276,123.788,124.124,125095
2015-08-13,124.184,124.624,124.064,124.378,94031
2015-08-14,124.396,124.53,124.052,124.313,90929
2015-08-17,124.213,124.571,124.17,124.356,97686
2015-08-18,124.356,124.511,124.177,124.37,108938
2015-08-19,124.372,124.466,123.685,123.69,135892
2015-08-20,123.758,124.153,123.326,123.375,142105
2015-08-21,123.38,123.493,121.811,122.049,184992
2015-08-24,121.863,122.021,116.131,118.345,270643
2015-08-25,118.364,120.393,118.246,118.843,271247
2015-08-26,118.828,120.01,118.446,119.827,250078
2015-08-27,119.868,121.394,119.788,120.992,209596
2015-08-28,120.992,121.741,120.648,121.712,170291
2015-08-31,121.635,121.635,120.878,121.215,126268
2015-09-01,121.191,121.262,119.249,119.359,205599
2015-09-02,119.329,120.462,119.215,120.32,183059
2015-09-03,120.318,120.694,119.637,120.046,162052
2015-09-04,120.057,120.183,118.591,119.017,182046
2015-09-07,118.892,119.585,118.795,119.26,124514
2015-09-08,119.229,120.223,118.849,119.798,167014
2015-09-09,119.774,121.193,119.769,120.515,203085
2015-09-10,120.448,121.326,119.973,120.603,208745
2015-09-11,120.587,120.964,120.358,120.568,156580
2015-09-14,120.49,120.839,119.849,120.191,151059
2015-09-15,120.213,120.649,119.396,120.405,162220
2015-09-16,120.405,120.724,120.104,120.555,156557
2015-09-17,120.551,120.989,119.789,119.996,158224
2015-09-18,119.986,120.408,119.051,119.962,186132
2015-09-21,120.114,120.655,119.722,120.551,149420
2015-09-22,120.537,120.605,119.691,120.144,159462
2015-09-23,120.132,120.54,119.622,120.262,168974
2015-09-24,120.248,120.387,119.222,120.041,200578
2015-09-25,120.106,121.23,120.02,120.577,201896
2015-09-28,120.496,120.588,119.693,119.913,178947
2015-09-29,119.911,120.157,119.246,119.725,198697
2015-09-30,119.727,120.346,119.545,119.872,172479
2015-10-01,119.871,120.272,119.489,119.911,173372
2015-10-02,119.912,120.401,118.676,119.903,184779
2015-10-05,119.985,120.547,119.865,120.451,164192
2015-10-06,120.453,120.564,120.104,120.22,145185
2015-10-07,120.202,120.358,119.744,120.001,156057
2015-10-08,119.996,120.105,119.621,119.924,143342
2015-10-09,119.91,120.344,119.833,120.211,127204
2015-10-12,120.163,120.26,119.89,120.024,72373
2015-10-13,120.019,120.076,119.549,119.725,106859
2015-10-14,119.722,119.796,118.628,118.826,135815
2015-10-15,118.821,119.165,118.058,118.89,147647
2015-10-16,118.873,119.659,118.826,119.459,124771
2015-10-19,119.377,119.608,119.135,119.495,123572
2015-10-20,119.482,119.959,119.396,119.842,114240
2015-10-21,119.825,120.089,119.753,119.923,121719
2015-10-22,119.913,120.768,119.61,120.685,143143
2015-10-23,120.677,121.481,120.223,121.439,159190
2015-10-26,121.468,121.485,120.595,120.986,130433
2015-10-27,120.986,121.072,120.159,120.383,134374
2015-10-28,120.383,121.257,120.019,121.101,132038
2015-10-29,121.101,121.181,120.584,121.05,127545
2015-10-30,121.051,121.483,120.275,120.603,144905
2015-11-02,120.385,120.807,120.252,120.748,98848
2015-11-03,120.748,121.227,120.594,121.059,103581
2015-11-04,121.054,121.715,120.997,121.541,138603
2015-11-05,121.549,122.0,121.383,121.738,138492
2015-11-06,121.74,123.264,121.629,123.218,134946
2015-11-09,123.256,123.601,122.973,123.178,127563
2015-11-10,123.159,123.433,123.024,123.157,125695
2015-11-11,123.128,123.219,122.734,122.853,100686
2015-11-12,122.828,123.068,122.549,122.586,131215
2015-11-13,122.58,122.986,122.435,122.606,128710
2015-11-16,122.238,123.275,122.221,123.164,133196
2015-11-17,123.164,123.484,123.164,123.436,127295
2015-11-18,123.427,123.751,123.217,123.619,113707
2015-11-19,123.624,123.629,122.618,122.863,132568
2015-11-20,122.846,123.048,122.72,122.783,112395
2015-11-23,122.821,123.255,122.778,122.819,103189
2015-11-24,122.814,122.958,122.304,122.527,122742
2015-11-25,122.545,122.931,122.254,122.709,125275
2015-11-26,122.646,122.733,122.498,122.591,85954
2015-11-27,122.577,122.876,122.302,122.709,90134
2015-11-30,122.81,123.338,122.683,123.1,100324
2015-12-01,123.1,123.271,122.637,122.871,112596
2015-12-02,122.824,123.667,122.798,123.235,106833
2015-12-03,123.236,123.557,122.294,122.598,151730
2015-12-04,122.553,123.37,122.472,123.099,147685
2015-12-07,123.208,123.473,123.148,123.366,106336
2015-12-08,123.357,123.39,122.718,122.927,117293
2015-12-09,122.915,123.042,121.071,121.438,149044
2015-12-10,121.427,121.863,121.242,121.583,134628
2015-12-11,121.563,122.226,120.576,120.959,151429
2015-12-14,121.102,121.349,120.339,120.999,170252
2015-12-15,121.018,121.789,120.572,121.677,143297
2015-12-16,121.654,122.429,121.377,122.194,154732
2015-12-17,122.185,122.872,122.184,122.547,137112
2015-12-18,122.538,123.559,121.053,121.126,172485
2015-12-21,121.212,121.5,120.835,121.166,124834
2015-12-22,121.167,121.305,120.72,121.061,108886
2015-12-23,121.047,121.132,120.809,120.905,79784
2015-12-24,120.912,120.99,120.247,120.32,64756
2015-12-28,120.103,120.626,120.103,120.379,74163
2015-12-29,120.385,120.504,120.232,120.446,76822
2015-12-30,120.43,120.65,120.348,120.508,69347
2015-12-31,120.503,120.575,119.999,120.207,58123
2016-01-04,120.196,120.462,118.699,119.447,161507
2016-01-05,119.429,119.698,118.79,119.043,151923
2016-01-06,119.039,119.166,118.247,118.457,175512
2016-01-07,118.454,118.753,117.325,117.654,198110
2016-01-08,117.645,118.838,117.223,117.229,195657
2016-01-11,117.097,118.022,116.691,117.748,176032
2016-01-12,117.735,118.068,117.223,117.638,188770
2016-01-13,117.614,118.376,117.614,117.66,170502
2016-01-14,117.658,118.275,117.288,118.041,192688
2016-01-15,118.044,118.267,116.505,116.997,198409
2016-01-18,116.65,117.435,116.65,117.323,148400
2016-01-19,117.299,118.109,117.229,117.613,181873
2016-01-20,117.609,117.681,115.97,116.92,220440
2016-01-21,116.918,117.804,116.467,117.693,239592
2016-01-22,117.678,118.876,117.534,118.769,181499
2016-01-25,118.637,118.852,118.167,118.285,172769
2016-01-26,118.293,118.618,117.651,118.406,167646
2016-01-27,118.403,119.067,118.039,118.666,190884
2016-01-28,118.643,118.987,118.411,118.798,183089
2016-01-29,118.799,121.686,118.395,121.119,223570
2016-02-01,121.314,121.482,120.675,120.961,160161
2016-02-02,120.952,121.032,119.833,119.949,171709
2016-02-03,119.931,120.04,117.049,117.88,229730
2016-02-04,117.875,118.234,116.524,116.76,233454
2016-02-05,116.767,117.428,116.29,116.819,197340
2016-02-08,116.783,117.52,115.17,115.835,209637
2016-02-09,115.832,115.843,114.204,115.126,256045
2016-02-10,115.107,115.255,113.115,113.317,264772
2016-02-11,113.315,113.593,110.979,112.405,269972
2016-02-12,112.402,113.536,111.657,113.209,240662
2016-02-15,113.357,114.727,113.267,114.558,170963
2016-02-16,114.568,114.871,113.591,114.032,195037
2016-02-17,114.065,114.5,113.37,114.066,189468
2016-02-18,114.062,114.317,113.139,113.216,178616
2016-02-19,113.246,113.375,112.301,112.531,177750
2016-02-22,112.572,113.383,112.422,112.905,143233
2016-02-23,112.803,113.05,111.768,112.093,175359
2016-02-24,112.075,112.262,111.039,112.169,185691
2016-02-25,112.152,113.02,111.893,112.981,190488
2016-02-26,112.962,113.988,112.558,113.984,172956
2016-02-29,113.947,113.979,112.649,112.669,182674
2016-03-01,112.666,114.18,112.153,113.974,168730
2016-03-02,113.977,114.55,113.212,113.476,175751
2016-03-03,113.47,114.264,113.293,113.667,162182
2016-03-04,113.665,114.254,113.116,113.769,166988
2016-03-07,113.922,113.925,113.221,113.43,141104
2016-03-08,113.408,113.517,112.419,112.611,156711
2016-03-09,112.612,113.449,112.223,113.315,144713
2016-03-10,113.314,114.443,112.603,113.211,174292
2016-03-11,113.168,113.913,112.749,113.795,136661
2016-03-14,113.912,114.002,113.503,113.789,114199
2016-03-15,113.794,114.143,112.627,113.188,143875
2016-03-16,113.19,113.814,112.328,112.663,139275
2016-03-17,112.662,112.952,110.664,111.418,171384
2016-03-18,111.419,111.753,110.817,111.52,114967
2016-03-21,111.524,111.973,111.215,111.959,109529
2016-03-22,111.954,112.485,111.377,112.379,143380
2016-03-23,112.379,112.901,112.137,112.387,108766
2016-03-24,112.382,113.002,112.29,112.821,106296
2016-03-25,112.819,113.319,112.747,113.048,51914
2016-03-28,113.156,113.684,113.113,113.435,71513
2016-03-29,113.428,113.799,112.607,112.673,136593
2016-03-30,112.659,112.802,112.012,112.434,140263
2016-03-31,112.413,112.657,112.105,112.571,131210
2016-04-01,112.549,112.58,111.583,111.61,149407
2016-04-04,111.585,111.792,111.093,111.314,127396
2016-04-05,111.298,111.352,109.948,110.322,165500
2016-04-06,110.3,110.639,109.335,109.778,148408
2016-04-07,109.771,109.901,107.665,108.177,186074
2016-04-08,108.175,109.094,107.99,108.022,157999
2016-04-11,107.965,108.437,107.625,107.941,155589
2016-04-12,107.918,108.782,107.866,108.522,141243
2016-04-13,108.526,109.401,108.502,109.325,134727
2016-04-14,109.323,109.542,108.891,109.4,126618
2016-04-15,109.351,109.729,108.596,108.728,109683
2016-04-18,108.199,108.985,107.832,108.803,133117
2016-04-19,108.793,109.482,108.746,109.184,126991
2016-04-20,109.183,109.875,108.758,109.818,128908
2016-04-21,109.818,109.894,109.319,109.453,136649
2016-04-22,109.442,111.802,109.256,111.748,151736
2016-04-25,111.853,111.86,110.837,111.193,131374
2016-04-26,111.188,111.472,110.666,111.298,129171
2016-04-27,111.296,111.751,111.024,111.428,124656
2016-04-28,111.408,111.88,107.86,108.087,170506
2016-04-29,108.078,108.196,106.274,106.334,152032
2016-05-02,106.223,106.815,106.136,106.392,144833
2016-05-03,106.411,106.674,105.545,106.598,140140
2016-05-04,106.585,107.453,106.243,106.982,148301
2016-05-05,106.972,107.495,106.799,107.249,111778
2016-05-06,107.238,107.416,106.43,107.074,142616
2016-05-09,107.07,108.601,107.068,108.318,123567
2016-05-10,108.309,109.346,108.27,109.256,129362
2016-05-11,109.244,109.369,108.364,108.394,120230
2016-05-12,108.391,109.391,108.222,108.993,140713
2016-05-13,108.979,109.55,108.509,108.607,141520
2016-05-16,108.605,109.092,108.46,109.019,102098
2016-05-17,109.004,109.649,108.837,109.122,128417
2016-05-18,109.102,110.252,108.718,110.19,149119
2016-05-19,110.175,110.38,109.694,109.947,135435
2016-05-20,109.948,110.584,109.846,110.102,109215
2016-05-23,110.103,110.238,109.106,109.22,118655
2016-05-24,109.23,110.127,109.166,109.98,114094
2016-05-25,109.981,110.443,109.86,110.196,114760
2016-05-26,110.136,110.226,109.414,109.762,124642
2016-05-27,109.752,110.443,109.469,110.242,112419
2016-05-30,110.419,111.445,110.31,111.12,94729
2016-05-31,111.111,111.345,110.497,110.707,132484
2016-06-01,110.707,110.827,109.047,109.531,156131
2016-06-02,109.523,109.58,108.52,108.866,154631
2016-06-03,108.855,109.132,106.505,106.532,177815
2016-06-06,106.543,107.651,106.363,107.546,163472
2016-06-07,107.528,107.898,107.15,107.334,143190
2016-06-08,107.35,107.383,106.587,106.982,142007
2016-06-09,106.977,107.172,106.249,107.075,146968
2016-06-10,107.073,107.258,106.55,106.912,148771
2016-06-13,106.793,106.852,105.733,106.242,183543
2016-06-14,106.208,106.417,105.623,106.095,188138
2016-06-15,106.095,106.392,105.436,105.999,165851
2016-06-16,105.99,106.023,103.547,104.244,220743
2016-06-17,104.237,104.824,104.042,104.042,174518
2016-06-20,104.099,104.839,103.783,103.919,157320
2016-06-21,103.888,105.053,103.575,104.748,154531
2016-06-22,104.726,104.847,104.311,104.376,142471
2016-06-23,104.378,106.149,104.021,106.12,162303
2016-06-24,106.123,106.805,98.935,102.195,238567
2016-06-27,101.495,102.467,101.395,101.991,219724
2016-06-28,101.951,102.836,101.553,102.735,174213
2016-06-29,102.723,102.931,102.167,102.819,155026
2016-06-30,102.764,103.289,102.351,103.176,173866
2016-07-01,103.19,103.391,102.438,102.529,144658
2016-07-04,102.617,102.801,102.415,102.521,105189
2016-07-05,102.512,102.585,101.446,101.737,144066
2016-07-06,101.685,101.761,100.194,101.295,185099
2016-07-07,101.295,101.395,100.593,100.745,148657
2016-07-08,100.772,101.273,99.988,100.401,142025
2016-07-11,100.602,102.89,100.511,102.781,137736
2016-07-12,102.768,104.98,102.445,104.659,192866
2016-07-13,104.66,104.873,103.906,104.492,189606
2016-07-14,104.437,105.932,103.973,105.332,201549
2016-07-15,105.337,106.311,104.624,104.808,193305
2016-07-18,105.336,106.26,105.268,106.145,135846
2016-07-19,106.141,106.528,105.642,106.097,147027
2016-07-20,106.118,107.016,105.825,106.871,134822
2016-07-21,106.868,107.488,105.419,105.805,185929
2016-07-22,105.798,106.396,105.562,106.025,151631
2016-07-25,106.106,106.719,105.736,105.801,127452
2016-07-26,105.786,105.886,103.988,104.621,153220
2016-07-27,104.613,106.535,104.555,105.385,169641
2016-07-28,105.386,105.499,104.479,105.253,143662
2016-07-29,105.233,105.645,101.968,102.04,213545
2016-08-01,102.212,102.679,102.004,102.393,131193
2016-08-02,102.39,102.828,100.675,100.879,144063
2016-08-03,100.855,101.567,100.744,101.231,130516
2016-08-04,101.229,101.662,100.856,101.207,127747
2016-08-05,101.205,102.058,100.867,101.8,122283
2016-08-08,101.928,102.651,101.852,102.447,103574
2016-08-09,102.432,102.525,101.785,101.858,103414
2016-08-10,101.849,101.953,100.961,101.266,122310
2016-08-11,101.262,102.05,101.007,101.935,101432
2016-08-12,101.92,102.267,100.829,101.283,121154
2016-08-15,101.113,101.45,100.865,101.247,102534
2016-08-16,101.252,101.287,99.536,100.295,143096
2016-08-17,100.284,101.159,100.031,100.259,135051
2016-08-18,100.26,100.497,99.64,99.871,137934
2016-08-19,99.875,100.454,99.868,100.217,116783
2016-08-22,100.681,100.928,100.208,100.32,122433
2016-08-23,100.315,100.385,99.937,100.23,115775
2016-08-24,100.228,100.605,100.092,100.438,110016
2016-08-25,100.438,100.612,100.297,100.51,96531
2016-08-26,100.49,101.939,100.059,101.739,134699
2016-08-29,102.07,102.387,101.827,101.908,112199
2016-08-30,101.901,103.131,101.744,102.959,117496
2016-08-31,102.937,103.528,102.854,103.414,121464
2016-09-01,103.41,103.994,103.057,103.219,129648
2016-09-02,103.189,104.316,102.794,103.746,146469
2016-09-05,104.065,104.132,103.141,103.401,104390
2016-09-06,103.4,103.804,101.928,102.012,142212
2016-09-07,102.001,102.124,101.193,101.72,137530
2016-09-08,101.723,102.592,101.409,102.497,141915
2016-09-09,102.479,103.051,101.961,102.562,145170
2016-09-12,102.55,102.663,101.558,101.824,147215
2016-09-13,101.833,102.744,101.417,102.543,150158
2016-09-14,102.55,103.353,102.245,102.423,139513
2016-09-15,102.38,102.752,101.922,102.076,142081
2016-09-16,102.061,102.457,101.735,102.232,125491
2016-09-19,102.112,102.411,101.574,101.917,106643
2016-09-20,101.922,102.06,101.531,101.714,110933
2016-09-21,101.691,102.78,100.294,100.319,186418
2016-09-22,100.306,100.928,100.094,100.745,122400
2016-09-23,100.736,101.238,100.67,100.865,133007
2016-09-26,100.924,101.07,100.244,100.318,105789
2016-09-27,100.298,100.983,100.081,100.413,146078
2016-09-28,100.403,100.813,100.256,100.67,126545
2016-09-29,100.664,101.835,100.644,101.008,154917
2016-09-30,100.998,101.777,100.741,101.322,161563
2016-10-03,101.208,101.668,101.125,101.632,110437
2016-10-04,101.632,102.962,101.566,102.905,155475
2016-10-05,102.882,103.665,102.664,103.488,135144
2016-10-06,103.484,104.157,103.344,103.941,127970
2016-10-07,103.923,104.019,102.853,102.876,159365
2016-10-10,103.23,103.784,102.805,103.607,107265
2016-10-11,103.58,104.067,103.168,103.52,144016
2016-10-12,103.49,104.477,103.273,104.189,136036
2016-10-13,104.203,104.63,103.329,103.67,127107
2016-10-14,103.69,104.475,103.603,104.046,142839
2016-10-17,104.315,104.366,103.784,103.878,115332
2016-10-18,103.884,104.196,103.677,103.862,107162
2016-10-19,103.854,103.944,103.161,103.439,105128
2016-10-20,103.42,104.1,103.339,103.936,113010
2016-10-21,103.928,104.202,103.517,103.689,106023
2016-10-24,103.816,104.317,103.717,104.17,99689
2016-10-25,104.16,104.87,104.108,104.21,119574
2016-10-26,104.208,104.614,104.016,104.461,107337
2016-10-27,104.455,105.345,104.293,105.276,128808
2016-10-28,105.27,105.528,104.461,104.725,149305
2016-10-31,104.563,105.229,104.52,104.761,113487
2016-11-01,104.76,105.114,103.794,104.063,147053
2016-11-02,104.062,104.162,103.015,103.33,165978
2016-11-03,103.331,103.437,102.544,102.961,156818
2016-11-04,102.96,103.35,102.825,103.093,153352
2016-11-07,103.963,104.627,103.759,104.461,141313
2016-11-08,104.465,105.187,104.292,105.157,139617
2016-11-09,105.13,105.884,101.186,105.664,341483
2016-11-10,105.647,106.942,104.954,106.788,249106
2016-11-11,106.784,106.929,106.026,106.62,198911
2016-11-14,106.842,108.539,106.728,108.405,201923
2016-11-15,108.397,109.333,107.765,109.169,192889
2016-11-16,109.165,109.752,108.788,109.054,183933
2016-11-17,109.058,110.172,108.548,110.095,198798
2016-11-18,110.114,110.948,109.796,110.867,198099
2016-11-21,112.004,112.004,110.45,110.791,195534
2016-11-22,110.741,111.35,110.264,111.119,191564
2016-11-23,111.134,112.969,110.848,112.476,162373
2016-11-24,112.478,113.529,112.366,113.292,147448
2016-11-25,113.271,113.895,112.548,113.213,188735
2016-11-28,112.796,112.968,111.353,111.924,193606
2016-11-29,111.916,113.336,111.614,112.385,181469
2016-11-30,112.371,114.534,112.051,114.444,207939
2016-12-01,114.406,114.821,113.826,114.055,188122
2016-12-02,114.064,114.2,113.324,113.439,160155
2016-12-05,113.195,114.769,112.859,113.85,177797
2016-12-06,113.817,114.182,113.497,113.999,128790
2016-12-07,113.977,114.398,113.409,113.743,122098
2016-12-08,113.738,114.37,113.12,114.026,159918
2016-12-09,113.999,115.363,113.978,115.219,137089
2016-12-12,115.375,116.118,114.847,115.012,156871
2016-12-13,115.009,115.473,114.731,115.175,143622
2016-12-14,115.163,117.387,114.766,117.024,156627
2016-12-15,117.014,118.659,117.004,118.159,218692
2016-12-16,118.182,118.423,117.467,117.776,172466
2016-12-19,117.936,117.956,116.543,117.074,155821
2016-12-20,117.096,118.238,116.983,117.835,158510
2016-12-21,117.826,118.065,117.103,117.534,137160
2016-12-22,117.526,117.872,117.263,117.504,118979
2016-12-23,117.506,117.604,117.166,117.198,89301
2016-12-26,117.034,117.216,116.862,117.061,18033
2016-12-27,117.05,117.613,117.015,117.411,95885
2016-12-28,117.385,117.809,117.051,117.242,108826
2016-12-29,117.157,117.242,116.227,116.539,152684
2016-12-30,116.508,117.192,116.037,116.814,181324
2017-01-02,116.78,117.651,116.634,117.478,43827
2017-01-03,117.461,118.602,117.21,117.731,173432
2017-01-04,117.72,118.182,117.047,117.214,172525
2017-01-05,117.215,117.425,115.213,115.339,222906
2017-01-06,115.328,117.175,115.065,116.942,190299
2017-01-09,116.993,117.528,115.949,116.005,157851
2017-01-10,115.999,116.34,115.192,115.759,188619
2017-01-11,115.743,116.87,114.239,115.399,218378
2017-01-12,115.401,115.502,113.75,114.703,229931
2017-01-13,114.674,115.44,114.154,114.338,184292
2017-01-16,114.221,114.462,113.617,114.174,131932
2017-01-17,114.174,114.279,112.591,112.609,217208
2017-01-18,112.611,114.754,112.566,114.631,183822
2017-01-19,114.63,115.616,114.397,114.842,210633
2017-01-20,114.838,115.382,114.206,114.464,210636
2017-01-23,114.313,114.414,112.68,112.686,212531
2017-01-24,112.679,113.891,112.519,113.789,194258
2017-01-25,113.747,113.985,113.033,113.258,187262
2017-01-26,113.233,114.853,113.044,114.505,187443
2017-01-27,114.508,115.372,114.386,115.028,169915
2017-01-30,114.761,114.946,113.442,113.75,177602
2017-01-31,113.733,113.961,112.076,112.784,212783
2017-02-01,112.771,113.948,112.636,113.224,189274
2017-02-02,113.23,113.36,112.048,112.783,186472
2017-02-03,112.782,113.47,112.311,112.443,170913
2017-02-06,112.384,112.772,111.618,111.726,166664
2017-02-07,111.708,112.573,111.588,112.375,162301
2017-02-08,112.354,112.54,111.627,111.924,163598
2017-02-09,111.921,113.342,111.731,113.247,147751
2017-02-10,113.236,113.854,112.853,113.065,157944
2017-02-13,113.513,114.164,113.435,113.724,139124
2017-02-14,113.721,114.495,113.245,114.238,159385
2017-02-15,114.218,114.953,113.859,114.14,147762
2017-02-16,114.144,114.305,113.081,113.214,152739
2017-02-17,113.24,113.497,112.614,112.697,143385
2017-02-20,112.886,113.234,112.786,113.068,104552
2017-02-21,113.077,113.773,113.011,113.669,133019
2017-02-22,113.654,113.726,112.904,113.315,152617
2017-02-23,113.302,113.451,112.547,112.601,137760
2017-02-24,112.569,112.952,111.931,112.006,135048
2017-02-27,112.12,112.837,111.913,112.683,137377
2017-02-28,112.678,112.895,111.685,112.752,148990
2017-03-01,112.733,114.044,112.714,113.712,178852
2017-03-02,113.696,114.588,113.678,114.409,139181
2017-03-03,114.406,114.745,113.807,113.886,152282
2017-03-06,113.879,114.132,113.555,113.881,122691
2017-03-07,113.848,114.152,113.726,113.968,114234
2017-03-08,113.935,114.755,113.604,114.317,142339
2017-03-09,114.312,114.997,114.297,114.932,166349
2017-03-10,114.933,115.5,114.65,114.717,168182
2017-03-13,114.764,114.915,114.478,114.843,137403
2017-03-14,114.844,115.191,114.515,114.73,130401
2017-03-15,114.729,114.881,113.169,113.457,145221
2017-03-16,113.459,113.544,112.9,113.294,159023
2017-03-17,113.294,113.488,112.56,112.702,122753
2017-03-20,112.639,112.894,112.453,112.495,102515
2017-03-21,112.498,112.865,111.54,111.776,163067
2017-03-22,111.775,111.788,110.728,111.26,185569
2017-03-23,111.26,111.576,110.625,110.973,177580
2017-03-24,110.971,111.478,110.623,111.217,163056
2017-03-27,110.919,111.043,110.106,110.652,160264
2017-03-28,110.633,111.198,110.174,111.129,143425
2017-03-29,111.133,111.313,110.712,111.032,142946
2017-03-30,111.006,111.942,110.938,111.899,144205
2017-03-31,111.89,112.193,111.239,111.264,145476
2017-04-03,111.355,111.584,110.852,110.884,131218
2017-04-04,110.88,110.928,110.265,110.724,148430
2017-04-05,110.709,111.451,110.534,110.693,149930
2017-04-06,110.682,111.138,110.286,110.794,150550
2017-04-07,110.779,111.362,110.126,110.971,181929
2017-04-10,111.057,111.579,110.807,110.929,195510
2017-04-11,110.936,110.936,109.603,109.61,238096
2017-04-12,109.601,109.869,108.96,108.994,261874
2017-04-13,109.03,109.393,108.725,109.093,246295
2017-04-14,109.09,109.224,108.546,108.605,93675
2017-04-17,108.699,109.054,108.132,108.905,158871
2017-04-18,108.9,109.222,108.322,108.442,232249
2017-04-19,108.41,109.183,108.38,108.855,204594
2017-04-20,108.861,109.489,108.72,109.313,198624
2017-04-21,109.309,109.424,108.881,108.993,181529
2017-04-24,110.589,110.593,109.659,109.76,241537
2017-04-25,109.757,111.19,109.594,111.094,190525
2017-04-26,111.074,111.78,110.872,111.054,260720
2017-04-27,111.056,111.603,111.023,111.256,211926
2017-04-28,111.256,111.72,111.071,111.509,187184
2017-05-01,111.268,111.929,111.206,111.831,110295
2017-05-02,111.819,112.307,111.781,112.0,136604
2017-05-03,111.986,112.777,111.964,112.762,138200
2017-05-04,112.738,113.049,112.319,112.466,162167
2017-05-05,112.457,112.808,112.089,112.62,165937
2017-05-08,112.934,113.294,112.396,113.251,160364
2017-05-09,113.249,114.329,113.133,114.001,162426
2017-05-10,113.971,114.37,113.629,114.288,294181
2017-05-11,114.265,114.368,113.457,113.864,318930
2017-05-12,113.852,113.952,113.198,113.347,316667
2017-05-15,113.154,113.855,113.143,113.791,275276
2017-05-16,113.778,113.785,112.93,113.112,314549
2017-05-17,113.108,113.13,110.791,110.808,510200
2017-05-18,110.833,111.74,110.236,111.487,641172
2017-05-19,111.471,111.699,111.039,111.279,425953
2017-05-22,111.019,111.607,110.932,111.299,309063
2017-05-23,111.288,111.86,110.862,111.788,410096
2017-05-24,111.778,112.13,111.479,111.488,368931
2017-05-25,111.478,111.952,111.472,111.835,319564
2017-05-26,111.821,111.855,110.879,111.322,332689
2017-05-29,111.177,111.469,111.162,111.259,194851
2017-05-30,111.246,111.306,110.665,110.839,318177
2017-05-31,110.829,111.227,110.482,110.76,346482
2017-06-01,110.77,111.482,110.682,111.366,320247
2017-06-02,111.338,111.711,110.331,110.422,349104
2017-06-05,110.347,110.732,110.31,110.476,244845
2017-06-06,110.438,110.526,109.227,109.402,391678
2017-06-07,109.412,109.883,109.116,109.822,360408
2017-06-08,109.805,110.386,109.382,110.04,397025
2017-06-09,109.972,110.813,109.765,110.328,442992
2017-06-12,110.313,110.442,109.632,109.943,322032
2017-06-13,109.93,110.272,109.774,110.066,267181
2017-06-14,110.065,110.343,108.806,109.579,395878
2017-06-15,109.567,110.98,109.269,110.945,377182
2017-06-16,110.917,111.418,110.645,110.862,367071
2017-06-19,110.879,111.6,110.729,111.528,307176
2017-06-20,111.522,111.787,111.308,111.447,343763
2017-06-21,111.455,111.74,111.07,111.375,349500
2017-06-22,111.379,111.447,110.95,111.316,352954
2017-06-23,111.329,111.432,111.153,111.288,284648
2017-06-26,111.173,111.946,111.122,111.863,295478
2017-06-27,111.82,112.467,111.462,112.352,419072
2017-06-28,112.314,112.416,111.831,112.328,460917
2017-06-29,112.279,112.926,111.812,112.168,484610
2017-06-30,112.172,112.605,111.731,112.418,466441
2017-07-03,112.112,113.472,112.097,113.383,351598
2017-07-04,113.367,113.452,112.739,113.281,382303
2017-07-05,113.272,113.686,112.824,113.259,397062
2017-07-06,113.266,113.47,112.887,113.211,408081
2017-07-07,113.209,114.179,113.104,113.898,393040
2017-07-10,113.886,114.302,113.886,114.037,312607
2017-07-11,114.027,114.495,113.716,113.949,383945
2017-07-12,113.937,113.966,112.928,113.17,443017
2017-07-13,113.152,113.528,112.86,113.292,406876
2017-07-14,113.273,113.578,112.26,112.532,358730
2017-07-17,112.466,112.868,112.328,112.628,330202
2017-07-18,112.613,112.684,111.687,112.055,439914
2017-07-19,112.061,112.233,111.554,111.935,356545
2017-07-20,111.962,112.418,111.48,111.897,484148
2017-07-21,111.902,112.079,111.012,111.139,396753
2017-07-24,111.112,111.32,110.622,111.1,347313
2017-07-25,111.085,111.958,110.83,111.882,386400
2017-07-26,111.881,112.203,111.061,111.175,426453
2017-07-27,111.174,111.712,110.781,111.27,571977
2017-07-28,111.214,111.33,110.548,110.696,510788
2017-07-31,110.665,110.773,110.215,110.258,421525
2017-08-01,110.252,110.59,109.918,110.387,488248
2017-08-02,110.356,110.984,110.283,110.743,475389
2017-08-03,110.664,110.828,109.855,110.048,466181
2017-08-04,110.04,111.05,109.845,110.678,410011
2017-08-07,110.718,110.92,110.645,110.729,280969
2017-08-08,110.738,110.83,110.248,110.345,277241
2017-08-09,110.331,110.365,109.559,110.063,360790
2017-08-10,110.062,110.18,109.149,109.208,360291
2017-08-11,109.188,109.406,108.724,109.151,389343
2017-08-14,109.167,109.801,109.036,109.651,338186
2017-08-15,109.603,110.848,109.596,110.677,389827
2017-08-16,110.656,110.949,110.03,110.191,367522
2017-08-17,110.192,110.372,109.445,109.565,494061
2017-08-18,109.567,109.6,108.603,109.194,517469
2017-08-21,109.334,109.422,108.638,108.966,372990
2017-08-22,108.967,109.655,108.843,109.555,299575
2017-08-23,109.566,109.825,108.919,109.033,339850
2017-08-24,109.041,109.604,108.847,109.545,391655
2017-08-25,109.556,109.844,109.111,109.333,400165
2017-08-28,109.139,109.413,109.023,109.252,299986
2017-08-29,109.228,109.904,108.267,109.755,547278
2017-08-30,109.681,110.44,109.54,110.232,377908
2017-08-31,110.219,110.672,109.88,109.97,444992
2017-09-01,109.97,110.483,109.563,110.247,373260
2017-09-04,109.518,109.934,109.383,109.71,288860
2017-09-05,109.721,109.834,108.63,108.808,423733
2017-09-06,108.796,109.396,108.447,109.241,408680
2017-09-07,109.219,109.263,108.047,108.461,421536
2017-09-08,108.418,108.486,107.317,107.829,471992
2017-09-11,108.171,109.505,108.116,109.374,371354
2017-09-12,109.396,110.254,109.239,110.167,367256
2017-09-13,110.151,110.691,109.902,110.489,347009
2017-09-14,110.474,111.042,110.064,110.235,368301
2017-09-15,110.234,111.334,109.548,110.84,448489
2017-09-18,111.056,111.663,110.997,111.564,361607
2017-09-19,111.568,111.881,111.202,111.595,426513
2017-09-20,111.586,112.534,111.098,112.176,389436
2017-09-21,112.206,112.716,112.134,112.483,408002
2017-09-22,112.459,112.554,111.653,111.993,383993
2017-09-25,112.142,112.53,111.473,111.716,439631
2017-09-26,111.725,112.476,111.497,112.234,400773
2017-09-27,112.223,113.257,112.156,112.804,450851
2017-09-28,112.818,113.21,112.253,112.338,444800
2017-09-29,112.322,112.736,112.213,112.484,349401
2017-10-02,112.631,113.059,112.445,112.759,373709
2017-10-03,112.751,113.195,112.628,112.838,374873
2017-10-04,112.843,112.938,112.321,112.757,380665
2017-10-05,112.75,112.92,112.413,112.821,340852
2017-10-06,112.809,113.438,112.606,112.65,385924
2017-10-09,112.59,112.745,112.328,112.682,266124
2017-10-10,112.674,112.827,111.988,112.453,365970
2017-10-11,112.438,112.585,112.079,112.497,344075
2017-10-12,112.488,112.519,112.126,112.294,339118
2017-10-13,112.277,112.304,111.686,111.834,333063
2017-10-16,111.763,112.29,111.652,112.185,267454
2017-10-17,112.181,112.479,112.036,112.196,307473
2017-10-18,112.191,113.049,112.135,112.932,309003
2017-10-19,112.924,113.148,112.294,112.544,373175
2017-10-20,112.532,113.569,112.513,113.511,371634
2017-10-23,113.858,114.098,113.244,113.433,330420
2017-10-24,113.431,114.023,113.247,113.908,357276
2017-10-25,113.89,114.244,113.48,113.736,422896
2017-10-26,113.738,114.078,113.34,113.991,383572
2017-10-27,113.97,114.452,113.639,113.672,385107
2017-10-30,113.722,113.834,113.026,113.177,275757
2017-10-31,113.169,113.732,112.956,113.637,320073
2017-11-01,113.631,114.281,113.603,114.181,362991
2017-11-02,114.173,114.217,113.536,114.086,372883
2017-11-03,114.083,114.429,113.627,114.057,277231
2017-11-06,114.002,114.737,113.693,113.706,330228
2017-11-07,113.693,114.342,113.69,113.982,326900
2017-11-08,113.991,114.023,113.394,113.872,321233
2017-11-09,113.865,114.068,113.091,113.467,448698
2017-11-10,113.463,113.635,113.221,113.51,358166
2017-11-13,113.436,113.714,113.243,113.625,294849
2017-11-14,113.621,113.912,113.309,113.451,305283
2017-11-15,113.449,113.496,112.478,112.873,425194
2017-11-16,112.874,113.332,112.736,113.056,325676
2017-11-17,113.04,113.143,111.945,112.148,373949
2017-11-20,112.113,112.719,111.885,112.618,197124
2017-11-21,112.611,112.705,112.176,112.44,153173
2017-11-22,112.44,112.494,111.141,111.219,172622
2017-11-23,111.21,111.38,111.067,111.217,117461
2017-11-24,111.199,111.623,111.189,111.525,140303
2017-11-27,111.511,111.692,110.842,111.098,181769
2017-11-28,111.088,111.64,110.931,111.477,198592
2017-11-29,111.472,112.15,111.318,111.937,214424
2017-11-30,111.912,112.64,111.736,112.533,208043
2017-12-01,112.536,112.875,111.404,112.177,301658
2017-12-04,112.796,113.089,112.364,112.402,227294
2017-12-05,112.394,112.865,112.378,112.586,183281
2017-12-06,112.59,112.632,111.992,112.291,200336
2017-12-07,112.283,113.158,112.219,113.082,177062
2017-12-08,113.08,113.591,113.067,113.465,154497
2017-12-11,113.524,113.69,113.242,113.551,141037
2017-12-12,113.546,113.751,113.371,113.549,117753
2017-12-13,113.541,113.575,112.459,112.535,162937
2017-12-14,112.528,112.883,112.063,112.402,163790
2017-12-15,112.382,112.744,112.031,112.603,160485
2017-12-18,112.725,112.83,112.309,112.54,136966
2017-12-19,112.535,113.079,112.484,112.885,134293
2017-12-20,112.883,113.466,112.839,113.386,136343
2017-12-21,113.388,113.637,113.2,113.322,128044
2017-12-22,113.326,113.448,113.253,113.279,115676
2017-12-26,113.202,113.353,113.12,113.232,104166
2017-12-27,113.23,113.382,113.138,113.329,137854
2017-12-28,113.346,113.346,112.663,112.865,124381
2017-12-29,112.864,112.971,112.473,112.671,127020
2018-01-02,112.608,112.792,112.055,112.287,122886
2018-01-03,112.275,112.609,112.171,112.509,107313
2018-01-04,112.503,112.864,112.462,112.749,126143
2018-01-05,112.732,113.309,112.717,113.071,128327
2018-01-08,113.139,113.387,112.881,113.09,94763
2018-01-09,113.088,113.179,112.366,112.648,156384
2018-01-10,112.645,112.785,111.269,111.43,192893
2018-01-11,111.429,111.875,111.044,111.267,179299
2018-01-12,111.257,111.696,110.913,111.034,190337
2018-01-15,111.074,111.184,110.329,110.527,160782
2018-01-16,110.529,110.984,110.246,110.472,186041
2018-01-17,110.45,111.346,110.193,111.303,210936
2018-01-18,111.279,111.482,110.693,111.103,200438
2018-01-19,111.094,111.131,110.49,110.825,193447
2018-01-22,110.569,111.223,110.501,110.934,151242
2018-01-23,110.912,111.179,110.252,110.29,184308
2018-01-24,110.305,110.336,108.968,109.221,217668
2018-01-25,109.214,109.704,108.5,109.41,290571
2018-01-26,109.407,109.771,108.282,108.632,272574
2018-01-29,108.7,109.203,108.508,108.958,216487
2018-01-30,108.948,109.205,108.413,108.78,234753
2018-01-31,108.773,109.446,108.595,109.182,244785
2018-02-01,109.18,109.751,109.095,109.403,214580
2018-02-02,109.398,110.484,109.279,110.175,262839
2018-02-05,110.179,110.29,108.99,109.146,311007
2018-02-06,109.082,109.654,108.456,109.559,504800
2018-02-07,109.552,109.71,108.919,109.334,303329
2018-02-08,109.32,109.784,108.581,108.755,371325
2018-02-09,108.734,109.31,108.046,108.786,432925
2018-02-12,108.842,108.886,108.436,108.659,239111
2018-02-13,108.653,108.78,107.409,107.815,257914
2018-02-14,107.818,107.903,106.721,107.016,306289
2018-02-15,106.995,107.007,106.035,106.147,293027
2018-02-16,106.119,106.399,105.546,106.292,251684
2018-02-19,106.327,106.727,106.094,106.586,154682
2018-02-20,106.586,107.378,106.56,107.323,189183
2018-02-21,107.323,107.903,107.278,107.777,227204
2018-02-22,107.772,107.773,106.595,106.752,221269
2018-02-23,106.746,107.134,106.512,106.846,169612
2018-02-26,107.181,107.181,106.375,106.949,190165
2018-02-27,106.906,107.676,106.784,107.326,204032
2018-02-28,107.323,107.527,106.565,106.683,205851
2018-03-01,106.675,107.204,106.163,106.239,294085
2018-03-02,106.224,106.298,105.247,105.717,268677
2018-03-05,105.445,106.239,105.351,106.198,222044
2018-03-06,106.196,106.466,105.853,106.119,211514
2018-03-07,106.124,106.222,105.455,106.061,261391
2018-03-08,106.065,106.315,105.891,106.197,191602
2018-03-09,106.196,107.054,106.155,106.818,202970
2018-03-12,106.65,106.973,106.315,106.413,162673
2018-03-13,106.409,107.294,106.254,106.577,210883
2018-03-14,106.57,106.749,106.064,106.325,197327
2018-03-15,106.318,106.414,105.785,106.341,188610
2018-03-16,106.339,106.377,105.603,105.99,176205
2018-03-19,105.91,106.307,105.678,106.096,201611
2018-03-20,106.088,106.608,105.929,106.536,194866
2018-03-21,106.53,106.64,105.88,106.044,182747
2018-03-22,106.048,106.085,105.261,105.28,289543
2018-03-23,105.273,105.402,104.634,104.735,344618
2018-03-26,104.657,105.481,104.631,105.4,211657
2018-03-27,105.402,105.904,105.324,105.33,217959
2018-03-28,105.327,107.012,105.314,106.852,277928
2018-03-29,106.833,106.934,106.267,106.428,201367
2018-03-30,106.422,106.538,106.123,106.291,103371
2018-04-02,106.171,106.45,105.658,105.903,179989
2018-04-03,105.876,106.657,105.692,106.604,214019
2018-04-04,106.607,106.847,105.99,106.773,243334
2018-04-05,106.763,107.493,106.711,107.385,191354
2018-04-06,107.37,107.461,106.776,106.946,276949
2018-04-09,106.945,107.203,106.616,106.747,179482
2018-04-10,106.749,107.399,106.618,107.2,227270
2018-04-11,107.189,107.251,106.65,106.791,192052
2018-04-12,106.776,107.43,106.7,107.348,172568
2018-04-13,107.299,107.779,107.204,107.36,171795
2018-04-16,107.47,107.608,107.036,107.114,142687
2018-04-17,107.098,107.212,106.882,107.007,130095
2018-04-18,106.989,107.385,106.978,107.226,133905
2018-04-19,107.222,107.516,107.182,107.37,152887
2018-04-20,107.349,107.857,107.347,107.63,165112
2018-04-23,107.77,108.753,107.662,108.701,152024
2018-04-24,108.693,109.202,108.543,108.812,177352
2018-04-25,108.806,109.454,108.785,109.425,188891
2018-04-26,109.413,109.469,109.065,109.302,162198
2018-04-27,109.294,109.539,108.958,109.058,159022
2018-04-30,109.062,109.453,109.021,109.325,122975
2018-05-01,109.327,109.889,109.235,109.862,136059
2018-05-02,109.853,110.036,109.595,109.848,166994
2018-05-03,109.829,109.885,108.93,109.196,176739
2018-05-04,109.181,109.274,108.648,109.049,143650
2018-05-07,109.11,109.398,108.758,109.092,113494
2018-05-08,109.081,109.351,108.827,109.134,162225
2018-05-09,109.121,109.833,108.996,109.743,155882
2018-05-10,109.741,110.019,109.317,109.393,169063
2018-05-11,109.386,109.568,109.151,109.374,129156
2018-05-14,109.3,109.671,109.208,109.644,129574
2018-05-15,109.645,110.455,109.645,110.353,172031
2018-05-16,110.341,110.403,110.04,110.4,173299
2018-05-17,110.392,110.859,110.072,110.773,166392
2018-05-18,110.744,111.082,110.61,110.748,130180
2018-05-21,110.872,111.396,110.822,111.044,108473
2018-05-22,111.034,111.185,110.796,110.896,118219
2018-05-23,110.892,110.92,109.557,110.082,230685
2018-05-24,110.069,110.09,108.954,109.248,209691
2018-05-25,109.241,109.744,109.085,109.413,181206
2018-05-28,109.75,109.83,109.233,109.409,140264
2018-05-29,109.398,109.467,108.113,108.768,284938
2018-05-30,108.754,109.074,108.352,108.901,242311
2018-05-31,108.904,109.004,108.386,108.809,218177
2018-06-01,108.804,109.734,108.722,109.515,175201
2018-06-04,109.455,109.854,109.371,109.816,135740
2018-06-05,109.813,110.005,109.473,109.794,154236
2018-06-06,109.778,110.266,109.776,110.187,146961
2018-06-07,110.177,110.222,109.473,109.699,171242
2018-06-08,109.689,109.852,109.198,109.516,169964
2018-06-11,109.288,110.119,109.28,110.033,129137
2018-06-12,110.033,110.494,109.954,110.37,162662
2018-06-13,110.359,110.848,110.271,110.343,137081
2018-06-14,110.329,110.695,109.918,110.624,170962
2018-06-15,110.619,110.904,110.387,110.662,184365
2018-06-18,110.66,110.734,110.3,110.547,120552
2018-06-19,110.539,110.575,109.551,110.058,236646
2018-06-20,110.05,110.451,109.853,110.356,173254
2018-06-21,110.355,110.759,109.842,109.968,203088
2018-06-22,109.977,110.218,109.802,109.998,167918
2018-06-25,109.83,110.046,109.367,109.756,180806
2018-06-26,109.756,110.215,109.367,110.021,181308
2018-06-27,110.022,110.49,109.685,110.268,221918
2018-06-28,110.245,110.65,109.966,110.494,197665
2018-06-29,110.476,110.944,110.375,110.691,198482
2018-07-02,110.605,111.062,110.554,110.886,141371
2018-07-03,110.894,111.135,110.507,110.576,139295
2018-07-04,110.576,110.608,110.278,110.488,142390
2018-07-05,110.447,110.731,110.289,110.659,153220
2018-07-06,110.58,110.787,110.381,110.461,121006
2018-07-09,110.41,110.902,110.318,110.842,93231
2018-07-10,110.846,111.353,110.758,111.043,108075
2018-07-11,110.986,112.176,110.766,112.0,183329
2018-07-12,111.99,112.627,111.914,112.524,141733
2018-07-13,112.53,112.801,112.275,112.331,118077
2018-07-16,112.183,112.564,112.14,112.277,86672
2018-07-17,112.278,112.925,112.222,112.881,135783
2018-07-18,112.859,113.138,112.709,112.842,119921
2018-07-19,112.84,113.178,112.052,112.464,168181
2018-07-20,112.458,112.624,111.382,111.458,200891
2018-07-23,111.375,111.544,110.751,111.353,143524
2018-07-24,111.332,111.514,110.961,111.206,128868
2018-07-25,111.189,111.385,110.659,110.964,153869
2018-07-26,110.967,111.249,110.588,111.23,139300
2018-07-27,111.22,111.251,110.797,110.997,104135
2018-07-30,110.927,111.166,110.89,111.048,82103
2018-07-31,111.009,111.958,110.73,111.869,161893
2018-08-01,111.815,112.151,111.389,111.713,125348
2018-08-02,111.718,111.737,111.316,111.644,127544
2018-08-03,111.639,111.877,111.101,111.273,112557
2018-08-06,111.214,111.526,111.15,111.399,66718
2018-08-07,111.402,111.479,110.992,111.378,82755
2018-08-08,111.369,111.44,110.837,110.952,83754
2018-08-09,110.963,111.183,110.707,111.084,92427
2018-08-10,111.06,111.169,110.51,110.912,174251
2018-08-13,110.43,110.939,110.11,110.717,157265
2018-08-14,110.658,111.313,110.587,111.145,125266
2018-08-15,111.138,111.432,110.432,110.746,140969
2018-08-16,110.738,111.126,110.459,110.899,151621
2018-08-17,110.887,111.053,110.316,110.502,109926
2018-08-20,110.585,110.684,110.018,110.073,80377
2018-08-21,110.066,110.548,109.774,110.269,102672
2018-08-22,110.27,110.616,110.027,110.552,105249
2018-08-23,110.544,111.317,110.519,111.293,94639
2018-08-24,111.266,111.488,111.103,111.258,105493
2018-08-27,111.312,111.347,110.936,111.076,44757
2018-08-28,111.07,111.356,110.956,111.196,59989
2018-08-29,111.189,111.827,111.123,111.679,70043
2018-08-30,111.676,111.755,110.953,111.023,63086
2018-08-31,110.965,111.137,110.685,111.097,71240
2018-09-03,111.05,111.188,110.85,111.108,49451
2018-09-04,111.018,111.533,110.901,111.48,63402
2018-09-05,111.345,111.758,111.328,111.53,71714
2018-09-06,111.524,111.532,110.521,110.728,76337
2018-09-07,110.745,111.248,110.38,111.06,79233
2018-09-10,111.025,111.248,110.85,111.122,47087
2018-09-11,111.106,111.642,111.063,111.593,48342
2018-09-12,111.621,111.651,111.114,111.255,53786
2018-09-13,111.249,111.999,111.16,111.924,58094
2018-09-14,111.92,112.169,111.753,112.047,51154
2018-09-17,112.03,112.122,111.76,111.858,37997
2018-09-18,111.838,112.389,111.663,112.363,75154
2018-09-19,112.354,112.446,112.161,112.306,53690
2018-09-20,112.259,112.584,112.042,112.495,73334
2018-09-21,112.479,112.873,112.425,112.556,54908
2018-09-24,112.39,112.839,112.39,112.812,39367
2018-09-25,112.766,112.982,112.741,112.975,50851
2018-09-26,112.972,113.135,112.631,112.742,64209
2018-09-27,112.712,113.469,112.561,113.408,65514
2018-09-28,113.356,113.711,113.314,113.69,63554
2018-10-01,113.715,114.062,113.7,113.978,49019
2018-10-02,113.909,114.017,113.529,113.682,62239
2018-10-03,113.634,114.539,113.522,114.537,65117
2018-10-04,114.532,114.55,113.633,113.942,87032
2018-10-05,113.878,114.102,113.558,113.732,85680
2018-10-08,113.752,113.942,112.822,113.233,62612
2018-10-09,113.23,113.393,112.87,112.954,99173
2018-10-10,112.953,113.287,112.255,112.255,103273
2018-10-11,112.27,112.536,111.832,112.166,191467
2018-10-12,112.155,112.497,111.88,112.219,123401
2018-10-15,112.135,112.235,111.625,111.773,110572
2018-10-16,111.769,112.338,111.732,112.247,85362
2018-10-17,112.254,112.676,112.016,112.661,94745
2018-10-18,112.65,112.729,111.948,112.19,117554
2018-10-19,112.195,112.648,112.142,112.543,114100
2018-10-22,112.59,112.886,112.349,112.819,97324
2018-10-23,112.819,112.84,111.953,112.443,127550
2018-10-24,112.44,112.744,112.089,112.251,138372
2018-10-25,112.249,112.675,111.82,112.394,137227
2018-10-26,112.41,112.444,111.377,111.896,203794
2018-10-29,111.858,112.564,111.775,112.375,133215
2018-10-30,112.355,113.087,112.304,113.082,141769
2018-10-31,113.111,113.385,112.805,112.983,103405
2018-11-01,112.933,113.003,112.605,112.693,95438
2018-11-02,112.693,113.323,112.557,113.194,123785
2018-11-05,113.155,113.339,113.075,113.195,74713
2018-11-06,113.187,113.506,113.101,113.452,67940
2018-11-07,113.427,113.818,112.946,113.557,138215
2018-11-08,113.489,114.087,113.474,114.05,72415
2018-11-09,114.062,114.074,113.64,113.82,79423
2018-11-12,113.769,114.207,113.66,113.833,89497
2018-11-13,113.831,114.145,113.58,113.804,103990
2018-11-14,113.805,114.009,113.297,113.624,107791
2018-11-15,113.607,113.708,113.099,113.623,111872
2018-11-16,113.617,113.633,112.643,112.838,99179
2018-11-19,112.748,112.875,112.42,112.554,91052
2018-11-20,112.548,112.844,112.305,112.745,100219
2018-11-21,112.76,113.148,112.644,113.047,78492
2018-11-22,113.05,113.2,112.885,112.934,72698
2018-11-23,112.929,113.01,112.661,112.916,61478
2018-11-26,112.898,113.651,112.877,113.601,73848
2018-11-27,113.55,113.844,113.415,113.772,72343
2018-11-28,113.768,114.036,113.442,113.686,70194
2018-11-29,113.675,113.681,113.19,113.472,69591
2018-11-30,113.478,113.717,113.31,113.522,58733
2018-12-03,113.638,113.821,113.375,113.637,62442
2018-12-04,113.638,113.654,112.576,112.784,92578
2018-12-05,112.749,113.241,112.649,113.186,52713
2018-12-06,113.187,113.195,112.232,112.674,138553
2018-12-07,112.648,112.927,112.557,112.684,106100
2018-12-10,112.592,113.366,112.24,113.315,112089
2018-12-11,113.317,113.466,113.007,113.386,92643
2018-12-12,113.358,113.52,113.141,113.27,89191
2018-12-13,113.27,113.709,113.168,113.606,74009
2018-12-14,113.594,113.674,113.212,113.396,73973
2018-12-17,113.338,113.521,112.682,112.828,76554
2018-12-18,112.826,112.854,112.25,112.523,86803
2018-12-19,112.493,112.665,112.089,112.481,109882
2018-12-20,112.475,112.604,110.813,111.286,150148
2018-12-21,111.279,111.46,110.934,111.197,139463
2018-12-24,110.937,111.191,110.267,110.33,138026
2018-12-26,110.284,111.409,110.139,111.362,90168
2018-12-27,111.34,111.34,110.456,110.986,188589
2018-12-28,110.967,111.009,110.144,110.297,127080
2018-12-31,110.23,110.475,109.636,109.686,76236
2019-01-02,109.663,109.726,108.708,108.878,117087
2019-01-03,108.869,108.882,104.629,107.637,186012
2019-01-04,107.64,108.589,107.513,108.515,155034
2019-01-07,108.48,108.747,108.019,108.714,99796
2019-01-08,108.72,109.087,108.441,108.741,102221
2019-01-09,108.718,109.004,107.973,108.132,107229
2019-01-10,108.155,108.518,107.77,108.425,109352
2019-01-11,108.423,108.599,108.145,108.554,82443
2019-01-14,108.514,108.547,107.987,108.161,60779
2019-01-15,108.154,108.767,108.137,108.694,93089
2019-01-16,108.658,109.196,108.37,109.094,72235
2019-01-17,109.088,109.404,108.686,109.243,109167
2019-01-18,109.242,109.891,109.056,109.766,82649
2019-01-21,109.682,109.761,109.475,109.654,55664
2019-01-22,109.648,109.693,109.145,109.364,67475
2019-01-23,109.369,110.0,109.321,109.612,72370
2019-01-24,109.571,109.8,109.421,109.637,78191
2019-01-25,109.637,109.951,109.455,109.547,77440
2019-01-28,109.538,109.574,109.162,109.331,68973
2019-01-29,109.314,109.541,109.13,109.366,67042
2019-01-30,109.374,109.743,108.809,109.048,76812
2019-01-31,109.026,109.065,108.497,108.857,73709
2019-02-01,108.843,109.582,108.725,109.502,67419
2019-02-04,109.513,110.164,109.433,109.907,54859
2019-02-05,109.856,110.041,109.779,109.963,56597
2019-02-06,109.958,110.053,109.559,109.976,57970
2019-02-07,109.971,110.088,109.606,109.821,70178
2019-02-08,109.807,109.898,109.648,109.759,62541
2019-02-11,109.736,110.468,109.733,110.386,57951
2019-02-12,110.373,110.652,110.346,110.484,57377
2019-02-13,110.463,111.054,110.418,111.001,57422
2019-02-14,111.003,111.129,110.458,110.481,73272
2019-02-15,110.476,110.647,110.25,110.439,67392
2019-02-18,110.437,110.651,110.437,110.604,54743
2019-02-19,110.588,110.825,110.452,110.602,56070
2019-02-20,110.621,110.95,110.52,110.85,60256
2019-02-21,110.838,110.863,110.565,110.708,63856
2019-02-22,110.679,110.907,110.557,110.651,56708
2019-02-25,110.648,111.236,110.578,111.061,61814
2019-02-26,111.06,111.076,110.42,110.578,54898
2019-02-27,110.58,111.074,110.354,110.993,59420
2019-02-28,110.984,111.494,110.66,111.382,63421
2019-03-01,111.387,112.078,111.324,111.924,59232
2019-03-04,111.838,112.014,111.64,111.747,51841
2019-03-05,111.73,112.138,111.711,111.884,46872
2019-03-06,111.884,111.924,111.615,111.774,47652
2019-03-07,111.76,111.856,111.483,111.583,48564
2019-03-08,111.531,111.652,110.782,111.174,59756
2019-03-11,111.011,111.308,110.878,111.211,42484
2019-03-12,111.183,111.467,111.11,111.347,51668
2019-03-13,111.358,111.465,111.005,111.144,46894
2019-03-14,111.138,111.833,111.12,111.705,57910
2019-03-15,111.676,111.902,111.384,111.512,50412
2019-03-18,111.462,111.629,111.297,111.424,39262
2019-03-19,111.425,111.477,111.158,111.412,42539
2019-03-20,111.393,111.694,110.536,110.699,56363
2019-03-21,110.683,110.959,110.299,110.811,56942
2019-03-22,110.811,110.898,109.742,109.946,74771
2019-03-25,109.908,110.241,109.707,109.962,69561
2019-03-26,109.957,110.689,109.905,110.625,70386
2019-03-27,110.628,110.713,110.235,110.51,80361
2019-03-28,110.509,110.832,110.019,110.653,77060
2019-03-29,110.589,110.95,110.534,110.833,64098
2019-04-01,111.018,111.443,110.807,111.347,57473
2019-04-02,111.342,111.456,111.248,111.318,45640
2019-04-03,111.314,111.579,111.209,111.491,53238
2019-04-04,111.484,111.655,111.336,111.655,45642
2019-04-05,111.643,111.823,111.549,111.709,46250
2019-04-08,111.66,111.741,111.281,111.495,42012
2019-04-09,111.452,111.579,110.98,111.144,43700
2019-04-10,111.13,111.279,110.844,111.007,43562
2019-04-11,111.0,111.696,110.897,111.657,45521
2019-04-12,111.641,112.094,111.586,112.009,48230
2019-04-15,111.947,112.098,111.888,112.035,34241
2019-04-16,112.03,112.044,111.846,112.015,42963
2019-04-17,111.967,112.165,111.922,112.066,43435
2019-04-18,112.05,112.062,111.766,111.975,48835
2019-04-19,111.976,112.008,111.895,111.919,38495
2019-04-22,111.864,111.992,111.837,111.937,29486
2019-04-23,111.933,112.034,111.652,111.863,41894
2019-04-24,111.859,112.4,111.682,112.194,49467
2019-04-25,112.183,112.239,111.37,111.615,56666
2019-04-26,111.596,112.004,111.429,111.559,56058
2019-04-29,111.54,111.899,111.54,111.639,29996
2019-04-30,111.643,111.689,111.236,111.432,46776
2019-05-01,111.407,111.614,111.05,111.381,37250
2019-05-02,111.368,111.665,111.35,111.507,48025
2019-05-03,111.494,111.704,111.07,111.109,44293
2019-05-06,110.6,110.959,110.283,110.864,60337
2019-05-07,110.748,110.854,110.169,110.245,68620
2019-05-08,110.233,110.293,109.904,110.1,76034
2019-05-09,110.091,110.109,109.472,109.762,83717
2019-05-10,109.668,110.05,109.47,109.972,95254
2019-05-13,109.753,109.837,109.019,109.305,82319
2019-05-14,109.287,109.773,109.146,109.606,65117
2019-05-15,109.612,109.703,109.155,109.586,73669
2019-05-16,109.584,109.968,109.335,109.844,64853
2019-05-17,109.843,110.193,109.494,110.031,84763
2019-05-20,110.103,110.318,109.81,110.06,71248
2019-05-21,110.056,110.673,110.01,110.485,65132
2019-05-22,110.491,110.626,110.241,110.354,59589
2019-05-23,110.346,110.365,109.459,109.6,79944
2019-05-24,109.595,109.745,109.274,109.293,65568
2019-05-27,109.266,109.585,109.266,109.524,40616
2019-05-28,109.504,109.63,109.211,109.371,72036
2019-05-29,109.369,109.699,109.149,109.589,82110
2019-05-30,109.591,109.926,109.474,109.626,69529
2019-05-31,109.619,109.621,108.279,108.291,100355
2019-06-03,108.277,108.447,107.884,108.067,90978
2019-06-04,108.067,108.359,107.845,108.147,83992
2019-06-05,108.141,108.486,107.814,108.455,85604
2019-06-06,108.459,108.563,108.027,108.385,82848
2019-06-07,108.403,108.617,107.881,108.196,76554
2019-06-10,108.485,108.716,108.312,108.452,59708
2019-06-11,108.429,108.8,108.35,108.517,62368
2019-06-12,108.515,108.565,108.217,108.506,76055
2019-06-13,108.505,108.538,108.165,108.39,72061
2019-06-14,108.298,108.587,108.159,108.542,71957
2019-06-17,108.497,108.725,108.47,108.53,50515
2019-06-18,108.53,108.677,108.061,108.441,80192
2019-06-19,108.452,108.618,107.901,108.101,72447
2019-06-20,108.102,108.143,107.214,107.306,100975
2019-06-21,107.293,107.735,107.048,107.335,86351
2019-06-24,107.298,107.537,107.249,107.293,64581
2019-06-25,107.291,107.41,106.779,107.16,89922
2019-06-26,107.178,107.85,107.099,107.78,76319
2019-06-27,107.779,108.162,107.649,107.77,68567
2019-06-28,107.777,107.934,107.562,107.922,71981
2019-07-01,108.178,108.532,108.102,108.429,71715
2019-07-02,108.425,108.476,107.765,107.915,62819
2019-07-03,107.866,107.918,107.533,107.828,60103
2019-07-04,107.806,107.842,107.708,107.814,43045
2019-07-05,107.812,108.638,107.781,108.471,60531
2019-07-08,108.419,108.806,108.28,108.726,52236
2019-07-09,108.719,108.964,108.677,108.856,50980
2019-07-10,108.853,108.991,108.348,108.463,59907
2019-07-11,108.457,108.532,107.86,108.492,55691
2019-07-12,108.49,108.61,107.805,107.895,56095
2019-07-15,107.87,108.11,107.799,107.907,44813
2019-07-16,107.91,108.377,107.821,108.234,57829
2019-07-17,108.229,108.327,107.936,107.939,47586
2019-07-18,107.946,108.016,107.212,107.299,64949
2019-07-19,107.288,107.98,107.217,107.718,64929
2019-07-22,107.716,108.069,107.698,107.864,49220
2019-07-23,107.858,108.287,107.825,108.218,50033
2019-07-24,108.217,108.276,107.935,108.179,43022
2019-07-25,108.186,108.756,108.043,108.634,52801
2019-07-26,108.63,108.828,108.561,108.678,43540
2019-07-29,108.624,108.9,108.421,108.783,33530
2019-07-30,108.783,108.949,108.454,108.599,58747
2019-07-31,108.589,109.0,108.492,108.76,67900
2019-08-01,108.749,109.32,107.257,107.332,93499
2019-08-02,107.332,107.569,106.51,106.632,132204
2019-08-05,106.528,106.682,105.786,105.948,136510
2019-08-06,105.942,107.088,105.521,106.46,132577
2019-08-07,106.473,106.473,105.497,106.273,134259
2019-08-08,106.271,106.301,105.894,106.073,95656
2019-08-09,106.073,106.089,105.268,105.612,80052
2019-08-12,105.556,105.693,105.051,105.295,67447
2019-08-13,105.278,106.979,105.067,106.744,109122
2019-08-14,106.742,106.769,105.653,105.912,111086
2019-08-15,105.907,106.778,105.703,106.121,133364
2019-08-16,106.115,106.495,106.026,106.368,77758
2019-08-19,106.247,106.698,106.241,106.627,58057
2019-08-20,106.63,106.692,106.162,106.23,56832
2019-08-21,106.223,106.646,106.22,106.611,48163
2019-08-22,106.621,106.654,106.252,106.446,62908
2019-08-23,106.428,106.734,105.255,105.409,95827
2019-08-26,104.988,106.415,104.446,106.122,137789
2019-08-27,106.112,106.153,105.591,105.763,84922
2019-08-28,105.735,106.231,105.652,106.112,77491
2019-08-29,106.11,106.683,105.83,106.508,77257
2019-08-30,106.518,106.546,106.106,106.251,72426
2019-09-02,106.068,106.399,105.92,106.191,51532
2019-09-03,106.21,106.385,105.738,105.94,76468
2019-09-04,105.934,106.444,105.829,106.409,65352
2019-09-05,106.379,107.23,106.303,106.952,85193
2019-09-06,106.925,107.102,106.622,106.921,74602
2019-09-09,106.826,107.276,106.762,107.232,57465
2019-09-10,107.244,107.588,107.184,107.537,65956
2019-09-11,107.539,107.858,107.494,107.845,55761
2019-09-12,107.808,108.189,107.521,108.116,89338
2019-09-13,108.06,108.26,107.907,108.113,61215
2019-09-16,107.469,108.167,107.457,108.15,78411
2019-09-17,108.105,108.37,108.022,108.11,67857
2019-09-18,108.115,108.478,108.086,108.448,64087
2019-09-19,108.444,108.473,107.787,108.053,75266
2019-09-20,108.015,108.088,107.527,107.558,69651
2019-09-23,107.697,107.77,107.311,107.541,54405
2019-09-24,107.537,107.798,106.962,107.085,72715
2019-09-25,107.06,107.885,106.984,107.766,82446
2019-09-26,107.764,107.959,107.425,107.843,69053
2019-09-27,107.825,108.182,107.657,107.933,73298
2019-09-30,107.94,108.178,107.744,108.069,61606
2019-10-01,108.082,108.47,107.626,107.752,69797
2019-10-02,107.74,107.894,107.046,107.182,79874
2019-10-03,107.178,107.298,106.484,106.909,91536
2019-10-04,106.914,107.133,106.554,106.907,68377
2019-10-07,106.65,107.464,106.65,107.258,57186
2019-10-08,107.26,107.445,106.806,107.083,79988
2019-10-09,107.083,107.628,106.933,107.476,60967
2019-10-10,107.475,108.019,107.034,107.944,100769
2019-10-11,107.962,108.626,107.842,108.408,89924
2019-10-14,108.338,108.523,108.034,108.4,52066
2019-10-15,108.398,108.9,108.157,108.865,65203
2019-10-16,108.861,108.864,108.558,108.762,71316
2019-10-17,108.769,108.939,108.454,108.657,71301
2019-10-18,108.651,108.724,108.387,108.402,58136
2019-10-21,108.422,108.663,108.289,108.604,55951
2019-10-22,108.607,108.726,108.44,108.487,48831
2019-10-23,108.48,108.704,108.25,108.692,58452
2019-10-24,108.688,108.753,108.496,108.634,52918
2019-10-25,108.598,108.774,108.51,108.669,47252
2019-10-28,108.7,109.04,108.658,108.965,38037
2019-10-29,108.931,109.07,108.756,108.892,43335
2019-10-30,108.883,109.286,108.722,108.844,54202
2019-10-31,108.841,108.898,107.928,108.026,64552
2019-11-01,108.031,108.325,107.888,108.178,49723
2019-11-04,108.218,108.65,108.182,108.576,39095
2019-11-05,108.574,109.246,108.539,109.173,52290
2019-11-06,109.153,109.188,108.818,108.982,45729
2019-11-07,108.971,109.488,108.648,109.284,64625
2019-11-08,109.28,109.476,109.08,109.246,53144
2019-11-11,109.194,109.246,108.897,109.048,29492
2019-11-12,109.051,109.294,108.924,109.028,47558
2019-11-13,108.998,109.151,108.655,108.813,47995
2019-11-14,108.819,108.864,108.243,108.406,50739
2019-11-15,108.418,108.856,108.365,108.775,39092
2019-11-18,108.777,109.073,108.512,108.676,41737
2019-11-19,108.676,108.837,108.452,108.543,47676
2019-11-20,108.538,108.74,108.348,108.614,59758
2019-11-21,108.611,108.697,108.278,108.61,62606
2019-11-22,108.633,108.732,108.477,108.644,47408
2019-11-25,108.633,108.979,108.609,108.927,39297
2019-11-26,108.902,109.209,108.876,109.067,45248
2019-11-27,109.038,109.61,109.01,109.527,35235
2019-11-28,109.515,109.563,109.333,109.515,28345
2019-11-29,109.517,109.67,109.398,109.471,40252
2019-12-02,109.487,109.728,108.926,108.973,48604
2019-12-03,108.977,109.208,108.484,108.637,58107
2019-12-04,108.632,108.964,108.428,108.869,54588
2019-12-05,108.86,109.0,108.656,108.758,47154
2019-12-06,108.758,108.923,108.528,108.574,41374
2019-12-09,108.592,108.677,108.43,108.547,30392
2019-12-10,108.553,108.769,108.514,108.745,40059
2019-12-11,108.715,108.856,108.464,108.555,39680
2019-12-12,108.555,109.448,108.457,109.302,56128
2019-12-13,109.297,109.706,108.886,109.346,75833
2019-12-16,109.274,109.676,109.274,109.565,33107
2019-12-17,109.536,109.633,109.444,109.495,30640
2019-12-18,109.482,109.629,109.4,109.577,30876
2019-12-19,109.541,109.686,109.183,109.354,35485
2019-12-20,109.364,109.526,109.256,109.455,28947
2019-12-23,109.41,109.538,109.34,109.388,27606
2019-12-24,109.395,109.441,109.326,109.363,29237
2019-12-26,109.338,109.684,109.338,109.637,25188
2019-12-27,109.624,109.624,109.39,109.455,47378
2019-12-30,109.41,109.48,108.767,108.877,39998
2019-12-31,108.878,108.884,108.472,108.624,32400
2020-01-02,108.727,108.866,108.212,108.557,35724
2020-01-03,108.564,108.632,107.842,108.117,68631
2020-01-06,107.844,108.507,107.771,108.373,58379
2020-01-07,108.359,108.63,108.259,108.458,53125
2020-01-08,108.441,109.244,107.653,109.13,106585
2020-01-09,109.034,109.583,109.013,109.523,52554
2020-01-10,109.516,109.69,109.433,109.49,39003
2020-01-13,109.529,109.946,109.503,109.94,31800
2020-01-14,109.943,110.212,109.855,109.998,46366
2020-01-15,109.981,110.013,109.79,109.902,39960
2020-01-16,109.893,110.178,109.855,110.163,36007
2020-01-17,110.138,110.29,110.048,110.163,33460
2020-01-20,110.079,110.218,110.079,110.184,22912
2020-01-21,110.185,110.223,109.762,109.876,43322
2020-01-22,109.862,110.1,109.829,109.838,36459
2020-01-23,109.837,109.858,109.267,109.493,45208
2020-01-24,109.492,109.654,109.174,109.281,42920
2020-01-27,108.865,109.138,108.732,108.903,68612
2020-01-28,108.889,109.202,108.756,109.147,48613
2020-01-29,109.144,109.263,108.977,109.02,43005
2020-01-30,109.01,109.064,108.584,108.934,70038
2020-01-31,108.953,109.136,108.308,108.361,64885
2020-02-03,108.464,108.799,108.309,108.67,62907
2020-02-04,108.664,109.545,108.55,109.524,48411
2020-02-05,109.52,109.846,109.305,109.831,55545
2020-02-06,109.818,110.004,109.699,109.998,40988
2020-02-07,109.988,110.021,109.533,109.763,50722
2020-02-10,109.678,109.878,109.561,109.776,49193
2020-02-11,109.771,109.966,109.723,109.789,37128
2020-02-12,109.785,110.134,109.766,110.097,36121
2020-02-13,110.081,110.09,109.618,109.828,56834
2020-02-14,109.813,109.912,109.699,109.774,37656
2020-02-17,109.838,109.962,109.72,109.872,25597
2020-02-18,109.871,109.948,109.658,109.872,42981
2020-02-19,109.871,111.593,109.849,111.351,42448
2020-02-20,111.361,112.228,111.113,112.116,74581
2020-02-21,112.096,112.187,111.474,111.561,69513
2020-02-24,111.199,111.682,110.333,110.729,91882
2020-02-25,110.706,111.042,109.891,110.205,122074
2020-02-26,110.199,110.702,110.129,110.42,131783
2020-02-27,110.423,110.457,109.569,109.585,154065
2020-02-28,109.591,109.682,107.51,108.088,196768
2020-03-02,107.402,108.578,107.363,108.352,169778
2020-03-03,108.309,108.538,106.93,107.123,158496
2020-03-04,107.084,107.692,106.849,107.533,109422
2020-03-05,107.523,107.742,105.973,106.166,100999
2020-03-06,106.153,106.343,104.994,105.321,162058
2020-03-09,104.204,104.59,101.182,102.37,215034
2020-03-10,102.357,105.92,102.015,105.637,234856
2020-03-11,105.626,105.65,104.091,104.478,189863
2020-03-12,104.535,106.102,103.079,104.618,221130
2020-03-13,104.629,108.502,104.505,108.004,228392
2020-03-16,106.999,107.569,105.147,105.891,228493
2020-03-17,105.831,107.864,105.814,107.619,305055
2020-03-18,107.692,108.656,106.754,108.026,275257
2020-03-19,108.045,110.955,107.867,110.702,293434
2020-03-20,110.707,111.507,109.33,110.749,235195
2020-03-23,110.772,111.596,109.668,111.273,227753
2020-03-24,111.23,111.713,110.085,111.215,213911
2020-03-25,111.223,111.68,110.752,111.205,202660
2020-03-26,111.201,111.297,109.206,109.61,237528
2020-03-27,109.566,109.704,107.756,107.96,179430
2020-03-30,107.686,108.296,107.121,107.814,156433
2020-03-31,107.741,108.729,107.463,107.559,163774
2020-04-01,107.527,107.94,106.919,107.172,133920
2020-04-02,107.158,108.096,107.016,107.881,126719
2020-04-03,107.864,108.677,107.801,108.45,106669
2020-04-06,108.343,109.382,108.316,109.23,106807
2020-04-07,109.204,109.28,108.671,108.781,105272
2020-04-08,108.749,109.102,108.504,108.822,89079
2020-04-09,108.816,109.063,108.207,108.486,81382
2020-04-10,108.455,108.587,108.322,108.357,44093
2020-04-13,108.354,108.52,107.501,107.752,66149
2020-04-14,107.764,107.769,106.982,107.21,57045
2020-04-15,107.211,107.866,106.927,107.429,71394
2020-04-16,107.419,108.083,107.166,107.898,79313
2020-04-17,107.912,108.082,107.301,107.52,79120
2020-04-20,107.477,107.949,107.44,107.616,54502
2020-04-21,107.605,107.892,107.282,107.76,69755
2020-04-22,107.757,107.938,107.515,107.744,54504
2020-04-23,107.728,108.043,107.347,107.633,68364
2020-04-24,107.543,107.76,107.368,107.488,52874
2020-04-27,107.532,107.625,106.995,107.249,52018
2020-04-28,107.218,107.34,106.561,106.864,62685
2020-04-29,106.861,106.895,106.36,106.619,54857
2020-04-30,106.628,107.5,106.407,107.171,71035
2020-05-01,107.147,107.406,106.606,106.887,53835
2020-05-04,106.804,107.07,106.636,106.718,49406
2020-05-05,106.693,106.895,106.418,106.549,50689
2020-05-06,106.474,106.62,105.988,106.104,54977
2020-05-07,106.077,106.656,105.991,106.268,56145
2020-05-08,106.278,106.748,106.21,106.639,51582
2020-05-11,106.49,107.768,106.484,107.654,52966
2020-05-12,107.623,107.692,107.122,107.149,52596
2020-05-13,107.099,107.276,106.744,107.027,55384
2020-05-14,107.021,107.364,106.776,107.226,46954
2020-05-15,107.245,107.434,106.855,107.092,43289
2020-05-18,107.083,107.506,107.069,107.33,42478
2020-05-19,107.3,108.088,107.259,107.702,45859
2020-05-20,107.7,107.985,107.337,107.515,39497
2020-05-21,107.494,107.85,107.469,107.606,41438
2020-05-22,107.604,107.764,107.324,107.6,38630
2020-05-25,107.554,107.78,107.541,107.706,26503
2020-05-26,107.672,107.922,107.402,107.532,40805
2020-05-27,107.522,107.947,107.366,107.716,58451
2020-05-28,107.717,107.902,107.571,107.624,53606
2020-05-29,107.634,107.896,107.081,107.775,66177
2020-06-01,107.66,107.858,107.377,107.59,48285
2020-06-02,107.585,108.773,107.514,108.677,54850
2020-06-03,108.665,108.984,108.423,108.902,62413
2020-06-04,108.884,109.198,108.617,109.157,63974
2020-06-05,109.128,109.851,109.028,109.584,66535
2020-06-08,109.548,109.692,108.234,108.427,51879
2020-06-09,108.424,108.543,107.621,107.752,64714
2020-06-10,107.749,107.874,106.988,107.128,67097
2020-06-11,107.117,107.235,106.571,106.86,98887
2020-06-12,106.855,107.554,106.585,107.353,92734
2020-06-15,107.31,107.569,107.0,107.329,86353
2020-06-16,107.333,107.641,107.213,107.316,86516
2020-06-17,107.318,107.443,106.954,107.006,66814
2020-06-18,107.001,107.129,106.67,106.971,77053
2020-06-19,106.963,107.058,106.768,106.876,62154
2020-06-22,106.763,107.011,106.727,106.9,58007
2020-06-23,106.898,107.222,106.073,106.534,80626
2020-06-24,106.517,107.072,106.384,107.056,78403
2020-06-25,107.04,107.452,106.932,107.196,72662
2020-06-26,107.19,107.358,106.799,107.19,62969
2020-06-29,107.075,107.886,107.042,107.573,62914
2020-06-30,107.56,107.983,107.522,107.931,62025
2020-07-01,107.924,108.165,107.361,107.469,58642
2020-07-02,107.466,107.725,107.333,107.497,53178
2020-07-03,107.503,107.568,107.436,107.49,30606
2020-07-06,107.446,107.773,107.256,107.393,42773
2020-07-07,107.282,107.791,107.246,107.525,44995
2020-07-08,107.536,107.711,107.202,107.26,38787
2020-07-09,107.261,107.397,107.098,107.201,54766
2020-07-10,107.201,107.264,106.638,106.913,47608
2020-07-13,106.885,107.32,106.788,107.287,37592
2020-07-14,107.29,107.433,107.118,107.23,53140
2020-07-15,107.231,107.309,106.667,106.944,45861
2020-07-16,106.894,107.401,106.834,107.277,46242
2020-07-17,107.203,107.363,106.941,107.028,35177
2020-07-20,107.088,107.54,107.013,107.271,52125
2020-07-21,107.249,107.367,106.683,106.794,62587
2020-07-22,106.795,107.288,106.71,107.16,64494
2020-07-23,107.154,107.23,106.712,106.847,52229
2020-07-24,106.859,106.901,105.683,106.121,83122
2020-07-27,106.021,106.099,105.117,105.382,85542
2020-07-28,105.37,105.687,104.958,105.078,82785
2020-07-29,105.092,105.244,104.774,104.925,80567
2020-07-30,104.918,105.295,104.681,104.736,80542
2020-07-31,104.727,106.057,104.189,105.835,115812
2020-08-03,105.772,106.474,105.582,105.95,117681
2020-08-04,105.943,106.196,105.639,105.717,69290
2020-08-05,105.715,105.874,105.322,105.597,77783
2020-08-06,105.596,105.699,105.302,105.548,78792
2020-08-07,105.546,106.057,105.48,105.915,76816
2020-08-10,105.812,106.203,105.709,105.96,53505
2020-08-11,105.957,106.683,105.875,106.494,80304
2020-08-12,106.489,107.015,106.441,106.876,78774
2020-08-13,106.905,107.05,106.566,106.925,68223
2020-08-14,106.925,107.039,106.436,106.581,52120
2020-08-17,106.562,106.655,105.944,105.999,56029
2020-08-18,106.002,106.053,105.284,105.407,73129
2020-08-19,105.394,106.154,105.103,106.113,84784
2020-08-20,106.097,106.218,105.745,105.796,84568
2020-08-21,105.796,106.073,105.442,105.807,69058
2020-08-24,105.763,105.997,105.689,105.981,53905
2020-08-25,105.973,106.578,105.873,106.39,73462
2020-08-26,106.384,106.556,105.956,105.986,60025
2020-08-27,105.982,106.7,105.604,106.571,107187
2020-08-28,106.558,106.947,105.202,105.35,105849
2020-08-31,105.431,106.098,105.293,105.905,80090
2020-09-01,105.9,106.155,105.593,105.959,77291
2020-09-02,105.953,106.302,105.852,106.188,63432
2020-09-03,106.186,106.552,106.004,106.186,71049
2020-09-04,106.184,106.507,106.057,106.239,65584
2020-09-07,106.236,106.386,106.134,106.258,34974
2020-09-08,106.224,106.383,105.863,106.028,58310
2020-09-09,106.021,106.274,105.792,106.178,59419
2020-09-10,106.176,106.305,105.984,106.132,58024
2020-09-11,106.126,106.266,106.059,106.147,54514
2020-09-14,106.078,106.165,105.549,105.733,41696
2020-09-15,105.722,105.815,105.302,105.443,48663
2020-09-16,105.439,105.439,104.801,104.944,71403
2020-09-17,104.943,105.174,104.524,104.738,69312
2020-09-18,104.743,104.872,104.273,104.559,49392
2020-09-21,104.495,104.885,104.002,104.645,61399
2020-09-22,104.644,105.078,104.406,104.947,50203
2020-09-23,104.924,105.497,104.836,105.361,55970
2020-09-24,105.363,105.532,105.207,105.413,55670
2020-09-25,105.4,105.701,105.241,105.562,47519
2020-09-28,105.472,105.69,105.264,105.487,47100
2020-09-29,105.461,105.734,105.342,105.679,54697
2020-09-30,105.644,105.804,105.402,105.472,58942
2020-10-01,105.466,105.728,105.403,105.546,63844
2020-10-02,105.518,105.666,104.942,105.375,80652
2020-10-05,105.277,105.796,105.234,105.74,49667
2020-10-06,105.749,105.785,105.471,105.636,53800
2020-10-07,105.628,106.109,105.6,105.967,52955
2020-10-08,105.967,106.108,105.926,106.03,47169
2020-10-09,106.024,106.036,105.582,105.613,49200
2020-10-12,105.751,105.774,105.242,105.321,38961
2020-10-13,105.343,105.628,105.271,105.477,54717
2020-10-14,105.471,105.516,105.036,105.165,43656
2020-10-15,105.168,105.493,105.059,105.419,45981
2020-10-16,105.442,105.447,105.192,105.38,44431
2020-10-19,105.345,105.504,105.303,105.433,40364
2020-10-20,105.436,105.748,105.343,105.508,44855
2020-10-21,105.498,105.526,104.342,104.582,52236
2020-10-22,104.592,104.924,104.478,104.886,44833
2020-10-23,104.857,104.938,104.548,104.702,39077
2020-10-26,104.672,105.055,104.653,104.833,40776
2020-10-27,104.83,104.891,104.389,104.416,34089
2020-10-28,104.41,104.556,104.114,104.318,47749
2020-10-29,104.32,104.728,104.025,104.61,53789
2020-10-30,104.594,104.743,104.125,104.673,60717
2020-11-02,104.452,104.948,104.452,104.751,45576
2020-11-03,104.7,104.801,104.433,104.501,66407
2020-11-04,104.453,105.345,104.15,104.522,129954
2020-11-05,104.503,104.539,103.443,103.517,91695
2020-11-06,103.451,103.759,103.177,103.366,86703
2020-11-09,103.321,105.648,103.19,105.388,109405
2020-11-10,105.352,105.489,104.822,105.246,86128
2020-11-11,105.29,105.678,105.006,105.432,56614
2020-11-12,105.425,105.479,105.071,105.124,57571
2020-11-13,105.132,105.152,104.566,104.611,54926
2020-11-16,104.713,105.131,104.363,104.567,61392
2020-11-17,104.574,104.599,104.071,104.185,53833
2020-11-18,104.188,104.206,103.652,103.795,56630
2020-11-19,103.828,104.217,103.718,103.745,56951
2020-11-20,103.735,103.912,103.702,103.834,44722
2020-11-23,103.763,104.638,103.684,104.551,57941
2020-11-24,104.432,104.762,104.147,104.444,60420
2020-11-25,104.445,104.6,104.258,104.464,57709
2020-11-26,104.456,104.475,104.218,104.244,45904
2020-11-27,104.258,104.281,103.908,104.087,42955
2020-11-30,104.02,104.409,103.831,104.312,61024
2020-12-01,104.292,104.578,104.182,104.308,58070
2020-12-02,104.309,104.75,104.225,104.412,67781
2020-12-03,104.406,104.535,103.671,103.844,69605
2020-12-04,103.83,104.246,103.738,104.19,62995
2020-12-07,104.092,104.313,103.924,104.05,60163
2020-12-08,104.051,104.207,103.956,104.164,56661
2020-12-09,104.158,104.406,104.054,104.235,51062
2020-12-10,104.212,104.58,104.143,104.216,66818
2020-12-11,104.241,104.277,103.824,104.023,57866
2020-12-14,103.947,104.104,103.512,104.035,60187
2020-12-15,104.03,104.152,103.608,103.647,45204
2020-12-16,103.657,103.918,103.262,103.419,62697
2020-12-17,103.456,103.561,102.874,103.088,59995
2020-12-18,103.094,103.594,103.055,103.305,55267
2020-12-21,103.489,103.892,103.253,103.288,76207
2020-12-22,103.319,103.735,103.281,103.616,57029
2020-12-23,103.631,103.653,103.358,103.541,53268
2020-12-24,103.536,103.768,103.502,103.674,34978
2020-12-28,103.498,103.899,103.404,103.779,44111
2020-12-29,103.8,103.818,103.463,103.532,40940
2020-12-30,103.567,103.587,102.961,103.21,48519
2020-12-31,103.072,103.315,102.996,103.253,39282
2021-01-04,103.095,103.316,102.713,103.137,63088
2021-01-05,103.12,103.192,102.605,102.717,57669
2021-01-06,102.698,103.444,102.592,103.058,79353
2021-01-07,103.029,103.958,102.951,103.825,69044
2021-01-08,103.782,104.093,103.604,103.962,79478
2021-01-11,103.881,104.398,103.844,104.242,57366
2021-01-12,104.259,104.332,103.722,103.751,58256
2021-01-13,103.755,103.997,103.526,103.879,54979
2021-01-14,103.862,104.198,103.564,103.8,64300
2021-01-15,103.801,103.914,103.619,103.883,50152
2021-01-18,103.815,103.931,103.637,103.69,50777
2021-01-19,103.683,104.086,103.652,103.904,50632
2021-01-20,103.9,103.928,103.446,103.536,45869
2021-01-21,103.54,103.668,103.328,103.492,58331
2021-01-22,103.496,103.887,103.441,103.765,42173
2021-01-25,103.713,103.938,103.674,103.76,43399
2021-01-26,103.738,103.829,103.556,103.621,37527
2021-01-27,103.611,104.201,103.588,104.11,48637
2021-01-28,104.072,104.464,104.051,104.262,53355
2021-01-29,104.21,104.941,104.199,104.722,57371
2021-02-01,104.768,105.036,104.608,104.938,41198
2021-02-02,104.914,105.174,104.828,104.971,41458
2021-02-03,104.97,105.105,104.922,105.027,31895
2021-02-04,105.025,105.565,104.975,105.562,35740
2021-02-05,105.509,105.768,105.335,105.376,45988
2021-02-08,105.303,105.672,105.15,105.231,41363
2021-02-09,105.2,105.262,104.498,104.557,52431
2021-02-10,104.562,104.842,104.409,104.595,45151
2021-02-11,104.582,104.805,104.55,104.74,32022
2021-02-12,104.73,105.181,104.68,104.926,39089
2021-02-15,104.889,105.418,104.889,105.361,30453
2021-02-16,105.359,106.076,105.181,106.051,48942
2021-02-17,106.032,106.227,105.78,105.864,57442
2021-02-18,105.862,105.925,105.599,105.663,47512
2021-02-19,105.686,105.743,105.241,105.418,46585
2021-02-22,105.38,105.844,104.983,105.075,54909
2021-02-23,105.063,105.43,104.922,105.251,49282
2021-02-24,105.238,106.104,105.192,105.842,63130
2021-02-25,105.865,106.403,105.832,106.244,95897
2021-02-26,106.16,106.693,105.848,106.536,101505
2021-03-01,106.503,106.89,106.367,106.767,58261
2021-03-02,106.759,106.958,106.67,106.692,54857
2021-03-03,106.681,107.154,106.672,107.02,60088
2021-03-04,106.98,107.988,106.967,107.976,65260
2021-03-05,107.971,108.644,107.821,108.394,85809
2021-03-08,108.31,108.942,108.282,108.917,58919
2021-03-09,108.865,109.234,108.415,108.492,69813
2021-03-10,108.48,108.92,108.339,108.397,65336
2021-03-11,108.374,108.812,108.355,108.508,68196
2021-03-12,108.493,109.166,108.489,109.034,68060
2021-03-15,108.978,109.366,108.915,109.123,57434
2021-03-16,109.122,109.288,108.772,109.004,56131
2021-03-17,108.992,109.326,108.745,108.846,58249
2021-03-18,108.834,109.304,108.625,108.891,79943
2021-03-19,108.882,109.132,108.609,108.885,65980
2021-03-22,108.622,108.956,108.568,108.846,48275
2021-03-23,108.841,108.873,108.405,108.581,56073
2021-03-24,108.583,108.956,108.451,108.723,52759
2021-03-25,108.729,109.238,108.709,109.19,56669
2021-03-26,109.181,109.847,109.131,109.675,54687
2021-03-29,109.719,109.847,109.374,109.833,48436
2021-03-30,109.773,110.428,109.727,110.353,52298
2021-03-31,110.351,110.967,110.275,110.719,62545
2021-04-01,110.692,110.848,110.546,110.608,49693
2021-04-02,110.585,110.75,110.375,110.656,49825
2021-04-05,110.608,110.751,109.962,110.18,40315
2021-04-06,110.172,110.553,109.67,109.739,58582
2021-04-07,109.722,109.942,109.579,109.835,65051
2021-04-08,109.848,109.904,109.0,109.266,55627
2021-04-09,109.257,109.961,109.19,109.66,52875
2021-04-12,109.695,109.769,109.245,109.375,47461
2021-04-13,109.379,109.752,109.017,109.056,61304
2021-04-14,109.058,109.095,108.751,108.936,54435
2021-04-15,108.904,108.964,108.611,108.752,50974
2021-04-16,108.76,108.966,108.61,108.803,46154
2021-04-19,108.767,108.836,108.01,108.137,48308
2021-04-20,108.122,108.55,107.974,108.082,41008
2021-04-21,108.085,108.282,107.877,108.053,33982
2021-04-22,108.07,108.234,107.816,107.971,36339
2021-04-23,107.966,108.147,107.478,107.87,34860
2021-04-26,107.898,108.196,107.644,108.094,36431
2021-04-27,108.069,108.774,108.069,108.735,35069
2021-04-28,108.633,109.078,108.572,108.603,40299
2021-04-29,108.59,109.223,108.435,108.919,34874
2021-04-30,108.923,109.342,108.712,109.337,38771
2021-05-03,109.259,109.698,108.895,109.071,31701
2021-05-04,109.034,109.488,109.011,109.293,39701
2021-05-05,109.316,109.48,109.144,109.192,30695
2021-05-06,109.188,109.429,109.002,109.085,42106
2021-05-07,109.091,109.289,108.337,108.587,44674
2021-05-10,108.57,109.055,108.467,108.836,39754
2021-05-11,108.806,108.981,108.349,108.624,41570
2021-05-12,108.605,109.706,108.546,109.702,49077
2021-05-13,109.614,109.785,109.405,109.458,44519
2021-05-14,109.442,109.656,109.188,109.353,34504
2021-05-17,109.286,109.502,109.075,109.24,32374
2021-05-18,109.17,109.283,108.835,108.889,36076
2021-05-19,108.879,109.337,108.572,109.22,48142
2021-05-20,109.196,109.309,108.751,108.791,38790
2021-05-21,108.753,109.005,108.613,108.966,33821
2021-05-24,108.893,108.994,108.696,108.766,32314
2021-05-25,108.726,109.067,108.559,108.776,39223
2021-05-26,108.756,109.179,108.724,109.144,35829
2021-05-27,109.151,109.924,109.037,109.84,42459
2021-05-28,109.747,110.199,109.743,109.851,38021
2021-05-31,109.792,109.936,109.355,109.555,26569
2021-06-01,109.539,109.709,109.331,109.491,34989
2021-06-02,109.463,109.886,109.42,109.573,33113
2021-06-03,109.515,110.321,109.515,110.308,34901
2021-06-04,110.244,110.332,109.364,109.523,36133
2021-06-07,109.579,109.638,109.192,109.256,31988
2021-06-08,109.233,109.559,109.199,109.483,32592
2021-06-09,109.485,109.657,109.227,109.636,28676
2021-06-10,109.591,109.796,109.306,109.328,36362
2021-06-11,109.304,109.842,109.304,109.689,31274
2021-06-14,109.603,110.098,109.603,110.077,32226
2021-06-15,110.063,110.168,109.987,110.064,30216
2021-06-16,110.042,110.72,109.805,110.705,37771
2021-06-17,110.71,110.823,110.166,110.236,47975
2021-06-18,110.155,110.484,109.942,110.222,53108
2021-06-21,110.189,110.35,109.717,110.327,53351
2021-06-22,110.228,110.794,110.211,110.669,35774
2021-06-23,110.585,111.104,110.585,110.956,35975
2021-06-24,110.95,111.116,110.691,110.882,36133
2021-06-25,110.835,110.986,110.482,110.788,35070
2021-06-28,110.734,110.976,110.498,110.612,37634
2021-06-29,110.621,110.759,110.431,110.547,39911
2021-06-30,110.458,111.12,110.419,111.106,43251
2021-07-01,111.099,111.638,111.026,111.527,37742
2021-07-02,111.531,111.658,110.951,111.031,36570
2021-07-05,110.95,111.19,110.798,110.983,37634
2021-07-06,110.952,110.978,110.523,110.617,39222
2021-07-07,110.596,110.817,110.397,110.62,46314
2021-07-08,110.603,110.672,109.534,109.761,53776
2021-07-09,109.664,110.259,109.664,110.103,41717
2021-07-12,110.102,110.403,109.979,110.351,32474
2021-07-13,110.352,110.647,110.198,110.632,39848
2021-07-14,110.628,110.698,109.935,109.947,37983
2021-07-15,109.935,110.09,109.714,109.841,39889
2021-07-16,109.798,110.341,109.731,110.082,36421
2021-07-19,110.028,110.098,109.066,109.454,48330
2021-07-20,109.398,109.958,109.329,109.859,51048
2021-07-21,109.806,110.389,109.781,110.297,42531
2021-07-22,110.288,110.359,110.014,110.162,39794
2021-07-23,110.104,110.594,110.088,110.552,35926
2021-07-26,110.456,110.583,110.117,110.383,39881
2021-07-27,110.377,110.392,109.584,109.789,43260
2021-07-28,109.76,110.286,109.74,109.917,48723
2021-07-29,109.908,109.948,109.422,109.482,42151
2021-07-30,109.46,109.828,109.36,109.685,39310
2021-08-02,109.628,109.771,109.188,109.315,35103
2021-08-03,109.303,109.342,108.877,109.027,36822
2021-08-04,109.003,109.674,108.721,109.482,39879
2021-08-05,109.48,109.79,109.404,109.782,37402
2021-08-06,109.768,110.352,109.699,110.224,36217
2021-08-09,110.317,110.354,110.027,110.337,33424
2021-08-10,110.205,110.6,110.205,110.583,29419
2021-08-11,110.554,110.801,110.31,110.441,39359
2021-08-12,110.399,110.548,110.317,110.441,26714
2021-08-13,110.359,110.458,109.547,109.6,26866
2021-08-16,109.616,109.751,109.114,109.267,33890
2021-08-17,109.15,109.655,109.116,109.587,35969
2021-08-18,109.551,110.066,109.478,109.767,36715
2021-08-19,109.763,110.226,109.484,109.765,48768
2021-08-20,109.681,109.885,109.571,109.792,35382
2021-08-23,109.724,110.148,109.654,109.691,34446
2021-08-24,109.691,109.882,109.414,109.683,30361
2021-08-25,109.591,110.125,109.591,109.988,35716
2021-08-26,109.957,110.229,109.928,110.082,36918
2021-08-27,110.086,110.267,109.78,109.84,35075
2021-08-30,109.844,109.963,109.703,109.92,21847
2021-08-31,109.923,110.079,109.586,109.995,38825
2021-09-01,109.989,110.42,109.88,110.027,37018
2021-09-02,109.958,110.12,109.917,109.933,29929
2021-09-03,109.914,110.072,109.592,109.702,37219
2021-09-06,109.689,109.946,109.631,109.825,22693
2021-09-07,109.798,110.318,109.688,110.287,37963
2021-09-08,110.23,110.447,110.142,110.267,35125
2021-09-09,110.202,110.271,109.621,109.737,38814
2021-09-10,109.652,109.99,109.652,109.913,35196
2021-09-13,109.872,110.16,109.781,110.003,29987
2021-09-14,109.928,110.163,109.527,109.692,34696
2021-09-15,109.689,109.745,109.112,109.373,35547
2021-09-16,109.371,109.828,109.215,109.746,36612
2021-09-17,109.716,110.081,109.668,109.98,33966
2021-09-20,109.92,110.037,109.322,109.39,36926
2021-09-21,109.385,109.706,109.184,109.219,38296
2021-09-22,109.211,109.9,109.121,109.805,47306
2021-09-23,109.761,110.347,109.734,110.327,35688
2021-09-24,110.324,110.794,110.22,110.738,34516
2021-09-27,110.679,111.066,110.535,111.015,35540
2021-09-28,111.002,111.64,110.936,111.508,48513
2021-09-29,111.465,112.05,111.207,111.981,45684
2021-09-30,111.957,112.08,111.241,111.275,48884
2021-10-01,111.252,111.488,110.907,111.07,52876
2021-10-04,110.881,111.302,110.823,110.92,47454
2021-10-05,110.92,111.563,110.841,111.47,44722
2021-10-06,111.464,111.788,111.201,111.426,51075
2021-10-07,111.394,111.649,111.23,111.621,39380
2021-10-08,111.621,112.253,111.51,112.213,43798
2021-10-11,112.151,113.414,112.107,113.331,37359
2021-10-12,113.25,113.788,113.003,113.608,51491
2021-10-13,113.577,113.803,113.23,113.253,49003
2021-10-14,113.248,113.719,113.212,113.678,38453
2021-10-15,113.676,114.465,113.657,114.262,47173
2021-10-18,114.208,114.453,114.014,114.317,50582
2021-10-19,114.303,114.398,113.879,114.38,44289
2021-10-20,114.366,114.7,114.08,114.329,44024
2021-10-21,114.249,114.417,113.65,114.004,49489
2021-10-22,113.933,114.206,113.414,113.499,53198
2021-10-25,113.535,113.923,113.438,113.714,42671
2021-10-26,113.709,114.313,113.677,114.153,35795
2021-10-27,114.149,114.222,113.389,113.811,51646
2021-10-28,113.809,113.867,113.257,113.566,55385
2021-10-29,113.573,114.097,113.394,113.998,52034
2021-11-01,114.022,114.442,113.938,113.996,44353
2021-11-02,113.994,114.133,113.462,113.963,43884
2021-11-03,113.959,114.22,113.721,114.02,49507
2021-11-04,113.991,114.277,113.506,113.757,49978
2021-11-05,113.746,114.028,113.3,113.396,50545
2021-11-08,113.336,113.666,113.08,113.227,42517
2021-11-09,113.212,113.29,112.726,112.879,52382
2021-11-10,112.841,114.015,112.775,113.91,55835
2021-11-11,113.906,114.156,113.807,114.063,37054
2021-11-12,114.057,114.301,113.76,113.928,41267
2021-11-15,113.924,114.215,113.755,114.14,38777
2021-11-16,114.119,114.85,114.067,114.819,46458
2021-11-17,114.818,114.972,113.934,114.118,49091
2021-11-18,114.027,114.486,113.878,114.256,46556
2021-11-19,114.253,114.542,113.588,114.02,62610
2021-11-22,113.938,114.961,113.924,114.872,55106
2021-11-23,114.869,115.191,114.492,115.132,61709
2021-11-24,115.125,115.521,114.826,115.41,58262
2021-11-25,115.416,115.457,115.241,115.32,31991
2021-11-26,115.318,115.365,113.052,113.238,94498
2021-11-29,113.685,113.956,112.992,113.536,78249
2021-11-30,113.524,113.892,112.532,113.142,93486
2021-12-01,113.133,113.629,112.671,112.769,75401
2021-12-02,112.769,113.33,112.625,113.188,46787
2021-12-03,113.139,113.612,112.56,112.799,68849
2021-12-06,112.827,113.552,112.814,113.489,59136
2021-12-07,113.438,113.779,113.399,113.569,46846
2021-12-08,113.552,113.955,113.31,113.695,56660
2021-12-09,113.656,113.811,113.273,113.462,44385
2021-12-10,113.426,113.791,113.224,113.379,50561
2021-12-13,113.281,113.727,113.259,113.582,41299
2021-12-14,113.486,113.758,113.428,113.753,45181
2021-12-15,113.708,114.271,113.629,114.059,48251
2021-12-16,113.99,114.249,113.56,113.704,53315
2021-12-17,113.633,113.857,113.142,113.708,55248
2021-12-20,113.571,113.732,113.327,113.628,55216
2021-12-21,113.56,114.22,113.553,114.086,36250
2021-12-22,114.057,114.369,113.949,114.115,35286
2021-12-23,114.057,114.467,114.047,114.408,29096
2021-12-24,114.377,114.513,114.3,114.34,25932
2021-12-27,114.377,114.914,114.312,114.888,23043
2021-12-28,114.816,114.951,114.707,114.822,26403
2021-12-29,114.821,115.038,114.669,114.967,29803
2021-12-30,114.894,115.209,114.894,115.063,30104
2021-12-31,115.042,115.197,115.006,115.058,23963
2022-01-03,115.102,115.368,114.95,115.328,31213
2022-01-04,115.319,116.347,115.284,116.126,45062
2022-01-05,116.124,116.244,115.621,116.103,47876
2022-01-06,116.074,116.185,115.629,115.848,50427
2022-01-07,115.823,116.048,115.54,115.548,43485
2022-01-10,115.605,115.85,115.042,115.191,45632
2022-01-11,115.134,115.68,115.125,115.296,45361
2022-01-12,115.301,115.466,114.382,114.63,45922
2022-01-13,114.645,114.703,113.999,114.162,45854
2022-01-14,114.158,114.264,113.482,114.191,55485
2022-01-17,114.119,114.65,114.119,114.613,29008
2022-01-18,114.599,115.06,114.45,114.587,56147
2022-01-19,114.613,114.788,114.207,114.326,49158
2022-01-20,114.321,114.548,113.964,114.109,51708
2022-01-21,114.089,114.149,113.604,113.69,59586
2022-01-24,113.635,113.999,113.47,113.98,63827
2022-01-25,113.873,114.156,113.668,113.862,60203
2022-01-26,113.845,114.694,113.778,114.669,53074
2022-01-27,114.621,115.49,114.474,115.358,66929
2022-01-28,115.357,115.686,115.122,115.227,57113
2022-01-31,115.272,115.593,114.924,115.135,53190
2022-02-01,115.048,115.193,114.568,114.684,51270
2022-02-02,114.651,114.804,114.154,114.436,43486
2022-02-03,114.432,114.988,114.327,114.986,54968
2022-02-04,114.952,115.43,114.775,115.193,55381
2022-02-07,115.199,115.378,114.915,115.098,49675
2022-02-08,115.049,115.628,115.048,115.548,43730
2022-02-09,115.531,115.68,115.323,115.539,39777
2022-02-10,115.459,116.338,115.459,116.002,61091
2022-02-11,115.947,116.176,115.014,115.485,61535
2022-02-14,115.328,115.747,115.01,115.536,72974
2022-02-15,115.53,115.872,115.259,115.594,54353
2022-02-16,115.588,115.787,115.354,115.45,51760
2022-02-17,115.467,115.537,114.846,114.916,69905
2022-02-18,114.93,115.297,114.79,115.04,56061
2022-02-21,115.002,115.125,114.718,114.733,39900
2022-02-22,114.737,115.243,114.5,115.076,69099
2022-02-23,115.048,115.201,114.927,115.013,39170
2022-02-24,114.968,115.696,114.409,115.535,109634
2022-02-25,115.467,115.762,115.148,115.539,68805
2022-02-28,115.245,115.766,114.861,114.976,76797
2022-03-01,114.97,115.289,114.701,114.905,64072
2022-03-02,114.892,115.686,114.793,115.522,66477
2022-03-03,115.522,115.806,115.384,115.463,54420
2022-03-04,115.458,115.556,114.649,114.867,74336
2022-03-07,114.888,115.473,114.82,115.292,73060
2022-03-08,115.272,115.791,115.261,115.678,64935
2022-03-09,115.68,115.942,115.56,115.866,52725
2022-03-10,115.799,116.197,115.799,116.129,51825
2022-03-11,116.135,117.358,116.078,117.293,52670
2022-03-14,117.333,118.217,117.311,118.19,46107
2022-03-15,118.182,118.45,117.701,118.288,56174
2022-03-16,118.296,119.122,118.173,118.757,54917
2022-03-17,118.691,119.026,118.367,118.593,55267
2022-03-18,118.591,119.4,118.47,119.149,40525
2022-03-21,119.132,119.501,119.046,119.473,36737
2022-03-22,119.459,121.033,119.436,120.78,61626
2022-03-23,120.771,121.413,120.594,121.139,62690
2022-03-24,121.152,122.41,120.953,122.364,59530
2022-03-25,122.318,122.437,121.177,122.096,74429
2022-03-28,121.999,125.099,121.998,123.907,103713
2022-03-29,123.758,124.304,121.98,122.89,107671
2022-03-30,122.823,123.206,121.312,121.828,99715
2022-03-31,121.865,122.454,121.281,121.699,98435
2022-04-01,121.665,123.036,121.665,122.554,79466
2022-04-04,122.593,122.959,122.262,122.768,62214
2022-04-05,122.775,123.671,122.377,123.598,62643
2022-04-06,123.6,124.051,123.462,123.791,78562
2022-04-07,123.748,124.002,123.468,123.97,63944
2022-04-08,123.902,124.677,123.67,124.278,62003
2022-04-11,124.024,125.771,123.969,125.395,74634
2022-04-12,125.347,125.758,124.767,125.398,79882
2022-04-13,125.324,126.319,125.304,125.655,75414
2022-04-14,125.574,126.015,125.085,125.886,80014
2022-04-15,125.871,126.679,125.849,126.406,66337
2022-04-18,126.411,126.999,126.241,126.995,56462
2022-04-19,126.979,128.973,126.966,128.891,91549
2022-04-20,128.899,129.402,127.457,127.879,110509
2022-04-21,127.93,128.706,127.743,128.386,92508
2022-04-22,128.314,129.109,127.734,128.556,96850
2022-04-25,128.531,128.864,127.523,128.133,101765
2022-04-26,128.128,128.218,127.026,127.208,101096
2022-04-27,127.223,128.591,126.943,128.424,96133
2022-04-28,128.418,131.251,128.341,130.841,121573
2022-04-29,130.846,130.958,129.315,129.85,100526
2022-05-02,129.739,130.477,129.613,130.184,81496
2022-05-03,130.086,130.29,129.697,130.141,70498
2022-05-04,130.135,130.381,128.625,129.052,75347
2022-05-05,129.047,130.557,128.752,130.186,105947
2022-05-06,130.2,130.806,130.094,130.541,96265
2022-05-09,130.504,131.349,130.113,130.33,91578
2022-05-10,130.274,130.577,129.797,130.436,100011
2022-05-11,130.435,130.813,129.446,129.973,103358
2022-05-12,129.882,130.056,127.519,128.316,126497
2022-05-13,128.37,129.454,128.274,129.259,97839
2022-05-16,129.286,129.637,128.7,129.152,74737
2022-05-17,129.16,129.778,128.829,129.348,78314
2022-05-18,129.438,129.537,128.006,128.242,81902
2022-05-19,128.213,128.944,127.025,127.83,115132
2022-05-20,127.792,128.296,127.527,127.911,92931
2022-05-23,127.95,128.06,127.153,127.892,78558
2022-05-24,127.907,128.086,126.362,126.854,87558
2022-05-25,126.824,127.496,126.652,127.298,87387
2022-05-26,127.273,127.583,126.552,127.08,78845
2022-05-27,127.104,127.258,126.679,127.122,73496
2022-05-30,127.034,127.824,126.858,127.609,60416
2022-05-31,127.503,128.89,127.503,128.705,103778
2022-06-01,128.65,130.188,128.645,130.16,92653
2022-06-02,130.12,130.241,129.512,129.9,83520
2022-06-03,129.831,130.98,129.683,130.826,75182
2022-06-06,130.915,132.011,130.43,131.89,83299
2022-06-07,131.866,133.001,131.862,132.631,102225
2022-06-08,132.598,134.475,132.578,134.26,109547
2022-06-09,134.254,134.557,133.184,134.372,118149
2022-06-10,134.346,134.481,133.365,134.345,110768
2022-06-13,134.319,135.197,133.593,134.41,134388
2022-06-14,134.416,135.463,133.873,135.461,136756
2022-06-15,135.465,135.592,133.505,133.828,137783
2022-06-16,133.86,134.679,131.493,132.24,146254
2022-06-17,132.204,135.425,132.172,134.946,143927
2022-06-20,134.966,135.44,134.535,135.105,102781
2022-06-21,135.022,136.706,134.923,136.659,112144
2022-06-22,136.658,136.708,135.684,136.228,129153
2022-06-23,136.26,136.26,134.262,134.964,148309
2022-06-24,134.94,135.398,134.35,135.209,123037
2022-06-27,135.15,135.549,134.52,135.471,113652
2022-06-28,135.445,136.384,135.112,136.166,110762
2022-06-29,136.112,137.004,135.787,136.596,121797
2022-06-30,136.579,136.809,135.552,135.728,111382
2022-07-01,135.716,135.985,134.744,135.248,119327
2022-07-04,135.255,135.774,134.78,135.674,76601
2022-07-05,135.593,136.36,135.524,135.89,115201
2022-07-06,135.686,136.006,134.951,135.925,124819
2022-07-07,135.91,136.222,135.548,135.988,98108
2022-07-08,136.006,136.566,135.327,136.088,113751
2022-07-11,136.007,137.754,135.961,137.419,100319
2022-07-12,137.44,137.531,136.474,136.861,107672
2022-07-13,136.871,137.865,136.693,137.442,106712
2022-07-14,137.204,139.392,137.19,138.946,121758
2022-07-15,138.942,139.127,138.392,138.521,87765
2022-07-18,138.492,138.569,137.889,138.127,75649
2022-07-19,138.119,138.391,137.381,138.18,84627
2022-07-20,138.178,138.373,137.9,138.278,70611
2022-07-21,138.192,138.877,137.297,137.345,97762
2022-07-22,137.345,137.955,135.565,136.076,95682
2022-07-25,136.065,136.789,135.89,136.664,82447
2022-07-26,136.662,136.966,136.278,136.932,70581
2022-07-27,136.848,137.459,136.319,136.613,78163
2022-07-28,136.531,136.58,134.2,134.235,100672
2022-07-29,134.241,134.677,132.502,133.226,108649
2022-08-01,133.237,133.559,131.599,131.613,94431
2022-08-02,131.612,133.16,130.391,133.157,116576
2022-08-03,133.158,134.546,132.28,133.857,111880
2022-08-04,133.847,134.419,132.763,132.918,95442
2022-08-05,132.823,135.499,132.522,135.033,92216
2022-08-08,135.018,135.576,134.359,135.026,85349
2022-08-09,134.857,135.2,134.668,135.142,71018
2022-08-10,135.046,135.304,132.028,132.874,80884
2022-08-11,132.878,133.312,131.731,132.974,84150
2022-08-12,132.993,133.893,132.881,133.427,79923
2022-08-15,133.375,133.591,132.554,133.303,69878
2022-08-16,133.31,134.679,132.953,134.237,74562
2022-08-17,134.159,135.501,133.907,135.078,88541
2022-08-18,134.96,135.902,134.649,135.883,88487
2022-08-19,135.885,137.232,135.715,136.865,88577
2022-08-22,136.857,137.649,136.698,137.472,86031
2022-08-23,137.436,137.71,135.811,136.751,93860
2022-08-24,136.78,137.245,136.17,137.13,93707
2022-08-25,137.075,137.2,136.319,136.459,85775
2022-08-26,136.435,137.531,136.188,137.515,89408
2022-08-29,137.561,139.002,137.53,138.675,89828
2022-08-30,138.709,139.075,138.052,138.795,91807
2022-08-31,138.791,139.005,138.271,138.957,90416
2022-09-01,138.957,140.23,138.843,140.201,88745
2022-09-02,140.202,140.8,139.869,140.188,82794
2022-09-05,140.123,140.663,140.081,140.578,77802
2022-09-06,140.569,143.074,140.249,142.791,104808
2022-09-07,142.793,144.993,142.632,143.753,137063
2022-09-08,143.718,144.559,143.317,144.107,114528
2022-09-09,144.103,144.122,141.502,142.613,130795
2022-09-12,142.119,143.494,142.116,142.829,105960
2022-09-13,142.833,144.684,141.636,144.505,124850
2022-09-14,144.552,144.966,142.551,143.165,122638
2022-09-15,143.107,143.801,142.796,143.477,115664
2022-09-16,143.467,143.69,142.831,142.944,95579
2022-09-19,142.888,143.644,142.64,143.212,85014
2022-09-20,143.201,143.925,142.933,143.717,82356
2022-09-21,143.724,144.7,143.343,144.063,116473
2022-09-22,143.953,145.899,140.351,142.367,144132
2022-09-23,142.337,143.461,141.761,143.35,129736
2022-09-26,143.593,144.788,143.252,144.728,125281
2022-09-27,144.728,144.903,144.058,144.814,114825
2022-09-28,144.751,144.868,143.907,144.123,115711
2022-09-29,144.025,144.803,144.021,144.42,108668
2022-09-30,144.355,144.806,144.204,144.778,95540
2022-10-03,144.652,145.3,144.157,144.563,100282
2022-10-04,144.523,144.935,143.898,144.153,94888
2022-10-05,144.036,144.847,143.529,144.682,99030
2022-10-06,144.55,145.141,144.383,145.135,82687
2022-10-07,145.131,145.441,144.723,145.386,81976
2022-10-10,145.244,145.803,145.234,145.734,69984
2022-10-11,145.713,145.897,145.426,145.856,84672
2022-10-12,145.853,146.969,145.6,146.901,97508
2022-10-13,146.908,147.674,146.456,147.225,95504
2022-10-14,147.146,148.86,147.088,148.764,97415
2022-10-17,148.55,149.09,148.413,149.024,79016
2022-10-18,149.023,149.379,148.14,149.233,81271
2022-10-19,149.244,149.907,149.098,149.907,71592
2022-10-20,149.885,150.287,149.553,150.148,85443
2022-10-21,150.139,151.942,146.195,147.63,120589
2022-10-24,147.588,149.706,145.532,149.012,117208
2022-10-25,148.84,149.099,147.517,147.949,91652
2022-10-26,147.913,148.41,146.224,146.391,117406
2022-10-27,146.346,146.935,145.109,146.248,119900
2022-10-28,146.21,147.859,145.989,147.476,114992
2022-10-31,147.777,148.85,147.484,148.75,93586
2022-11-01,148.647,148.827,146.991,148.233,109139
2022-11-02,148.234,148.372,145.669,147.916,110593
2022-11-03,147.796,148.448,147.111,148.265,103951
2022-11-04,148.195,148.403,146.555,146.618,107866
2022-11-07,147.118,147.568,146.087,146.627,101686
2022-11-08,146.583,146.936,145.311,145.669,98411
2022-11-09,145.669,146.796,145.171,146.396,118818
2022-11-10,146.404,146.593,140.205,140.956,128647
2022-11-11,140.95,142.482,138.466,138.769,140050
2022-11-14,139.14,140.797,138.8,139.918,124826
2022-11-15,139.888,140.626,137.674,139.308,135721
2022-11-16,139.27,140.292,138.729,139.535,127705
2022-11-17,139.438,140.74,138.877,140.217,108415
2022-11-18,140.191,140.5,139.632,140.366,100009
2022-11-21,140.302,142.254,140.159,142.115,99856
2022-11-22,142.104,142.24,141.083,141.219,90982
2022-11-23,141.199,141.612,139.17,139.587,98284
2022-11-24,139.594,139.623,138.053,138.642,78679
2022-11-25,138.546,139.596,138.373,139.122,92041
2022-11-28,139.224,139.42,137.497,138.91,110760
2022-11-29,138.903,139.352,137.865,138.7,114094
2022-11-30,138.56,139.895,137.651,138.004,127384
2022-12-01,138.055,138.111,135.211,135.339,132002
2022-12-02,135.232,135.982,133.623,134.316,125957
2022-12-05,134.496,136.861,134.135,136.761,115578
2022-12-06,136.666,137.43,135.962,137.046,113741
2022-12-07,136.86,137.858,136.22,136.6,121414
2022-12-08,136.612,137.247,136.246,136.681,103905
2022-12-09,136.628,136.909,135.602,136.584,107679
2022-12-12,136.449,137.85,136.411,137.65,94545
2022-12-13,137.657,137.971,134.658,135.586,117783
2022-12-14,135.531,135.989,134.507,135.459,119960
2022-12-15,135.468,138.176,135.24,137.79,115738
2022-12-16,137.772,137.798,136.293,136.735,102633
2022-12-19,135.925,137.164,135.755,136.901,104131
2022-12-20,136.901,137.48,130.578,131.719,153845
2022-12-21,131.688,132.532,131.492,132.45,115889
2022-12-22,132.486,132.724,131.641,132.364,100599
2022-12-23,132.333,133.144,132.156,132.829,91910
2022-12-27,132.835,133.594,132.632,133.498,77004
2022-12-28,133.478,134.5,133.344,134.479,89379
2022-12-29,134.464,134.464,132.88,133.015,87540
2022-12-30,133.01,133.093,130.776,131.086,104366
2023-01-02,130.924,131.046,130.601,130.601,27114
2023-01-03,130.698,131.4,129.517,130.985,123790
2023-01-04,131.014,132.716,129.926,132.652,124049
2023-01-05,132.57,134.055,131.684,133.421,122085
2023-01-06,133.406,134.774,131.998,132.106,116759
2023-01-09,131.928,132.658,131.311,131.888,113256
2023-01-10,131.884,132.48,131.388,132.237,114147
2023-01-11,132.244,132.873,132.066,132.494,97573
2023-01-12,132.371,132.478,128.865,129.324,134478
2023-01-13,129.18,129.432,127.459,127.851,125071
2023-01-16,127.761,128.867,127.224,128.506,95388
2023-01-17,128.444,129.154,127.991,128.153,112412
2023-01-18,128.042,131.577,127.566,128.916,152376
2023-01-19,128.868,128.896,127.763,128.427,111426
2023-01-20,128.419,130.612,128.353,129.576,104919
2023-01-23,129.456,130.89,129.042,130.681,101585
2023-01-24,130.631,131.118,129.729,130.179,92914
2023-01-25,130.164,130.586,129.267,129.588,97468
2023-01-26,129.59,130.618,129.027,130.231,101098
2023-01-27,130.221,130.269,129.498,129.798,92135
2023-01-30,129.681,130.57,129.204,130.442,97417
2023-01-31,130.399,130.532,129.743,130.102,90089
2023-02-01,130.039,130.412,128.541,128.963,99283
2023-02-02,128.926,129.128,128.083,128.702,109240
2023-02-03,128.662,131.203,128.331,131.186,99485
2023-02-06,132.448,132.904,131.514,132.634,105885
2023-02-07,132.646,132.708,130.475,131.075,114378
2023-02-08,131.033,131.539,130.596,131.44,98922
2023-02-09,131.343,131.828,130.34,131.516,100800
2023-02-10,131.554,131.883,129.799,131.432,117914
2023-02-13,131.235,132.912,131.196,132.392,88541
2023-02-14,132.376,133.314,131.502,133.092,116482
2023-02-15,133.12,134.36,132.546,134.169,96385
2023-02-16,134.116,134.464,133.605,133.947,103705
2023-02-17,133.939,135.108,133.926,134.136,92128
2023-02-20,134.2,134.539,133.923,134.276,69480
2023-02-21,134.214,135.228,134.15,135.027,91200
2023-02-22,134.998,135.062,134.366,134.91,98870
2023-02-23,134.862,135.366,134.49,134.676,79667
2023-02-24,134.695,136.516,134.059,136.477,108653
2023-02-27,136.411,136.564,135.916,136.227,83091
2023-02-28,136.18,136.918,135.737,136.234,89653
2023-03-01,136.163,136.469,135.257,136.19,96552
2023-03-02,136.146,137.1,136.021,136.758,103337
2023-03-03,136.754,136.77,135.746,135.832,88700
2023-03-06,135.96,136.192,135.363,135.919,90304
2023-03-07,135.908,137.196,135.541,137.151,92467
2023-03-08,137.153,137.912,136.476,137.339,88742
2023-03-09,137.325,137.344,135.942,136.147,84408
2023-03-10,136.141,136.994,134.111,135.086,130741
2023-03-13,134.537,135.038,132.285,133.252,165150
2023-03-14,133.176,134.903,133.03,134.204,135534
2023-03-15,134.215,135.11,132.216,133.432,154340
2023-03-16,133.373,133.83,131.718,133.75,145762
2023-03-17,133.704,133.743,131.556,131.846,125193
2023-03-20,131.775,132.65,130.538,131.304,143813
2023-03-21,131.317,132.626,131.034,132.457,100000
2023-03-22,132.475,132.999,131.004,131.512,103986
2023-03-23,131.436,131.662,130.321,130.847,120867
2023-03-24,130.787,130.939,129.641,130.715,123507
2023-03-27,130.498,131.761,130.466,131.573,95663
2023-03-28,131.534,131.572,130.406,130.898,90950
2023-03-29,130.851,132.891,130.76,132.863,90001
2023-03-30,132.847,132.967,132.205,132.683,86480
2023-03-31,132.644,133.597,132.588,132.826,89438
2023-04-03,133.367,133.754,132.202,132.405,91547
2023-04-04,132.366,133.168,131.522,131.716,83224
2023-04-05,131.679,131.846,130.631,131.326,86533
2023-04-06,131.31,131.906,130.777,131.773,66300
2023-04-07,131.763,132.378,131.526,132.145,54479
2023-04-10,132.128,133.871,131.831,133.604,74389
2023-04-11,133.594,133.805,132.971,133.69,72928
2023-04-12,133.649,134.046,132.735,133.139,91364
2023-04-13,133.121,133.393,132.02,132.576,79426
2023-04-14,132.575,133.837,132.169,133.735,80993
2023-04-17,133.802,134.575,133.711,134.476,75201
2023-04-18,134.426,134.708,133.864,134.106,82150
2023-04-19,134.106,135.136,133.952,134.712,75636
2023-04-20,134.672,134.972,134.014,134.243,79001
2023-04-21,134.23,134.493,133.551,134.121,72903
2023-04-24,133.942,134.73,133.891,134.251,74166
2023-04-25,134.23,134.475,133.37,133.726,74412
2023-04-26,133.739,133.943,133.018,133.658,92503
2023-04-27,133.659,134.194,133.203,133.989,79082
2023-04-28,133.91,136.561,133.35,136.279,103497
2023-05-01,136.141,137.54,136.141,137.466,76600
2023-05-02,137.484,137.775,136.32,136.562,91876
2023-05-03,136.539,136.607,134.736,134.771,94117
2023-05-04,134.675,134.879,133.501,134.277,112382
2023-05-05,134.246,135.126,133.886,134.824,77840
2023-05-08,134.744,135.297,134.642,135.119,74956
2023-05-09,135.034,135.357,134.722,135.233,89206
2023-05-10,135.16,135.47,134.115,134.36,94720
2023-05-11,134.302,134.843,133.745,134.562,98146
2023-05-12,134.464,135.753,134.402,135.728,77426
2023-05-15,135.644,136.327,135.637,136.108,74857
2023-05-16,136.108,136.684,135.656,136.386,73684
2023-05-17,136.367,137.712,136.306,137.698,76546
2023-05-18,137.662,138.748,137.288,138.705,80351
2023-05-19,138.714,138.724,137.424,137.967,83890
2023-05-22,137.968,138.686,137.493,138.59,78992
2023-05-23,138.59,138.913,138.242,138.571,88329
2023-05-24,138.578,139.477,138.23,139.464,88672
2023-05-25,139.441,140.229,138.818,140.038,94189
2023-05-26,140.046,140.724,139.496,140.602,80894
2023-05-29,140.57,140.922,140.115,140.435,49409
2023-05-30,140.435,140.932,139.571,139.788,85553
2023-05-31,139.788,140.41,139.234,139.341,81289
2023-06-01,139.335,139.949,138.434,138.794,80467
2023-06-02,138.778,140.071,138.607,139.97,73927
2023-06-05,139.947,140.454,139.252,139.584,69057
2023-06-06,139.567,139.994,139.097,139.638,69137
2023-06-07,139.63,140.249,139.026,140.171,72446
2023-06-08,140.082,140.231,138.81,138.92,74256
2023-06-09,138.918,139.725,138.762,139.378,68599
2023-06-12,139.302,139.768,139.064,139.608,66779
2023-06-13,139.589,140.306,139.011,140.228,76241
2023-06-14,140.199,140.283,139.284,140.082,79804
2023-06-15,140.031,141.503,139.942,140.273,88564
2023-06-16,140.26,141.914,139.852,141.863,90139
2023-06-19,141.696,142.002,141.443,141.991,60107
2023-06-20,141.971,142.254,141.215,141.434,86570
2023-06-21,141.455,142.367,141.283,141.892,85871
2023-06-22,141.855,143.23,141.612,143.107,80968
2023-06-23,143.089,143.874,142.672,143.69,91454
2023-06-26,143.475,143.718,142.939,143.506,84933
2023-06-27,143.475,144.174,143.284,144.069,83241
2023-06-28,144.067,144.616,143.73,144.485,90625
2023-06-29,144.478,144.899,144.135,144.778,88955
2023-06-30,144.711,145.072,144.205,144.296,86474
2023-07-03,144.242,144.914,143.985,144.662,76103
2023-07-04,144.643,144.703,144.206,144.471,50956
2023-07-05,144.448,144.737,144.081,144.65,74138
2023-07-06,144.638,144.654,143.556,144.061,90681
2023-07-07,144.044,144.2,142.074,142.103,86611
2023-07-10,142.114,143.005,141.278,141.321,83084
2023-07-11,141.311,141.459,140.159,140.352,83919
2023-07-12,140.376,140.376,138.159,138.514,94141
2023-07-13,138.456,138.951,137.921,138.05,92359
2023-07-14,138.026,139.153,137.246,138.803,94131
2023-07-17,138.62,139.409,138.001,138.719,78393
2023-07-18,138.707,139.138,137.68,138.841,89073
2023-07-19,138.829,139.994,138.766,139.67,87658
2023-07-20,139.556,140.499,139.108,140.07,86482
2023-07-21,140.072,141.954,139.75,141.841,85664
2023-07-24,141.549,141.811,140.735,141.481,80603
2023-07-25,141.451,141.735,140.85,140.909,72526
2023-07-26,140.898,141.188,139.926,140.245,87002
2023-07-27,140.236,141.318,138.765,139.468,109297
2023-07-28,139.467,141.179,138.063,141.162,122825
2023-07-31,140.918,142.68,140.692,142.268,96956
2023-08-01,142.287,143.547,142.211,143.331,88219
2023-08-02,143.328,143.478,142.233,143.329,100848
2023-08-03,143.324,143.892,142.065,142.526,107221
2023-08-04,142.53,142.895,141.552,141.751,90010
2023-08-07,141.662,142.584,141.514,142.475,73512
2023-08-08,142.49,143.493,142.403,143.39,87338
2023-08-09,143.366,143.75,143.0,143.725,78039
2023-08-10,143.72,144.818,143.278,144.752,83967
2023-08-11,144.716,145.003,144.411,144.955,74834
2023-08-14,144.841,145.58,144.65,145.55,78503
2023-08-15,145.536,145.866,145.106,145.579,79753
2023-08-16,145.559,146.406,145.306,146.356,80257
2023-08-17,146.344,146.558,145.619,145.854,84470
2023-08-18,145.834,145.857,144.926,145.39,79490
2023-08-21,145.26,146.404,145.146,146.232,73695
2023-08-22,146.199,146.401,145.496,145.884,76474
2023-08-23,145.888,145.888,144.539,144.85,80454
2023-08-24,144.811,145.96,144.603,145.85,74286
2023-08-25,145.821,146.635,145.721,146.449,78519
2023-08-28,146.394,146.744,146.274,146.54,64836
2023-08-29,146.534,147.375,145.668,145.888,78478
2023-08-30,145.881,146.537,145.557,146.253,82579
2023-08-31,146.222,146.224,145.347,145.535,81317
2023-09-01,145.522,146.294,144.439,146.193,75821
2023-09-04,146.049,146.498,146.024,146.486,45699
2023-09-05,146.469,147.8,146.368,147.722,70659
2023-09-06,147.721,147.818,147.017,147.67,73405
2023-09-07,147.652,147.874,147.043,147.29,68321
2023-09-08,147.282,147.868,146.584,147.781,70901
2023-09-11,146.982,147.274,145.9,146.582,90255
2023-09-12,146.577,147.234,146.438,147.086,70824
2023-09-13,147.077,147.738,147.018,147.477,80851
2023-09-14,147.449,147.564,147.02,147.464,74538
2023-09-15,147.47,147.952,147.338,147.841,72367
2023-09-18,147.704,147.878,147.558,147.602,55593
2023-09-19,147.584,147.922,147.508,147.872,58117
2023-09-20,147.832,148.361,147.474,148.353,72158
2023-09-21,148.341,148.458,147.322,147.563,74179
2023-09-22,147.566,148.414,147.498,148.354,70309
2023-09-25,148.252,148.966,148.201,148.893,60811
2023-09-26,148.877,149.188,148.706,149.064,71620
2023-09-27,149.053,149.71,148.862,149.647,69794
2023-09-28,149.621,149.621,149.149,149.3,69304
2023-09-29,149.283,149.504,148.53,149.366,71448
2023-10-02,149.6,149.877,149.389,149.866,64159
2023-10-03,149.851,150.161,147.275,149.036,71694
2023-10-04,148.985,149.316,148.734,149.126,78880
2023-10-05,149.121,149.121,148.259,148.5,77415
2023-10-06,148.503,149.534,148.341,149.241,73051
2023-10-09,149.08,149.241,148.438,148.511,62606
2023-10-10,148.49,149.098,148.165,148.71,74906
2023-10-11,148.711,149.324,148.424,149.175,74891
2023-10-12,149.145,149.83,148.956,149.81,72245
2023-10-13,149.783,149.829,149.455,149.56,67448
2023-10-16,149.323,149.762,149.302,149.517,56333
2023-10-17,149.484,149.852,148.805,149.807,61058
2023-10-18,149.804,149.939,149.488,149.928,58228
2023-10-19,149.926,149.962,149.665,149.787,69795
2023-10-20,149.769,149.993,149.649,149.849,57816
2023-10-23,149.842,149.992,149.558,149.713,49421
2023-10-24,149.692,149.926,149.324,149.911,59586
2023-10-25,149.915,150.317,149.793,150.233,49257
2023-10-26,150.177,150.779,149.883,150.401,69700
2023-10-27,150.373,150.414,149.461,149.595,57744
2023-10-30,149.481,149.855,148.804,149.055,55468
2023-10-31,149.024,151.713,149.01,151.679,77770
2023-11-01,151.542,151.674,150.66,150.946,70405
2023-11-02,150.951,150.952,149.846,150.446,67731
2023-11-03,150.377,150.521,149.194,149.356,61247
2023-11-06,149.319,150.082,149.298,150.078,55402
2023-11-07,150.052,150.692,149.921,150.431,57460
2023-11-08,150.298,151.058,150.29,150.976,57446
2023-11-09,150.971,151.387,150.768,151.341,63386
2023-11-10,151.333,151.604,151.223,151.519,52821
2023-11-13,151.438,151.91,151.208,151.723,49908
2023-11-14,151.717,151.785,150.154,150.387,58483
2023-11-15,150.33,151.422,150.047,151.391,66288
2023-11-16,151.312,151.432,150.286,150.735,60003
2023-11-17,150.702,150.776,149.199,149.578,69900
2023-11-20,149.593,149.989,148.101,148.396,81658
2023-11-21,148.323,148.596,147.149,148.4,83761
2023-11-22,148.372,149.751,148.017,149.538,79547
2023-11-23,149.515,149.69,148.888,149.573,49748
2023-11-24,149.526,149.713,149.199,149.418,55009
2023-11-27,149.412,149.674,148.549,148.681,76051
2023-11-28,148.67,148.828,147.323,147.465,87041
2023-11-29,147.479,147.908,146.67,147.232,99350
2023-11-30,147.234,148.51,146.841,148.224,92055
2023-12-01,148.174,148.347,146.661,146.804,93187
2023-12-04,146.674,147.45,146.226,147.217,100856
2023-12-05,147.19,147.386,146.555,147.152,93030
2023-12-06,147.135,147.5,146.896,147.308,77945
2023-12-07,147.309,147.309,141.626,144.142,118587
2023-12-08,144.095,145.211,142.496,144.979,121173
2023-12-11,144.892,146.587,144.813,146.158,92978
2023-12-12,146.145,146.176,144.73,145.465,88706
2023-12-13,145.448,145.994,142.632,142.894,98350
2023-12-14,142.888,142.905,140.961,141.879,137675
2023-12-15,141.845,142.47,141.429,142.159,109092
2023-12-18,142.039,143.158,142.008,142.794,82241
2023-12-19,142.708,144.956,142.25,143.838,98403
2023-12-20,143.803,144.1,143.262,143.56,88461
2023-12-21,143.554,143.568,142.046,142.122,90524
2023-12-22,142.116,142.662,141.868,142.441,83540
2023-12-26,142.21,142.636,142.093,142.384,46690
2023-12-27,142.324,142.85,141.549,141.837,64906
2023-12-28,141.812,141.812,140.252,141.415,79476
2023-12-29,141.338,141.918,140.801,141.019,75612
2024-01-02,140.827,142.214,140.812,141.991,77883
2024-01-03,141.984,143.73,141.771,143.292,89131
2024-01-04,143.28,144.85,142.855,144.632,89699
2024-01-05,144.604,145.975,143.806,144.529,98782
2024-01-08,144.441,144.923,143.661,144.234,85429
2024-01-09,144.201,144.626,143.423,144.482,89914
2024-01-10,144.425,145.832,144.319,145.766,81234
2024-01-11,145.74,146.416,145.061,145.287,99191
2024-01-12,145.267,145.567,144.356,144.9,90444
2024-01-15,144.85,145.944,144.781,145.762,62235
2024-01-16,145.655,147.314,145.588,147.182,102987
2024-01-17,147.168,148.524,147.046,148.153,100801
2024-01-18,148.081,148.304,147.658,148.158,94029
2024-01-19,148.045,148.808,147.84,148.15,84151
2024-01-22,148.197,148.303,147.619,148.117,82047
2024-01-23,147.919,148.697,146.981,148.371,88149
2024-01-24,148.274,148.386,146.658,147.513,91415
2024-01-25,147.347,147.942,147.085,147.662,86117
2024-01-26,147.544,148.207,147.422,148.13,81130
2024-01-29,148.087,148.336,147.255,147.494,76239
2024-01-30,147.299,147.929,147.099,147.595,79916
2024-01-31,147.533,147.9,146.012,146.965,116675
2024-02-01,146.845,147.118,145.897,146.423,118399
2024-02-02,146.416,148.586,146.243,148.383,93477
2024-02-05,148.412,148.896,148.27,148.679,90082
2024-02-06,148.589,148.789,147.82,147.944,84415
2024-02-07,147.895,148.259,147.634,148.176,84058
2024-02-08,148.088,149.48,147.934,149.318,83009
2024-02-09,149.263,149.576,149.011,149.269,78022
2024-02-12,149.283,149.479,148.93,149.353,69559
2024-02-13,149.287,150.885,149.264,150.797,80224
2024-02-14,150.754,150.779,150.347,150.591,81534
2024-02-15,150.507,150.567,149.531,149.932,85284
2024-02-16,149.857,150.646,149.829,150.186,79385
2024-02-19,150.077,150.193,149.877,150.125,51867
2024-02-20,150.064,150.44,149.687,149.993,81215
2024-02-21,149.88,150.392,149.855,150.284,76429
2024-02-22,150.28,150.691,150.018,150.535,90334
2024-02-23,150.513,150.771,150.295,150.538,80038
2024-02-26,150.487,150.84,150.292,150.708,82885
2024-02-27,150.632,150.705,150.076,150.52,79433
2024-02-28,150.45,150.846,150.374,150.7,85569
2024-02-29,150.656,150.663,149.208,149.999,102085
2024-03-01,149.92,150.722,149.903,150.12,100420
2024-03-04,149.983,150.569,149.841,150.52,76796
2024-03-05,150.485,150.547,149.705,150.058,89867
2024-03-06,150.008,150.086,149.094,149.401,91356
2024-03-07,149.306,149.365,147.591,148.027,113751
2024-03-08,147.96,148.12,146.483,147.074,109497
2024-03-11,146.976,147.148,146.488,146.948,109882
2024-03-12,146.778,148.177,146.622,147.662,130202
2024-03-13,147.633,148.048,147.234,147.753,114265
2024-03-14,147.726,148.358,147.434,148.306,128273
2024-03-15,148.301,149.165,148.033,149.051,110134
2024-03-18,148.948,149.333,148.912,149.154,108358
2024-03-19,149.085,150.963,149.001,150.85,122699
2024-03-20,150.809,151.817,150.719,151.241,127198
2024-03-21,151.247,151.756,150.265,151.633,131174
2024-03-22,151.609,151.863,151.003,151.446,120832
2024-03-25,151.268,151.545,151.053,151.415,93788
2024-03-26,151.403,151.603,151.207,151.553,98710
2024-03-27,151.511,151.973,151.027,151.319,107672
2024-03-28,151.282,151.547,151.152,151.374,105007
2024-03-29,151.356,151.502,151.165,151.329,55990
2024-04-01,151.265,151.774,151.161,151.648,81246
2024-04-02,151.616,151.802,151.466,151.546,104648
2024-04-03,151.529,151.954,151.442,151.689,88289
2024-04-04,151.634,151.769,151.121,151.342,95505
2024-04-05,151.296,151.752,150.813,151.615,103785
2024-04-08,151.605,151.944,151.475,151.837,88001
2024-04-09,151.738,151.937,151.571,151.77,86933
2024-04-10,151.692,153.243,151.65,153.14,106170
2024-04-11,153.079,153.319,152.759,153.268,123013
2024-04-12,153.215,153.386,152.591,153.26,116329
2024-04-15,153.039,154.446,152.813,154.265,115783
2024-04-16,154.247,154.788,153.907,154.722,110698
2024-04-17,154.624,154.735,154.159,154.372,94527
2024-04-18,154.319,154.68,153.958,154.649,92512
2024-04-19,154.623,154.674,153.591,154.635,112641
2024-04-22,154.548,154.852,154.368,154.83,75270
2024-04-23,154.822,154.875,154.554,154.827,82143
2024-04-24,154.776,155.375,154.731,155.34,78710
2024-04-25,155.238,155.748,155.194,155.641,93463
2024-04-26,155.57,158.437,154.967,158.296,103320
2024-04-29,157.793,160.234,154.529,156.324,178783
2024-04-30,156.297,157.848,156.059,157.81,96428
2024-05-01,157.667,157.989,153.0,154.375,94882
2024-05-02,154.392,156.287,153.059,153.666,148249
2024-05-03,153.62,153.762,151.864,152.919,118587
2024-05-06,152.852,154.008,152.732,153.893,84265
2024-05-07,153.877,154.748,153.844,154.69,82361
2024-05-08,154.687,155.685,154.532,155.497,77301
2024-05-09,155.502,155.952,155.16,155.464,73256
2024-05-10,155.46,155.903,155.266,155.773,66443
2024-05-13,155.656,156.251,155.509,156.216,63677
2024-05-14,156.195,156.787,156.116,156.426,61100
2024-05-15,156.413,156.562,154.693,154.894,91344
2024-05-16,154.869,155.538,153.6,155.391,103223
2024-05-17,155.379,155.979,155.25,155.648,70351
2024-05-20,155.592,156.303,155.495,156.272,63557
2024-05-21,156.231,156.549,155.844,156.187,72511
2024-05-22,156.144,156.841,156.103,156.813,67761
2024-05-23,156.755,157.196,156.529,156.938,81302
2024-05-24,156.898,157.146,156.823,156.97,61304
2024-05-27,156.875,156.967,156.663,156.915,40754
2024-05-28,156.862,157.202,156.584,157.192,64178
2024-05-29,157.166,157.71,156.9,157.667,67882
2024-05-30,157.622,157.674,156.373,156.806,91433
2024-05-31,156.778,157.365,156.561,157.261,101666
2024-06-03,157.112,157.473,155.949,156.069,93230
2024-06-04,156.029,156.487,154.55,154.894,116568
2024-06-05,154.849,156.483,154.764,156.11,94875
2024-06-06,156.08,156.448,155.355,155.616,96257
2024-06-07,155.596,157.075,155.122,156.751,104242
2024-06-10,156.658,157.195,156.556,157.031,79246
2024-06-11,157.004,157.403,156.806,157.137,78362
2024-06-12,157.107,157.371,155.72,156.724,107344
2024-06-13,156.709,157.313,156.547,157.006,93676
2024-06-14,156.976,158.257,156.807,157.388,137255
2024-06-17,157.245,157.961,157.157,157.719,82258
2024-06-18,157.722,158.231,157.517,157.851,79209
2024-06-19,157.851,158.128,157.604,158.084,48488
2024-06-20,158.08,158.938,157.807,158.922,66137
2024-06-21,158.893,159.835,158.669,159.776,76949
2024-06-24,159.752,159.926,158.744,159.618,81708
2024-06-25,159.547,159.758,159.192,159.664,73688
2024-06-26,159.645,160.871,159.611,160.81,84736
2024-06-27,160.793,160.823,160.282,160.77,76137
2024-06-28,160.743,161.281,160.264,160.845,106502
2024-07-01,160.698,161.728,160.554,161.451,81884
2024-07-02,161.441,161.745,161.268,161.467,67546
2024-07-03,161.412,161.951,160.773,161.702,78616
2024-07-04,161.651,161.675,160.947,161.25,56704
2024-07-05,161.224,161.398,160.339,160.75,95060
2024-07-08,160.746,161.12,160.262,160.835,80562
2024-07-09,160.808,161.519,160.733,161.285,70545
2024-07-10,161.285,161.808,161.246,161.692,59145
2024-07-11,161.675,161.761,157.427,158.892,103410
2024-07-12,158.799,159.45,157.365,157.898,142581
2024-07-15,158.08,158.424,157.167,158.084,95353
2024-07-16,158.049,158.858,157.962,158.404,83387
2024-07-17,158.335,158.618,156.063,156.187,135632
2024-07-18,156.165,157.401,155.371,157.364,142061
2024-07-19,157.354,157.864,156.957,157.515,114183
2024-07-22,157.36,157.614,156.285,157.062,118627
2024-07-23,156.982,157.102,155.563,155.595,126866
2024-07-24,155.549,155.993,153.109,153.897,158113
2024-07-25,153.851,154.319,151.94,153.942,189573
2024-07-26,153.933,154.738,153.095,153.773,152992
2024-07-29,153.642,154.353,153.016,154.028,158507
2024-07-30,154.014,155.22,152.648,152.754,155435
2024-07-31,152.724,153.904,149.608,149.96,245014
2024-08-01,149.968,150.891,148.51,149.33,217790
2024-08-02,149.345,149.78,146.42,146.502,225490
2024-08-05,146.449,146.566,141.691,144.166,304567
2024-08-06,144.173,146.376,143.625,144.359,257196
2024-08-07,144.29,147.906,144.201,146.711,242424
2024-08-08,146.663,147.546,145.433,147.279,247483
2024-08-09,147.198,147.817,146.273,146.622,199484
2024-08-12,146.613,148.223,146.59,147.19,162707
2024-08-13,147.189,147.951,146.596,146.846,172504
2024-08-14,146.828,147.583,146.074,147.314,174729
2024-08-15,147.325,149.389,147.054,149.283,142385
2024-08-16,149.256,149.342,147.568,147.598,143650
2024-08-19,147.568,148.054,145.187,146.602,173566
2024-08-20,146.55,147.345,145.198,145.261,166085
2024-08-21,145.248,146.909,144.456,145.272,192924
2024-08-22,145.165,146.528,144.847,146.304,153494
2024-08-23,146.281,146.482,144.049,144.406,165353
2024-08-26,144.235,144.654,143.447,144.517,154775
2024-08-27,144.514,145.177,143.917,143.951,136496
2024-08-28,143.927,145.042,143.683,144.585,142385
2024-08-29,144.575,145.556,144.221,144.98,162684
2024-08-30,144.98,146.249,144.654,146.156,129408
2024-09-02,145.998,147.179,145.776,146.909,92791
2024-09-03,146.881,147.21,145.145,145.465,159063
2024-09-04,145.469,145.56,143.708,143.731,167231
2024-09-05,143.728,144.231,142.85,143.451,168149
2024-09-06,143.441,144.047,141.773,142.271,191342
2024-09-09,142.222,143.796,141.949,143.161,161939
2024-09-10,143.168,143.711,142.193,142.452,144305
2024-09-11,142.435,142.545,140.709,142.357,195637
2024-09-12,142.356,143.043,141.727,141.804,182010
2024-09-13,141.809,141.874,140.281,140.85,172089
2024-09-16,140.76,140.912,139.58,140.607,153697
2024-09-17,140.607,142.464,140.321,142.398,158844
2024-09-18,142.4,142.716,140.44,142.271,170326
2024-09-19,142.267,143.948,141.884,142.632,204184
2024-09-20,142.619,144.496,141.739,143.893,194498
2024-09-23,143.838,144.461,143.167,143.595,166273
2024-09-24,143.587,144.682,143.114,143.218,160254
2024-09-25,143.214,144.844,142.893,144.747,146710
2024-09-26,144.736,145.215,144.111,144.796,150536
2024-09-27,144.809,146.491,142.069,142.167,198378
2024-09-30,142.188,143.915,141.646,143.624,171563
2024-10-01,143.625,144.53,142.971,143.558,186535
2024-10-02,143.559,146.516,143.427,146.462,154718
2024-10-03,146.455,147.242,146.262,146.958,163773
2024-10-04,146.923,149.004,145.918,148.689,147559
2024-10-07,148.683,149.134,147.846,148.178,155167
2024-10-08,148.18,148.379,147.346,148.196,145447
2024-10-09,148.191,149.364,148.012,149.312,109595
2024-10-10,149.296,149.569,148.25,148.577,137589
2024-10-11,148.558,149.286,148.403,149.135,95551
2024-10-14,148.964,149.982,148.89,149.751,69153
2024-10-15,149.745,149.838,148.85,149.215,102543
2024-10-16,149.193,149.808,148.868,149.645,93664
2024-10-17,149.632,150.323,149.242,150.228,96797
2024-10-18,150.199,150.284,149.365,149.502,86034
2024-10-21,149.503,150.885,149.09,150.843,92214
2024-10-22,150.832,151.197,150.496,151.087,101877
2024-10-23,151.07,153.188,150.972,152.762,113026
2024-10-24,152.752,152.835,151.555,151.821,120357
2024-10-25,151.822,152.379,151.452,152.315,102979
2024-10-28,153.344,153.881,152.409,153.297,122334
2024-10-29,153.281,153.867,152.755,153.368,110250
2024-10-30,153.351,153.498,152.781,153.408,111775
2024-10-31,153.404,153.617,151.832,152.031,142339
2024-11-01,152.025,153.093,151.789,152.94,125444
2024-11-04,152.262,152.524,151.535,152.128,118727
2024-11-05,152.127,152.546,151.337,151.611,107452
2024-11-06,151.612,154.699,151.286,154.63,296146
2024-11-07,154.624,154.714,152.692,152.899,182177
2024-11-08,152.924,153.37,152.143,152.626,155664
2024-11-11,152.662,153.954,152.607,153.727,98351
2024-11-12,153.711,154.923,153.411,154.627,124200
2024-11-13,154.601,155.626,154.34,155.47,142675
2024-11-14,155.455,156.421,155.322,156.273,141984
2024-11-15,156.241,156.75,153.863,154.392,171778
2024-11-18,154.28,155.358,153.836,154.677,175039
2024-11-19,154.656,154.799,153.278,154.651,180195
2024-11-20,154.65,155.889,154.521,155.421,130608
2024-11-21,155.398,155.398,153.907,154.534,179150
2024-11-22,154.53,155.023,153.967,154.793,165864
2024-11-25,154.101,154.724,153.549,154.169,169698
2024-11-26,154.188,154.49,152.984,153.107,168833
2024-11-27,153.094,153.236,150.455,151.096,173552
2024-11-28,151.058,151.952,150.866,151.543,92656
2024-11-29,151.535,151.543,149.463,149.698,188427
2024-12-02,149.58,150.752,149.081,149.585,176860
2024-12-03,149.585,150.24,148.645,149.59,151522
2024-12-04,149.584,151.231,149.523,150.621,160595
2024-12-05,150.55,150.778,149.655,150.093,134507
2024-12-06,150.048,150.699,149.362,150.04,132443
2024-12-09,149.96,151.349,149.691,151.223,107001
2024-12-10,151.203,152.182,150.897,151.961,115981
2024-12-11,151.937,152.855,151.011,152.462,137832
2024-12-12,152.44,152.775,151.8,152.647,138070
2024-12-13,152.621,153.801,152.454,153.693,101879
2024-12-16,153.61,154.479,153.323,154.155,93931
2024-12-17,154.114,154.345,153.161,153.453,113655
2024-12-18,153.396,154.867,153.335,154.832,121036
2024-12-19,154.738,157.807,154.435,157.424,179099
2024-12-20,157.416,157.929,155.954,156.444,165116
2024-12-23,156.298,157.27,156.288,157.163,93820
2024-12-24,157.102,157.394,156.891,157.172,60948
2024-12-26,157.156,158.085,157.075,158.017,68706
2024-12-27,157.965,157.965,157.352,157.79,81483
2024-12-30,157.728,158.07,156.669,156.853,91020
2024-12-31,156.826,157.55,156.023,157.173,100552
2025-01-02,157.137,157.85,156.436,157.525,122898
2025-01-03,157.475,157.568,156.875,157.297,85228
2025-01-06,157.144,157.963,156.239,157.638,126001
2025-01-07,157.552,158.427,157.377,158.057,128494
2025-01-08,158.053,158.556,157.901,158.349,116198
2025-01-09,158.346,158.4,157.575,158.111,81992
2025-01-10,158.084,158.88,157.229,157.74,134563
2025-01-13,157.7,157.967,156.913,157.464,120613
2025-01-14,157.47,158.196,157.097,157.986,128165
2025-01-15,157.963,158.083,155.938,156.458,125797
2025-01-16,156.467,156.529,155.101,155.116,132607
2025-01-17,155.142,156.374,154.976,156.302,103826
2025-01-20,156.178,156.586,155.413,155.632,112899
2025-01-21,155.563,156.233,154.772,155.494,141811
2025-01-22,155.452,156.709,155.354,156.525,106707
2025-01-23,156.469,156.755,155.744,156.066,87440
2025-01-24,156.053,156.578,154.844,155.967,103113
2025-01-27,155.902,156.248,153.714,154.509,116521
2025-01-28,154.487,155.979,154.453,155.527,92299
2025-01-29,155.502,155.791,154.938,155.244,86898
2025-01-30,155.225,155.247,153.789,154.268,100500
2025-01-31,154.293,155.221,153.913,155.173,101118
2025-02-03,154.746,155.884,154.01,154.77,136892
2025-02-04,154.745,155.525,154.174,154.338,96956
2025-02-05,154.333,154.463,152.115,152.59,109772
2025-02-06,152.6,152.894,151.239,151.456,98457
2025-02-07,151.367,152.429,150.929,151.431,108814
2025-02-10,151.194,152.538,151.185,151.992,83413
2025-02-11,151.991,152.608,151.648,152.493,75206
2025-02-12,152.481,154.797,152.363,154.402,99783
2025-02-13,154.409,154.669,152.699,152.801,100786
2025-02-14,152.8,153.154,152.026,152.303,85679
2025-02-17,152.389,152.454,151.338,151.5,68671
2025-02-18,151.488,152.226,151.235,152.067,83870
2025-02-19,152.055,152.314,151.246,151.471,96136
2025-02-20,151.464,151.464,149.398,149.612,108838
2025-02-21,149.62,150.738,148.924,149.304,112428
2025-02-24,149.269,149.874,148.846,149.709,121065
2025-02-25,149.704,150.303,148.565,149.018,135748
2025-02-26,149.02,149.887,148.63,149.082,129669
2025-02-27,149.075,150.163,148.743,149.791,132761
2025-02-28,149.806,150.99,149.1,150.572,135670
2025-03-03,150.626,151.304,149.1,149.496,143264
2025-03-04,149.497,149.88,148.094,149.791,182026
2025-03-05,149.73,150.187,148.383,148.876,165596
2025-03-06,148.879,149.335,147.313,147.975,166941
2025-03-07,147.979,148.202,146.947,148.023,163940
2025-03-10,147.896,147.946,146.634,147.256,142436
2025-03-11,147.258,148.12,146.543,147.766,165079
2025-03-12,147.772,149.197,147.612,148.255,118466
2025-03-13,148.232,148.373,147.413,147.805,121659
2025-03-14,147.808,149.023,147.709,148.637,99317
2025-03-17,148.739,149.285,148.266,149.203,99544
2025-03-18,149.2,149.936,149.092,149.274,89845
2025-03-19,149.254,150.148,148.603,148.688,90333
2025-03-20,148.678,148.963,148.181,148.775,88109
2025-03-21,148.772,149.665,148.587,149.304,85931
2025-03-24,149.334,150.756,149.317,150.694,77470
2025-03-25,150.691,150.944,149.551,149.9,76580
2025-03-26,149.9,150.746,149.824,150.599,81002
2025-03-27,150.568,151.156,150.06,151.036,90587
2025-03-28,151.043,151.211,149.682,149.807,92015
2025-03-31,149.758,150.267,148.7,149.962,120087
2025-04-01,149.958,150.143,148.976,149.616,105590
2025-04-02,149.608,150.49,149.101,149.267,106687
2025-04-03,149.226,149.256,145.182,146.05,178377
2025-04-04,146.053,147.432,144.551,146.881,219013
2025-04-07,145.34,148.149,144.82,147.849,254957
2025-04-08,147.814,148.121,145.964,146.271,200384
2025-04-09,146.271,148.283,143.996,147.698,224540
2025-04-10,147.768,147.768,144.012,144.447,199280
2025-04-11,144.437,144.572,142.068,143.487,198845
2025-04-14,143.786,144.081,142.228,143.011,148425
2025-04-15,142.98,143.595,142.599,143.251,111929
2025-04-16,143.148,143.279,141.644,141.854,129572
2025-04-17,141.835,143.087,141.614,142.463,117446
2025-04-18,142.377,142.439,142.107,142.163,136953
2025-04-21,142.06,142.111,140.474,140.856,110539
2025-04-22,140.825,141.668,139.886,141.6,109697
2025-04-23,141.533,143.575,141.437,143.444,137428
2025-04-24,143.444,143.444,142.277,142.625,98098
2025-04-25,142.599,144.03,142.54,143.739,97935
2025-04-28,143.769,143.895,141.989,142.015,87339
2025-04-29,142.005,142.758,141.973,142.361,88115
2025-04-30,142.293,143.191,142.162,143.052,93316
2025-05-01,143.08,145.735,142.883,145.397,85111
2025-05-02,145.383,145.923,143.73,144.908,107049
2025-05-05,144.663,144.996,143.541,143.695,81120
2025-05-06,143.682,144.276,142.355,142.402,86222
2025-05-07,142.426,144.003,142.407,143.814,100896
2025-05-08,143.809,146.178,143.447,145.91,102942
2025-05-09,145.914,146.188,144.824,145.368,78933
2025-05-12,146.338,148.65,145.704,148.455,116888
2025-05-13,148.451,148.458,147.377,147.475,92612
2025-05-14,147.47,147.672,145.609,146.748,102161
2025-05-15,146.755,146.755,145.416,145.689,91580
2025-05-16,145.657,146.101,144.92,145.621,76265
2025-05-19,145.216,145.471,144.664,144.844,91658
2025-05-20,144.846,145.513,144.091,144.496,87449
2025-05-21,144.502,144.565,143.284,143.666,99177
2025-05-22,143.669,144.404,142.805,144.015,102630
2025-05-23,144.009,144.069,142.421,142.555,94878
2025-05-26,142.423,143.084,142.229,142.838,53746
2025-05-27,142.835,144.455,142.115,144.35,83895
2025-05-28,144.318,145.078,143.853,144.862,86341
2025-05-29,144.821,146.288,143.962,144.178,106144
2025-05-30,144.173,144.442,143.441,144.05,100765
2025-06-02,143.758,143.988,142.539,142.689,93019
2025-06-03,142.672,144.108,142.38,143.985,79980
2025-06-04,143.933,144.391,142.605,142.725,83366
2025-06-05,142.742,143.974,142.533,143.572,95882
2025-06-06,143.496,145.089,143.385,144.855,87332
2025-06-09,144.8,144.948,143.976,144.59,65903
2025-06-10,144.562,145.293,144.403,144.891,78620
2025-06-11,144.825,145.468,144.327,144.592,86631
2025-06-12,144.54,144.54,143.186,143.493,93852
2025-06-13,143.461,144.483,142.793,144.099,112100
2025-06-16,143.934,144.876,143.651,144.781,96875
2025-06-17,144.727,145.38,144.349,145.282,102477
2025-06-18,145.244,145.442,144.329,145.11,95350
2025-06-19,145.108,145.77,144.737,145.449,71463
2025-06-20,145.388,146.218,145.122,146.105,82907
2025-06-23,146.657,148.029,146.011,146.142,116530
2025-06-24,146.117,146.178,144.515,144.893,103192
2025-06-25,144.898,145.952,144.608,145.241,82451
2025-06-26,145.201,145.265,143.753,144.379,100631
2025-06-27,144.371,144.947,144.178,144.62,94556
2025-06-30,144.306,144.762,143.779,144.006,97559
2025-07-01,143.992,144.043,142.683,143.405,96622
2025-07-02,143.392,144.247,143.322,143.648,91353
2025-07-03,143.618,145.237,143.447,144.916,80356
2025-07-04,144.916,144.971,144.183,144.508,71367
2025-07-07,144.365,146.242,144.226,146.065,86045
2025-07-08,146.021,146.977,145.833,146.55,87552
2025-07-09,146.538,147.182,146.25,146.304,81468
2025-07-10,146.305,146.787,145.755,146.238,75123
2025-07-11,146.233,147.521,146.136,147.442,80392
2025-07-14,147.124,147.779,146.851,147.73,78455
2025-07-15,147.682,149.021,147.551,148.833,75189
2025-07-16,148.836,149.186,146.911,147.86,100866
2025-07-17,147.826,149.088,147.727,148.598,89300
2025-07-18,148.574,148.884,148.184,148.844,77882
2025-07-21,147.844,148.667,147.081,147.334,80646
2025-07-22,147.33,147.949,146.31,146.637,77508
2025-07-23,146.59,147.212,146.109,146.473,95506
2025-07-24,146.472,147.019,145.856,146.998,93696
2025-07-25,146.992,147.94,146.813,147.653,87680
2025-07-28,147.71,148.577,147.519,148.54,91634
2025-07-29,148.51,148.81,148.157,148.459,84123
2025-07-30,148.419,149.526,147.803,149.526,98496
2025-07-31,149.48,150.84,148.591,150.759,105322
2025-08-01,150.723,150.917,147.292,147.405,129497
2025-08-04,147.204,148.091,146.863,147.084,115846
2025-08-05,147.072,147.835,146.62,147.556,102225
2025-08-06,147.584,147.886,146.979,147.354,93086
2025-08-07,147.327,147.712,146.693,147.144,108949
2025-08-08,147.106,147.903,146.721,147.7,98045
2025-08-11,147.413,148.253,147.349,148.137,82441
2025-08-12,148.139,148.519,147.579,147.852,105316
2025-08-13,147.836,148.168,147.091,147.376,90622
2025-08-14,147.365,147.962,146.214,147.745,107517
2025-08-15,147.746,147.869,146.738,147.161,88334
2025-08-18,147.115,147.986,147.077,147.846,85666
2025-08-19,147.868,148.111,147.442,147.665,89592
2025-08-20,147.647,147.818,146.871,147.301,89097
2025-08-21,147.313,148.407,147.25,148.378,90564
2025-08-22,148.37,148.779,146.573,146.907,92660
2025-08-25,146.858,147.94,146.737,147.743,79789
2025-08-26,147.731,147.91,146.988,147.423,101866
2025-08-27,147.338,148.184,147.241,147.41,85388
2025-08-28,147.45,147.488,146.662,146.927,92073
2025-08-29,146.917,147.41,146.762,147.027,86966
2025-09-01,147.034,147.382,146.785,147.169,67474
2025-09-02,147.168,148.944,147.045,148.331,110795
2025-09-03,148.354,149.135,147.88,148.105,96515
2025-09-04,148.02,148.779,147.79,148.463,92361
2025-09-05,148.479,148.517,146.818,147.393,100114
2025-09-08,148.072,148.579,147.339,147.516,96358
2025-09-09,147.45,147.575,146.307,147.401,97308
2025-09-10,147.406,147.646,147.098,147.457,85772
2025-09-11,147.44,148.194,146.986,147.216,88659
2025-09-12,147.199,148.073,147.121,147.663,78895
2025-09-15,147.53,147.761,147.232,147.409,76475
2025-09-16,147.319,147.54,146.279,146.448,84398
2025-09-17,146.445,147.05,145.485,146.978,72798
2025-09-18,146.948,148.266,146.77,147.988,91067
2025-09-19,147.965,148.287,147.195,147.975,106986
2025-09-22,147.86,148.377,147.657,147.726,82754
2025-09-23,147.694,147.927,147.461,147.65,88693
2025-09-24,147.564,148.912,147.514,148.903,78822
2025-09-25,148.887,149.925,148.559,149.793,92358
2025-09-26,149.785,149.957,149.406,149.503,82434
2025-09-29,149.415,149.519,148.471,148.585,81719
2025-09-30,148.572,148.846,147.653,147.925,92706
2025-10-01,147.864,148.226,146.589,147.059,104030
2025-10-02,147.037,147.515,146.599,147.252,82998
2025-10-03,147.218,147.818,147.082,147.463,79350
2025-10-06,149.448,150.476,149.04,150.362,117658
2025-10-07,150.344,152.043,150.19,151.888,92200
2025-10-08,151.894,153.0,151.741,152.694,107204
2025-10-09,152.653,153.237,152.115,153.08,117478
2025-10-10,153.016,153.276,151.156,151.197,132417
2025-10-13,151.805,152.449,151.722,152.295,111440
2025-10-14,152.24,152.613,151.604,151.804,137172
2025-10-15,151.82,151.875,150.9,151.053,113329
2025-10-16,151.039,151.403,150.213,150.436,124399
2025-10-17,150.428,150.639,149.379,150.616,128499
2025-10-20,150.388,151.204,150.274,150.751,90849
2025-10-21,150.728,152.176,150.469,151.926,107574
2025-10-22,151.922,152.048,151.49,151.966,102614
2025-10-23,151.957,152.8,151.821,152.595,76879
2025-10-24,152.533,153.065,152.204,152.866,82122
2025-10-27,152.761,153.256,152.567,152.875,82022
2025-10-28,152.864,152.864,151.761,152.103,95060
2025-10-29,152.097,153.063,151.54,152.727,101981
2025-10-30,152.717,154.446,152.159,154.158,111763
2025-10-31,154.124,154.415,153.654,154.008,84548
2025-11-03,153.978,154.298,153.924,154.201,61610
2025-11-04,154.204,154.487,153.317,153.654,88563
2025-11-05,153.664,154.356,152.959,154.104,90126
2025-11-06,154.105,154.143,152.832,153.051,81365
2025-11-07,153.045,153.59,152.82,153.428,95077
2025-11-10,153.662,154.25,153.439,154.126,83889
2025-11-11,154.137,154.495,153.666,154.15,73131
2025-11-12,154.128,155.046,154.022,154.807,78673
2025-11-13,154.776,155.017,154.129,154.516,99029
2025-11-14,154.53,154.764,153.618,154.536,106173
2025-11-17,154.525,155.309,154.418,155.258,77650
2025-11-18,155.207,155.734,154.818,155.514,109461
2025-11-19,155.469,157.18,155.213,157.156,101926
2025-11-20,157.144,157.895,156.88,157.46,120737
2025-11-21,157.438,157.544,156.202,156.341,122277
2025-11-24,156.292,157.189,156.292,156.908,78889
2025-11-25,156.828,156.985,155.805,156.072,87514
2025-11-26,156.016,156.736,155.652,156.442,92570
2025-11-27,156.455,156.455,155.724,156.296,51709
2025-11-28,156.267,156.583,155.981,156.151,157624
2025-12-01,156.047,156.153,154.666,155.472,79292
2025-12-02,155.412,156.178,155.394,155.853,63366
2025-12-03,155.818,155.904,155.012,155.212,64693
2025-12-04,155.205,155.542,154.509,155.108,74648
2025-12-05,155.061,155.493,154.345,155.351,74163
2025-12-08,155.141,155.987,154.903,155.922,88399
2025-12-09,155.917,156.955,155.742,156.89,86566
2025-12-10,156.841,156.94,155.795,156.01,83217
2025-12-11,155.933,156.164,154.944,155.57,97646
2025-12-12,155.569,156.128,155.449,155.814,79617
2025-12-15,155.765,155.986,154.836,155.202,76210
2025-12-16,155.163,155.23,154.397,154.709,101260
2025-12-17,154.704,155.75,154.516,155.687,89875
2025-12-18,155.645,155.975,155.282,155.549,87738
2025-12-19,155.528,157.769,155.422,157.76,94411
2025-12-22,157.662,157.709,156.706,157.024,81163
2025-12-23,157.036,157.036,155.652,156.245,101344
2025-12-24,156.189,156.283,155.557,155.916,96920
2025-12-26,155.892,156.732,155.757,156.536,69363
2025-12-29,156.485,156.532,155.918,156.032,84081
2025-12-30,156.017,156.568,155.744,156.423,77035
2025-12-31,156.366,156.995,156.294,156.665,69829
2026-01-02,156.656,157.001,156.52,156.837,62020
2026-01-05,156.692,157.299,156.115,156.4,91235
2026-01-06,156.309,156.796,156.163,156.662,84353
2026-01-07,156.611,156.806,156.295,156.75,71433
2026-01-08,156.742,157.072,156.457,156.859,66595
2026-01-09,156.841,158.187,156.731,157.922,81407
2026-01-12,158.073,158.205,157.515,158.162,75689
2026-01-13,158.059,159.193,157.895,159.161,84635
2026-01-14,159.087,159.455,158.103,158.412,86563
2026-01-15,158.379,158.881,158.184,158.615,71775
2026-01-16,158.586,158.701,157.822,158.119,69862
2026-01-19,157.891,158.167,157.426,158.12,61575
2026-01-20,158.046,158.604,157.466,158.137,95845
2026-01-21,158.135,158.534,157.748,158.285,91495
2026-01-22,158.253,158.894,158.178,158.418,81854
2026-01-23,158.356,159.225,155.615,155.765,95203
2026-01-26,154.637,155.348,153.305,154.207,129716
2026-01-27,154.14,154.878,152.096,152.158,113607
2026-01-28,152.146,154.047,152.146,153.402,124083
2026-01-29,153.401,153.537,152.68,153.109,119434
2026-01-30,153.084,154.793,152.868,154.786,132821
2026-02-02,154.861,155.787,154.553,155.595,128070
2026-02-03,155.616,156.084,155.304,155.775,98595
2026-02-04,155.717,156.947,155.68,156.852,88926
2026-02-05,156.831,157.337,156.534,157.024,101912
2026-02-06,156.974,157.252,156.512,157.21,87524
2026-02-09,157.548,157.66,155.522,155.886,113953
2026-02-10,155.836,156.294,154.055,154.386,93897
2026-02-11,154.383,154.654,152.55,153.262,109810
2026-02-12,153.243,153.758,152.271,152.729,120827
2026-02-13,152.716,153.666,152.596,152.673,104537
2026-02-16,152.642,153.637,152.548,153.512,55523
2026-02-17,153.414,153.922,152.702,153.287,97452
2026-02-18,153.272,154.87,153.071,154.821,76625
2026-02-19,154.767,155.344,154.544,154.994,88136
2026-02-20,154.952,155.643,154.716,155.06,96613
2026-02-23,154.694,155.045,153.998,154.663,86994
2026-02-24,154.608,156.281,154.527,155.901,85937
2026-02-25,155.818,156.824,155.348,156.362,82225
2026-02-26,156.308,156.432,155.702,156.122,82808
2026-02-27,156.104,156.234,155.539,156.09,84021
2026-03-02,155.892,157.751,155.884,157.352,118795
2026-03-03,157.358,157.971,157.151,157.684,126100
2026-03-04,157.67,157.864,156.856,157.037,107471
2026-03-05,157.0,157.851,156.453,157.551,117339
2026-03-06,157.518,158.089,157.386,157.784,110863
2026-03-09,158.006,158.899,157.631,157.653,140829
2026-03-10,157.664,158.13,157.273,158.058,120289
2026-03-11,158.025,158.976,157.863,158.955,91899
2026-03-12,158.944,159.431,158.57,159.348,88494
2026-03-13,159.331,159.742,159.006,159.722,97630
2026-03-16,159.497,159.746,158.851,159.039,82664
2026-03-17,159.011,159.495,158.721,159.005,73360
2026-03-18,158.981,159.898,158.569,159.878,85793
2026-03-19,159.8,159.85,157.51,157.703,115889
2026-03-20,157.691,159.388,157.598,159.226,90822
2026-03-23,159.23,159.657,158.02,158.423,139086
2026-03-24,158.418,159.188,158.258,158.702,109932
2026-03-25,158.668,159.498,158.551,159.466,80426
2026-03-26,159.464,159.846,159.286,159.739,71252
2026-03-27,159.786,160.41,159.454,160.246,68478
2026-03-30,160.215,160.462,159.329,159.732,72837
2026-03-31,159.692,159.973,158.662,158.715,85064
2026-04-01,158.732,159.013,158.276,158.787,80036
2026-04-02,158.785,159.745,158.545,159.583,80769
2026-04-03,159.53,159.792,159.431,159.604,37693
2026-04-06,159.568,159.831,159.306,159.678,64381
2026-04-07,159.679,160.031,159.469,159.589,71754
2026-04-08,159.562,159.737,157.889,158.547,101875
2026-04-09,158.515,159.297,158.437,158.986,64744
2026-04-10,158.926,159.374,158.896,159.271,59472
2026-04-13,159.601,159.86,159.292,159.438,66594
2026-04-14,159.439,159.439,158.603,158.796,61984
2026-04-15,158.733,159.154,158.646,158.957,69832
2026-04-16,158.954,159.306,158.266,159.139,69549
2026-04-17,159.109,159.53,157.595,158.605,76221
2026-04-20,158.747,159.203,158.552,158.815,77727
2026-04-21,158.789,159.639,158.712,159.387,72759
2026-04-22,159.34,159.573,159.104,159.458,67009
2026-04-23,159.419,159.842,159.297,159.739,83339
2026-04-24,159.665,159.841,159.31,159.328,68278
2026-04-27,159.544,159.598,159.096,159.416,61788
2026-04-28,159.387,159.787,158.961,159.607,73603
2026-04-29,159.532,160.471,159.464,160.437,75613
2026-04-30,160.328,160.724,155.522,156.615,121429
2026-05-01,156.56,157.329,155.491,157.06,92492
2026-05-04,156.69,157.301,155.716,157.236,94462
2026-05-05,157.178,157.919,157.08,157.883,65733
2026-05-06,157.861,157.937,155.041,156.349,110962
2026-05-07,156.33,156.949,156.022,156.922,82482
2026-05-08,156.85,156.991,156.435,156.677,64948
2026-05-11,156.465,157.273,156.455,157.217,56943
2026-05-12,157.106,157.765,156.769,157.606,69966
2026-05-13,157.583,157.925,157.516,157.882,53845
2026-05-14,157.816,158.417,157.274,158.382,67489
2026-05-15,158.348,158.844,158.24,158.767,80194
2026-05-18,158.582,159.08,158.501,158.849,77493
2026-05-19,158.806,159.252,158.664,159.078,70239
2026-05-20,159.042,159.167,158.592,158.928,75715
2026-05-21,158.89,159.346,158.794,158.984,75777
2026-05-22,158.933,159.234,158.878,159.198,54178
2026-05-25,158.738,159.04,158.702,158.918,35228
2026-05-26,158.875,159.379,158.797,159.297,46298
2026-05-27,159.29,159.58,159.177,159.514,51079
2026-05-28,159.493,159.653,159.113,159.245,58114
2026-05-29,159.235,159.378,159.099,159.254,52507
2026-06-01,159.344,159.761,159.305,159.666,55543
2026-06-02,159.637,159.987,159.561,159.929,41003
2026-06-03,159.887,160.087,159.369,160.085,54468
2026-06-04,160.017,160.079,159.602,160.019,54772
2026-06-05,160.007,160.342,159.743,160.284,58709
2026-06-08,160.15,160.393,159.847,160.171,65233
2026-06-09,160.087,160.445,160.053,160.36,57293
2026-06-10,160.351,160.571,160.24,160.553,57399
2026-06-11,160.515,160.594,159.541,159.962,61839
2026-06-12,159.825,160.376,159.825,160.206,68051
2026-06-15,160.108,160.395,159.734,160.345,51593
2026-06-16,160.315,160.482,160.049,160.46,51017
2026-06-17,160.349,160.797,160.115,160.653,55978
2026-06-18,160.627,161.809,160.476,161.401,68930
2026-06-19,161.336,161.458,160.987,161.246,53447
2026-06-22,161.214,161.926,161.077,161.604,69232
2026-06-23,161.553,161.739,161.27,161.574,58843
2026-06-24,161.476,161.841,161.447,161.8,54225
2026-06-25,161.702,161.949,161.559,161.801,59206
2026-06-26,161.711,161.847,161.533,161.734,55632
2026-06-29,161.706,161.979,161.691,161.933,40049
2026-06-30,161.931,162.669,161.835,162.573,67230
2026-07-01,162.504,162.84,162.296,162.598,60040
2026-07-02,162.567,162.597,160.636,161.113,95827
2026-07-03,161.089,161.521,160.509,161.35,63352
2026-07-06,161.26,162.425,161.249,162.087,56426
2026-07-07,162.071,162.182,161.677,162.106,63401
2026-07-08,162.088,162.707,161.976,162.631,67387
2026-07-09,162.57,162.616,162.247,162.386,54035
2026-07-10,162.35,162.428,161.28,161.696,80481
2026-07-13,161.668,162.483,161.642,162.452,82333
2026-07-14,162.378,162.472,161.623,162.259,82131
2026-07-15,162.227,162.42,161.895,162.183,64801
2026-07-16,162.173,162.545,161.983,162.362,50228
2026-07-17,162.35,162.52,162.133,162.394,45584
2026-07-20,162.404,162.594,162.204,162.496,38740
2026-07-21,162.489,163.242,162.433,163.192,39876
2026-07-22,163.155,163.223,162.702,163.156,48027
2026-07-23,163.072,163.987,162.997,163.858,58738
2026-07-24,163.833,163.937,163.643,163.845,55466
2026-07-27,163.558,163.796,163.328,163.742,61315
2026-07-28,163.721,163.95,163.604,163.862,52426
2026-07-29,163.817,163.906,163.23,163.437,72973
2026-07-30,163.375,163.739,157.971,159.534,108728
2026-07-31,159.501,160.878,157.481,157.606,133256
2026-08-03,157.12,157.884,155.229,157.158,106959
2026-08-04,157.127,157.958,157.127,157.732,81904
2026-08-05,157.67,157.876,157.307,157.762,83723
2026-08-06,157.729,158.553,157.56,158.447,61745
2026-08-07,158.365,158.573,156.674,157.79,72707
2026-08-10,157.668,159.361,157.553,159.302,67738
2026-08-11,159.283,159.388,158.933,159.286,57392
2026-08-12,159.25,159.54,158.587,159.42,67626
2026-08-13,159.413,159.562,159.023,159.512,62083
2026-08-14,159.484,159.518,158.603,159.314,68748
2026-08-17,159.256,159.597,158.845,159.468,65556
2026-08-18,159.431,159.778,159.282,159.626,60590
2026-08-19,159.42,159.643,158.044,158.145,95395
2026-08-20,158.11,159.182,158.026,159.064,93053
2026-08-21,159.042,159.134,158.355,158.974,79469
2026-08-24,158.974,159.283,158.461,159.095,72738
2026-08-25,159.064,159.49,159.011,159.201,60430
2026-08-26,159.125,159.446,158.883,159.308,58430
2026-08-27,159.247,159.524,159.115,159.397,53886
2026-08-28,159.389,160.203,159.29,160.085,55043
2026-08-31,159.964,160.199,159.475,159.734,62296
2026-09-01,159.732,160.273,159.637,160.193,56925
2026-09-02,160.171,160.391,158.214,158.716,88454
2026-09-03,158.699,158.966,155.301,155.8,111815
2026-09-04,155.794,156.754,155.297,156.238,96789
2026-09-07,155.944,156.279,154.06,154.341,70834
2026-09-08,154.34,154.419,152.89,153.993,105994
2026-09-09,153.965,153.973,152.94,153.553,98267
2026-09-10,153.508,154.668,153.284,154.474,88243
2026-09-11,154.424,154.616,153.241,153.494,101697
2026-09-14,153.506,154.999,153.335,154.333,95237
2026-09-15,154.338,155.238,154.211,155.107,81152
2026-09-16,155.071,156.415,154.848,156.3,86655
2026-09-17,156.184,156.315,155.34,155.959,87847
2026-09-18,155.955,158.055,155.875,156.869,97791
2026-09-21,156.747,157.528,156.579,157.376,76647
2026-09-22,157.329,157.775,156.827,157.389,84493
2026-09-23,157.33,158.398,157.317,158.337,75793
2026-09-24,158.305,159.036,157.799,158.851,96399
2026-09-25,158.846,158.91,156.939,157.298,94910
2026-09-28,157.208,157.855,156.512,157.364,94404
2026-09-29,157.369,157.715,156.983,157.279,85793
2026-09-30,157.278,157.538,156.378,157.403,101898
2026-10-01,157.4,158.452,157.231,158.077,101179
2026-10-02,158.056,158.22,156.951,157.856,102171
